master_record_number,agency,agency_tracking_number,county,city,collision_date,vehicles_involved,number_injured,number_dead,latitude,longitude,roadway_name,roadway_suffix,roadway_number,roadway_local_id,distance_from_reference,miles-feet_indicator,direction_from_reference,intersection_road_name,intersection_road_name_suffix,intersection_road_number,intersection_local_id,mile_marker,intersection_indicator,intersect_type,interchange_related_indicator,relation_to_junction,work_zone_type,construction_maintenance_zone,construction_maintenance_zone_location,fatal_case_number,officer_first_name,officer_last_name,weather_condition(s),manner_of_crash,pedestrian,bicycle,scooter,parking,hitrun,mou
101691121,METROPOLITAN NASHVILLE POLICE DEPT,20170584487,Davidson,Nashville,7/3/2017 4:35:00 PM,2,1,0,36.149370,-86.861240,CHARLOTTE PKE,,,,400.00,Feet,West,OCEOLA AV,,,,0.00,N,Not at Intersection,N,Non-Junction,None,,,         ,Walter,Gray II,Cloudy,Front to Rear,no,no,no,no,no,False
101691139,METROPOLITAN NASHVILLE POLICE DEPT,20170584443,Davidson,Nashville,7/3/2017 12:00:00 AM,3,0,0,36.185860,-86.762100,CLEVELAND ST,,,,49.00,Feet,West,N 6TH ST,,,,0.00,N,Not at Intersection, ,,None,,,         ,Gordon,Stovall,,,no,no,no,no,no,False
101691143,METROPOLITAN NASHVILLE POLICE DEPT,20170584417,Davidson,Nashville,7/3/2017 4:10:00 PM,3,1,0,36.218790,-86.727890,SUNNYMEADE DR,,,,0.00,,,GALLATIN PKE,,,,0.00,Y,T-Intersection,N,Intersection,None,,,         ,Phillip,Box,Cloudy,"Sideswipe, Same Direction",no,no,no,no,no,False
101691145,METROPOLITAN NASHVILLE POLICE DEPT,20170584525,Davidson,Nashville,7/3/2017 4:40:00 PM,2,0,0,36.236600,-86.748960,WALTON LN,,,,285.00,Feet,West,SLATE DR,,,,0.00,N,Not at Intersection,N,Non-Junction,None,,,         ,Christopher,Valdez,Cloudy,Angle,no,no,no,no,no,False
101691154,METROPOLITAN NASHVILLE POLICE DEPT,20170584580,Davidson,Nashville,7/3/2017 12:00:00 AM,2,0,0,36.164510,-86.795750,CLINTON ST,,,,302.00,Feet,West,12TH AVN,,,,0.00,N,Not at Intersection, ,Non-Junction,None,,,         ,Melvin,Taylor,Clear,"Sideswipe, Same Direction",no,no,no,no,no,False
101691158,METROPOLITAN NASHVILLE POLICE DEPT,20170584576,Davidson,Not in City Limit,7/3/2017 5:03:00 PM,2,1,0,36.263770,-86.718820,OLD HICKORY BLVDW,,,,190.00,Feet,East,WALKER ST,,,,0.00,N,Not at Intersection,N,Non-Junction,None,,,         ,Christopher,Littles,Cloudy,Front to Rear,no,no,no,no,no,False
101691164,METROPOLITAN NASHVILLE POLICE DEPT,20170583817,Davidson,Nashville,7/3/2017 12:05:00 PM,2,0,0,36.117770,-86.748340,LUTIE ST,,,,98.00,Feet,East,NOLENSVILLE PKE,,,,0.00,N,Not at Intersection, ,Non-Junction,None,,,         ,Shelby,Hughes,Rain,Front to Rear,no,no,no,no,no,False
101691199,METROPOLITAN NASHVILLE POLICE DEPT,20170584210,Davidson,Nashville,7/3/2017 2:30:00 PM,2,1,0,36.058700,-86.670350,HICKORY HOLLOW PKWY,,,,55.00,Feet,South,MT VIEW RD,,,,0.00,N,Not at Intersection,N,Non-Junction,None,,,         ,Jessie,Meadows,Rain,Angle,no,no,no,no,no,False
101691200,METROPOLITAN NASHVILLE POLICE DEPT,20170584289,Davidson,Nashville,7/3/2017 3:50:00 PM,2,0,0,36.045670,-86.658370,BELL RD,,,,38.00,Feet,East,I24 W EXT RAMP,,,,0.00,N,Not at Intersection, ,Non-Junction,None,,,         ,Jessie,Meadows,Rain,"Sideswipe, Same Direction",no,no,no,no,no,False
101691201,METROPOLITAN NASHVILLE POLICE DEPT,20170584222,Davidson,Nashville,7/3/2017 1:10:00 PM,1,0,0,36.129360,-86.725530,PLUS PARK BLVD,,,,472.00,Feet,South,I24 W EXT RAMP,,,,0.00,N,Not at Intersection,N,Non-Junction,None,,,         ,Jessie,Meadows,Rain,Not Collision with Motor Vehicle in Transport,no,no,no,no,yes,False
101691202,METROPOLITAN NASHVILLE POLICE DEPT,20170584591,Davidson,Nashville,7/3/2017 5:15:00 PM,2,0,0,36.047690,-86.663320,I 24,,,,0.00,,,,,,,59.10,N,Not at Intersection, ,Non-Junction,None,,,         ,Jessie,Meadows,Clear,Front to Rear,no,no,no,no,no,False
101691208,METROPOLITAN NASHVILLE POLICE DEPT,20170584758,Davidson,Nashville,7/3/2017 5:13:00 PM,2,0,0,36.169220,-86.681070,LEBANON PKE,,,,352.00,Feet,West,MCGAVOCK PKE,,,,0.00,N,Not at Intersection, ,Non-Junction,None,,,         ,Johnathan,Pannell,Clear,Front to Rear,no,no,no,no,no,False
101691210,METROPOLITAN NASHVILLE POLICE DEPT,20170584734,Davidson,Nashville,7/3/2017 6:13:00 PM,2,0,0,36.059070,-86.716220,TUSCULUM RD,,,,0.00,,,NOLENSVILLE PKE,,,,0.00,Y,Four-Way, ,Intersection-Related,None,,,         ,Tien,Nguyen,Clear,Front to Rear,no,no,no,no,no,False
101691211,METROPOLITAN NASHVILLE POLICE DEPT,20170584778,Davidson,Nashville,7/3/2017 5:39:00 PM,1,0,0,36.050200,-86.664830,HICKORY HOLLOW PKWY,,,,833.00,Feet,North,CANE RIDGE RD,,,,0.00,N,Not at Intersection, ,Non-Junction,None,,,         ,Eric,Keller,Clear,Not Collision with Motor Vehicle in Transport,no,no,no,yes,no,False
101691213,METROPOLITAN NASHVILLE POLICE DEPT,20170584704,Davidson,Nashville,7/3/2017 6:00:00 PM,2,0,0,36.116410,-86.697360,MURFREESBORO PKE,,,,0.00,,,MCGAVOCK PKE,,,,0.00,Y,Four-Way, ,Non-Junction,None,,,         ,Matthew,Turppa,Cloudy,Front to Rear,no,no,no,no,no,False
101691228,METROPOLITAN NASHVILLE POLICE DEPT,20170584785,Davidson,Nashville,7/3/2017 12:00:00 AM,1,1,0,36.220150,-86.821200,BUENA VISTA PKE,,,,292.00,Feet,South,KINGS LN,,,,0.00,N,Not at Intersection,N,Non-Junction,None,,,         ,Melvin,Taylor,Clear,Not Collision with Motor Vehicle in Transport,no,no,no,no,no,False
101691229,METROPOLITAN NASHVILLE POLICE DEPT,20170584769,Davidson,Nashville,7/3/2017 6:30:00 PM,2,0,0,36.193200,-86.738990,STRAIGHTWAY AV,,,,30.00,Feet,East,LITTLE AV,,,,0.00,N,Not at Intersection, ,Non-Junction,None,,,         ,Zachary,Lang,Clear,"Sideswipe, Same Direction",no,no,no,no,yes,False
101691231,METROPOLITAN NASHVILLE POLICE DEPT,20170584748,Davidson,Not in City Limit,7/3/2017 6:22:00 PM,2,0,0,36.263460,-86.711780,GALLATIN PKEN,,,,150.00,Feet,South,OLD TIME VILLAGE PVTDR,,,,0.00,N,Not at Intersection,N,Non-Junction,None,,,         ,Christopher,Littles,Cloudy,Angle,no,no,no,no,no,False
101691236,METROPOLITAN NASHVILLE POLICE DEPT,20170584748,Davidson,Goodlettsville,7/3/2017 6:22:00 PM,2,1,0,36.302200,-86.692630,GALLATIN PKEN,,,,35.00,Feet,North,RIVERGATE MALL PVTDR,,,,0.00,N,Not at Intersection,N,Non-Junction,None,,,         ,Samuel,Miller,Cloudy,Angle,no,no,no,no,no,False
101691259,METROPOLITAN NASHVILLE POLICE DEPT,20170584890,Davidson,Nashville,7/3/2017 4:30:00 PM,2,0,0,36.152640,-86.683490,MCGAVOCK PKE,,,,69.00,Feet,South,ELM HILL PKE,,,,0.00,N,Not at Intersection, ,Non-Junction,None,,,         ,John,Kelley,Cloudy,"Sideswipe, Same Direction",no,no,no,no,no,False
101691260,METROPOLITAN NASHVILLE POLICE DEPT,20170584873,Davidson,Nashville,7/3/2017 7:08:00 PM,2,0,0,36.125520,-86.730120,I24 E ENT RAMP,,,,4.00,Feet,South,I 440,,,,0.00,N,Not at Intersection, ,Non-Junction,None,,,         ,Luis,De Los Santos,Cloudy,"Sideswipe, Same Direction",no,no,no,no,yes,False
101691262,METROPOLITAN NASHVILLE POLICE DEPT,20170584869,Davidson,Nashville,7/3/2017 7:15:00 PM,2,0,0,36.151800,-86.771250,LAFAYETTE ST,,,,0.00,,,4TH AVS,,,,0.00,Y,Four-Way, ,Intersection,None,,,         ,Deandera,Payne,Clear,"Sideswipe, Same Direction",no,no,no,no,no,False
101691268,METROPOLITAN NASHVILLE POLICE DEPT,20170584938,Davidson,Not in City Limit,7/3/2017 7:31:00 PM,1,0,0,36.209340,-86.930900,ASHLAND CITY HWY,,,,560.00,Feet,West,OLD HYDES FERRY PKE,,,,0.00,N,Not at Intersection,N,Non-Junction,None,,,         ,Timothy,Morgan,Cloudy,Not Collision with Motor Vehicle in Transport,no,no,no,no,no,False
101691272,METROPOLITAN NASHVILLE POLICE DEPT,20170584689,Davidson,Nashville,7/3/2017 5:37:00 PM,2,0,0,36.161390,-86.760370,I 24,,,,0.00,,,,,,,49.40,N,Not at Intersection, ,Non-Junction,None,,,         ,Michael,Moss,Clear,"Sideswipe, Same Direction",no,no,no,no,no,False
101691273,METROPOLITAN NASHVILLE POLICE DEPT,20170584559,Davidson,Madison,7/3/2017 4:56:00 PM,2,0,0,36.263730,-86.705180,STATE RT 45,,,,200.00,Feet,West,DELAWARE AV,,,,0.00,N,Not at Intersection,N,Non-Junction,None,,,         ,Samuel,Miller,Cloudy,Front to Rear,no,no,no,no,yes,False
101691294,METROPOLITAN NASHVILLE POLICE DEPT,20170579725,Davidson,Nashville,7/2/2017 1:40:00 AM,2,3,0,36.048990,-86.716280,HICKORYVIEW DR,,,,0.00,,,HICKORY PLZ,,,,0.00,Y,Four-Way,N,Intersection,None,,,         ,Nathan,Dungan,Clear,Angle,no,no,no,no,no,False
101691302,METROPOLITAN NASHVILLE POLICE DEPT,20170584562,Davidson,Not in City Limit,7/3/2017 4:58:00 PM,2,0,0,36.261240,-86.712530,GALLATIN PKES,,,,0.00,,,MAPLE ST,,,,0.00,Y,T-Intersection, ,Non-Junction,None,,,         ,Samuel,Miller,Cloudy,Angle,no,no,no,no,no,False
101691303,METROPOLITAN NASHVILLE POLICE DEPT,20170585154,Davidson,Nashville,7/3/2017 12:00:00 AM,2,0,0,36.167480,-86.801610,16TH AVN,,,,67.00,Feet,North,JACKSON ST,,,,0.00,N,Not at Intersection, ,Non-Junction,None,,,         ,Melvin,Taylor,Clear,Other,no,no,no,no,no,False
101691344,METROPOLITAN NASHVILLE POLICE DEPT,20170580245,Davidson,Nashville,7/2/2017 6:50:00 AM,1,1,0,36.153860,-86.763620,I 40,,,,0.00,,,,,,,210.80,N,Not at Intersection,N,Non-Junction,None,,,         ,Brian,Theriac,Clear,Not Collision with Motor Vehicle in Transport,no,no,no,no,no,False
101691359,METROPOLITAN NASHVILLE POLICE DEPT,20170584978,Davidson,Nashville,7/3/2017 7:58:00 PM,2,1,0,36.158120,-86.790360,GEORGE L DAVIS BLVD,,,,128.00,Feet,South,I40 W ENT RAMP,,,,0.00,N,Not at Intersection,N,Non-Junction,None,,,         ,Michael,Baron,Clear,Front to Rear,no,no,no,no,no,False
101691360,METROPOLITAN NASHVILLE POLICE DEPT,20170585121,Davidson,Nashville,7/3/2017 8:40:00 PM,1,1,0,36.094820,-86.700450,ANTIOCH PKE,,,,1643.00,Feet,North,HARDING INDUSTRIAL DR,,,,0.00,N,Not at Intersection,N,Non-Junction,None,,,         ,Aimee,Ortiz,Cloudy,Not Collision with Motor Vehicle in Transport,no,no,no,no,no,False
101691389,METROPOLITAN NASHVILLE POLICE DEPT,20170585140,Davidson,Nashville,7/3/2017 8:47:00 PM,2,0,0,36.183650,-86.610660,OLD HICKORY BLVD,,,,0.00,,,ANDREW JACKSON PKWY,,,,0.00,Y,Four-Way,N,Non-Junction,None,,,         ,Adam,Nicholson,Clear,Front to Rear,no,no,no,no,no,False
101691398,METROPOLITAN NASHVILLE POLICE DEPT,20170584506,Davidson,Nashville,7/3/2017 4:36:00 PM,2,1,0,36.125500,-86.700290,GOODBAR DR,,,,0.00,,,KERMIT DR,,,,0.00,Y,Four-Way,N,Intersection,None,,,         ,Dontaveous,Eubanks,Clear,Angle,no,no,no,no,no,False
101691401,METROPOLITAN NASHVILLE POLICE DEPT,20170585350,Davidson,Nashville,7/3/2017 10:33:00 PM,2,0,0,36.181770,-86.607310,OLD HICKORY BLVD,,,,268.00,Feet,East,FRIST BLVD,,,,0.00,N,Not at Intersection, ,Non-Junction,None,,,         ,Jonathon,Sheppard,Clear,HeadOn,no,no,no,no,no,False
101691447,GOODLETTSVILLE POLICE DEPT,17-23270,Davidson,Goodlettsville,7/3/2017 11:00:00 PM,2,0,0,36.315550,-86.701400,I 65,,,,0.00,,,,,,,96.40,N,Not at Intersection,N,Non-Junction,None,,,         ,Benny,Alexander,Rain,Angle,no,no,no,no,yes,False
101691453,METROPOLITAN NASHVILLE POLICE DEPT,20170585540,Davidson,Nashville,7/3/2017 11:02:00 PM,3,0,0,36.180270,-86.746360,ORDWAY PL,,,,311.00,Feet,West,N 14TH ST,,,,0.00,N,Not at Intersection,N,Non-Junction,None,,,         ,Ky,Luu,Rain,"Sideswipe, Same Direction",no,no,no,no,yes,False
101691457,METROPOLITAN NASHVILLE POLICE DEPT,20170585526,Davidson,Nashville,7/3/2017 11:00:00 PM,2,0,0,36.207210,-86.839900,CLARKSVILLE PKE,,,,71.00,Feet,South,W HAMILTON AV,,,,0.00,N,Not at Intersection,N,Non-Junction,None,,,         ,Christopher,Lawson,Rain,Front to Rear,no,no,no,no,no,False
101691467,METROPOLITAN NASHVILLE POLICE DEPT,20170585666,Davidson,Nashville,7/4/2017 12:00:00 AM,1,0,0,36.144270,-86.696670,I 40,,,,0.00,,,,,,,214.90,N,Not at Intersection,N,Non-Junction,None,,,         ,Chad,Mahoney,Rain,Not Collision with Motor Vehicle in Transport,no,no,no,no,no,False
101691476,METROPOLITAN NASHVILLE POLICE DEPT,20170585609,Davidson,Nashville,7/3/2017 11:15:00 PM,2,3,0,36.216080,-86.813180,CROUCH DR,,,,0.00,,,MOORMANS ARM RD,,,,0.00,Y,Four-Way,Y,Intersection,None,,,         ,Bryant,Presley,Rain,Angle,no,no,no,no,no,False
101691513,METROPOLITAN NASHVILLE POLICE DEPT,20170585813,Davidson,Nashville,7/3/2017 11:09:00 PM,2,0,0,36.044380,-86.650900,HICKORY HOLLOW PKWY,,,,36.00,Feet,South,CROSSINGS BLVD,,,,0.00,N,Not at Intersection,N,OtherLocation,None,,,         ,Gary,Peters,Clear,"Sideswipe, Same Direction",no,no,no,no,yes,False
101691515,METROPOLITAN NASHVILLE POLICE DEPT,20170585499,Davidson,Nashville,7/3/2017 10:15:00 PM,2,0,0,36.200140,-86.769480,GATEWOOD AV,,,,121.00,Feet,East,DICKERSON PKE,,,,0.00,N,Not at Intersection,N,Non-Junction,None,,,         ,Brady,Reynolds,Rain,"Sideswipe, Opposite Direction",no,no,no,no,yes,False
101691531,METROPOLITAN NASHVILLE POLICE DEPT,20170586067,Davidson,Nashville,7/3/2017 11:03:00 PM,2,0,0,36.041790,-86.652650,I 24,,,,0.00,,,,,,,59.80,N,Not at Intersection, ,Non-Junction,None,,,         ,William,Coy,Rain,"Sideswipe, Same Direction",no,no,no,no,no,False
101691542,METROPOLITAN NASHVILLE POLICE DEPT,20170586082,Davidson,Nashville,7/4/2017 2:30:00 AM,2,0,0,36.156820,-86.786930,BROADWAY,,,,183.00,Feet,East,12TH AVS,,,,0.00,N,Not at Intersection,N,Non-Junction,None,,,         ,Paxton,Montgomery,Clear,Rear to Rear,no,no,no,yes,yes,False
101691548,METROPOLITAN NASHVILLE POLICE DEPT,20170586228,Davidson,Nashville,7/4/2017 3:30:00 AM,2,2,0,36.172840,-86.765340,JAMES ROBERTSON PKWY,,,,0.00,,,MAIN ST,,,,0.00,Y,Four-Way,N,Intersection-Related,None,,,         ,Darci,Stechman,Clear,Angle,no,no,no,no,yes,False
101691549,METROPOLITAN NASHVILLE POLICE DEPT,20170586415,Davidson,Nashville,7/4/2017 12:00:00 AM,1,1,0,36.118530,-86.726300,I 24,,,,0.00,,,,,,,53.00,N,Not at Intersection,N,Non-Junction,None,,,         ,Brian,Mclarty,Rain,Not Collision with Motor Vehicle in Transport,no,no,no,no,no,False
101691563,METROPOLITAN NASHVILLE POLICE DEPT,20170586509,Davidson,Nashville,7/4/2017 6:01:00 AM,1,1,0,36.113790,-86.773850,I65 S ENT RAMP,,,,0.00,Feet,East,I 65,,,,0.00,N,Not at Intersection,Y,Entrance/Exit Ramp Related,None,,,         ,Kevin,McGinniss,Rain,Not Collision with Motor Vehicle in Transport,no,no,no,no,no,False
101691568,METROPOLITAN NASHVILLE POLICE DEPT,20170586493,Davidson,Nashville,7/4/2017 5:53:00 AM,1,0,0,36.279660,-86.783630,BRICK CHURCH PKE,,,,44.00,Feet,North,OLD HICKORY BLVD,,,,0.00,N,Not at Intersection,N,Non-Junction,None,,,         ,Craig,Amabile,Rain,Not Collision with Motor Vehicle in Transport,no,no,no,no,no,False
101691571,METROPOLITAN NASHVILLE POLICE DEPT,20170586247,Davidson,Nashville,7/4/2017 3:40:00 AM,4,0,0,36.143670,-86.648960,I 40,,,,0.00,,,,,,,217.35,N,Not at Intersection,N,Non-Junction,None,,,         ,Ian,Swander,Cloudy,Front to Rear,no,no,no,no,yes,False
101691572,METROPOLITAN NASHVILLE POLICE DEPT,20170586551,Davidson,Nashville,7/4/2017 6:37:00 AM,1,0,0,36.101460,-86.764310,I65 N EXT RAMP,,,,0.00,,,I 65,,,,0.00,Y,OTHER,N,Non-Junction,None,,,         ,Ralph,Smith IV,Clear,Not Collision with Motor Vehicle in Transport,no,no,no,no,no,False
101691591,METROPOLITAN NASHVILLE POLICE DEPT,20170586434,Davidson,Nashville,7/4/2017 5:21:00 AM,3,1,0,36.238470,-86.740890,BRILEY PKWY E EXT RAMP,,,,0.00,Feet,East,BRILEY PKWYE,,,,0.00,N,Not at Intersection,Y,Non-Junction,None,,,         ,Harris,Smith,Rain,Other,no,no,no,no,no,False
101691594,BERRY HILL POLICE DEPT,17-2220,Davidson,Berry Hill,7/3/2017 11:10:00 AM,2,0,0,36.112380,-86.767880,THOMPSON LN,,,,52.00,Feet,East,W IRIS DR,,,,0.00,N,Not at Intersection, ,,None,,,         ,Rick,Willliams,,,no,no,no,yes,no,False
101691607,METROPOLITAN NASHVILLE POLICE DEPT,20170586409,Davidson,Nashville,7/4/2017 5:00:00 AM,2,0,0,36.141390,-86.666550,I 40,,,,0.00,,,,,,,218.00,N,Not at Intersection,N,Non-Junction,None,,,         ,Johan,Kinberg,Rain,Not Collision with Motor Vehicle in Transport,no,no,no,no,no,False
101691685,METROPOLITAN NASHVILLE POLICE DEPT,20170586681,Davidson,Nashville,7/4/2017 7:53:00 AM,2,2,0,36.130950,-86.897600,I40 E EXT RAMP,,,,0.00,Feet,East,I 40,,,,0.00,N,Not at Intersection,N,Entrance/Exit Ramp Related,None,,,         ,Charles,Boles,Cloudy,Front to Rear,no,no,no,no,no,False
101691691,BERRY HILL POLICE DEPT,17-2224,Davidson,Berry Hill,7/3/2017 2:00:00 PM,1,0,0,36.120260,-86.762640,MELROSE AV,,,,366.00,Feet,East,FOUR FORTY CENTER PVTDR,,,,0.00,N,Not at Intersection,N,Non-Junction,None,,,         ,Ronnie,Hill,Cloudy,Not Collision with Motor Vehicle in Transport,no,no,no,no,no,False
101691723,VANDERBILT UNIVERSITY POLICE,170584069,Davidson,Nashville,7/3/2017 1:45:00 PM,2,0,0,36.147960,-86.799300,21ST AVS,,,,0.00,,,BROADWAY,,,,0.00,Y,Y-Intersection, ,,None,,,         ,Yasemine,Lomax,,,no,no,no,no,no,Campus
101691730,METROPOLITAN NASHVILLE POLICE DEPT,20170586669,Davidson,Nashville,7/4/2017 7:45:00 AM,2,0,0,36.156870,-86.780840,DEMONBREUN ST,,,,0.00,,,8TH AVS,,,,0.00,Y,Four-Way, ,,None,,,         ,William,Vincion,,,no,no,no,no,no,False
101691739,METROPOLITAN NASHVILLE POLICE DEPT,20170586831,Davidson,Not in City Limit,7/4/2017 8:35:00 AM,1,0,0,36.167090,-86.946360,RIVER ROAD PKE,,,,0.61,Miles,North,LAKEVIEW DR,,,,0.00,N,Not at Intersection,N,Non-Junction,None,,,         ,Benjamin,Cantrell,Cloudy,Not Collision with Motor Vehicle in Transport,no,no,no,no,no,False
101691741,VANDERBILT UNIVERSITY POLICE,17-0584034,Davidson,Nashville,7/3/2017 12:30:00 PM,2,0,0,36.147960,-86.799300,21ST AVS,,,,0.00,,,BROADWAY,,,,0.00,Y,T-Intersection, ,Intersection,None,,,         ,Anthony,Jones,Rain,Front to Rear,no,no,no,no,yes,Campus
101691742,METROPOLITAN NASHVILLE POLICE DEPT,20170587028,Davidson,Nashville,7/4/2017 10:06:00 AM,2,0,0,36.087380,-86.730740,NOLENSVILLE PKE,,,,239.00,Feet,North,ELYSIAN FIELDS CT,,,,0.00,N,Not at Intersection, ,Non-Junction,None,,,         ,Nathan,Kemp,Clear,Front to Rear,no,no,no,no,no,False
101691743,METROPOLITAN NASHVILLE POLICE DEPT,20170586984,Davidson,Nashville,7/4/2017 9:47:00 AM,2,0,0,36.045540,-86.711470,OLD HICKORY BLVD,,,,532.00,Feet,East,NOLENSVILLE PKE,,,,0.00,N,Not at Intersection,N,Non-Junction,None,,,         ,Steven,Williams,Clear,Angle,no,no,no,no,no,False
101691757,GOODLETTSVILLE POLICE DEPT,17-23219,Davidson,Goodlettsville,7/3/2017 12:07:00 PM,2,1,0,36.309480,-86.695660,VIETNAM VETERANS BLVD SB EXT R,,,,0.00,,,CONFERENCE DR,,,,0.00,Y,T-Intersection,Y,Intersection,None,,,         ,John,Spencer,Rain,Front to Rear,no,no,no,no,no,False
101691773,METROPOLITAN NASHVILLE POLICE DEPT,20170587018,Davidson,Nashville,7/4/2017 12:00:00 AM,2,0,0,36.079880,-86.643930,EDGE O LAKE DR,,,,87.00,Feet,East,SCOTT VALLEY DR,,,,0.00,N,Not at Intersection, ,Non-Junction,None,,,         ,James,Curtis,Unknown,Unknown,no,no,no,no,yes,False
101691816,METROPOLITAN NASHVILLE POLICE DEPT,20170586941,Davidson,Nashville,7/4/2017 9:25:00 AM,1,1,0,36.112920,-86.864700,POST RD,,,,117.00,Feet,South,OLIVE BRANCH RD,,,,0.00,N,Not at Intersection,N,Non-Junction,None,,,         ,Charles,Boles,Cloudy,Not Collision with Motor Vehicle in Transport,no,no,no,no,no,False
101691840,METROPOLITAN NASHVILLE POLICE DEPT,20170587127,Davidson,Nashville,7/4/2017 10:39:00 AM,3,0,0,36.176690,-86.824560,ED TEMPLE BLVD,,,,1211.00,Feet,North,DR WALTER S DAVIS BLVD,,,,0.00,N,Not at Intersection,N,Non-Junction,None,,,         ,Isaac,Wood,Cloudy,"Sideswipe, Opposite Direction",no,no,no,no,no,False
101691852,METROPOLITAN NASHVILLE POLICE DEPT,20170587384,Davidson,Nashville,7/4/2017 12:48:00 PM,3,0,0,36.125850,-86.805070,21ST AVS,,,,11.00,Feet,South,SWEETBRIAR AV,,,,0.00,N,Not at Intersection, ,Non-Junction,None,,,         ,Nathan,Kemp,Clear,Front to Rear,no,no,no,no,no,False
101691894,METROPOLITAN NASHVILLE POLICE DEPT,20170587250,Davidson,Not in City Limit,7/4/2017 11:23:00 AM,1,1,0,36.080850,-86.965700,SADDLE RIDGE TRC,,,,243.00,Feet,West,ASLAN CT,,,,0.00,N,Not at Intersection,N,Non-Junction,None,,,         ,Christopher,Taylor,Cloudy,Not Collision with Motor Vehicle in Transport,no,no,no,no,no,False
101691942,METROPOLITAN NASHVILLE POLICE DEPT,2017-0586782,Davidson,Nashville,7/4/2017 8:00:00 AM,1,0,0,36.115830,-86.724950,I 24,,,,0.00,,,,,,,53.20,N,Not at Intersection,N,Non-Junction,None,,,         ,William,Whitworth,Cloudy,Not Collision with Motor Vehicle in Transport,no,no,no,no,no,False
101691943,METROPOLITAN NASHVILLE POLICE DEPT,2017-0586933,Davidson,Nashville,7/4/2017 9:27:00 AM,4,3,0,36.062010,-86.676430,ANTIOCH PKE,,,,976.00,Feet,West,MILL CREEK BLUE HOLE GRNWY,,,,0.00,N,Not at Intersection,N,Non-Junction,None,,,         ,William,Whitworth,Cloudy,"Sideswipe, Opposite Direction",no,no,no,no,no,False
101691952,METROPOLITAN NASHVILLE POLICE DEPT,20170587323,Davidson,Nashville,7/4/2017 12:15:00 PM,2,0,0,36.177020,-86.597300,ROCKWOOD DR,,,,0.00,,,SADDLESTONE DR,,,,0.00,Y,T-Intersection,N,Intersection,None,,,         ,Michael,Dance,Clear,Angle,no,no,no,no,no,False
101691954,METROPOLITAN NASHVILLE POLICE DEPT,20170586697,Davidson,Nashville,7/4/2017 8:03:00 AM,2,0,0,36.171840,-86.764770,S 5TH ST,,,,0.00,,,WOODLAND ST,,,,0.00,Y,Four-Way, ,Non-Junction,None,,,         ,Richard,Conger,Clear,Other,no,no,no,no,no,False
101691994,METROPOLITAN NASHVILLE POLICE DEPT,20170587504,Davidson,Nashville,7/4/2017 1:45:00 PM,2,3,0,36.124490,-86.786340,10TH AVS,,,,0.00,,,GILMORE AV,,,,0.00,Y,T-Intersection,N,Intersection,None,,,         ,Brent,Bauer,Cloudy,Angle,no,no,no,no,no,False
101692046,METROPOLITAN NASHVILLE POLICE DEPT,20170587467,Davidson,Nashville,7/4/2017 1:25:00 PM,1,1,0,36.142560,-86.627170,BELL RD,,,,574.00,Feet,North,ELM HILL PKE,,,,0.00,N,Not at Intersection,N,Non-Junction,None,,,         ,Michael,Dance,Clear,Not Collision with Motor Vehicle in Transport,no,no,no,no,no,False
101692066,METROPOLITAN NASHVILLE POLICE DEPT,20170585320,Davidson,Nashville,7/3/2017 9:40:00 PM,1,0,0,36.044290,-86.657500,I 24,,,,0.00,,,,,,,59.50,N,Not at Intersection,N,Non-Junction,None,,,         ,Candice,Soper,Rain,Not Collision with Motor Vehicle in Transport,no,no,no,no,no,False
101692110,METROPOLITAN NASHVILLE POLICE DEPT,20170587652,Davidson,Nashville,7/4/2017 2:45:00 PM,2,0,0,36.079100,-86.720540,WALLACE RD,,,,0.00,,,RECOVERY RD,,,,0.00,Y,Four-Way, ,Intersection,None,,,         ,Mary,Williams,Clear,Angle,no,no,no,no,no,False
101692122,METROPOLITAN NASHVILLE POLICE DEPT,2017-0587748,Davidson,Not in City Limit,7/4/2017 3:52:00 PM,2,0,0,36.045470,-86.950560,HIGHWAY 100,,,,0.00,,,TEMPLE RD,,,,0.00,Y,Four-Way, ,,None,,,         ,Michael,Rogers,,,no,no,no,no,no,False
101692127,METROPOLITAN NASHVILLE POLICE DEPT,20170587252,Davidson,Nashville,7/4/2017 11:45:00 AM,2,1,0,36.087160,-86.695900,METROPLEX DR,,,,107.00,Feet,North,S PERIMETER PARK DR,,,,0.00,N,Not at Intersection,N,Non-Junction,None,,,         ,Jessie,Meadows,Clear,Front to Rear,no,no,no,yes,no,False
101692128,METROPOLITAN NASHVILLE POLICE DEPT,20170587411,Davidson,Nashville,7/4/2017 1:20:00 PM,2,0,0,36.078070,-86.725870,NOLENSVILLE PKE,,,,367.00,Feet,North,WALLACE RD,,,,0.00,N,Not at Intersection, ,Non-Junction,None,,,         ,Jessie,Meadows,Clear,"Sideswipe, Same Direction",no,no,no,no,no,False
101692129,METROPOLITAN NASHVILLE POLICE DEPT,20170587792,Davidson,Nashville,7/4/2017 4:20:00 PM,2,0,0,36.069640,-86.694400,HAYWOOD LN,,,,146.00,Feet,West,EZELL RD,,,,0.00,N,Not at Intersection,N,Non-Junction,None,,,         ,Jessie,Meadows,Clear,"Sideswipe, Same Direction",no,no,no,no,yes,False