master_record_number,agency,agency_tracking_number,county,city,collision_date,vehicles_involved,number_injured,number_dead,latitude,longitude,roadway_name,roadway_suffix,roadway_number,roadway_local_id,distance_from_reference,miles-feet_indicator,direction_from_reference,intersection_road_name,intersection_road_name_suffix,intersection_road_number,intersection_local_id,mile_marker,intersection_indicator,intersect_type,interchange_related_indicator,relation_to_junction,work_zone_type,construction_maintenance_zone,construction_maintenance_zone_location,fatal_case_number,officer_first_name,officer_last_name,weather_condition(s),manner_of_crash,pedestrian,bicycle,scooter,parking,hitrun,mou
101693682,METROPOLITAN NASHVILLE POLICE DEPT,20170593820,Davidson,Not in City Limit,7/6/2017 7:48:00 AM,2,0,0,36.262990,-86.680940,STATE RT 45,,,,0.00,,,RIO VISTA DR,,,,0.00,Y,OTHER, ,,None,,,         ,Eric,Richardson,,,no,no,no,no,no,False
101693684,METROPOLITAN NASHVILLE POLICE DEPT,20170593665,Davidson,Nashville,7/6/2017 6:41:00 AM,1,0,0,36.262710,-86.738110,I 65,,,,0.00,,,,,,,92.10,N,Not at Intersection, ,Non-Junction,None,,,         ,Jack,Crouch,Clear,Not Collision with Motor Vehicle in Transport,no,no,no,no,no,False
101693687,VANDERBILT UNIVERSITY POLICE,17-0590788,Davidson,Nashville,7/5/2017 12:00:00 PM,2,0,0,36.139490,-86.804590,CHILDRENS WAY,,,,0.00,,,,,,,0.00,,, ,Non-Junction,None,,,         ,Karl,Haury,Clear,"Sideswipe, Same Direction",no,no,no,yes,no,Campus
101693710,METROPOLITAN NASHVILLE POLICE DEPT,20170593863,Davidson,Nashville,7/6/2017 8:11:00 AM,3,0,0,36.108460,-86.671870,DONELSON PKE,,,,464.00,Feet,South,KNAPP BLVD,,,,0.00,N,Not at Intersection,N,Non-Junction,None,,,         ,James,Curtis,Clear,Front to Rear,no,no,no,no,no,False
101693734,METROPOLITAN NASHVILLE POLICE DEPT,20170593735,Davidson,Not in City Limit,7/6/2017 7:20:00 AM,2,0,0,36.076890,-86.945220,HIGHWAY 70S,,,,0.00,Feet,North,SAWYER BROWN RD,,,,0.00,N,Not at Intersection,N,Non-Junction,None,,,         ,Andrew,Maholland,Rain,Angle,no,no,no,no,no,False
101693741,METROPOLITAN NASHVILLE POLICE DEPT,20170594093,Davidson,Not in City Limit,7/6/2017 9:22:00 AM,2,0,0,36.256660,-86.707220,IDLEWILD AV,,,,0.00,,,HARRINGTON AV,,,,0.00,Y,OTHER, ,,Construction Zone,,,         ,Eric,Richardson,,,no,no,no,no,no,False
101693743,METROPOLITAN NASHVILLE POLICE DEPT,20170593986,Davidson,Nashville,7/6/2017 8:43:00 AM,1,0,0,36.170340,-86.620510,HOGGETT FORD RD,,,,0.00,,,RIVERBRANCH WAY,,,,0.00,Y,T-Intersection,N,Intersection,None,,,         ,Michael,Brooks,Clear,Not Collision with Motor Vehicle in Transport,no,no,no,no,yes,False
101693760,METROPOLITAN NASHVILLE POLICE DEPT,20170593875,Davidson,Not in City Limit,7/6/2017 7:48:00 AM,2,1,0,36.312620,-86.830320,I 24,,,,0.00,,,,,,,37.40,N,Not at Intersection,N,Non-Junction,None,,,         ,Jeanine,Sarno,Clear,Front to Rear,no,no,no,no,no,False
101693770,METROPOLITAN NASHVILLE POLICE DEPT,20170594054,Davidson,Nashville,7/6/2017 8:58:00 AM,2,0,0,36.077090,-86.725560,EDMONDSON PKE,,,,0.00,,,WALLACE RD,,,,0.00,Y,Four-Way,N,Intersection,None,,,         ,Robert,Erickson,Clear,Front to Rear,no,no,no,no,no,False
101693777,METROPOLITAN NASHVILLE POLICE DEPT,20170590682,Davidson,Goodlettsville,7/5/2017 12:14:00 PM,2,1,0,36.296910,-86.699160,GALLATIN PKEN,,,,0.00,,,MYATT DR,,,,0.00,Y,Four-Way,N,Intersection,None,,,         ,Donald,Davidson,Cloudy,Front to Rear,no,no,no,no,no,False
101693785,METROPOLITAN NASHVILLE POLICE DEPT,20170594205,Davidson,Nashville,7/6/2017 9:05:00 AM,2,0,0,36.128620,-86.907610,RIVER RD,,,,205.00,Feet,West,RIVER RD PVTDR,,,,0.00,N,Not at Intersection, ,Non-Junction,Construction Zone,,,         ,Benjamin,Cantrell,Clear,Angle,no,no,no,no,no,False
101693790,METROPOLITAN NASHVILLE POLICE DEPT,20170594002,Davidson,Nashville,7/6/2017 8:42:00 AM,4,2,0,36.187990,-86.821560,ED TEMPLE BLVD,,,,0.00,Feet,,ROSA L PARKS BLVD,,,,0.00,Y,Four-Way,Y,Intersection,None,,,         ,James,Jarvis,Cloudy,"Sideswipe, Opposite Direction",no,no,no,no,no,False
101693791,METROPOLITAN NASHVILLE POLICE DEPT,20170594025,Davidson,Nashville,7/6/2017 8:57:00 AM,2,0,0,36.061170,-86.721210,MCMURRAY DR,,,,21.00,Feet,East,WHISPERING HILLS DR,,,,0.00,N,Not at Intersection,N,Non-Junction,None,,,         ,Devonte,Coleman,Clear,Front to Rear,no,no,no,no,no,False
101693794,METROPOLITAN NASHVILLE POLICE DEPT,20170594251,Davidson,Nashville,7/6/2017 10:20:00 AM,1,1,0,36.153830,-86.735030,LEBANON PKE,,,,1364.00,Feet,East,OMOHUNDRO PL,,,,0.00,N,Not at Intersection,N,Non-Junction,None,,,         ,Michael,Dance,Clear,Not Collision with Motor Vehicle in Transport,no,no,no,no,no,False
101693803,METROPOLITAN NASHVILLE POLICE DEPT,20170594077,Davidson,Nashville,7/6/2017 8:55:00 AM,2,0,0,36.127570,-86.843880,HARDING PKE,,,,0.00,,,WOODLAWN DR,,,,0.00,Y,Four-Way, ,Intersection,Work Zone,,,         ,Gregory,McDaniel,Clear,"Sideswipe, Same Direction",no,no,no,no,no,False
101693815,METROPOLITAN NASHVILLE POLICE DEPT,20170594063,Davidson,Not in City Limit,7/6/2017 9:01:00 AM,1,1,0,36.324270,-86.870330,I 24,,,,0.00,,,,,,,34.85,N,Not at Intersection,N,Non-Junction,None,,,         ,Ryan,McManman,Clear,Not Collision with Motor Vehicle in Transport,no,no,no,no,no,False
101693817,METROPOLITAN NASHVILLE POLICE DEPT,20170593790,Davidson,Nashville,7/6/2017 12:00:00 AM,1,0,0,36.223980,-86.806210,KNIGHT DR,,,,104.00,Feet,North,WHITES CREEK PKE,,,,0.00,N,Not at Intersection,N,Non-Junction,None,,,         ,Chase,Burnett,Unknown,Unknown,no,no,no,no,yes,False
101693820,METROPOLITAN NASHVILLE POLICE DEPT,20170594294,Davidson,Nashville,7/6/2017 10:30:00 AM,1,0,0,36.148480,-86.866540,CHARLOTTE PKE,,,,284.00,Feet,East,EASTBORO DR,,,,0.00,N,Not at Intersection, ,Non-Junction,None,,,         ,Paul,Junkmann,Cloudy,Not Collision with Motor Vehicle in Transport,no,no,no,yes,no,False
101693823,THP District 3 - Nashville,317039936,Davidson,Not in City Limit,7/6/2017 9:22:00 AM,3,0,0,36.321430,-86.855730,I 24,,,,0.00,,,,,,,35.65,N,Not at Intersection,N,Non-Junction,None,,,         ,Charles,Cooper,Cloudy,Front to Rear,no,no,no,no,yes,False
101693824,METROPOLITAN NASHVILLE POLICE DEPT,20170594299,Davidson,Nashville,7/6/2017 9:07:00 AM,2,0,0,36.041500,-86.699930,OLD HICKORY BLVD,,,,163.00,Feet,East,GREEN TRAILS CT,,,,0.00,N,Not at Intersection, ,Non-Junction,None,,,         ,Jessie,Meadows,Clear,Angle,no,no,no,no,no,False
101693825,METROPOLITAN NASHVILLE POLICE DEPT,20170594198,Davidson,Nashville,7/6/2017 9:55:00 AM,2,0,0,36.125610,-86.746830,GLENROSE AV,,,,57.00,Feet,East,WICKSON AV,,,,0.00,N,Not at Intersection,N,Non-Junction,None,,,         ,Jessie,Meadows,Clear,Angle,no,no,no,no,no,False
101693831,METROPOLITAN NASHVILLE POLICE DEPT,20170593999,Davidson,Nashville,7/6/2017 8:10:00 AM,2,0,0,36.168550,-86.813400,I40 E EXT RAMP,,,,0.00,Feet,East,I 40,,,,0.00,N,Not at Intersection, ,Entrance/Exit Ramp Related,None,,,         ,Royce,McLester,Cloudy,Front to Rear,no,no,no,no,no,False
101693832,METROPOLITAN NASHVILLE POLICE DEPT,20170594106,Davidson,Nashville,7/6/2017 9:20:00 AM,1,1,0,36.120880,-86.859510,POST RD,,,,137.00,Feet,South,FRANSWORTH DR,,,,0.00,N,Not at Intersection,N,Non-Junction,None,,,         ,Honorio,Canchola,Clear,Not Collision with Motor Vehicle in Transport,yes,no,no,no,no,False
101693833,METROPOLITAN NASHVILLE POLICE DEPT,20170594307,Davidson,Nashville,7/6/2017 10:36:00 AM,2,0,0,36.185100,-86.775180,I 24,,,,0.00,,,,,,,47.25,N,Not at Intersection,N,Non-Junction,None,,,         ,Richard,Conger,Clear,Front to Rear,no,no,no,no,no,False
101693868,METROPOLITAN NASHVILLE POLICE DEPT,20170594547,Davidson,Nashville,7/6/2017 11:50:00 AM,2,0,0,36.241600,-86.723300,GALLATIN PKES,,,,928.00,Feet,North,GALLATIN PKE,,,,0.00,N,Not at Intersection, ,,None,,,         ,Brian,Otto,,,no,no,no,no,no,False
101693871,METROPOLITAN NASHVILLE POLICE DEPT,20170593994,Davidson,Nashville,7/6/2017 8:47:00 AM,2,0,0,36.083400,-86.727470,WELCH RD,,,,0.00,,,NOLENSVILLE PKE,,,,0.00,Y,T-Intersection, ,Intersection,None,,,         ,Shelby,Hughes,Clear,Front to Rear,no,no,no,no,no,False
101693872,METROPOLITAN NASHVILLE POLICE DEPT,20170594427,Davidson,Nashville,7/6/2017 10:59:00 AM,2,0,0,36.161240,-86.774750,2ND AVS,,,,165.00,Feet,North,SHELBY ST PEDESTRIAN BRIDGE GR,,,,0.00,N,Not at Intersection, ,Non-Junction,None,,,         ,Kevin,Johnson,Clear,"Sideswipe, Same Direction",no,no,no,no,no,False
101693885,METROPOLITAN NASHVILLE POLICE DEPT,20170594457,Davidson,Nashville,7/6/2017 11:35:00 AM,2,0,0,36.082670,-86.710490,TAMPA DR,,,,0.00,Feet,,HARDING PL,,,,0.00,Y,Four-Way,N,Intersection,None,,,         ,James,Thomas,Clear,Angle,no,no,no,no,yes,False
101693948,GOODLETTSVILLE POLICE DEPT,17-23590,Davidson,Goodlettsville,7/6/2017 12:25:00 PM,2,0,0,36.305910,-86.693820,CONFERENCE DR,,,,0.00,,,RIVERGATE MALL PVTDR,,,,0.00,Y,T-Intersection,N,Intersection,None,,,         ,George,Forbes,Clear,Angle,no,no,no,no,yes,False
101693949,METROPOLITAN NASHVILLE POLICE DEPT,20170594765,Davidson,Nashville,7/6/2017 1:32:00 PM,2,0,0,36.188220,-86.629320,LEBANON PKE,,,,0.00,,,HICKORY HILL LN,,,,0.00,Y,T-Intersection, ,,None,,,         ,Michael,Dance,,,no,no,no,no,no,False
101693953,METROPOLITAN NASHVILLE POLICE DEPT,20170594603,Davidson,Nashville,7/6/2017 12:32:00 PM,3,1,0,36.037400,-86.786570,FRANKLIN PKE,,,,0.00,,,OLD HICKORY BLVD,,,,0.00,Y,Four-Way,N,Intersection,None,,,         ,Darrell,Osment,Cloudy,Front to Rear,no,no,no,no,no,False
101693964,METROPOLITAN NASHVILLE POLICE DEPT,20170594521,Davidson,Goodlettsville,7/6/2017 11:46:00 AM,2,0,0,36.301480,-86.693690,GALLATIN PKEN,,,,96.00,Feet,West,TWIN HILLS DR,,,,0.00,N,Not at Intersection,N,Crossover-Related,None,,,         ,La Tonya,Thames,Clear,Angle,no,no,no,no,no,False
101693974,METROPOLITAN NASHVILLE POLICE DEPT,2017594629,Davidson,Nashville,7/6/2017 12:44:00 PM,3,0,0,36.136830,-86.799880,BELCOURT AV,,,,118.00,Feet,West,20TH AVS,,,,0.00,N,Not at Intersection, ,Non-Junction,None,,,         ,Erik,Wagner,Cloudy,"Sideswipe, Same Direction",no,no,no,no,no,False
101693975,METROPOLITAN NASHVILLE POLICE DEPT,20170594583,Davidson,Nashville,7/6/2017 12:20:00 PM,2,0,0,36.163760,-86.851580,CENTENNIAL BLVD,,,,287.00,Feet,East,CALIFORNIA AV,,,,0.00,N,Not at Intersection,N,Non-Junction,None,,,         ,Christopher,Royer,Clear,Angle,no,no,no,no,no,False
101694003,METROPOLITAN NASHVILLE POLICE DEPT,20170594655,Davidson,Nashville,7/6/2017 12:42:00 PM,3,0,0,36.038500,-86.783400,OLD HICKORY BLVD,,,,16.00,Feet,East,I65 S EXT RAMP,,,,0.00,N,Not at Intersection,N,Non-Junction,None,,,         ,Russell,Freeman,Clear,Front to Rear,no,no,no,no,no,False
101694006,METROPOLITAN NASHVILLE POLICE DEPT,20170594734,Davidson,Nashville,7/5/2017 2:00:00 AM,1,0,0,36.093490,-86.736080,NATCHEZ CT,,,,62.00,Feet,East,NOLENSVILLE PKE,,,,0.00,N,Not at Intersection,N,Non-Junction,None,,,         ,Sara,Lober,Clear,Not Collision with Motor Vehicle in Transport,no,no,no,yes,yes,False
101694024,METROPOLITAN NASHVILLE POLICE DEPT,20170594782,Davidson,Not in City Limit,7/6/2017 1:35:00 PM,2,0,0,36.320080,-86.850040,I 24,,,,0.00,,,,,,,36.00,N,Not at Intersection, ,Non-Junction,None,,,         ,Jeanine,Sarno,Clear,Front to Rear,no,no,no,no,no,False
101694055,METROPOLITAN NASHVILLE POLICE DEPT,20170594484,Davidson,Nashville,7/6/2017 11:47:00 AM,3,1,0,36.139500,-86.700200,BRILEY PKWYN,,,,0.00,,,I40 E ENT RAMP,,,,0.00,Y,Four-Way,N,Intersection,None,,,         ,James,Curtis,Clear,Angle,no,no,no,no,no,False
101694063,METROPOLITAN NASHVILLE POLICE DEPT,20170594996,Davidson,Nashville,7/6/2017 2:53:00 PM,2,0,0,36.212980,-86.753470,OAKWOOD AV,,,,14.00,Feet,North,BETHWOOD DR,,,,0.00,N,Not at Intersection,N,Non-Junction,None,,,         ,Jonathan,Hadley,Unknown,"Sideswipe, Same Direction",no,no,no,no,yes,False
101694071,METROPOLITAN NASHVILLE POLICE DEPT,20170594972,Davidson,Nashville,7/6/2017 2:46:00 PM,2,0,0,36.034910,-86.783070,I 65,,,,0.00,,,,,,,74.30,N,Not at Intersection, ,Non-Junction,None,,,         ,Tien,Nguyen,Clear,Front to Rear,no,no,no,no,no,False
101694091,METROPOLITAN NASHVILLE POLICE DEPT,2017-0594712,Davidson,Antioch,7/6/2017 1:05:00 PM,2,0,0,36.051538,-86.615722,MURFREESBORO,PIKE,US70 S,,440.00,Feet,North,PIN HOOK,RD,,,0.00,N,Not at Intersection,N,"Driveway, Alley Access, etc",None,,,         ,William,Whitworth,Clear,Angle,no,no,no,no,no,False
101694094,METROPOLITAN NASHVILLE POLICE DEPT,20170595050,Davidson,Nashville,7/6/2017 3:14:00 PM,2,0,0,36.048380,-86.646100,BELL FORGE LNE,,,,735.00,Feet,East,MT VIEW RD,,,,0.00,N,Not at Intersection,N,Non-Junction,None,,,         ,Alyson,Cook,Clear,Angle,no,no,no,yes,yes,False
101694105,METROPOLITAN NASHVILLE POLICE DEPT,2017-0594909,Davidson,Nashville,7/6/2017 2:00:00 PM,2,1,0,36.155860,-86.766890,HERMITAGE AV,,,,38.00,Feet,East,MIDDLETON ST,,,,0.00,N,Not at Intersection,N,Non-Junction,None,,,         ,Kevin,Johnson,Clear,Front to Rear,no,no,no,no,no,False
101694106,METROPOLITAN NASHVILLE POLICE DEPT,20170594644,Davidson,Nashville,7/6/2017 12:45:00 PM,2,0,0,36.240740,-86.757390,BRILEY PKWY E EXT RAMP,,,,0.00,,,DICKERSON PKE,,,,0.00,Y,T-Intersection,Y,Entrance/Exit Ramp Related,None,,,         ,Peter,Lynch,Clear,Angle,no,no,no,no,no,False
101694107,METROPOLITAN NASHVILLE POLICE DEPT,20170594366,Davidson,Nashville,7/6/2017 10:10:00 AM,2,0,0,36.250200,-86.757190,DICKERSON PKE,,,,198.00,Feet,North,OLD DUE WEST AV,,,,0.00,N,Not at Intersection, ,OtherLocation,None,,,         ,Peter,Lynch,Clear,Angle,no,no,no,no,no,False
101694111,METROPOLITAN NASHVILLE POLICE DEPT,20170594985,Davidson,Nashville,7/6/2017 2:57:00 PM,2,0,0,36.169230,-86.788780,ROSA L PARKS BLVD,,,,287.00,Feet,North,HARRISON ST,,,,0.00,N,Not at Intersection,N,Non-Junction,None,,,         ,Chad,Wilkinson,Clear,Front to Rear,no,no,no,no,yes,False
101694113,METROPOLITAN NASHVILLE POLICE DEPT,20170595016,Davidson,Nashville,7/6/2017 2:40:00 PM,2,0,0,36.128880,-86.853530,WHITE BRIDGE PKE,,,,126.00,Feet,West,LIONS HEAD VILLAGE PVTDR,,,,0.00,N,Not at Intersection, ,Non-Junction,None,,,         ,Walter,Gray II,Cloudy,HeadOn,no,no,no,no,no,False
101694140,METROPOLITAN NASHVILLE POLICE DEPT,20170595123,Davidson,Nashville,7/6/2017 12:00:00 AM,2,0,0,36.168180,-86.816410,JEFFERSON ST,,,,5.00,Feet,West,I40 W ENT RAMP,,,,0.00,N,Not at Intersection, ,Non-Junction,None,,,         ,Melvin,Taylor,Unknown,Front to Rear,no,no,no,no,yes,False
101694150,METROPOLITAN NASHVILLE POLICE DEPT,20170595194,Davidson,Nashville,7/6/2017 4:15:00 PM,2,0,0,36.147760,-86.744460,I 40,,,,0.00,,,,,,,212.00,N,Not at Intersection, ,,None,,,         ,Craig,Gentry,,,no,no,no,no,no,False
101694193,METROPOLITAN NASHVILLE POLICE DEPT,20170595329,Davidson,Nashville,7/6/2017 4:51:00 PM,3,0,0,36.143130,-86.666650,DONELSON PKE,,,,306.00,Feet,North,I40 W ENT RAMP,,,,0.00,N,Not at Intersection,N,Non-Junction,None,,,         ,Michael,Apsey,Clear,Angle,no,no,no,no,no,False
101694194,METROPOLITAN NASHVILLE POLICE DEPT,20170595131,Davidson,Nashville,7/6/2017 3:45:00 PM,2,0,0,36.158190,-86.759910,I 24,,,,0.00,,,,,,,49.60,N,Not at Intersection,N,Non-Junction,None,,,         ,Tyler,Maupin,Cloudy,Angle,no,no,no,no,no,False
101694195,METROPOLITAN NASHVILLE POLICE DEPT,20170595334,Davidson,Nashville,7/6/2017 5:00:00 PM,2,0,0,36.151310,-86.768900,I 40,,,,0.00,,,,,,,210.50,N,Not at Intersection,N,Non-Junction,None,,,         ,Tyler,Maupin,Cloudy,Front to Rear,no,no,no,no,no,False
101694197,METROPOLITAN NASHVILLE POLICE DEPT,20170595320,Davidson,Nashville,7/6/2017 4:32:00 PM,2,0,0,36.081520,-86.714130,HARDING PL,,,,150.00,Feet,West,WHISPERING OAKS PL,,,,0.00,N,Not at Intersection, ,Non-Junction,None,,,         ,Alyson,Cook,Clear,Front to Rear,no,no,no,no,no,False
101694205,METROPOLITAN NASHVILLE POLICE DEPT,20170595408,Davidson,Nashville,7/6/2017 5:31:00 PM,2,0,0,36.146620,-86.743000,I 40,,,,0.00,,,,,,,212.10,N,Not at Intersection, ,Non-Junction,None,,,         ,Andrew,Mullen,Clear,"Sideswipe, Same Direction",no,no,no,no,yes,False
101694208,METROPOLITAN NASHVILLE POLICE DEPT,20170595245,Davidson,Nashville,7/6/2017 4:31:00 PM,3,3,0,36.081820,-86.760900,HARDING PL,,,,258.00,Feet,East,SIDCO DR,,,,0.00,N,Not at Intersection,N,Non-Junction,None,,,         ,Tien,Nguyen,Cloudy,Front to Rear,no,no,no,no,no,False
101694209,METROPOLITAN NASHVILLE POLICE DEPT,20170594802,Davidson,Nashville,7/6/2017 4:30:00 PM,2,0,0,36.152200,-86.791370,DIVISION ST,,,,0.00,,,DEMONBREUN ST,,,,0.00,Y,Traffic Circle, ,,None,,,         ,Jonathan,Frith,,,no,no,no,no,no,False
101694212,METROPOLITAN NASHVILLE POLICE DEPT,20170595141,Davidson,Nashville,7/6/2017 3:30:00 PM,2,1,0,36.237500,-86.780940,BRILEY PKWY E EXT RAMP,,,,0.00,Feet,East,BRICK CHURCH PKE,,,,0.00,N,Not at Intersection,N,Non-Junction,None,,,         ,Broderick,Jones,Clear,Angle,no,no,no,no,no,False
101694215,METROPOLITAN NASHVILLE POLICE DEPT,20170595482,Davidson,Nashville,7/6/2017 12:00:00 AM,2,1,0,36.220820,-86.821330,BUENA VISTA PKE,,,,46.00,Feet,South,KINGS LN,,,,0.00,N,Not at Intersection,N,Non-Junction,None,,,         ,Melvin,Taylor,Clear,Front to Rear,no,no,no,no,yes,False
101694218,METROPOLITAN NASHVILLE POLICE DEPT,20170595525,Davidson,Nashville,7/6/2017 6:16:00 PM,2,0,0,36.055100,-86.742660,MCMURRAY DR,,,,0.00,,,EDMONDSON PKE,,,,0.00,Y,Four-Way, ,Intersection-Related,None,,,         ,Tien,Nguyen,Clear,Front to Rear,no,no,no,no,no,False
101694227,METROPOLITAN NASHVILLE POLICE DEPT,20170595449,Davidson,Nashville,7/6/2017 5:50:00 PM,1,0,0,36.159840,-86.779910,6TH AVS,,,,0.00,,,BROADWAY,,,,0.00,Y,Four-Way, ,Intersection,None,,,         ,Wesley,Feinstein,Clear,Not Collision with Motor Vehicle in Transport,no,no,no,no,no,False
101694232,METROPOLITAN NASHVILLE POLICE DEPT,20170595384,Davidson,Nashville,7/6/2017 5:27:00 PM,2,1,0,36.157620,-86.848870,51ST AVN,,,,0.00,,,ILLINOIS AV,,,,0.00,Y,Four-Way,N,Intersection,None,,,         ,Walter,Gray II,Clear,Angle,no,no,no,no,no,False
101694233,METROPOLITAN NASHVILLE POLICE DEPT,20170594653,Davidson,Nashville,7/6/2017 1:30:00 PM,2,0,0,36.060710,-86.684060,BARELLA DR,,,,354.00,Feet,West,CIMARRON WAY,,,,0.00,N,Not at Intersection,N,Non-Junction,None,,,         ,Jessie,Meadows,Clear,Front to Rear,no,no,no,no,no,False
101694234,METROPOLITAN NASHVILLE POLICE DEPT,20170594935,Davidson,Nashville,7/6/2017 2:55:00 PM,1,3,0,36.093560,-86.657220,FRANKLIN LIMESTONE RD,,,,95.00,Feet,West,FORGE RIDGE CIR,,,,0.00,N,Not at Intersection,N,Non-Junction,None,,,         ,Jessie,Meadows,Clear,Not Collision with Motor Vehicle in Transport,no,no,no,no,no,False
101694235,METROPOLITAN NASHVILLE POLICE DEPT,20170595191,Davidson,Nashville,7/6/2017 4:40:00 PM,2,0,0,36.122910,-86.750770,I 440,,,,0.00,,,,,,,6.30,N,Not at Intersection, ,Non-Junction,None,,,         ,Jessie,Meadows,Clear,Front to Rear,no,no,no,no,no,False
101694236,METROPOLITAN NASHVILLE POLICE DEPT,20170595392,Davidson,Nashville,7/6/2017 5:31:00 PM,2,0,0,36.102350,-86.740840,NOLENSVILLE PKE,,,,112.00,Feet,South,THUSS AV,,,,0.00,N,Not at Intersection,N,Non-Junction,None,,,         ,Alyson,Cook,Clear,Angle,no,no,no,no,no,False
101694238,METROPOLITAN NASHVILLE POLICE DEPT,20170595417,Davidson,Nashville,7/6/2017 5:40:00 PM,2,0,0,36.130290,-86.773310,I 65,,,,0.00,,,,,,,81.10,N,Not at Intersection,N,Non-Junction,None,,,         ,Randall,Ward,Cloudy,Front to Rear,no,no,no,no,no,False
101694243,METROPOLITAN NASHVILLE POLICE DEPT,20170595371,Davidson,Nashville,7/6/2017 5:24:00 PM,3,1,0,36.147550,-86.758650,LEWIS ST,,,,0.00,Feet,,LAFAYETTE ST,,,,0.00,Y,Four-Way,Y,Intersection,None,,,         ,Samuel,Sundra,Clear,Angle,no,no,no,no,no,False
101694254,METROPOLITAN NASHVILLE POLICE DEPT,20170595460,Davidson,Nashville,7/6/2017 5:55:00 PM,1,2,0,36.150390,-86.687210,ERMAC DR,,,,2164.00,Feet,North,MARRIOTT DR,,,,0.00,N,Not at Intersection,N,Non-Junction,None,,,         ,Brent,Hedgcoth,Clear,Not Collision with Motor Vehicle in Transport,no,no,no,no,no,False
101694258,METROPOLITAN NASHVILLE POLICE DEPT,20170595562,Davidson,Nashville,7/6/2017 5:05:00 PM,2,0,0,36.121580,-86.727100,I 24,,,,0.00,,,,,,,52.80,N,Not at Intersection,N,Non-Junction,None,,,         ,Alyson,Cook,Rain,Front to Rear,no,no,no,no,no,False
101694274,METROPOLITAN NASHVILLE POLICE DEPT,20170594971,Davidson,Nashville,7/6/2017 2:41:00 PM,2,0,0,36.038990,-86.782580,OLD HICKORY BLVD,,,,0.00,,,I65 N EXT RAMP,,,,0.00,Y,T-Intersection,N,Entrance/Exit Ramp Related,None,,,         ,Tien,Nguyen,Clear,Front to Rear,no,no,no,no,yes,False
101694275,METROPOLITAN NASHVILLE POLICE DEPT,20170595634,Davidson,Nashville,7/6/2017 5:41:00 PM,2,0,0,36.037400,-86.786570,FRANKLIN PKE,,,,0.00,Feet,,OLD HICKORY BLVD,,,,0.00,Y,Four-Way,N,Intersection-Related,None,,,         ,Tien,Nguyen,Rain,Front to Rear,no,no,no,no,yes,False
101694276,METROPOLITAN NASHVILLE POLICE DEPT,20170595439,Davidson,Nashville,7/6/2017 4:50:00 PM,2,0,0,36.238210,-86.784000,BRILEY PKWYW,,,,240.00,Feet,West,I24 W ENT RAMP,,,,0.00,N,Not at Intersection,N,Non-Junction,None,,,         ,Roy,Sain Jr.,Cloudy,"Sideswipe, Same Direction",no,no,no,no,yes,False
101694293,METROPOLITAN NASHVILLE POLICE DEPT,20170595435,Davidson,Nashville,7/6/2017 5:50:00 PM,4,1,0,36.129540,-86.773210,I 65,,,,0.00,,,,,,,81.00,N,Not at Intersection,N,Non-Junction,None,,,         ,Allyson,Reis,Clear,Front to Rear,no,no,no,no,no,False
101694295,METROPOLITAN NASHVILLE POLICE DEPT,20170595555,Davidson,Nashville,7/6/2017 5:40:00 PM,2,0,0,36.164330,-86.779370,4TH AVN,,,,0.00,,,BANKERS ALY,,,,0.00,Y,OTHER, ,Non-Junction,None,,,         ,Deandera,Payne,Clear,Other,no,no,no,no,no,False
101694300,METROPOLITAN NASHVILLE POLICE DEPT,20170595453,Davidson,Nashville,7/6/2017 5:42:00 PM,3,0,0,36.153950,-86.822550,I 440,,,,0.00,,,,,,,1.70,N,Not at Intersection,N,Non-Junction,None,,,         ,Ryan,Cagle,Clear,Front to Rear,no,no,no,no,no,False
101694302,METROPOLITAN NASHVILLE POLICE DEPT,20170595583,Davidson,Nashville,7/6/2017 6:55:00 PM,2,0,0,36.164360,-86.614320,ALTA LAKE GRNWY,,,,29.00,Feet,East,DODSON CHAPEL RD,,,,0.00,N,Not at Intersection,N,Non-Junction,None,,,         ,Joao,Pinho,Cloudy,Front to Rear,no,no,no,no,no,False
101694307,METROPOLITAN NASHVILLE POLICE DEPT,20170595377,Davidson,Nashville,7/6/2017 5:19:00 PM,2,0,0,36.154480,-86.779420,8TH AVS,,,,0.00,,,LAFAYETTE ST,,,,0.00,Y,Roundabout, ,Intersection,None,,,         ,Phillip,Murphy,Cloudy,Angle,no,no,no,no,no,False
101694309,METROPOLITAN NASHVILLE POLICE DEPT,20170595771,Davidson,Nashville,7/6/2017 12:10:00 PM,1,0,0,36.163680,-86.778980,CHURCH ST,,,,0.00,,,4TH AVN,,,,0.00,Y,OTHER,N,Non-Junction,None,,,         ,Wesley,Feinstein,Clear,Not Collision with Motor Vehicle in Transport,no,no,no,yes,yes,False
101694310,METROPOLITAN NASHVILLE POLICE DEPT,20170595658,Davidson,Nashville,7/6/2017 6:33:00 PM,2,0,0,36.147660,-86.768470,4TH AVS,,,,0.00,,,CAMERON ST,,,,0.00,Y,T-Intersection,N,Intersection-Related,None,,,         ,Alyson,Cook,Rain,"Sideswipe, Same Direction",no,no,no,no,yes,False
101694321,METROPOLITAN NASHVILLE POLICE DEPT,20170595564,Davidson,Nashville,7/6/2017 5:36:00 PM,2,0,0,36.241960,-86.757080,DICKERSON PKE,,,,0.00,Feet,,DICKERSON PKE ENT RAMP,,,,0.00,Y,Y-Intersection, ,Intersection,None,,,         ,Harold,Willmore IV,Clear,Angle,no,no,no,no,no,False