master_record_number,agency,agency_tracking_number,county,city,collision_date,vehicles_involved,number_injured,number_dead,latitude,longitude,roadway_name,roadway_suffix,roadway_number,roadway_local_id,distance_from_reference,miles-feet_indicator,direction_from_reference,intersection_road_name,intersection_road_name_suffix,intersection_road_number,intersection_local_id,mile_marker,intersection_indicator,intersect_type,interchange_related_indicator,relation_to_junction,work_zone_type,construction_maintenance_zone,construction_maintenance_zone_location,fatal_case_number,officer_first_name,officer_last_name,weather_condition(s),manner_of_crash,pedestrian,bicycle,scooter,parking,hitrun,mou
101695170,METROPOLITAN NASHVILLE POLICE DEPT,20170598983,Davidson,Nashville,7/7/2017 5:22:00 PM,2,0,0,36.062900,-86.716910,NOLENSVILLE PKE,,,,0.00,,,FAIRLANE DR,,,,0.00,Y,T-Intersection,N,Intersection-Related,None,,,         ,Tien,Nguyen,Clear,"Sideswipe, Same Direction",no,no,no,no,yes,False
101695174,METROPOLITAN NASHVILLE POLICE DEPT,20170598900,Davidson,Nashville,7/7/2017 5:24:00 PM,2,0,0,36.161220,-86.774740,2ND AVS,,,,157.00,Feet,North,BROADWAY,,,,0.00,N,Not at Intersection,N,Non-Junction,None,,,         ,David,Snowden,Clear,"Sideswipe, Same Direction",no,no,no,no,yes,False
101695175,METROPOLITAN NASHVILLE POLICE DEPT,20170598813,Davidson,Nashville,7/7/2017 4:27:00 PM,4,0,0,36.161070,-86.792970,CHARLOTTE AV,,,,97.00,Feet,West,GEORGE L DAVIS BLVD,,,,0.00,N,Not at Intersection, ,Non-Junction,None,,,         ,Chad,Wilkinson,Clear,Front to Rear,no,no,no,no,no,False
101695182,METROPOLITAN NASHVILLE POLICE DEPT,20170598931,Davidson,Nashville,7/7/2017 5:32:00 PM,2,0,0,36.115620,-86.695510,MURFREESBORO PKE,,,,427.00,Feet,West,PINEWAY DR,,,,0.00,N,Not at Intersection, ,Non-Junction,None,,,         ,Alyson,Cook,Clear,Front to Rear,no,no,no,no,no,False
101695184,METROPOLITAN NASHVILLE POLICE DEPT,20170598800,Davidson,Nashville,7/7/2017 12:00:00 AM,2,0,0,36.180210,-86.806220,BUCHANAN ST,,,,30.00,Feet,East,12TH AVN,,,,0.00,N,Not at Intersection, ,Non-Junction,None,,,         ,Melvin,Taylor,Clear,Front to Rear,no,no,no,no,no,False
101695187,GOODLETTSVILLE POLICE DEPT,17-23748,Davidson,Goodlettsville,7/7/2017 6:23:00 PM,3,0,0,36.310840,-86.685270,VIETNAM VETERANS BLVDN,,,,1988.00,Feet,East,VIETNAM VETERANS BLVDS,,,,0.00,N,Not at Intersection, ,Non-Junction,None,,,         ,Rico,Jones,Clear,Front to Rear,no,no,no,no,no,False
101695191,METROPOLITAN NASHVILLE POLICE DEPT,20170598736,Davidson,Nashville,7/7/2017 4:15:00 PM,3,0,0,36.151080,-86.692060,ELM HILL PKE,,,,182.00,Feet,East,SANBORN DR,,,,0.00,N,Not at Intersection, ,Non-Junction,None,,,         ,Brent,Hedgcoth,Clear,Front to Rear,no,no,no,no,no,False
101695192,METROPOLITAN NASHVILLE POLICE DEPT,20170598806,Davidson,Nashville,7/7/2017 4:20:00 PM,3,0,0,36.141100,-86.731220,I 24,,,,0.00,,,,,,,51.60,N,Not at Intersection, ,Non-Junction,None,,,         ,Brent,Hedgcoth,Clear,Front to Rear,no,no,no,no,yes,False
101695193,METROPOLITAN NASHVILLE POLICE DEPT,20170599076,Davidson,Nashville,7/7/2017 6:15:00 PM,2,0,0,36.153760,-86.721120,LEBANON PKE,,,,133.00,Feet,East,SPENCE LN,,,,0.00,N,Not at Intersection,N,Non-Junction,None,,,         ,Brent,Hedgcoth,Clear,Angle,no,no,no,no,yes,False
101695194,METROPOLITAN NASHVILLE POLICE DEPT,20170598746,Davidson,Nashville,7/6/2017 9:00:00 PM,2,0,0,36.139740,-86.840440,SLOAN RD,,,,129.00,Feet,North,WESTLAWN DR,,,,0.00,N,Not at Intersection,N,Non-Junction,None,,,         ,Walter,Gray II,Cloudy,Other,no,no,no,yes,yes,False
101695198,METROPOLITAN NASHVILLE POLICE DEPT,20170598835,Davidson,Nashville,7/7/2017 5:03:00 PM,2,1,0,36.170820,-86.601550,OLD HICKORY BLVD,,,,0.00,Feet,,I40 W EXT RAMP,,,,0.00,Y,Four-Way,N,Intersection-Related,None,,,         ,Joao,Pinho,Clear,"Sideswipe, Opposite Direction",no,no,no,no,no,False
101695209,METROPOLITAN NASHVILLE POLICE DEPT,20170598576,Davidson,Nashville,7/7/2017 3:46:00 PM,2,0,0,36.133440,-86.858080,WHITE BRIDGE PKE,,,,50.00,Feet,South,NASHVILLE TECH PVTDR,,,,0.00,N,Not at Intersection, ,Non-Junction,None,,,         ,Walter,Gray II,Clear,Front to Rear,no,no,no,no,no,False
101695212,METROPOLITAN NASHVILLE POLICE DEPT,20170599095,Davidson,Nashville,7/7/2017 5:54:00 PM,2,0,0,36.042750,-86.654850,I 24,,,,0.00,,,,,,,59.70,N,Not at Intersection, ,Non-Junction,None,,,         ,Alyson,Cook,Clear,Front to Rear,no,no,no,no,no,False
101695215,METROPOLITAN NASHVILLE POLICE DEPT,20170598920,Davidson,Nashville,7/7/2017 5:30:00 PM,3,2,0,36.156580,-86.789710,I 40,,,,0.00,,,,,,,209.10,N,Not at Intersection,N,Non-Junction,None,,,         ,Wesley,Feinstein,Clear,Front to Rear,no,no,no,no,no,False
101695225,METROPOLITAN NASHVILLE POLICE DEPT,20170599011,Davidson,Nashville,7/7/2017 6:09:00 PM,1,0,0,36.155840,-86.642400,LAKELAND DR,,,,200.00,Feet,West,WAXHAW DR,,,,0.00,N,Not at Intersection,N,Non-Junction,None,,,         ,Johnathan,Pannell,Clear,Not Collision with Motor Vehicle in Transport,no,no,no,no,yes,False
101695227,METROPOLITAN NASHVILLE POLICE DEPT,20170598894,Davidson,Nashville,7/7/2017 5:30:00 PM,3,2,0,36.128210,-86.815610,I 440,,,,0.00,,,,,,,2.15,N,Not at Intersection,N,Non-Junction,None,,,         ,Allyson,Reis,Clear,Front to Rear,no,no,no,no,no,False
101695232,METROPOLITAN NASHVILLE POLICE DEPT,20170599219,Davidson,Nashville,7/7/2017 7:12:00 PM,2,0,0,36.082780,-86.628700,MOSSDALE DR,,,,0.00,,,BELL RD,,,,0.00,Y,Four-Way, ,,None,,,         ,Michael,Apsey,,,no,no,no,no,no,False
101695237,METROPOLITAN NASHVILLE POLICE DEPT,20170599089,Davidson,Nashville,7/7/2017 5:00:00 PM,2,0,0,36.187110,-86.630960,LEBANON PKE,,,,37.00,Feet,East,CENTRAL PKE,,,,0.00,N,Not at Intersection, ,Non-Junction,None,,,         ,Kyle,Burks,Clear,Front to Rear,no,no,no,no,no,False
101695244,METROPOLITAN NASHVILLE POLICE DEPT,20170598811,Davidson,Nashville,7/7/2017 4:07:00 PM,2,0,0,36.154630,-86.779160,LAFAYETTE ST,,,,0.00,,,8TH AVS,,,,0.00,Y,Roundabout,N,Non-Junction,None,,,         ,Pedro,Rivera Chaparro,Clear,Front to Rear,no,no,no,no,yes,False
101695250,METROPOLITAN NASHVILLE POLICE DEPT,20170598970,Davidson,Nashville,7/7/2017 5:54:00 PM,2,0,0,36.149510,-86.860600,CHARLOTTE,,,,0.00,Feet,,CHARLOTTE,,,,0.00,Y,Four-Way,N,Intersection,None,,,         ,Walter,Gray II,Clear,Angle,no,no,no,no,no,False
101695258,METROPOLITAN NASHVILLE POLICE DEPT,20170599062,Davidson,Nashville,7/7/2017 6:10:00 PM,2,0,0,36.126080,-86.812540,WOODLAWN DR,,,,0.00,,,NATCHEZ TRC,,,,0.00,Y,Four-Way, ,Intersection,None,,,         ,Bradley,Pope,Clear,Angle,no,no,no,no,no,False
101695265,METROPOLITAN NASHVILLE POLICE DEPT,20170599196,Davidson,Nashville,7/7/2017 7:13:00 PM,2,0,0,36.154630,-86.779160,LAFAYETTE ST,,,,0.00,,,8TH AVS,,,,0.00,Y,Roundabout, ,Intersection,None,,,         ,Deandera,Payne,Clear,Angle,no,no,no,no,no,False
101695280,METROPOLITAN NASHVILLE POLICE DEPT,20170599251,Davidson,Nashville,7/7/2017 6:29:00 PM,3,0,0,36.050230,-86.648650,BELL RD,,,,267.00,Feet,East,MT VIEW RD,,,,0.00,N,Not at Intersection,N,Non-Junction,None,,,         ,Alyson,Cook,Clear,Front to Rear,no,no,no,no,yes,False
101695288,METROPOLITAN NASHVILLE POLICE DEPT,20170599483,Davidson,Nashville,7/7/2017 12:00:00 AM,2,0,0,36.198860,-86.867620,BRILEY PKWYN,,,,2354.00,Feet,North,BRILEY PKWYS,,,,0.00,N,Not at Intersection, ,Non-Junction,None,,,         ,Melvin,Taylor,Clear,"Sideswipe, Same Direction",no,no,no,no,yes,False
101695293,METROPOLITAN NASHVILLE POLICE DEPT,20170599600,Davidson,Nashville,7/7/2017 8:54:00 PM,2,0,0,36.044850,-86.657520,I24 W EXT RAMP,,,,0.00,Feet,East,I 24,,,,0.00,N,Not at Intersection, ,Entrance/Exit Ramp Related,None,,,         ,Alyson,Cook,Clear,"Sideswipe, Same Direction",no,no,no,no,no,False
101695326,METROPOLITAN NASHVILLE POLICE DEPT,20170599604,Davidson,Nashville,7/7/2017 8:44:00 PM,2,0,0,36.160820,-86.789540,11TH AVN,,,,0.00,,,ELEVEN NORTH APTS PVTDR,,,,0.00,Y,T-Intersection,N,Intersection,None,,,         ,Deandera,Payne,Clear,Unknown,no,no,no,no,yes,False
101695373,METROPOLITAN NASHVILLE POLICE DEPT,20170599910,Davidson,Nashville,7/7/2017 8:45:00 PM,2,0,0,36.182610,-86.735480,EASTLAND AV,,,,57.00,Feet,East,CHAPEL AV,,,,0.00,N,Not at Intersection, ,Non-Junction,None,,,         ,Edward,Conrads,Clear,"Sideswipe, Same Direction",no,no,no,no,yes,False
101695393,METROPOLITAN NASHVILLE POLICE DEPT,2017-0599716,Davidson,Nashville,7/7/2017 9:19:00 PM,2,0,0,36.082680,-86.765110,HARDING PL,,,,0.00,,,I65 S ENT RAMP,,,,0.00,Y,T-Intersection,N,Intersection-Related,None,,,         ,William,King,Clear,"Sideswipe, Same Direction",no,no,no,no,yes,False
101695416,METROPOLITAN NASHVILLE POLICE DEPT,20170600013,Davidson,Not in City Limit,7/7/2017 9:43:00 PM,2,0,0,36.282680,-86.714120,CONNARE DR,,,,0.00,,,,,,,0.00,,, ,Non-Junction,None,,,         ,Patrick,McGinnis,Clear,HeadOn,no,no,no,no,yes,False
101695431,METROPOLITAN NASHVILLE POLICE DEPT,20170598909,Davidson,Not in City Limit,7/7/2017 5:35:00 PM,2,0,0,36.263070,-86.711920,STATE RT 45,,,,0.00,,,GALLATIN PKEN,,,,0.00,Y,Four-Way,Y,Intersection,None,,,         ,Harold,Willmore IV,Clear,Front to Rear,no,no,no,no,no,False
101695432,VANDERBILT UNIVERSITY POLICE,17-0600179,Davidson,Nashville,7/8/2017 12:00:00 AM,2,0,0,36.142140,-86.801620,MEDICAL CENTER DR,,,,472.00,Feet,North,DIXIE PL,,,,0.00,N,Not at Intersection, ,,None,,,         ,Jonathan,McAllister,,,no,no,no,yes,no,Campus
101695435,METROPOLITAN NASHVILLE POLICE DEPT,20170600130,Davidson,Nashville,7/7/2017 11:20:00 PM,2,0,0,36.251140,-86.718500,GALLATIN PKES,,,,0.00,,,,,,,0.00,,,N,Non-Junction,None,,,         ,Patrick,Lancaster,Clear,"Sideswipe, Same Direction",no,no,no,yes,yes,False
101695438,METROPOLITAN NASHVILLE POLICE DEPT,20170600154,Davidson,Nashville,7/7/2017 11:35:00 PM,2,0,0,36.171840,-86.764770,S 5TH ST,,,,0.00,,,WOODLAND ST,,,,0.00,Y,Four-Way,N,Intersection,None,,,         ,Darci,Stechman,Clear,Angle,no,no,no,no,no,False
101695439,METROPOLITAN NASHVILLE POLICE DEPT,20170599428,Davidson,Nashville,7/7/2017 8:18:00 PM,2,2,0,36.231060,-86.747360,ELLINGTON PKWYN,,,,150.00,Feet,North,ELLINGTON PKWYS,,,,0.00,N,Not at Intersection,N,Non-Junction,None,,,         ,Joshua,Lackey,Clear,Front to Rear,no,no,no,no,no,False
101695440,METROPOLITAN NASHVILLE POLICE DEPT,20170600000,Davidson,Nashville,7/7/2017 11:14:00 PM,1,1,0,36.086100,-86.772030,FRANKLIN PKE,,,,173.00,Feet,South,HARDING PL,,,,0.00,N,Not at Intersection,N,Non-Junction,None,,,         ,Jacob,West,Clear,Not Collision with Motor Vehicle in Transport,no,no,no,no,no,False
101695443,METROPOLITAN NASHVILLE POLICE DEPT,20170600304,Davidson,Nashville,7/7/2017 9:30:00 PM,2,0,0,36.084580,-86.703300,TRAVELERS INN DR,,,,80.00,Feet,North,LARGO DR,,,,0.00,N,Not at Intersection,N,Non-Junction,None,,,         ,Brenda,Navarro,Clear,Angle,no,no,no,no,yes,False
101695481,METROPOLITAN NASHVILLE POLICE DEPT,20170600007,Davidson,Nashville,7/7/2017 10:40:00 PM,2,0,0,36.179930,-86.840990,CROWE DR,,,,238.00,Feet,North,SNELL BLVD,,,,0.00,N,Not at Intersection, ,Non-Junction,None,,,         ,Bryant,Presley,Clear,Other,no,no,no,no,no,False
101695487,METROPOLITAN NASHVILLE POLICE DEPT,20170600149,Davidson,Nashville,7/8/2017 12:07:00 AM,1,1,0,36.122390,-86.773280,I440 ENT RAMP,,,,0.00,,,I 65,,,,0.00,Y,Y-Intersection,Y,Entrance/Exit Ramp Related,None,,,         ,Stephen,Waterman,Clear,Not Collision with Motor Vehicle in Transport,no,no,no,no,no,False
101695494,METROPOLITAN NASHVILLE POLICE DEPT,20170600263,Davidson,Nashville,7/8/2017 12:00:00 AM,2,1,0,36.079490,-86.644600,EDGE O LAKE DR,,,,0.00,,,MURFREESBORO PKE,,,,0.00,Y,Four-Way,N,Intersection,None,,,         ,Sandra,Fly,Clear,Angle,no,no,no,no,no,False
101695500,METROPOLITAN NASHVILLE POLICE DEPT,20170600132,Davidson,Nashville,7/7/2017 11:34:00 PM,1,1,0,36.034070,-86.690030,OLD HICKORY BLVD,,,,0.71,Miles,West,PETTUS RD,,,,0.00,N,Not at Intersection,N,Non-Junction,None,,,         ,David,Moser,Clear,Not Collision with Motor Vehicle in Transport,no,no,no,no,no,False
101695508,METROPOLITAN NASHVILLE POLICE DEPT,20170600309,Davidson,Nashville,7/8/2017 12:00:00 AM,1,1,0,36.025200,-86.680180,OLD HICKORY BLVD,,,,648.00,Feet,South,PETTUS RD,,,,0.00,N,Not at Intersection,N,Non-Junction,None,,,         ,David,Moser,Clear,Not Collision with Motor Vehicle in Transport,no,no,no,no,no,False
101695513,METROPOLITAN NASHVILLE POLICE DEPT,20170600287,Davidson,Nashville,7/8/2017 12:30:00 AM,2,2,0,36.061170,-86.772010,I 65,,,,0.00,,,,,,,75.30,N,Not at Intersection,N,Non-Junction,None,,,         ,Stephen,Waterman,Clear,Front to Rear,no,no,no,no,yes,False
101695519,METROPOLITAN NASHVILLE POLICE DEPT,2017-0600477,Davidson,Nashville,7/8/2017 2:30:00 AM,2,0,0,36.151070,-86.784340,DIVISION ST,,,,0.00,,,12TH AVS,,,,0.00,Y,Four-Way, ,Intersection,None,,,         ,Travis,Baxter,Cloudy,Angle,no,no,no,no,no,False
101695533,METROPOLITAN NASHVILLE POLICE DEPT,20170600247,Davidson,Nashville,7/7/2017 11:48:00 PM,1,0,0,36.132450,-86.899340,CABOT DR,,,,738.00,Feet,North,I40 W EXT RAMP,,,,0.00,N,Not at Intersection,N,Non-Junction,None,,,         ,Kristen,Morgan,Clear,Not Collision with Motor Vehicle in Transport,no,no,no,no,no,False
101695540,METROPOLITAN NASHVILLE POLICE DEPT,20170600667,Davidson,Nashville,7/8/2017 1:15:00 AM,2,1,0,36.208020,-86.839710,CLARKSVILLE PKE,,,,115.00,Feet,South,W HAMILTON RD,,,,0.00,N,Not at Intersection,N,Non-Junction,Construction Zone,Work On Shoulder Or Median,Unknown,         ,Christopher,Lawson,Clear,Angle,no,no,no,no,no,False
101695561,METROPOLITAN NASHVILLE POLICE DEPT,20170600915,Davidson,Nashville,7/8/2017 6:30:00 AM,2,0,0,36.085140,-86.702780,HARDING PL,,,,0.00,,,I24 E ENT RAMP,,,,0.00,Y,Four-Way, ,Intersection,None,,,         ,Thomas,White,Clear,Front to Rear,no,no,no,no,yes,False
101695566,METROPOLITAN NASHVILLE POLICE DEPT,20170600893,Davidson,Nashville,7/8/2017 12:00:00 AM,1,0,0,36.093620,-86.656000,FRANKLIN LIMESTONE RD,,,,267.00,Feet,East,FORGE RIDGE CIR,,,,0.00,N,Not at Intersection,N,Non-Junction,None,,,         ,Sara,Lober,Clear,Not Collision with Motor Vehicle in Transport,no,no,no,no,yes,False
101695597,METROPOLITAN NASHVILLE POLICE DEPT,20170600913,Davidson,Nashville,7/8/2017 7:05:00 AM,2,0,0,36.186110,-86.798370,I65 S EXT RAMP,,,,0.00,,,I65 S EXT RAMP,,,,0.00,Y,OTHER, ,Entrance/Exit Ramp Related,None,,,         ,Jeanine,Sarno,Clear,Front to Rear,no,no,no,no,no,False
101695601,GOODLETTSVILLE POLICE DEPT,17-23742,Davidson,Goodlettsville,7/7/2017 4:38:00 PM,2,0,0,36.311630,-86.701960,I 65,,,,0.00,,,,,,,96.15,N,Not at Intersection, ,Non-Junction,None,,,         ,John,Spencer,Clear,"Sideswipe, Same Direction",no,no,no,no,no,False
101695625,METROPOLITAN NASHVILLE POLICE DEPT,20170600890,Davidson,Nashville,7/8/2017 6:30:00 AM,1,0,0,36.174030,-86.606660,CENTRAL PKE,,,,0.00,,,CENTRAL PKE EXIT RAMP,,,,0.00,Y,T-Intersection,N,Intersection-Related,None,,,         ,William,Mckay,Clear,Not Collision with Motor Vehicle in Transport,no,no,no,no,no,False
101695628,METROPOLITAN NASHVILLE POLICE DEPT,20170600950,Davidson,Nashville,7/8/2017 7:40:00 AM,4,1,0,36.072190,-86.658530,PEBBLE CREEK DR,,,,139.00,Feet,East,TREETOP DR,,,,0.00,N,Not at Intersection,N,Non-Junction,None,,,         ,Thomas,White,Clear,Angle,no,no,no,no,no,False
101695653,METROPOLITAN NASHVILLE POLICE DEPT,20170600986,Davidson,Nashville,7/8/2017 8:14:00 AM,2,0,0,36.157980,-86.772640,KOREAN VETERANS BLVD,,,,0.00,,,2ND AVS,,,,0.00,Y,Four-Way,N,Intersection,None,,,         ,Shawn,Taylor,Cloudy,Angle,no,no,no,no,no,False
101695670,METROPOLITAN NASHVILLE POLICE DEPT,20170601060,Davidson,Nashville,7/8/2017 12:00:00 AM,2,0,0,36.082150,-86.637820,EDGE O LAKE DR,,,,339.00,Feet,South,DEERPATH DR,,,,0.00,N,Not at Intersection, ,Non-Junction,None,,,         ,MIchael,Mihajlov,Clear,Front to Rear,no,no,no,no,no,False
101695719,METROPOLITAN NASHVILLE POLICE DEPT,20170601200,Davidson,Nashville,7/8/2017 10:16:00 AM,2,0,0,36.198440,-86.620270,LEBANON PKE,,,,0.00,,,OLD HICKORY BLVD,,,,0.00,Y,Four-Way, ,Intersection-Related,None,,,         ,Michael,Brooks,Clear,"Sideswipe, Same Direction",no,no,no,no,no,False
101695723,METROPOLITAN NASHVILLE POLICE DEPT,20170601192,Davidson,Nashville,7/8/2017 10:12:00 AM,2,1,0,36.150060,-86.857950,WHITE BRIDGE PKE,,,,35.00,Feet,South,CHARLOTTE PKE,,,,0.00,N,Not at Intersection,Y,Non-Junction,None,,,         ,Paul,Junkmann,Cloudy,HeadOn,no,no,no,no,no,False
101695724,METROPOLITAN NASHVILLE POLICE DEPT,2017-0601085,Davidson,Nashville,7/8/2017 9:14:00 AM,2,0,0,36.040700,-86.743650,EDMONDSON PKE,,,,254.00,Feet,North,OLD HICKORY BLVD,,,,0.00,N,Not at Intersection, ,Non-Junction,None,,,         ,Sean,Williams,Clear,Front to Rear,no,no,no,no,no,False
101695746,METROPOLITAN NASHVILLE POLICE DEPT,20170601240,Davidson,Not in City Limit,7/8/2017 10:35:00 AM,2,0,0,36.262190,-86.712210,GALLATIN PKES,,,,7.00,Feet,South,E OLD HICKORY BLVD,,,,0.00,N,Not at Intersection, ,Non-Junction,None,,,         ,DuJuan,Kendrick,Clear,Front to Rear,no,no,no,no,no,False
101695747,METROPOLITAN NASHVILLE POLICE DEPT,20170601272,Davidson,Nashville,7/8/2017 9:05:00 AM,2,0,0,36.130540,-86.801870,21ST AVS,,,,60.00,Feet,North,BLAIR BLVD,,,,0.00,N,Not at Intersection, ,Non-Junction,None,,,         ,Ian,Hammond,Clear,Angle,no,no,no,no,no,False
101695770,METROPOLITAN NASHVILLE POLICE DEPT,20170601350,Davidson,Not in City Limit,7/8/2017 11:45:00 AM,1,1,0,36.130200,-86.927780,RIVER ROAD PKE,,,,395.00,Feet,South,GOWER RD,,,,0.00,N,Not at Intersection,N,Non-Junction,None,,,         ,Christopher,Taylor,Clear,Not Collision with Motor Vehicle in Transport,no,no,no,no,no,False
101695773,METROPOLITAN NASHVILLE POLICE DEPT,20170601287,Davidson,Nashville,7/8/2017 11:07:00 AM,1,1,0,36.109740,-86.838980,ABBOTT MARTIN RD,,,,171.00,Feet,East,ABBOTT GLENN CT,,,,0.00,N,Not at Intersection,N,Non-Junction,None,,,         ,Christopher,Royer,Clear,Not Collision with Motor Vehicle in Transport,no,no,no,no,no,False
101695774,METROPOLITAN NASHVILLE POLICE DEPT,20170601286,Davidson,Nashville,7/8/2017 11:06:00 AM,3,0,0,36.204570,-86.776700,I 65,,,,0.00,,,,,,,87.20,N,Not at Intersection,Y,Non-Junction,None,,,         ,James,Wray,Clear,Front to Rear,no,no,no,no,yes,False
101695813,METROPOLITAN NASHVILLE POLICE DEPT,20170600185,Davidson,Nashville,7/7/2017 10:50:00 PM,2,0,0,36.209320,-86.786780,MONTICELLO ST,,,,0.00,,,,,,,0.00,,Not at Intersection, ,,None,,,         ,Geoffrey,Daugherty,,,no,no,no,no,no,False
101695819,METROPOLITAN NASHVILLE POLICE DEPT,20170601086,Davidson,Nashville,7/8/2017 9:20:00 AM,2,0,0,36.060670,-86.680290,I 24,,,,0.00,,,,,,,57.80,N,Not at Intersection,Y,Non-Junction,None,,,         ,Shelby,Hughes,Clear,"Sideswipe, Same Direction",no,no,no,no,yes,False
101695856,METROPOLITAN NASHVILLE POLICE DEPT,20170601446,Davidson,Nashville,7/8/2017 12:48:00 PM,1,0,0,36.125710,-86.904530,I 40,,,,0.00,,,,,,,200.60,N,Not at Intersection, ,Non-Junction,None,,,         ,Christopher,Taylor,Clear,Not Collision with Motor Vehicle in Transport,no,no,no,no,no,False
101695860,METROPOLITAN NASHVILLE POLICE DEPT,20170601397,Davidson,Nashville,7/8/2017 11:30:00 AM,2,2,0,36.138870,-86.772070,HAMILTON AV,,,,0.00,Feet,,HAGAN ST,,,,0.00,Y,Four-Way,N,Intersection,None,,,         ,Ian,Hammond,Clear,Angle,no,no,no,no,no,False
101695877,METROPOLITAN NASHVILLE POLICE DEPT,20170601410,Davidson,Nashville,7/8/2017 12:34:00 PM,2,0,0,36.146710,-86.625980,BELL RD,,,,230.00,Feet,South,TRAILS CIR,,,,0.00,N,Not at Intersection, ,Non-Junction,None,,,         ,MIchael,Mihajlov,Clear,Front to Rear,no,no,no,no,no,False
101695880,METROPOLITAN NASHVILLE POLICE DEPT,20170601402,Davidson,Nashville,7/8/2017 12:27:00 PM,2,0,0,36.219810,-86.762340,DICKERSON PKE,,,,59.00,Feet,South,ALHAMBRA CIR,,,,0.00,N,Not at Intersection, ,Non-Junction,None,,,         ,Daniel,Wadham,Clear,Front to Rear,no,no,no,no,no,False
101695881,METROPOLITAN NASHVILLE POLICE DEPT,20170601383,Davidson,Nashville,7/8/2017 12:15:00 PM,2,0,0,36.131650,-86.833560,WEST END AV,,,,0.00,,,WILSON BLVDN,,,,0.00,Y,T-Intersection,Y,Intersection,None,,,         ,Brian,Myatt,Clear,Angle,no,no,no,no,no,False
101695882,METROPOLITAN NASHVILLE POLICE DEPT,20170601399,Davidson,Not in City Limit,7/8/2017 11:47:00 AM,2,0,0,36.262890,-86.680660,STATE RT 45,,,,89.00,Feet,East,RIO VISTA DR,,,,0.00,N,Not at Intersection,N,Non-Junction,None,,,         ,DuJuan,Kendrick,Clear,Front to Rear,no,no,no,no,yes,False
101695903,METROPOLITAN NASHVILLE POLICE DEPT,20170601394,Davidson,Nashville,7/8/2017 11:29:00 AM,2,0,0,36.132500,-86.779250,8TH AVS,,,,0.00,,,BENTON AV,,,,0.00,Y,T-Intersection,N,Intersection,None,,,         ,Nathan,Smith,Clear,Angle,no,no,no,no,no,False
101695904,METROPOLITAN NASHVILLE POLICE DEPT,20170601468,Davidson,Nashville,7/8/2017 1:08:00 PM,1,1,0,36.147390,-86.779070,8TH AVS,,,,0.00,,,BASS ST,,,,0.00,Y,T-Intersection,N,Intersection,None,,,         ,Brent,Bauer,Cloudy,Not Collision with Motor Vehicle in Transport,no,yes,no,no,no,False
101695913,METROPOLITAN NASHVILLE POLICE DEPT,20170601553,Davidson,Nashville,7/8/2017 1:56:00 PM,2,0,0,36.154030,-86.787570,I40 W EXT RAMP,,,,0.00,,,I 40,,,,0.00,Y,Four-Way, ,Intersection-Related,None,,,         ,Tien,Nguyen,Clear,Angle,no,no,no,no,no,False
101695967,METROPOLITAN NASHVILLE POLICE DEPT,20170601501,Davidson,Nashville,7/8/2017 1:35:00 PM,1,2,0,36.237120,-86.786440,I24 E EXT RAMP,,,,0.00,Feet,East,I 24,,,,0.00,N,Not at Intersection,N,Non-Junction,None,,,         ,Royce,McLester,Cloudy,Not Collision with Motor Vehicle in Transport,no,no,no,no,no,False
101696007,METROPOLITAN NASHVILLE POLICE DEPT,20170601561,Davidson,Nashville,7/8/2017 2:15:00 PM,2,0,0,36.172840,-86.765340,JAMES ROBERTSON PKWY,,,,0.00,,,MAIN ST,,,,0.00,Y,Four-Way, ,,None,,,         ,Charles,Boles,,,no,no,no,no,no,False
101696041,METROPOLITAN NASHVILLE POLICE DEPT,20170601554,Davidson,Nashville,7/8/2017 2:01:00 PM,2,0,0,36.094490,-86.736810,NOLENSVILLE PKE,,,,419.00,Feet,North,NATCHEZ CT,,,,0.00,N,Not at Intersection, ,Non-Junction,None,,,         ,Darrell,Osment,Cloudy,Angle,no,no,no,no,no,False
101696044,METROPOLITAN NASHVILLE POLICE DEPT,20170601577,Davidson,Goodlettsville,7/8/2017 1:56:00 PM,2,1,0,36.301850,-86.693150,GALLATIN PKEN,,,,112.00,Feet,East,THE GALLERY AT RIVERGATE PVTDR,,,,0.00,N,Not at Intersection,N,Non-Junction,None,,,         ,Bradley,Campbell,Clear,Front to Rear,no,no,no,no,no,False
101696048,METROPOLITAN NASHVILLE POLICE DEPT,20170601726,Davidson,Nashville,7/8/2017 3:52:00 PM,2,0,0,36.135650,-86.726730,I 24,,,,0.00,,,,,,,52.20,N,Not at Intersection, ,Non-Junction,None,,,         ,Patrick,Taylor,Clear,Front to Rear,no,no,no,no,no,False
101696049,METROPOLITAN NASHVILLE POLICE DEPT,20170601713,Davidson,Nashville,7/8/2017 3:40:00 PM,2,0,0,36.133600,-86.726360,I24 W EXT RAMP,,,,0.00,Feet,East,I 24,,,,0.00,N,Not at Intersection,Y,Entrance/Exit Ramp Related,None,,,         ,Patrick,Martin,Clear,"Sideswipe, Same Direction",no,no,no,no,yes,False
101696071,METROPOLITAN NASHVILLE POLICE DEPT,20170601653,Davidson,Not in City Limit,7/8/2017 3:12:00 PM,1,1,0,36.084830,-86.943520,SAWYER BROWN RD,,,,254.00,Feet,North,WESTFIELD DR,,,,0.00,N,Not at Intersection,N,Non-Junction,None,,,         ,Adam,Reese,Clear,Not Collision with Motor Vehicle in Transport,no,no,no,no,no,False