master_record_number,agency,agency_tracking_number,county,city,collision_date,vehicles_involved,number_injured,number_dead,latitude,longitude,roadway_name,roadway_suffix,roadway_number,roadway_local_id,distance_from_reference,miles-feet_indicator,direction_from_reference,intersection_road_name,intersection_road_name_suffix,intersection_road_number,intersection_local_id,mile_marker,intersection_indicator,intersect_type,interchange_related_indicator,relation_to_junction,work_zone_type,construction_maintenance_zone,construction_maintenance_zone_location,fatal_case_number,officer_first_name,officer_last_name,weather_condition(s),manner_of_crash,pedestrian,bicycle,scooter,parking,hitrun,mou
101696076,METROPOLITAN NASHVILLE POLICE DEPT,20170601750,Davidson,Nashville,7/8/2017 3:45:00 PM,2,0,0,36.066080,-86.629830,MURFREESBORO PKE,,,,160.00,Feet,North,HAMILTON CROSSINGS,,,,0.00,N,Not at Intersection, ,,None,,,         ,Candice,Soper,,,no,no,no,no,no,False
101696106,GOODLETTSVILLE POLICE DEPT,17-23784,Davidson,Goodlettsville,7/8/2017 3:27:00 AM,1,1,0,36.320247,-86.701120,CONFERENCE,DR,,CONFERENCE DRIVE,400.00,Feet,North,NORTHCREEK,BLVD,,NORTHCREEK BOULEVARD,0.00,N,Not at Intersection,N,Non-Junction,None,,,         ,Wesley,Kinnaird,Rain,Not Collision with Motor Vehicle in Transport,no,no,no,no,yes,False
101696110,METROPOLITAN NASHVILLE POLICE DEPT,20170601790,Davidson,Nashville,7/8/2017 4:10:00 PM,2,0,0,36.198820,-86.776450,I 65,,,,0.00,,,,,,,86.80,N,Not at Intersection, ,Non-Junction,None,,,         ,Roy,Sain Jr.,Clear,Front to Rear,no,no,no,no,yes,False
101696111,METROPOLITAN NASHVILLE POLICE DEPT,20170601797,Davidson,Nashville,7/8/2017 12:00:00 AM,3,1,0,36.230240,-86.725020,GALLATIN PKE,,,,51.00,Feet,North,MALQUIN DR,,,,0.00,N,Not at Intersection,N,Non-Junction,None,,,         ,Gordon,Stovall,Clear,Front to Rear,no,no,no,no,no,False
101696125,METROPOLITAN NASHVILLE POLICE DEPT,20170601755,Davidson,Nashville,7/8/2017 4:01:00 PM,2,0,0,36.182980,-86.798960,I 65,,,,0.00,,,,,,,85.20,N,Not at Intersection, ,Non-Junction,None,,,         ,Samuel,Galluzzi,Clear,Angle,no,no,no,no,no,False
101696153,GOODLETTSVILLE POLICE DEPT,17-23824,Davidson,Goodlettsville,7/8/2017 2:52:00 PM,2,2,0,36.300990,-86.710670,I 65,,,,0.00,,,,,,,95.25,N,Not at Intersection,Y,Non-Junction,None,,,         ,Brian,Hajdu,Cloudy,"Sideswipe, Same Direction",no,no,no,no,no,False
101696157,METROPOLITAN NASHVILLE POLICE DEPT,20170601849,Davidson,Nashville,7/8/2017 4:57:00 PM,2,1,0,36.193290,-86.751920,ELLINGTON PKWY N EXT RAMP,,,,0.00,,,DOUGLAS AV,,,,0.00,Y,T-Intersection,N,Intersection,None,,,         ,Joshua,Lackey,Clear,Angle,no,no,no,no,no,False
101696158,METROPOLITAN NASHVILLE POLICE DEPT,20170601852,Davidson,Nashville,7/8/2017 4:00:00 PM,2,0,0,36.243890,-86.756580,SKYLINE MEMORIAL CT,,,,0.00,,,DICKERSON PKE,,,,0.00,Y,Four-Way,N,Intersection,None,,,         ,Jesse,Cox,Clear,HeadOn,no,no,no,no,no,False
101696161,METROPOLITAN NASHVILLE POLICE DEPT,20170602033,Davidson,Nashville,7/8/2017 6:28:00 PM,2,0,0,36.146730,-86.625980,BELL RD,,,,223.00,Feet,South,TRAILS CIR,,,,0.00,N,Not at Intersection, ,,None,,,         ,Marcus,Mitchell,,,no,no,no,no,no,False
101696163,METROPOLITAN NASHVILLE POLICE DEPT,20170602045,Davidson,Nashville,7/8/2017 6:13:00 PM,2,0,0,36.060790,-86.915830,HIGHWAY 100,,,,96.00,Feet,East,OLD HICKORY BLVD,,,,0.00,N,Not at Intersection, ,,None,,,         ,Adam,Reese,,,no,no,no,no,no,False
101696164,METROPOLITAN NASHVILLE POLICE DEPT,20170602096,Davidson,Nashville,7/8/2017 6:00:00 PM,2,0,0,36.221250,-86.745280,BEN ALLEN RD,,,,358.00,Feet,West,PICTURE RIDGE TER,,,,0.00,N,Not at Intersection, ,Non-Junction,None,,,         ,Thomas,Miller,Cloudy,Angle,no,no,no,no,yes,False
101696165,METROPOLITAN NASHVILLE POLICE DEPT,20170602026,Davidson,Nashville,7/8/2017 12:00:00 AM,2,0,0,36.229130,-86.759320,DICKERSON PKE,,,,92.00,Feet,South,BROADMOOR DR,,,,0.00,N,Not at Intersection, ,,None,,,         ,Gordon,Stovall,,,no,no,no,no,no,False
101696166,METROPOLITAN NASHVILLE POLICE DEPT,20170601970,Davidson,Nashville,7/8/2017 6:03:00 PM,2,1,0,36.173790,-86.822580,ED TEMPLE BLVD,,,,0.00,,,DR WALTER S DAVIS BLVD,,,,0.00,Y,T-Intersection,Y,Intersection-Related,None,,,         ,Thomas,Burns,Clear,Angle,no,no,no,no,yes,False
101696171,VANDERBILT UNIVERSITY POLICE,17-0602058,Davidson,Nashville,7/8/2017 6:40:00 PM,2,0,0,36.106280,-86.763500,POWELL AVE,,,,0.00,,,,,,,0.00,,, ,Non-Junction,None,,,         ,Edwin,Melgar,Clear,Angle,no,no,no,yes,no,OHO
101696207,METROPOLITAN NASHVILLE POLICE DEPT,20170602049,Davidson,Nashville,7/8/2017 6:37:00 PM,2,2,0,36.142680,-86.735770,I 40,,,,0.00,,,,,,,212.75,N,Not at Intersection,Y,Non-Junction,None,,,         ,Johnathan,Pannell,Clear,"Sideswipe, Same Direction",no,no,no,no,no,False
101696210,METROPOLITAN NASHVILLE POLICE DEPT,20170601942,Davidson,Nashville,7/8/2017 5:47:00 PM,2,1,0,36.174840,-86.785420,JEFFERSON ST,,,,205.00,Feet,East,4TH AVN,,,,0.00,N,Not at Intersection,N,Non-Junction,None,,,         ,Matthew,Boguskie,Clear,Angle,no,no,no,no,no,False
101696211,METROPOLITAN NASHVILLE POLICE DEPT,20170601906,Davidson,Nashville,7/8/2017 5:24:00 PM,2,0,0,36.169050,-86.772240,S 1ST ST,,,,0.00,,,WOODLAND ST,,,,0.00,Y,Four-Way,N,Intersection,None,,,         ,Chad,Wilkinson,Clear,Angle,no,no,no,no,yes,False
101696212,METROPOLITAN NASHVILLE POLICE DEPT,20170601921,Davidson,Not in City Limit,7/8/2017 5:39:00 PM,2,0,0,36.263070,-86.711920,STATE RT 45,,,,0.00,,,GALLATIN PKEN,,,,0.00,Y,Four-Way, ,Intersection,None,,,         ,Bradley,Campbell,Clear,"Sideswipe, Same Direction",no,no,no,no,no,False
101696213,METROPOLITAN NASHVILLE POLICE DEPT,20170602024,Davidson,Nashville,7/8/2017 12:00:00 AM,2,0,0,36.170670,-86.801830,JEFFERSON ST,,,,155.00,Feet,West,14TH AVN,,,,0.00,N,Not at Intersection,N,Non-Junction,None,,,         ,Landon,Bagwell,Clear,"Sideswipe, Same Direction",no,no,no,yes,yes,False
101696218,METROPOLITAN NASHVILLE POLICE DEPT,20170601963,Davidson,Nashville,7/8/2017 5:38:00 PM,2,0,0,36.200140,-86.825150,BUENA VISTA PKE,,,,418.00,Feet,East,MATTIE ST,,,,0.00,N,Not at Intersection,N,Non-Junction,None,,,         ,Roy,Sain Jr.,Clear,"Sideswipe, Same Direction",no,no,no,no,no,False
101696220,METROPOLITAN NASHVILLE POLICE DEPT,20170601982,Davidson,Nashville,7/8/2017 5:09:00 PM,2,0,0,36.150590,-86.815180,CENTENNIAL PARK PVTDR,,,,811.00,Feet,South,PARK PLZ,,,,0.00,N,Not at Intersection, ,Non-Junction,None,,,         ,Joseph,Patricio,Clear,Angle,no,no,no,no,no,False
101696238,METROPOLITAN NASHVILLE POLICE DEPT,20170602169,Davidson,Nashville,7/8/2017 6:40:00 PM,1,0,0,36.255740,-86.731480,CHADWELL DR,,,,35.00,Feet,East,BARBARA DR,,,,0.00,N,Not at Intersection,N,Non-Junction,None,,,         ,Jesse,Cox,Clear,Not Collision with Motor Vehicle in Transport,no,no,no,no,yes,False
101696239,METROPOLITAN NASHVILLE POLICE DEPT,20170602103,Davidson,Nashville,7/8/2017 6:49:00 PM,2,0,0,36.169520,-86.779850,2ND AVN,,,,126.00,Feet,North,GAY ST,,,,0.00,N,Not at Intersection, ,Non-Junction,None,,,         ,David,Snowden,Clear,Front to Rear,no,no,no,no,yes,False
101696241,METROPOLITAN NASHVILLE POLICE DEPT,20170602215,Davidson,Nashville,7/8/2017 12:00:00 AM,2,0,0,36.219960,-86.762220,ALHAMBRA CIR,,,,21.00,Feet,East,DICKERSON PKE,,,,0.00,N,Not at Intersection, ,,None,,,         ,Gordon,Stovall,,,no,no,no,no,no,False
101696243,METROPOLITAN NASHVILLE POLICE DEPT,20170602206,Davidson,Nashville,7/8/2017 7:32:00 PM,2,0,0,36.168680,-86.759410,SHELBY AV,,,,50.00,Feet,East,S 6TH ST,,,,0.00,N,Not at Intersection,N,Non-Junction,None,,,         ,James,Smith,Clear,Front to Rear,no,no,no,no,no,False
101696260,VANDERBILT UNIVERSITY POLICE,2017-0602073,Davidson,Nashville,7/8/2017 8:45:00 AM,1,0,0,36.139540,-86.803650,PIERCE AVE,,,,0.00,,,,,,,0.00,,, ,Entrance/Exit Ramp Related,None,,,         ,Anthony,Daniels,Clear,Not Collision with Motor Vehicle in Transport,no,no,no,yes,no,Campus
101696283,METROPOLITAN NASHVILLE POLICE DEPT,20170602400,Davidson,Nashville,7/8/2017 8:50:00 PM,2,0,0,36.167890,-86.777960,JAMES ROBERTSON PKWY,,,,0.00,,,PUBLIC SQ,,,,0.00,Y,OTHER, ,,None,,,         ,Wesley,Feinstein,,,no,no,no,no,no,False
101696296,METROPOLITAN NASHVILLE POLICE DEPT,20170602483,Davidson,Nashville,7/8/2017 9:10:00 PM,2,0,0,36.243930,-86.756730,DOVERSIDE DR,,,,47.00,Feet,West,DICKERSON PKE,,,,0.00,N,Not at Intersection,N,Non-Junction,None,,,         ,Jesse,Cox,Clear,Front to Rear,no,no,no,no,yes,False
101696304,METROPOLITAN NASHVILLE POLICE DEPT,20170602570,Davidson,Nashville,7/8/2017 10:04:00 PM,2,0,0,36.239160,-86.727810,WALTON LN,,,,350.00,Feet,East,QUAIL CREEK CONDOMINIUMS PVTDR,,,,0.00,N,Not at Intersection,N,Non-Junction,None,,,         ,Harold,Willmore IV,Clear,Not Collision with Motor Vehicle in Transport,no,no,no,no,yes,False
101696306,METROPOLITAN NASHVILLE POLICE DEPT,20170602557,Davidson,Nashville,7/8/2017 9:36:00 PM,2,0,0,36.109520,-86.733420,TUGGLE AV,,,,114.00,Feet,South,THOMPSON LN,,,,0.00,N,Not at Intersection, ,Non-Junction,None,,,         ,Patrick,Martin,Clear,Rear to Rear,no,no,no,no,no,False
101696309,METROPOLITAN NASHVILLE POLICE DEPT,20170602459,Davidson,Nashville,7/8/2017 9:22:00 PM,2,0,0,36.076990,-86.767060,I65 S ENT RAMP,,,,0.00,,,I 65,,,,0.00,Y,OTHER, ,Entrance/Exit Ramp Related,Construction Zone,,,         ,Allyson,Reis,Clear,Front to Rear,no,no,no,no,no,False
101696310,METROPOLITAN NASHVILLE POLICE DEPT,20170602036,Davidson,Nashville,7/8/2017 6:33:00 PM,2,1,0,36.080400,-86.717930,RECOVERY RD,,,,0.00,,,HARDING PL,,,,0.00,Y,Four-Way,Y,Intersection,None,,,         ,Nakia,Reid,,Angle,no,no,no,no,no,False
101696326,METROPOLITAN NASHVILLE POLICE DEPT,20170602551,Davidson,Nashville,7/8/2017 9:59:00 PM,3,0,0,36.238970,-86.723830,GALLATIN PKE,,,,61.00,Feet,North,WALTON LN,,,,0.00,N,Not at Intersection,N,Non-Junction,None,,,         ,Bradley,Campbell,Clear,Front to Rear,no,no,no,no,yes,False
101696368,METROPOLITAN NASHVILLE POLICE DEPT,20170602601,Davidson,Nashville,7/8/2017 10:29:00 PM,2,2,0,36.044240,-86.713130,BRENTWOOD EAST DR,,,,0.00,,,NOLENSVILLE PKE,,,,0.00,Y,T-Intersection,N,Intersection,None,,,         ,Allyson,Reis,Clear,Front to Rear,no,no,no,no,yes,False
101696385,METROPOLITAN NASHVILLE POLICE DEPT,20170602579,Davidson,Nashville,7/8/2017 10:05:00 PM,2,2,0,36.127970,-86.851910,WHITE BRIDGE PKE,,,,17.00,Feet,East,POST PL,,,,0.00,N,Not at Intersection,N,Non-Junction,None,,,         ,Terrance,Stuckey,Clear,Angle,no,no,no,no,no,False
101696405,METROPOLITAN NASHVILLE POLICE DEPT,20170602695,Davidson,Nashville,7/8/2017 11:10:00 PM,3,4,0,36.046960,-86.661550,I 24,,,,0.00,,,,,,,59.25,N,Not at Intersection,N,Non-Junction,None,,,         ,Daniel,Garrett,Clear,"Sideswipe, Same Direction",no,no,no,no,no,False
101696419,METROPOLITAN NASHVILLE POLICE DEPT,20170602880,Davidson,Nashville,7/9/2017 12:43:00 AM,2,0,0,36.145570,-86.776980,I 65,,,,0.00,,,,,,,82.20,N,Not at Intersection,N,Non-Junction,None,,,         ,Ralph,Smith IV,Clear,Front to Rear,no,no,no,no,yes,False
101696420,METROPOLITAN NASHVILLE POLICE DEPT,20170602813,Davidson,Nashville,7/9/2017 12:08:00 AM,2,0,0,36.152090,-86.690950,BRILEY PKWY S ENT RAMP,,,,0.00,Feet,East,BRILEY PKWYS,,,,0.00,N,Not at Intersection, ,Entrance/Exit Ramp Related,None,,,         ,Johan,Kinberg,Cloudy,"Sideswipe, Same Direction",no,no,no,no,no,False
101696421,METROPOLITAN NASHVILLE POLICE DEPT,20170602886,Davidson,Nashville,7/8/2017 12:00:00 AM,2,0,0,36.158400,-86.768350,PEABODY ST,,,,201.00,Feet,East,LEA AV,,,,0.00,N,Not at Intersection, ,Non-Junction,None,,,         ,Hunter,Fikes,Clear,Angle,no,no,no,no,yes,False
101696427,METROPOLITAN NASHVILLE POLICE DEPT,20170602671,Davidson,Nashville,7/8/2017 11:00:00 PM,3,0,0,36.185980,-86.818060,CLARKSVILLE PKE,,,,254.00,Feet,East,26TH AVN,,,,0.00,N,Not at Intersection,N,Non-Junction,None,,,         ,Jamel,Griffin,Clear,Unknown,no,no,no,yes,yes,False
101696430,METROPOLITAN NASHVILLE POLICE DEPT,20170602726,Davidson,Not in City Limit,7/8/2017 11:20:00 PM,2,0,0,36.044460,-86.956230,HIGHWAY 100,,,,0.00,,,OLD HARDING PKE,,,,0.00,Y,T-Intersection,N,Intersection,None,,,         ,Edward,Holden,Clear,Front to Rear,no,no,no,no,no,False
101696435,METROPOLITAN NASHVILLE POLICE DEPT,20170602944,Davidson,Nashville,7/9/2017 12:48:00 AM,2,0,0,36.117190,-86.742990,LUTIE ST,,,,150.00,Feet,East,FOSTER AV,,,,0.00,N,Not at Intersection,N,Non-Junction,None,,,         ,Douglas,Sykes,Clear,"Sideswipe, Same Direction",no,no,no,no,yes,False
101696441,METROPOLITAN NASHVILLE POLICE DEPT,20170602785,Davidson,Nashville,7/8/2017 11:54:00 PM,1,0,0,36.186120,-86.613080,OLD HICKORY BLVD,,,,871.00,Feet,South,ANDREW JACKSON PKWY,,,,0.00,N,Not at Intersection,N,Non-Junction,None,,,         ,Brett,Johns,Clear,Not Collision with Motor Vehicle in Transport,no,no,no,no,no,False
101696445,METROPOLITAN NASHVILLE POLICE DEPT,20170602927,Davidson,Nashville,7/9/2017 12:17:00 AM,2,0,0,36.045870,-86.659700,I 24,,,,0.00,,,,,,,59.35,N,Not at Intersection,N,Non-Junction,None,,,         ,Gary,Peters,Clear,Front to Rear,no,no,no,no,no,False
101696458,METROPOLITAN NASHVILLE POLICE DEPT,20170602980,Davidson,Nashville,7/8/2017 12:00:00 AM,2,2,0,36.044770,-86.661530,CANE RIDGE RD,,,,0.00,,,BELL RD,,,,0.00,Y,Four-Way,N,Intersection,None,,,         ,Sandra,Fly,Clear,"Sideswipe, Same Direction",no,no,no,no,no,False
101696464,METROPOLITAN NASHVILLE POLICE DEPT,20170603178,Davidson,Nashville,7/9/2017 12:00:00 AM,3,0,0,36.200000,-86.768260,GATEWOOD AV,,,,0.00,Feet,East,LUTON ST,,,,0.00,N,Not at Intersection,N,Non-Junction,None,,,         ,Amanda,Hane,,Front to Rear,no,no,no,yes,yes,False
101696466,METROPOLITAN NASHVILLE POLICE DEPT,20170602627,Davidson,Nashville,7/8/2017 10:49:00 PM,2,0,0,36.155900,-86.789110,I40 W EXT RAMP,,,,0.00,,,I 40,,,,0.00,Y,Four-Way,N,Intersection,None,,,         ,Jason,Hogan,Clear,Front to Rear,no,no,no,no,no,False
101696487,METROPOLITAN NASHVILLE POLICE DEPT,20170603333,Davidson,Not in City Limit,7/9/2017 5:20:00 AM,1,0,0,36.272510,-86.762160,OLD HICKORY BLVD,,,,322.00,Feet,North,MARYDALE DR,,,,0.00,N,Not at Intersection,N,Non-Junction,None,,,         ,Cheri,Cox,Clear,Not Collision with Motor Vehicle in Transport,no,no,no,no,no,False
101696501,METROPOLITAN NASHVILLE POLICE DEPT,20170602835,Davidson,Nashville,7/9/2017 12:20:00 AM,5,6,0,36.045670,-86.659360,I 24,,,,0.00,,,,,,,59.40,N,Not at Intersection,N,Non-Junction,None,,,         ,William,Coy,Clear,Front to Rear,no,no,no,no,no,False
101696510,METROPOLITAN NASHVILLE POLICE DEPT,20170601500,Davidson,Antioch,7/8/2017 1:30:00 PM,1,1,0,36.008630,-86.613920,I 24,,,,0.00,,,,,,,63.10,N,Not at Intersection,N,Non-Junction,None,,,         ,Blake,Lutz,Clear,Not Collision with Motor Vehicle in Transport,no,no,no,no,no,False
101696529,BERRY HILL POLICE DEPT,17-2286,Davidson,Berry Hill,7/8/2017 1:25:00 PM,2,0,0,36.121370,-86.775450,FRANKLIN PKE,,,,0.00,,,KIRKWOOD AV,,,,0.00,Y,T-Intersection, ,Intersection-Related,Construction Zone,,,         ,Larry,Carter,Clear,"Sideswipe, Same Direction",no,no,no,no,no,False
101696535,METROPOLITAN NASHVILLE POLICE DEPT,20170602668,Davidson,Nashville,7/8/2017 12:00:00 AM,7,1,0,36.044800,-86.662160,BELL RD,,,,186.00,Feet,West,CANE RIDGE RD,,,,0.00,N,Not at Intersection,N,Non-Junction,None,,,         ,Sandra,Fly,Clear,Not Collision with Motor Vehicle in Transport,no,no,no,yes,no,False
101696554,METROPOLITAN NASHVILLE POLICE DEPT,20170603336,Davidson,Nashville,7/9/2017 12:00:00 AM,2,4,0,36.110940,-86.745220,THOMPSON LN,,,,0.00,Feet,,NOLENSVILLE PKE,,,,0.00,Y,Four-Way,N,Intersection,None,,,         ,Akira,McSwain,Clear,Angle,no,no,no,no,no,False
101696565,METROPOLITAN NASHVILLE POLICE DEPT,20170603499,Davidson,Nashville,7/9/2017 7:21:00 AM,1,0,0,36.245080,-86.722120,GALLATIN PKES,,,,226.00,Feet,North,LAKEWOOD DR,,,,0.00,N,Not at Intersection, ,Non-Junction,None,,,         ,DuJuan,Kendrick,Clear,Not Collision with Motor Vehicle in Transport,no,no,no,no,no,False
101696584,METROPOLITAN NASHVILLE POLICE DEPT,20170603508,Davidson,Nashville,7/9/2017 12:00:00 AM,2,0,0,36.180240,-86.770570,TREUTLAND AV,,,,360.00,Feet,East,N 2ND ST,,,,0.00,N,Not at Intersection,N,Non-Junction,None,,,         ,Doyle,Price,Clear,Unknown,no,no,no,no,yes,False
101696598,METROPOLITAN NASHVILLE POLICE DEPT,20170603634,Davidson,Nashville,7/9/2017 8:41:00 AM,2,0,0,36.075890,-86.748580,WAUFORD DR,,,,179.00,Feet,South,W LONGDALE DR,,,,0.00,N,Not at Intersection, ,Non-Junction,None,,,         ,Nathan,Kemp,Clear,"Sideswipe, Same Direction",no,no,no,no,no,False
101696605,METROPOLITAN NASHVILLE POLICE DEPT,20170603651,Davidson,Nashville,7/9/2017 8:52:00 AM,1,0,0,36.182890,-86.821920,ASPEN DR,,,,351.00,Feet,East,28TH AVN,,,,0.00,N,Not at Intersection, ,Non-Junction,None,,,         ,Brandon,Evans,Clear,Not Collision with Motor Vehicle in Transport,no,no,no,no,no,False
101696620,METROPOLITAN NASHVILLE POLICE DEPT,20170603644,Davidson,Nashville,7/9/2017 8:45:00 AM,2,0,0,36.108680,-86.812130,GLEN ECHO RD,,,,0.00,,,HILLSBORO PKE,,,,0.00,Y,Four-Way, ,Non-Junction,None,,,         ,Citlaly,Juarez,Clear,Front to Rear,no,no,no,no,no,False
101696632,METROPOLITAN NASHVILLE POLICE DEPT,20170603654,Davidson,Nashville,7/9/2017 8:42:00 AM,2,0,0,36.044770,-86.661530,CANE RIDGE RD,,,,0.00,,,BELL RD,,,,0.00,Y,Four-Way, ,Intersection,None,,,         ,Blake,Lutz,Clear,Front to Rear,no,no,no,no,no,False
101696664,METROPOLITAN NASHVILLE POLICE DEPT,20170603866,Davidson,Nashville,7/9/2017 10:56:00 AM,2,0,0,36.081100,-86.758360,HARDING PL,,,,0.00,,,TROUSDALE DR,,,,0.00,Y,Four-Way, ,,None,,,         ,Nathan,Kemp,,,no,no,no,no,no,False
101696665,METROPOLITAN NASHVILLE POLICE DEPT,20170603804,Davidson,Nashville,7/9/2017 10:15:00 AM,2,0,0,36.134650,-86.825060,WEST END AV,,,,0.00,,,BOWLING AV,,,,0.00,Y,Four-Way, ,Intersection,None,,,         ,Brian,Myatt,Clear,"Sideswipe, Same Direction",no,no,no,no,no,False
101696687,METROPOLITAN NASHVILLE POLICE DEPT,201-70603808,Davidson,Nashville,7/9/2017 9:22:00 AM,2,0,0,36.086760,-86.694800,HARDING PL,,,,343.00,Feet,East,S PERIMETER PARK DR,,,,0.00,N,Not at Intersection, ,Non-Junction,None,,,         ,Roderic,Williams,Clear,Front to Rear,no,no,no,yes,no,False
101696691,METROPOLITAN NASHVILLE POLICE DEPT,20170603948,Davidson,Nashville,7/9/2017 11:50:00 AM,2,0,0,36.088320,-86.791000,BATTERY LN,,,,0.00,,,LEALAND LN,,,,0.00,Y,Four-Way,N,Intersection,None,,,         ,Nathan,Kemp,Clear,Angle,no,no,no,no,no,False
101696713,METROPOLITAN NASHVILLE POLICE DEPT,20170604021,Davidson,Nashville,7/9/2017 12:43:00 PM,2,0,0,36.109940,-86.779150,WOODMONT BLVD,,,,0.00,,,SPRINGBROOK DR,,,,0.00,Y,Four-Way,N,Intersection,None,,,         ,Nathan,Kemp,Clear,Front to Rear,no,no,no,no,yes,False
101696722,METROPOLITAN NASHVILLE POLICE DEPT,20170603956,Davidson,Nashville,7/9/2017 11:50:00 AM,2,3,0,36.074360,-86.921360,HIGHWAY 70S,,,,129.00,Feet,West,OLD HICKORY BLVD,,,,0.00,N,Not at Intersection,N,Non-Junction,None,,,         ,Benjamin,Cantrell,Clear,Angle,no,no,no,no,no,False
101696767,METROPOLITAN NASHVILLE POLICE DEPT,20170603996,Davidson,Goodlettsville,7/9/2017 11:13:00 AM,2,0,0,36.288270,-86.725370,I 65,,,,0.00,,,,,,,94.05,N,Not at Intersection,N,Non-Junction,None,,,         ,Spencer,Pittman,Clear,Not Collision with Motor Vehicle in Transport,no,no,no,no,yes,False
101696775,METROPOLITAN NASHVILLE POLICE DEPT,20170603965,Davidson,Nashville,7/9/2017 11:59:00 AM,2,2,0,36.152830,-86.625120,STEWARTS FERRY PKE,,,,217.00,Feet,North,BELL RD,,,,0.00,N,Not at Intersection,N,Non-Junction,None,,,         ,Steven,Rowlett,Clear,Angle,no,no,no,no,no,False
101696789,METROPOLITAN NASHVILLE POLICE DEPT,20170604049,Davidson,Nashville,7/9/2017 1:01:00 PM,1,0,0,36.157660,-86.802830,JO JOHNSTON AV,,,,127.00,Feet,North,CHARLOTTE AV,,,,0.00,N,Not at Intersection, ,Non-Junction,None,,,         ,Isaac,Wood,Clear,Not Collision with Motor Vehicle in Transport,no,no,no,yes,yes,False
101696792,METROPOLITAN NASHVILLE POLICE DEPT,20170604108,Davidson,Nashville,7/9/2017 1:56:00 PM,2,1,0,36.082480,-86.765480,I65 S EXT RAMP,,,,0.00,Feet,East,I 65,,,,0.00,N,Not at Intersection,N,Entrance/Exit Ramp Related,None,,,         ,Nathan,Kemp,Clear,Front to Rear,no,no,no,no,no,False
101696799,METROPOLITAN NASHVILLE POLICE DEPT,20170604078,Davidson,Nashville,7/9/2017 1:26:00 PM,1,0,0,36.084120,-86.698750,I 24,,,,0.00,,,,,,,55.90,N,Not at Intersection,N,Non-Junction,None,,,         ,Peter,Vaught,Clear,Not Collision with Motor Vehicle in Transport,no,no,no,no,no,False
101696801,METROPOLITAN NASHVILLE POLICE DEPT,20170604058,Davidson,Nashville,7/9/2017 12:53:00 PM,2,1,0,36.171430,-86.769040,JAMES ROBERTSON PKWY,,,,0.00,,,INTERSTATE DR,,,,0.00,Y,Four-Way,Y,Intersection,None,,,         ,Christian,Martin,Clear,HeadOn,no,no,no,no,no,False
101696847,METROPOLITAN NASHVILLE POLICE DEPT,20170603971,Davidson,Nashville,7/9/2017 12:03:00 PM,2,0,0,36.207020,-86.791600,BAPTIST WORLD CENTER DR,,,,0.00,,,W TRINITY LN,,,,0.00,Y,Four-Way, ,Intersection,None,,,         ,Royce,McLester,Clear,Front to Rear,no,no,no,no,no,False
101696861,METROPOLITAN NASHVILLE POLICE DEPT,20170604090,Davidson,Nashville,7/9/2017 1:38:00 PM,2,1,0,36.059370,-86.853090,HILLSBORO PKE,,,,0.00,,,CROMWELL DR,,,,0.00,Y,Four-Way,N,Intersection,None,,,         ,Gregory,McDaniel,Clear,"Sideswipe, Same Direction",no,no,no,no,no,False
101696884,METROPOLITAN NASHVILLE POLICE DEPT,20170604185,Davidson,Nashville,7/9/2017 2:22:00 PM,2,0,0,36.187150,-86.630870,LEBANON PKE,,,,68.00,Feet,East,CENTRAL PKE,,,,0.00,N,Not at Intersection, ,Non-Junction,None,,,         ,Tyler,Maupin,Clear,Front to Rear,no,no,no,no,no,False
101696887,METROPOLITAN NASHVILLE POLICE DEPT,20170604218,Davidson,Nashville,7/9/2017 12:00:00 AM,2,0,0,36.206320,-86.774120,W TRINITY LN,,,,191.00,Feet,West,I65 N EXT RAMP,,,,0.00,N,Not at Intersection, ,,None,,,         ,Gordon,Stovall,,,no,no,no,no,no,False
101696904,GOODLETTSVILLE POLICE DEPT,17-23960,Davidson,Goodlettsville,7/9/2017 2:10:00 PM,3,0,0,36.320930,-86.703410,I 65,,,,0.00,,,,,,,96.80,N,Not at Intersection, ,Entrance/Exit Ramp Related,None,,,         ,John,Spencer,Clear,"Sideswipe, Same Direction",no,no,no,no,yes,False
101696906,METROPOLITAN NASHVILLE POLICE DEPT,20170604150,Davidson,Nashville,7/9/2017 2:50:00 PM,2,2,0,36.129490,-86.714700,MURFREESBORO PKE,,,,0.00,,,MILLWOOD DR,,,,0.00,Y,T-Intersection,Y,Intersection,None,,,         ,Andrew,Swint,Clear,Angle,no,no,no,no,no,False
101696932,METROPOLITAN NASHVILLE POLICE DEPT,20170604306,Davidson,Not in City Limit,7/9/2017 4:19:00 PM,2,0,0,36.063620,-86.940880,HARPETH PKWYW,,,,0.00,,,OLD HARDING PKE,,,,0.00,Y,T-Intersection, ,Intersection,None,,,         ,Adam,Reese,Clear,Angle,no,no,no,no,no,False
101696935,GOODLETTSVILLE POLICE DEPT,17-23969,Davidson,Goodlettsville,7/9/2017 4:06:00 PM,2,0,0,36.309470,-86.695630,VIETNAM VETERANS BLVD SB EXT R,,,,0.00,,,CONFERENCE DR,,,,0.00,Y,OTHER, ,Entrance/Exit Ramp Related,None,,,         ,Rico,Jones,Clear,"Sideswipe, Same Direction",no,no,no,no,no,False
101696936,METROPOLITAN NASHVILLE POLICE DEPT,20170604304,Davidson,Nashville,7/9/2017 4:30:00 PM,2,0,0,36.154140,-86.837990,I40 W EXT RAMP,,,,0.00,Feet,East,I 40,,,,0.00,N,Not at Intersection, ,Non-Junction,None,,,         ,Joseph,Patricio,Clear,"Sideswipe, Same Direction",no,no,no,no,no,False