master_record_number,agency,agency_tracking_number,county,city,collision_date,vehicles_involved,number_injured,number_dead,latitude,longitude,roadway_name,roadway_suffix,roadway_number,roadway_local_id,distance_from_reference,miles-feet_indicator,direction_from_reference,intersection_road_name,intersection_road_name_suffix,intersection_road_number,intersection_local_id,mile_marker,intersection_indicator,intersect_type,interchange_related_indicator,relation_to_junction,work_zone_type,construction_maintenance_zone,construction_maintenance_zone_location,fatal_case_number,officer_first_name,officer_last_name,weather_condition(s),manner_of_crash,pedestrian,bicycle,scooter,parking,hitrun,mou
101697829,METROPOLITAN NASHVILLE POLICE DEPT,20170607410,Davidson,Nashville,7/10/2017 4:23:00 PM,2,0,0,36.165430,-86.768650,VICTORY AV,,,,0.00,,,S 2ND ST,,,,0.00,Y,T-Intersection, ,,None,,,         ,Joshua,Reece,,,no,no,no,no,no,False
101697835,METROPOLITAN NASHVILLE POLICE DEPT,20170607518,Davidson,Nashville,7/10/2017 5:00:00 PM,2,0,0,36.151460,-86.799150,WEST END AV,,,,63.00,Feet,East,20TH AVS,,,,0.00,N,Not at Intersection, ,Non-Junction,None,,,         ,Joseph,Patricio,Clear,"Sideswipe, Same Direction",no,no,no,no,no,False
101697837,METROPOLITAN NASHVILLE POLICE DEPT,20170607448,Davidson,Nashville,7/10/2017 4:35:00 PM,3,2,0,36.042230,-86.653420,I 24,,,,0.00,,,,,,,59.80,N,Not at Intersection,N,Entrance/Exit Ramp Related,None,,,         ,Eric,Keller,Clear,Front to Rear,no,no,no,no,no,False
101697850,METROPOLITAN NASHVILLE POLICE DEPT,20170607550,Davidson,Nashville,7/10/2017 5:17:00 PM,2,1,0,36.152770,-86.779320,8TH AVS,,,,0.00,,,DREXEL ST,,,,0.00,Y,T-Intersection,N,Intersection,None,,,         ,Joshua,Reece,Clear,Angle,no,no,no,no,no,False
101697854,METROPOLITAN NASHVILLE POLICE DEPT,20170607618,Davidson,Goodlettsville,7/10/2017 5:44:00 PM,2,0,0,36.294420,-86.697070,MYATT DR,,,,0.00,,,MYATT DR PVTDR,,,,0.00,Y,Four-Way, ,Intersection,None,,,         ,Rodney,Phipps,Clear,Angle,no,no,no,no,no,False
101697858,METROPOLITAN NASHVILLE POLICE DEPT,20170607762,Davidson,Nashville,7/10/2017 6:37:00 PM,2,0,0,36.051310,-86.714300,NOLENSVILLE PKE,,,,76.00,Feet,South,OCALA DR,,,,0.00,N,Not at Intersection, ,Non-Junction,None,,,         ,Benny,Pittman,Clear,Front to Rear,no,no,no,no,no,False
101697859,METROPOLITAN NASHVILLE POLICE DEPT,20170607532,Davidson,Nashville,7/10/2017 5:05:00 PM,2,1,0,36.082100,-86.761700,HARDING PL,,,,0.00,,,SIDCO DR,,,,0.00,Y,Four-Way,N,Intersection,None,,,         ,Allyson,Reis,Clear,Angle,no,no,no,no,no,False
101697861,METROPOLITAN NASHVILLE POLICE DEPT,20170607219,Davidson,Nashville,7/10/2017 2:44:00 PM,2,0,0,36.183650,-86.610660,OLD HICKORY BLVD,,,,0.00,,,ANDREW JACKSON PKWY,,,,0.00,Y,Four-Way, ,Intersection,None,,,         ,Kyle,Burks,Clear,Front to Rear,no,no,no,no,no,False
101697865,METROPOLITAN NASHVILLE POLICE DEPT,20170607349,Davidson,Not in City Limit,7/10/2017 3:58:00 PM,1,0,0,36.090010,-86.940550,I 40,,,,0.00,,,,,,,197.40,N,Not at Intersection,N,Non-Junction,None,,,         ,Walter,Gray II,Clear,Not Collision with Motor Vehicle in Transport,no,no,no,no,no,False
101697866,METROPOLITAN NASHVILLE POLICE DEPT,20170607560,Davidson,Nashville,7/10/2017 5:00:00 PM,2,0,0,36.086580,-86.771970,FRANKLIN PKE,,,,0.00,,,HARDING PL,,,,0.00,Y,Four-Way, ,Intersection,None,,,         ,Hillary,Sherman,Clear,Front to Rear,no,no,no,no,no,False
101697874,METROPOLITAN NASHVILLE POLICE DEPT,20170607701,Davidson,Nashville,7/10/2017 6:17:00 PM,2,0,0,36.175630,-86.870300,BRILEY PKWYN,,,,770.00,Feet,North,BRILEY PKWY N ENT RAMP,,,,0.00,N,Not at Intersection, ,Non-Junction,None,,,         ,Barrett,Teague,Clear,Front to Rear,no,no,no,no,no,False
101697879,METROPOLITAN NASHVILLE POLICE DEPT,20170607763,Davidson,Nashville,7/10/2017 5:24:00 PM,2,0,0,36.158410,-86.790610,CHURCH ST,,,,0.00,,,GEORGE L DAVIS BLVD,,,,0.00,Y,Four-Way, ,Intersection-Related,None,,,         ,Tien,Nguyen,Clear,Angle,no,no,no,no,no,False
101697883,METROPOLITAN NASHVILLE POLICE DEPT,20170607671,Davidson,Not in City Limit,7/10/2017 6:04:00 PM,2,0,0,36.266090,-86.791270,I 24,,,,0.00,,,,,,,41.40,N,Not at Intersection, ,Non-Junction,None,,,         ,Marvis,Malone,Clear,Front to Rear,no,no,no,no,no,False
101697885,METROPOLITAN NASHVILLE POLICE DEPT,20170607750,Davidson,Nashville,7/10/2017 6:30:00 PM,2,0,0,36.184250,-86.610280,ANDREW JACKSON PKWY,,,,244.00,Feet,North,OLD HICKORY BLVD,,,,0.00,N,Not at Intersection, ,Non-Junction,None,,,         ,John,Kelley,Clear,Front to Rear,no,no,no,no,no,False
101697888,VANDERBILT UNIVERSITY POLICE,2017-0607419,Davidson,Nashville,7/10/2017 4:10:00 PM,2,0,0,36.146280,-86.809560,WEST END AV,,,,0.00,,,,,,,0.00,,, ,Non-Junction,None,,,         ,V,Greene,Clear,Rear to Rear,no,no,no,yes,no,Campus
101697895,METROPOLITAN NASHVILLE POLICE DEPT,20170607692,Davidson,Not in City Limit,7/10/2017 6:10:00 PM,3,1,0,36.294170,-86.810570,I 24,,,,0.00,,,,,,,39.20,N,Not at Intersection,N,Non-Junction,None,,,         ,Timothy,Morgan,Clear,Front to Rear,no,no,no,no,yes,False
101697896,METROPOLITAN NASHVILLE POLICE DEPT,20170607847,Davidson,Nashville,7/10/2017 5:00:00 PM,2,0,0,36.137090,-86.727300,MURFREESBORO PKE,,,,10.00,Feet,East,I24 E EXT RAMP,,,,0.00,N,Not at Intersection,N,Non-Junction,None,,,         ,Andrew,Swint,Clear,Front to Rear,no,no,no,no,yes,False
101697899,METROPOLITAN NASHVILLE POLICE DEPT,20170607744,Davidson,Nashville,7/10/2017 6:25:00 PM,2,1,0,36.032760,-86.705300,RED JACKET DR,,,,122.00,Feet,South,SHAYLIN LOOP,,,,0.00,N,Not at Intersection,N,Non-Junction,None,,,         ,Eric,Keller,Clear,Front to Rear,no,no,no,yes,no,False
101697903,METROPOLITAN NASHVILLE POLICE DEPT,20170607853,Davidson,Nashville,7/10/2017 7:09:00 PM,2,1,0,36.081100,-86.758360,HARDING PL,,,,0.00,,,TROUSDALE DR,,,,0.00,Y,Four-Way,N,Intersection-Related,None,,,         ,Tien,Nguyen,Clear,Angle,no,no,no,no,no,False
101697907,METROPOLITAN NASHVILLE POLICE DEPT,20170607442,Davidson,Nashville,7/10/2017 4:14:00 PM,2,0,0,36.130450,-86.900000,I40 W EXT RAMP,,,,50.00,Feet,North,I 40,,,,0.00,N,Not at Intersection, ,Non-Junction,None,,,         ,Walter,Gray II,Clear,Front to Rear,no,no,no,no,no,False
101697916,METROPOLITAN NASHVILLE POLICE DEPT,20170607568,Davidson,Nashville,7/10/2017 5:21:00 PM,2,0,0,36.033080,-86.641140,I 24,,,,0.00,,,,,,,60.75,N,Not at Intersection, ,,None,,,         ,Nathaniel,Myers,,,no,no,no,no,no,False
101697917,METROPOLITAN NASHVILLE POLICE DEPT,20170607831,Davidson,Nashville,7/10/2017 12:00:00 AM,2,0,0,36.197150,-86.741980,GALLATIN PKE,,,,57.00,Feet,North,CAROLYN AV,,,,0.00,N,Not at Intersection, ,,None,,,         ,Gordon,Stovall,,,no,no,no,no,no,False
101697924,METROPOLITAN NASHVILLE POLICE DEPT,20170607587,Davidson,Nashville,7/10/2017 5:30:00 PM,2,0,0,36.160240,-86.773140,1ST AVS,,,,0.00,,,DEMONBREUN ST,,,,0.00,Y,Four-Way, ,Non-Junction,Construction Zone,,,         ,Michael,Douglas,Clear,"Sideswipe, Same Direction",no,no,no,no,no,False
101697927,METROPOLITAN NASHVILLE POLICE DEPT,20170607922,Davidson,Nashville,7/10/2017 6:26:00 PM,2,0,0,36.181800,-86.641570,JACKSON DOWNS BLVD,,,,0.00,,,LEBANON PKE,,,,0.00,Y,T-Intersection, ,Non-Junction,None,,,         ,Jaby,Djabbarov,Clear,Front to Rear,no,no,no,no,no,False
101697928,METROPOLITAN NASHVILLE POLICE DEPT,20170607911,Davidson,Nashville,7/10/2017 7:32:00 PM,2,1,0,36.068150,-86.632070,MURFREESBORO PKE,,,,363.00,Feet,North,FOREST VIEW DR,,,,0.00,N,Not at Intersection,N,Non-Junction,None,,,         ,Marcus,Darden,Clear,Angle,no,no,no,no,no,False
101697929,METROPOLITAN NASHVILLE POLICE DEPT,2017-0607178,Davidson,Nashville,7/10/2017 3:00:00 PM,2,0,0,36.143820,-86.776870,I 65,,,,0.00,,,,,,,82.05,N,Not at Intersection, ,Non-Junction,None,,,         ,Cory,West,Clear,"Sideswipe, Same Direction",no,no,no,no,yes,False
101697931,METROPOLITAN NASHVILLE POLICE DEPT,20170607695,Davidson,Not in City Limit,7/10/2017 5:00:00 PM,2,0,0,36.284110,-86.729530,I 65,,,,0.00,,,,,,,93.70,N,Not at Intersection, ,Non-Junction,None,,,         ,Samuel,Miller,Clear,Front to Rear,no,no,no,no,no,False
101697943,METROPOLITAN NASHVILLE POLICE DEPT,20170607624,Davidson,Nashville,7/10/2017 5:46:00 PM,3,2,0,36.127350,-86.815340,I 440,,,,0.00,,,,,,,2.20,N,Not at Intersection,N,Non-Junction,None,,,         ,Walter,Gray II,Clear,Front to Rear,no,no,no,no,no,False
101697945,METROPOLITAN NASHVILLE POLICE DEPT,20170607817,Davidson,Nashville,7/10/2017 6:08:00 PM,2,0,0,36.167980,-86.691310,CRAIGMEADE DR,,,,27.00,Feet,South,LEBANON PKE,,,,0.00,N,Not at Intersection, ,Non-Junction,None,,,         ,Johnathan,Pannell,Clear,Front to Rear,no,no,no,no,no,False
101697961,METROPOLITAN NASHVILLE POLICE DEPT,20170607872,Davidson,Nashville,7/10/2017 7:10:00 PM,2,0,0,36.150110,-86.858120,CHARLOTTE PKE,,,,50.00,Feet,West,WHITE BRIDGE PKE,,,,0.00,N,Not at Intersection, ,Non-Junction,None,,,         ,Walter,Gray II,Clear,"Sideswipe, Same Direction",no,no,no,no,no,False
101697964,VANDERBILT UNIVERSITY POLICE,17-0607190,Davidson,Nashville,7/10/2017 2:55:00 PM,2,0,0,36.140370,-86.801570,MEDICAL CENTER DR,,,,259.00,Feet,North,PIERCE AV,,,,0.00,N,Not at Intersection, ,Non-Junction,None,,,         ,Martin,Hill,Clear,"Sideswipe, Same Direction",no,no,no,no,no,Campus
101697979,METROPOLITAN NASHVILLE POLICE DEPT,20170607291,Davidson,Nashville,7/10/2017 3:39:00 PM,3,2,0,36.166690,-86.764560,SHELBY AV,,,,0.00,,,I24 W ENT RAMP,,,,0.00,Y,Y-Intersection,N,Non-Junction,None,,,         ,Michael,Douglas,Clear,Front to Rear,no,no,no,no,no,False
101697987,METROPOLITAN NASHVILLE POLICE DEPT,20170607782,Davidson,Nashville,7/10/2017 6:50:00 PM,4,2,0,36.183210,-86.798250,I65 N EXT RAMP,,,,0.00,,,I 65,,,,0.00,Y,T-Intersection,Y,Entrance/Exit Ramp Related,None,,,         ,Thomas,Burns,Clear,Front to Rear,no,no,no,no,no,False
101697997,METROPOLITAN NASHVILLE POLICE DEPT,2017-0607352,Davidson,Nashville,7/10/2017 4:03:00 PM,2,0,0,36.161640,-86.785180,YMCA WAY,,,,89.00,Feet,South,ROSA L PARKS BLVD EXT RAMP,,,,0.00,N,Not at Intersection, ,Non-Junction,None,,,         ,Cory,West,Clear,Angle,no,no,no,no,yes,False
101697999,METROPOLITAN NASHVILLE POLICE DEPT,20170607742,Davidson,Nashville,7/10/2017 6:33:00 PM,2,1,0,36.224210,-86.782200,BRICK CHURCH PKE,,,,0.00,,,BRICK CHURCH PARK DR,,,,0.00,Y,T-Intersection,N,Non-Junction,None,,,         ,Walter,Cothran,Clear,Front to Rear,no,no,no,no,no,False
101698016,METROPOLITAN NASHVILLE POLICE DEPT,20170607176,Davidson,Nashville,7/10/2017 2:58:00 PM,2,2,0,36.175010,-86.784680,3RD AVN,,,,0.00,,,JEFFERSON ST,,,,0.00,Y,Four-Way,N,Intersection,None,,,         ,Michael,Douglas,Clear,Front to Rear,no,no,no,no,no,False
101698039,METROPOLITAN NASHVILLE POLICE DEPT,20170607794,Davidson,Nashville,7/10/2017 6:48:00 PM,2,1,0,36.045370,-86.713260,NOLENSVILLE PKE,,,,0.00,Feet,,OLD HICKORY BLVD,,,,0.00,Y,Four-Way,Y,Intersection,None,,,         ,Jedidayah,Merriweather,Clear,Angle,no,no,no,no,no,False
101698040,METROPOLITAN NASHVILLE POLICE DEPT,20170608330,Davidson,Nashville,7/10/2017 9:52:00 PM,2,0,0,36.150690,-86.767950,LAFAYETTE ST,,,,0.00,,,2ND AVS,,,,0.00,Y,Four-Way, ,Non-Junction,None,,,         ,Jason,King,Clear,"Sideswipe, Same Direction",no,no,no,no,no,False
101698054,METROPOLITAN NASHVILLE POLICE DEPT,20170608186,Davidson,Nashville,7/10/2017 9:21:00 PM,2,2,0,36.249190,-86.734460,DUE WEST AVW,,,,0.00,,,S GRAYCROFT AV,,,,0.00,Y,Four-Way,Y,Intersection-Related,None,,,         ,Samuel,Miller,Clear,Front to Rear,no,no,no,no,no,False
101698056,METROPOLITAN NASHVILLE POLICE DEPT,20170608312,Davidson,Nashville,7/10/2017 10:05:00 PM,1,1,0,36.229680,-86.839630,BRILEY PKWYE,,,,14.00,Feet,East,BRILEY PKWY E EXT RAMP,,,,0.00,N,Not at Intersection,N,Non-Junction,None,,,         ,Timothy,Morgan,Clear,Not Collision with Motor Vehicle in Transport,no,no,no,no,no,False
101698066,VANDERBILT UNIVERSITY POLICE,17-0608404,Davidson,Nashville,7/10/2017 10:30:00 PM,2,0,0,36.142780,-86.800020,MEDICAL CENTER DR,,,,0.00,,,21ST AVS,,,,0.00,Y,Four-Way,N,Intersection-Related,None,,,         ,John,Whittaker,Clear,"Sideswipe, Same Direction",no,no,no,no,yes,Campus
101698073,METROPOLITAN NASHVILLE POLICE DEPT,20170607485,Davidson,Nashville,7/10/2017 4:30:00 PM,2,0,0,36.119280,-86.701650,BRILEY PKWY S ENT RAMP,,,,0.00,Feet,East,MURFREESBORO PKE,,,,0.00,N,Not at Intersection, ,Non-Junction,None,,,         ,Je-Marc,Sears,Clear,Front to Rear,no,no,no,no,no,False
101698075,METROPOLITAN NASHVILLE POLICE DEPT,20170607659,Davidson,Nashville,7/10/2017 6:00:00 PM,3,2,0,36.117470,-86.699330,BRILEY PKWY N EXT RAMP,,,,0.00,Feet,East,MURFREESBORO PKE,,,,0.00,N,Not at Intersection,N,Non-Junction,None,,,         ,Dontaveous,Eubanks,Clear,HeadOn,no,no,no,no,no,False
101698087,METROPOLITAN NASHVILLE POLICE DEPT,20170608411,Davidson,Nashville,7/10/2017 10:43:00 PM,3,2,0,36.090790,-86.762790,I 65,,,,0.00,,,,,,,78.40,N,Not at Intersection,N,Non-Junction,Construction Zone,Laneclosure,Transition Area,         ,William,Hamblen,Clear,Front to Rear,no,no,no,no,no,False
101698091,METROPOLITAN NASHVILLE POLICE DEPT,20170608432,Davidson,Nashville,7/10/2017 11:30:00 PM,2,0,0,36.076310,-86.643430,DOVER GLEN PVTDR,,,,0.00,,,DOVER GLEN DR,,,,0.00,Y,Four-Way, ,Intersection,None,,,         ,Daniel,Garrett,Clear,Front to Rear,no,no,no,no,no,False
101698094,METROPOLITAN NASHVILLE POLICE DEPT,20170608640,Davidson,Nashville,7/10/2017 10:00:00 PM,2,0,0,36.081100,-86.758360,HARDING PL,,,,0.00,,,TROUSDALE DR,,,,0.00,Y,Four-Way, ,Intersection,None,,,         ,Kevin,McGinniss,Clear,Angle,no,no,no,no,no,False
101698112,METROPOLITAN NASHVILLE POLICE DEPT,20170608394,Davidson,Nashville,7/10/2017 10:10:00 PM,2,0,0,36.157960,-86.786770,11TH AVN,,,,94.00,Feet,South,PORTER ST,,,,0.00,N,Not at Intersection, ,,None,,,         ,Kelcey,Bell,,,no,no,no,no,no,False
101698115,METROPOLITAN NASHVILLE POLICE DEPT,20170608803,Davidson,Nashville,7/11/2017 1:10:00 AM,2,0,0,36.112180,-86.723060,I 24,,,,0.00,,,,,,,53.50,N,Not at Intersection,N,Non-Junction,None,,,         ,Zachary,Goodall,Clear,"Sideswipe, Same Direction",no,no,no,no,yes,False
101698120,METROPOLITAN NASHVILLE POLICE DEPT,20170607731,Davidson,Nashville,7/10/2017 4:00:00 PM,1,0,0,36.227650,-86.801670,CLAYMILLE BLVD,,,,0.00,,,,,,,0.00,,,N,Non-Junction,None,,,         ,Geoffrey,Daugherty,Clear,Not Collision with Motor Vehicle in Transport,no,no,no,yes,yes,False
101698207,METROPOLITAN NASHVILLE POLICE DEPT,20170609636,Davidson,Not in City Limit,7/11/2017 6:22:00 AM,2,0,0,36.081650,-86.959980,HIGHWAY 70S,,,,554.00,Feet,West,HARPETH VALLEY RD,,,,0.00,N,Not at Intersection, ,Non-Junction,None,,,         ,Clifton,Knight,Cloudy,Other,no,no,no,yes,yes,False
101698212,METROPOLITAN NASHVILLE POLICE DEPT,20170609652,Davidson,Madison,7/11/2017 6:57:00 AM,2,0,0,36.263060,-86.710310,STATE RT 45,,,,472.00,Feet,East,GALLATIN PKEN,,,,0.00,N,Not at Intersection, ,Non-Junction,None,,,         ,Thomas,Odom,Clear,Front to Rear,no,no,no,no,no,False
101698242,GOODLETTSVILLE POLICE DEPT,17-24150,Davidson,Goodlettsville,7/11/2017 7:03:00 AM,2,0,0,36.324860,-86.701560,CONFERENCE DR,,,,109.00,Feet,South,LONG HOLLOW PKE,,,,0.00,N,Not at Intersection, ,Non-Junction,None,,,         ,Timothy,Preston,Clear,"Sideswipe, Same Direction",no,no,no,no,yes,False
101698245,METROPOLITAN NASHVILLE POLICE DEPT,20170609815,Davidson,Goodlettsville,7/11/2017 7:53:00 AM,2,0,0,36.292260,-86.720410,I 65,,,,0.00,,,,,,,94.40,N,Not at Intersection, ,Non-Junction,None,,,         ,Thomas,Odom,Clear,Front to Rear,no,no,no,no,no,False
101698246,METROPOLITAN NASHVILLE POLICE DEPT,20170607465,Davidson,Nashville,7/10/2017 4:15:00 PM,2,0,0,36.086770,-86.694480,HARDING PL,,,,436.00,Feet,East,S PERIMETER PARK DR,,,,0.00,N,Not at Intersection, ,Non-Junction,None,,,         ,Ernesto,Holiday,Clear,Angle,no,no,no,no,no,False
101698253,METROPOLITAN NASHVILLE POLICE DEPT,20170609905,Davidson,Nashville,7/11/2017 8:27:00 AM,3,0,0,36.040040,-86.780830,OLD HICKORY BLVD,,,,50.00,Feet,South,I65 N ENT RAMP,,,,0.00,N,Not at Intersection, ,Non-Junction,None,,,         ,Nathan,Kemp,Clear,Front to Rear,no,no,no,no,no,False
101698264,METROPOLITAN NASHVILLE POLICE DEPT,20170609807,Davidson,Nashville,7/11/2017 7:54:00 AM,2,0,0,36.141320,-86.716580,I 40,,,,0.00,,,,,,,213.85,N,Not at Intersection,N,Non-Junction,None,,,         ,Cassandra,Del Bosco,Clear,"Sideswipe, Same Direction",no,no,no,no,yes,False
101698278,METROPOLITAN NASHVILLE POLICE DEPT,20170609707,Davidson,Nashville,7/11/2017 7:21:00 AM,2,0,0,36.157460,-86.664860,DONELSON PKE,,,,332.00,Feet,North,EMERY DR,,,,0.00,N,Not at Intersection,N,Non-Junction,None,,,         ,Michael,Dance,Clear,"Sideswipe, Same Direction",no,no,no,no,no,False
101698280,METROPOLITAN NASHVILLE POLICE DEPT,20170609639,Davidson,Nashville,7/11/2017 12:00:00 AM,2,0,0,36.195090,-86.758310,ROSEDALE CT,,,,332.00,Feet,West,ROSEDALE AV,,,,0.00,N,Not at Intersection, ,Non-Junction,None,,,         ,Richard,Conger,Clear,Unknown,no,no,no,no,yes,False
101698281,METROPOLITAN NASHVILLE POLICE DEPT,20170609690,Davidson,Nashville,7/11/2017 7:08:00 AM,2,2,0,36.178540,-86.763460,ELLINGTON PKWYS,,,,197.00,Feet,North,ELLINGTON PKWYN,,,,0.00,N,Not at Intersection,N,Non-Junction,None,,,         ,Richard,Conger,Clear,Front to Rear,no,no,no,no,yes,False
101698287,METROPOLITAN NASHVILLE POLICE DEPT,20170610036,Davidson,Nashville,7/11/2017 9:11:00 AM,2,0,0,36.113990,-86.919030,I 40,,,,0.00,,,,,,,199.50,N,Not at Intersection, ,,None,,,         ,Curtis,Rich,,,no,no,no,no,no,False
101698288,METROPOLITAN NASHVILLE POLICE DEPT,20170609957,Davidson,Nashville,7/11/2017 8:40:00 AM,2,0,0,36.125450,-86.733360,I 440,,,,0.00,,,,,,,7.20,N,Not at Intersection, ,Non-Junction,None,,,         ,Brent,Bauer,Clear,Front to Rear,no,no,no,no,no,False
101698305,METROPOLITAN NASHVILLE POLICE DEPT,20170609918,Davidson,Nashville,7/11/2017 8:20:00 AM,2,0,0,36.164260,-86.776710,2ND AVN,,,,130.00,Feet,South,CHURCH ST,,,,0.00,N,Not at Intersection, ,Non-Junction,None,,,         ,Seth,Quiles,Clear,Front to Rear,no,no,no,no,no,False
101698306,METROPOLITAN NASHVILLE POLICE DEPT,20170610000,Davidson,Nashville,7/11/2017 8:35:00 AM,2,0,0,36.105280,-86.670940,MURFREESBORO PKE,,,,282.00,Feet,East,EZELL PKE,,,,0.00,N,Not at Intersection, ,Non-Junction,None,,,         ,Brian,Ewing,Clear,Angle,no,no,no,no,no,False
101698321,METROPOLITAN NASHVILLE POLICE DEPT,20170610130,Davidson,Nashville,7/11/2017 9:44:00 AM,2,0,0,36.082210,-86.727130,NOLENSVILLE PKE,,,,149.00,Feet,South,WELSHWOOD DR,,,,0.00,N,Not at Intersection, ,Non-Junction,None,,,         ,Darrell,Osment,Clear,"Sideswipe, Same Direction",no,no,no,no,no,False
101698327,METROPOLITAN NASHVILLE POLICE DEPT,20170610228,Davidson,Nashville,7/11/2017 10:15:00 AM,2,0,0,36.133230,-86.801310,21ST AVS,,,,0.00,,,PORTLAND AV,,,,0.00,Y,Four-Way, ,Intersection,None,,,         ,Nathan,Kemp,Clear,Front to Rear,no,no,no,no,no,False
101698331,GOODLETTSVILLE POLICE DEPT,17-24151,Davidson,Goodlettsville,7/11/2017 7:00:00 AM,2,0,0,36.298050,-86.713560,I 65,,,,0.00,,,,,,,95.00,N,Not at Intersection, ,Non-Junction,None,,,         ,David,Read,Clear,Front to Rear,no,no,no,no,no,False
101698336,METROPOLITAN NASHVILLE POLICE DEPT,20170610087,Davidson,Nashville,7/11/2017 9:30:00 AM,2,0,0,36.112650,-86.919970,STONECREST DR,,,,25.00,Feet,South,SONYA DR,,,,0.00,N,Not at Intersection,N,Non-Junction,None,,,         ,Christopher,Taylor,Clear,Front to Rear,no,no,no,no,yes,False
101698337,METROPOLITAN NASHVILLE POLICE DEPT,20170610066,Davidson,Nashville,7/11/2017 9:17:00 AM,2,0,0,36.070700,-86.685970,BAKERTOWN RD,,,,287.00,Feet,North,HAYWOOD LN,,,,0.00,N,Not at Intersection,N,Non-Junction,None,,,         ,Roy,McElwee,Clear,Other,no,no,no,no,no,False
101698358,METROPOLITAN NASHVILLE POLICE DEPT,20170610272,Davidson,Nashville,7/11/2017 12:00:00 AM,3,0,0,36.143310,-86.686360,I 40,,,,0.00,,,,,,,215.50,N,Not at Intersection,N,Entrance/Exit Ramp Related,None,,,         ,Michael,Dance,Clear,Front to Rear,no,no,no,no,no,False
101698368,METROPOLITAN NASHVILLE POLICE DEPT,20170610135,Davidson,Nashville,7/11/2017 9:45:00 AM,1,1,0,36.027830,-86.679450,PETTUS RD,,,,400.00,Feet,West,DEER VALLEY TRL,,,,0.00,N,Not at Intersection,N,Non-Junction,None,,,         ,Randall,Combs,Clear,Not Collision with Motor Vehicle in Transport,no,no,no,no,no,False
101698370,METROPOLITAN NASHVILLE POLICE DEPT,20170610375,Davidson,Madison,7/11/2017 11:15:00 AM,2,0,0,36.263160,-86.711890,GALLATIN PKEN,,,,37.00,Feet,North,STATE RT 45,,,,0.00,N,Not at Intersection, ,Non-Junction,None,,,         ,Thomas,Odom,Clear,Front to Rear,no,no,no,no,yes,False
101698376,METROPOLITAN NASHVILLE POLICE DEPT,20170610098,Davidson,Nashville,7/11/2017 9:34:00 AM,2,3,0,36.143670,-86.688830,I 40,,,,0.00,,,,,,,215.35,N,Not at Intersection,N,Non-Junction,None,,,         ,Johnathan,Carlisle,Clear,Front to Rear,no,no,no,no,no,False
101698379,METROPOLITAN NASHVILLE POLICE DEPT,20170610406,Davidson,Nashville,7/11/2017 12:00:00 PM,2,0,0,36.110870,-86.767480,POWELL AV,,,,0.00,,,,,,,0.00,,, ,OtherLocation,None,,,         ,Aaron,Jones,Clear,Front to Rear,no,no,no,yes,yes,False
101698416,METROPOLITAN NASHVILLE POLICE DEPT,20170610526,Davidson,Nashville,7/11/2017 12:12:00 PM,2,0,0,36.165630,-86.764340,I 24,,,,0.00,,,,,,,49.00,N,Not at Intersection,N,Non-Junction,None,,,         ,Steven,Folliard,Clear,Front to Rear,no,no,no,no,yes,False
101698426,METROPOLITAN NASHVILLE POLICE DEPT,20170610674,Davidson,Nashville,7/11/2017 1:00:00 PM,2,0,0,36.166050,-86.869270,BRILEY PKWYN,,,,792.00,Feet,South,BRILEY PKWY N EXT RAMP,,,,0.00,N,Not at Intersection, ,Non-Junction,None,,,         ,Curtis,Rich,Cloudy,Front to Rear,no,no,no,no,no,False
101698427,METROPOLITAN NASHVILLE POLICE DEPT,20170610317,Davidson,Nashville,7/11/2017 10:52:00 AM,4,1,0,36.106010,-86.814390,ABBOTT MARTIN RD,,,,163.00,Feet,West,HILLSBORO PKE,,,,0.00,N,Not at Intersection,N,Non-Junction,None,,,         ,Douglas,Atwood,Clear,Angle,no,no,no,no,no,False
101698430,METROPOLITAN NASHVILLE POLICE DEPT,20170610620,Davidson,Nashville,7/11/2017 12:45:00 PM,2,0,0,36.153530,-86.768240,LINDSLEY AV,,,,263.00,Feet,North,1ST AVS,,,,0.00,N,Not at Intersection, ,,None,,,         ,Shawn,Taylor,,,no,no,no,yes,no,False
101698436,METROPOLITAN NASHVILLE POLICE DEPT,20170610315,Davidson,Nashville,7/11/2017 10:45:00 AM,2,0,0,36.191120,-86.797200,VANTAGE WAY,,,,0.00,Feet,West,FRENCH LANDING DR,,,,0.00,N,Not at Intersection,N,OtherLocation,None,,,         ,Joshua,Baker,Clear,Angle,no,no,no,no,no,False
101698437,METROPOLITAN NASHVILLE POLICE DEPT,20170610513,Davidson,Nashville,7/11/2017 12:15:00 PM,2,0,0,36.192970,-86.801830,ROSA L PARKS BLVD,,,,0.00,,,ATHENS WAY,,,,0.00,Y,Four-Way,N,Intersection,None,,,         ,Chase,Burnett,Clear,"Sideswipe, Same Direction",no,no,no,no,yes,False
101698456,Metro Park Police,20170607105,Davidson,Nashville,7/10/2017 2:53:00 PM,1,0,0,36.155900,-86.854650,RICHLAND CREEK ENGLAND PARK GR,,,,259.00,Feet,South,DELRAY DR,,,,0.00,N,Not at Intersection, ,Non-Junction,None,,,         ,Martin,Owens,Clear,Unknown,no,no,no,yes,no,False
101698472,METROPOLITAN NASHVILLE POLICE DEPT,20170610699,Davidson,Nashville,7/11/2017 1:03:00 PM,2,0,0,36.162400,-86.774310,1ST AVN,,,,0.00,,,,,,,0.00,,, ,Non-Junction,None,,,         ,Seth,Quiles,Clear,Angle,no,no,no,no,no,False