master_record_number,agency,agency_tracking_number,county,city,collision_date,vehicles_involved,number_injured,number_dead,latitude,longitude,roadway_name,roadway_suffix,roadway_number,roadway_local_id,distance_from_reference,miles-feet_indicator,direction_from_reference,intersection_road_name,intersection_road_name_suffix,intersection_road_number,intersection_local_id,mile_marker,intersection_indicator,intersect_type,interchange_related_indicator,relation_to_junction,work_zone_type,construction_maintenance_zone,construction_maintenance_zone_location,fatal_case_number,officer_first_name,officer_last_name,weather_condition(s),manner_of_crash,pedestrian,bicycle,scooter,parking,hitrun,mou
101698479,METROPOLITAN NASHVILLE POLICE DEPT,20170610677,Davidson,Antioch,7/11/2017 1:03:00 PM,2,2,0,36.018070,-86.619640,OLD HICKORY BLVD,,,,75.00,Feet,South,OWEN DR,,,,0.00,N,Not at Intersection,N,Non-Junction,None,,,         ,Randall,Combs,Clear,Front to Rear,no,no,no,no,no,False
101698480,METROPOLITAN NASHVILLE POLICE DEPT,20170610411,Davidson,Nashville,7/11/2017 11:15:00 AM,2,0,0,36.237020,-86.729050,BRILEY PKWYW,,,,558.00,Feet,West,QUAIL CREEK CONDOMINIUMS PVTDR,,,,0.00,N,Not at Intersection, ,,None,,,         ,Peter,Lynch,,,no,no,no,no,no,False
101698481,METROPOLITAN NASHVILLE POLICE DEPT,20170609709,Davidson,Nashville,7/11/2017 7:22:00 AM,2,2,0,36.152040,-86.690740,ELM HILL PKE,,,,0.00,,,BRILEY PKWYN,,,,0.00,Y,OTHER,N,Non-Junction,None,,,         ,James,Curtis,Clear,Front to Rear,no,no,no,no,no,False
101698482,METROPOLITAN NASHVILLE POLICE DEPT,20170609868,Davidson,Nashville,7/11/2017 8:06:00 AM,2,0,0,36.198440,-86.620270,OLD HICKORY BLVD,,,,0.00,,,LEBANON PKE,,,,0.00,Y,Four-Way, ,Intersection-Related,None,,,         ,James,Curtis,Clear,Front to Rear,no,no,no,no,no,False
101698485,METROPOLITAN NASHVILLE POLICE DEPT,20170610543,Davidson,Nashville,7/11/2017 12:00:00 AM,2,1,0,36.187920,-86.798480,DOMINICAN DR,,,,0.00,Feet,West,ROSA L PARKS BLVD,,,,0.00,N,Not at Intersection,N,OtherLocation,None,,,         ,Joshua,Baker,Clear,Front to Rear,no,no,no,no,yes,False
101698496,METROPOLITAN NASHVILLE POLICE DEPT,20170610675,Davidson,Nashville,7/11/2017 1:02:00 PM,2,0,0,36.124980,-86.847640,HARDING PKE,,,,0.00,,,WOODMONT BLVD,,,,0.00,Y,Four-Way,N,Intersection,None,,,         ,Brian,Myatt,Clear,Front to Rear,no,no,no,no,no,False
101698498,METROPOLITAN NASHVILLE POLICE DEPT,20170610739,Davidson,Nashville,7/11/2017 1:35:00 PM,2,0,0,36.086350,-86.729100,ELYSIAN FIELDS RD,,,,121.00,Feet,East,NOLENSVILLE PKE,,,,0.00,N,Not at Intersection, ,Non-Junction,None,,,         ,David,Smith,Clear,Front to Rear,no,no,no,no,no,False
101698531,METROPOLITAN NASHVILLE POLICE DEPT,20170610716,Davidson,Nashville,7/11/2017 1:11:00 PM,2,0,0,36.158810,-86.798160,CHARLOTTE AV,,,,0.00,Feet,,17TH AVN,,,,0.00,Y,Four-Way, ,Intersection,None,,,         ,Julius,Gallon,Clear,Front to Rear,no,no,no,no,no,False
101698532,METROPOLITAN NASHVILLE POLICE DEPT,20170610787,Davidson,Nashville,7/11/2017 2:00:00 PM,2,0,0,36.229110,-86.725140,GALLATIN PKE,,,,0.00,,,BROADMOOR DR,,,,0.00,Y,T-Intersection,N,Intersection-Related,None,,,         ,Richard,Conger,Clear,Front to Rear,no,no,no,no,no,False
101698534,METROPOLITAN NASHVILLE POLICE DEPT,2017-0609691,Davidson,Nashville,7/11/2017 7:15:00 AM,2,0,0,36.108620,-86.720840,I 24,,,,0.00,,,,,,,53.80,N,Not at Intersection, ,Non-Junction,None,,,         ,William,Whitworth,Clear,Front to Rear,no,no,no,no,no,False
101698535,METROPOLITAN NASHVILLE POLICE DEPT,20170609997,Davidson,Nashville,7/11/2017 8:53:00 AM,2,0,0,36.188520,-86.607410,ANDREW JACKSON PKWY,,,,237.00,Feet,North,OLD LEBANON DIRT RD,,,,0.00,N,Not at Intersection, ,Non-Junction,None,,,         ,James,Curtis,Clear,"Sideswipe, Same Direction",no,no,no,no,no,False
101698540,METROPOLITAN NASHVILLE POLICE DEPT,20170610193,Davidson,Nashville,7/11/2017 9:10:00 AM,2,0,0,36.122430,-86.727360,I 24,,,,0.00,,,,,,,52.75,N,Not at Intersection, ,Non-Junction,None,,,         ,Jessie,Meadows,Clear,Front to Rear,no,no,no,no,no,False
101698541,METROPOLITAN NASHVILLE POLICE DEPT,20170610606,Davidson,Nashville,7/11/2017 12:40:00 PM,2,1,0,36.044850,-86.663130,BELL RD,,,,475.00,Feet,West,CANE RIDGE RD,,,,0.00,N,Not at Intersection,N,Non-Junction,None,,,         ,Jessie,Meadows,Clear,Angle,no,no,no,no,no,False
101698549,METROPOLITAN NASHVILLE POLICE DEPT,20170610558,Davidson,Nashville,7/11/2017 12:16:00 PM,1,0,0,36.177260,-86.787750,4TH AVN,,,,0.00,,,MONROE ST,,,,0.00,Y,Four-Way, ,Non-Junction,Construction Zone,,,         ,Isaac,Wood,Clear,Not Collision with Motor Vehicle in Transport,no,no,no,no,yes,False
101698584,METROPOLITAN NASHVILLE POLICE DEPT,20170610752,Davidson,Nashville,7/11/2017 12:40:00 PM,2,1,0,36.173140,-86.791970,JEFFERSON ST,,,,132.00,Feet,East,9TH AVN,,,,0.00,N,Not at Intersection,N,OtherLocation,None,,,         ,Jeanine,Sarno,Clear,"Sideswipe, Same Direction",no,no,no,no,no,False
101698589,METROPOLITAN NASHVILLE POLICE DEPT,17-0610420,Davidson,Nashville,7/11/2017 11:32:00 AM,2,1,0,36.206920,-86.791940,W TRINITY LN,,,,106.00,Feet,West,WHITES CREEK PKE,,,,0.00,N,Not at Intersection,N,Non-Junction,None,,,         ,William,Caillouette,Clear,Angle,no,no,no,no,no,False
101698595,METROPOLITAN NASHVILLE POLICE DEPT,20170610290,Davidson,Nashville,7/11/2017 10:37:00 AM,2,2,0,36.140580,-86.722250,I 40,,,,0.00,,,,,,,213.50,N,Not at Intersection,N,Non-Junction,None,,,         ,James,Curtis,Clear,Front to Rear,no,no,no,no,no,False
101698603,METROPOLITAN NASHVILLE POLICE DEPT,20170610827,Davidson,Nashville,7/11/2017 1:45:00 PM,2,0,0,36.215150,-86.692280,BRILEY PKWYS,,,,334.00,Feet,South,BRILEY PKWY S ENT RAMP,,,,0.00,N,Not at Intersection,N,Non-Junction,None,,,         ,Michael,Dance,Clear,Front to Rear,no,no,no,no,yes,False
101698604,METROPOLITAN NASHVILLE POLICE DEPT,20170610508,Davidson,Nashville,7/11/2017 12:06:00 PM,3,3,0,36.193670,-86.807030,ROSA L PARKS BLVD,,,,0.00,,,GREAT CIRCLE RD,,,,0.00,Y,Four-Way,N,Intersection,None,,,         ,Garren,Hoskins,Clear,Other,no,no,no,no,yes,False
101698621,METROPOLITAN NASHVILLE POLICE DEPT,20170610931,Davidson,Nashville,7/11/2017 3:10:00 PM,2,0,0,36.196390,-86.775610,I 65,,,,0.00,,,,,,,86.60,N,Not at Intersection, ,Non-Junction,None,,,         ,Christopher,Valdez,Clear,"Sideswipe, Same Direction",no,no,no,no,no,False
101698629,METROPOLITAN NASHVILLE POLICE DEPT,20170611018,Davidson,Nashville,7/11/2017 3:35:00 PM,2,0,0,36.179950,-86.800440,I 65,,,,0.00,,,,,,,85.00,N,Not at Intersection, ,,None,,,         ,Frederick,Ware,,,no,no,no,no,no,False
101698650,METROPOLITAN NASHVILLE POLICE DEPT,20170610849,Davidson,Not in City Limit,7/11/2017 2:39:00 PM,2,0,0,36.049730,-86.952640,OLD HARDING PKE,,,,0.00,,,POPLAR CREEK TRC,,,,0.00,Y,T-Intersection, ,Non-Junction,None,,,         ,Adam,Reese,Clear,Front to Rear,no,no,no,no,no,False
101698657,GOODLETTSVILLE POLICE DEPT,17-24165,Davidson,Goodlettsville,7/11/2017 10:47:00 AM,1,0,0,36.294930,-86.717250,I 65,,,,0.00,,,,,,,94.70,N,Not at Intersection,N,Non-Junction,None,,,         ,George,Forbes,Clear,Not Collision with Motor Vehicle in Transport,no,no,no,no,no,False
101698663,METROPOLITAN NASHVILLE POLICE DEPT,20170610981,Davidson,Nashville,7/11/2017 3:32:00 PM,2,0,0,36.157880,-86.781440,MCGAVOCK ST,,,,0.00,,,8TH AVS,,,,0.00,Y,Four-Way, ,Intersection,None,,,         ,Deandera,Payne,Clear,"Sideswipe, Same Direction",no,no,no,no,no,False
101698675,GOODLETTSVILLE POLICE DEPT,17-24186,Davidson,Goodlettsville,7/11/2017 3:20:00 PM,2,1,0,36.298140,-86.723020,DRY CREEK LN,,,,0.00,,,DICKERSON PKES,,,,0.00,Y,Four-Way,N,Intersection-Related,None,,,         ,Charles,Hauskin,Clear,Front to Rear,no,no,no,no,no,False
101698676,METROPOLITAN NASHVILLE POLICE DEPT,20170610892,Davidson,Not in City Limit,7/11/2017 2:27:00 PM,1,0,0,36.352720,-86.868790,GREENBRIER RD,,,,0.51,Miles,North,WHITES CREEK PKE,,,,0.00,N,Not at Intersection,N,Non-Junction,None,,,         ,Timothy,Morgan,Clear,Not Collision with Motor Vehicle in Transport,no,no,no,no,no,False
101698707,METROPOLITAN NASHVILLE POLICE DEPT,20170611033,Davidson,Nashville,7/11/2017 4:00:00 PM,2,0,0,36.086930,-86.700830,I 24,,,,0.00,,,,,,,55.65,N,Not at Intersection,N,Non-Junction,None,,,         ,Jessie,Meadows,Clear,Front to Rear,no,no,no,no,no,False
101698708,METROPOLITAN NASHVILLE POLICE DEPT,20170611197,Davidson,Nashville,7/11/2017 5:00:00 PM,2,0,0,36.090230,-86.703480,I 24,,,,0.00,,,,,,,55.35,N,Not at Intersection,N,Non-Junction,None,,,         ,Jessie,Meadows,Clear,"Sideswipe, Same Direction",no,no,no,no,yes,False
101698714,METROPOLITAN NASHVILLE POLICE DEPT,20170611258,Davidson,Nashville,7/11/2017 5:08:00 PM,2,0,0,36.175430,-86.782950,JEFFERSON ST,,,,204.00,Feet,East,2ND AVN,,,,0.00,N,Not at Intersection, ,Non-Junction,None,,,         ,Michael,Baron,Clear,Angle,no,no,no,no,no,False
101698719,METROPOLITAN NASHVILLE POLICE DEPT,20170611146,Davidson,Nashville,7/11/2017 4:18:00 PM,1,1,0,36.142590,-86.681510,I 40,,,,0.00,,,,,,,215.80,N,Not at Intersection,N,Non-Junction,None,,,         ,Reuben,Hewit,Clear,Not Collision with Motor Vehicle in Transport,no,no,no,no,no,False
101698730,METROPOLITAN NASHVILLE POLICE DEPT,20170611152,Davidson,Nashville,7/11/2017 4:08:00 PM,2,0,0,36.150930,-86.750110,I 40,,,,0.00,,,,,,,211.60,N,Not at Intersection, ,Non-Junction,None,,,         ,Michael,Moss,Clear,Front to Rear,no,no,no,no,no,False
101698735,METROPOLITAN NASHVILLE POLICE DEPT,20170611260,Davidson,Nashville,7/11/2017 5:12:00 PM,2,0,0,36.170840,-86.764150,S 5TH ST,,,,0.00,,,RUSSELL ST,,,,0.00,Y,Four-Way,N,Intersection,None,,,         ,James,Smith,Clear,Other,no,no,no,no,no,False
101698744,METROPOLITAN NASHVILLE POLICE DEPT,20170611240,Davidson,Nashville,7/11/2017 4:45:00 PM,2,0,0,36.166710,-86.787140,ROSA L PARKS BLVD,,,,150.00,Feet,South,JAMES ROBERTSON PKWY,,,,0.00,N,Not at Intersection, ,Non-Junction,None,,,         ,Deandera,Payne,Clear,"Sideswipe, Same Direction",no,no,no,no,no,False
101698746,GOODLETTSVILLE POLICE DEPT,17-24196,Davidson,Goodlettsville,7/11/2017 5:30:00 PM,2,0,0,36.326230,-86.700580,LONG HOLLOW PKE,,,,0.00,Feet,East,NORTHCREEK BLVD,,,,0.00,N,Not at Intersection, ,Non-Junction,None,,,         ,George,Forbes,Clear,Angle,no,no,no,no,no,False
101698747,GOODLETTSVILLE POLICE DEPT,17-24179,Davidson,Goodlettsville,7/11/2017 2:10:00 PM,2,0,0,36.305750,-86.694280,MALL ACCESS,RD,,,0.00,Feet,West,CONFERENCE,DR,,,0.00,N,Not at Intersection, ,OtherLocation,None,,,         ,William,Hunter,Clear,Front to Rear,no,no,no,no,no,False
101698748,VANDERBILT UNIVERSITY POLICE,2017-0611117,Davidson,Nashville,7/11/2017 4:10:00 PM,2,0,0,36.138900,-86.801610,MEDICAL CENTER DR,,,,0.00,,,,,,,0.00,,, ,Non-Junction,None,,,         ,V,Greene,Clear,Rear to Side,no,no,no,no,no,Campus
101698749,METROPOLITAN NASHVILLE POLICE DEPT,20170611380,Davidson,Nashville,7/11/2017 5:58:00 PM,2,0,0,36.155650,-86.789720,I40 E ENT RAMP,,,,0.00,,,BROADWAY,,,,0.00,Y,Four-Way,N,Intersection-Related,None,,,         ,Tien,Nguyen,Clear,Angle,no,no,no,no,no,False
101698754,METROPOLITAN NASHVILLE POLICE DEPT,20170611278,Davidson,Goodlettsville,7/11/2017 5:13:00 PM,2,2,0,36.294980,-86.693190,SPRING BRANCH DR,,,,1.00,Feet,West,CUDE LN,,,,0.00,N,Not at Intersection,Y,Non-Junction,None,,,         ,Jesse,Cox,Clear,Angle,no,no,no,no,no,False
101698755,METROPOLITAN NASHVILLE POLICE DEPT,20170610958,Davidson,Not in City Limit,7/11/2017 3:20:00 PM,2,0,0,36.044580,-86.955560,HIGHWAY 100,,,,203.00,Feet,East,OLD HARDING PKE,,,,0.00,N,Not at Intersection, ,"Driveway, Alley Access, etc",None,,,         ,Brandon,Pedigo,Clear,Front to Rear,no,no,no,no,no,False
101698758,METROPOLITAN NASHVILLE POLICE DEPT,20170611201,Davidson,Nashville,7/11/2017 4:49:00 PM,4,0,0,36.187630,-86.775340,I 24,,,,0.00,,,,,,,47.10,N,Not at Intersection,N,Non-Junction,None,,,         ,Jonathan,Hadley,Clear,Front to Rear,no,no,no,no,yes,False
101698759,METROPOLITAN NASHVILLE POLICE DEPT,20170611409,Davidson,Nashville,7/11/2017 5:20:00 PM,2,0,0,36.147240,-86.743650,I 40,,,,0.00,,,,,,,212.00,N,Not at Intersection,N,Non-Junction,None,,,         ,Joshua,Hausman,Clear,Front to Rear,no,no,no,no,yes,False
101698762,METROPOLITAN NASHVILLE POLICE DEPT,20170611337,Davidson,Nashville,7/11/2017 5:40:00 PM,2,1,0,36.154420,-86.833230,I 40,,,,0.00,,,,,,,205.30,N,Not at Intersection,N,Non-Junction,None,,,         ,Walter,Gray II,Clear,Front to Rear,no,no,no,no,no,False
101698763,METROPOLITAN NASHVILLE POLICE DEPT,20170610962,Davidson,Nashville,7/11/2017 2:07:00 PM,2,0,0,36.167610,-86.663330,DONELSON PKE,,,,20.00,Feet,South,LEBANON PKE,,,,0.00,N,Not at Intersection, ,Non-Junction,None,,,         ,Johnathan,Pannell,Clear,Front to Rear,no,no,no,no,no,False
101698764,GOODLETTSVILLE POLICE DEPT,17-24197,Davidson,Goodlettsville,7/11/2017 5:30:00 PM,2,0,0,36.309470,-86.695640,SR 386,,SR386,VIETNAM VETERANS BLVD,0.00,Feet,,CONFERENCE,DR,,,0.00,Y,T-Intersection, ,Entrance/Exit Ramp Related,None,,,         ,William,Hunter,Clear,Front to Rear,no,no,no,no,no,False
101698773,METROPOLITAN NASHVILLE POLICE DEPT,20170611093,Davidson,Nashville,7/11/2017 4:09:00 PM,3,1,0,36.150600,-86.785560,I 40,,,,0.00,,,,,,,209.50,N,Not at Intersection,N,Non-Junction,None,,,         ,Jacob,Paul,Clear,HeadOn,no,no,no,no,no,False
101698784,METROPOLITAN NASHVILLE POLICE DEPT,20170611175,Davidson,Nashville,7/11/2017 4:42:00 PM,2,0,0,36.173240,-86.765600,SPRING ST,,,,163.00,Feet,North,MAIN ST,,,,0.00,N,Not at Intersection, ,Non-Junction,None,,,         ,Christopher,Valdez,Clear,Angle,no,no,no,no,no,False
101698785,METROPOLITAN NASHVILLE POLICE DEPT,20170611253,Davidson,Nashville,7/11/2017 5:10:00 PM,2,2,0,36.207210,-86.718720,MCGAVOCK PKE,,,,569.00,Feet,West,STRATFORD AV,,,,0.00,N,Not at Intersection,N,Non-Junction,None,,,         ,Christopher,Valdez,Clear,Front to Rear,no,no,no,no,no,False
101698786,METROPOLITAN NASHVILLE POLICE DEPT,20170611533,Davidson,Nashville,7/11/2017 6:35:00 PM,2,0,0,36.175820,-86.757560,MAIN ST,,,,3.00,Feet,East,NEILL AV,,,,0.00,N,Not at Intersection, ,,None,,,         ,Michael,Moss,,,no,no,no,yes,no,False
101698797,METROPOLITAN NASHVILLE POLICE DEPT,20170611351,Davidson,Nashville,7/11/2017 5:10:00 PM,2,1,0,36.071230,-86.636420,BELL RD,,,,244.00,Feet,South,MURFREESBORO PKE,,,,0.00,N,Not at Intersection,N,Non-Junction,None,,,         ,William,Durham,Clear,Angle,no,no,no,no,no,False
101698798,METROPOLITAN NASHVILLE POLICE DEPT,20170611372,Davidson,Nashville,7/11/2017 5:59:00 PM,2,1,0,36.138440,-86.775960,I 65,,,,0.00,,,,,,,81.70,N,Not at Intersection,N,Non-Junction,None,,,         ,Jacob,Paul,Clear,Front to Rear,no,no,no,no,no,False
101698800,METROPOLITAN NASHVILLE POLICE DEPT,20170611525,Davidson,Nashville,7/11/2017 6:30:00 PM,1,0,0,36.155110,-86.771970,LEA AV,,,,0.00,,,3RD AVS,,,,0.00,Y,Four-Way, ,Intersection-Related,None,,,         ,Jim,Crissman,Clear,Not Collision with Motor Vehicle in Transport,no,no,no,no,no,False
101698805,METROPOLITAN NASHVILLE POLICE DEPT,20170611297,Davidson,Nashville,7/11/2017 5:01:00 PM,2,0,0,36.193900,-86.831600,CLARKSVILLE PKE,,,,142.00,Feet,West,BUENA VISTA PKE,,,,0.00,N,Not at Intersection,N,Non-Junction,None,,,         ,Victor,Alexander,Clear,Front to Rear,no,no,no,no,no,False
101698817,METROPOLITAN NASHVILLE POLICE DEPT,20170611623,Davidson,Nashville,7/11/2017 7:10:00 PM,2,0,0,36.155590,-86.771070,2ND AVS,,,,0.00,,,LEA AV,,,,0.00,Y,Four-Way, ,Intersection,None,,,         ,Deandera,Payne,Clear,"Sideswipe, Same Direction",no,no,no,no,no,False
101698820,METROPOLITAN NASHVILLE POLICE DEPT,20170611511,Davidson,Nashville,7/11/2017 6:53:00 PM,2,0,0,36.185090,-86.816340,CLARKSVILLE PKE,,,,237.00,Feet,West,24TH AVN,,,,0.00,N,Not at Intersection, ,Non-Junction,None,,,         ,Keiara,Ward,Clear,Angle,no,no,no,no,yes,False
101698829,METROPOLITAN NASHVILLE POLICE DEPT,20170610851,Davidson,Nashville,7/11/2017 1:59:00 PM,2,0,0,36.134270,-86.778600,WEDGEWOOD AV,,,,144.00,Feet,East,8TH AVS,,,,0.00,N,Not at Intersection, ,Non-Junction,None,,,         ,Jacob,Paul,Clear,Front to Rear,no,no,no,no,no,False
101698832,METROPOLITAN NASHVILLE POLICE DEPT,20170611535,Davidson,Nashville,7/11/2017 5:41:00 PM,2,0,0,36.224540,-86.734540,SAUNDERS AV,,,,606.00,Feet,North,VIRGINIA AV,,,,0.00,N,Not at Intersection, ,Non-Junction,None,,,         ,Christopher,Valdez,Clear,"Sideswipe, Same Direction",no,no,no,no,no,False
101698834,METROPOLITAN NASHVILLE POLICE DEPT,20170611393,Davidson,Nashville,7/11/2017 6:04:00 PM,2,1,0,36.211640,-86.700200,OPRY MILLS DR,,,,0.00,,,OPRYLAND DR,,,,0.00,Y,T-Intersection,N,Non-Junction,None,,,         ,Jefferson,Hughes,Clear,"Sideswipe, Same Direction",no,no,no,yes,no,False
101698839,METROPOLITAN NASHVILLE POLICE DEPT,20170611578,Davidson,Antioch,7/11/2017 7:00:00 PM,2,2,0,36.018440,-86.624810,I 24,,,,0.00,,,,,,,62.20,N,Not at Intersection,N,Non-Junction,None,,,         ,Candice,Soper,Clear,Front to Rear,no,no,no,no,no,False
101698847,METROPOLITAN NASHVILLE POLICE DEPT,20170611332,Davidson,Nashville,7/11/2017 12:00:00 AM,2,0,0,36.218970,-86.748760,ELLINGTON PKWY S EXT RAMP,,,,0.00,Feet,East,HART LN,,,,0.00,N,Not at Intersection, ,Non-Junction,None,,,         ,Gordon,Stovall,Clear,Front to Rear,no,no,no,no,no,False
101698861,METROPOLITAN NASHVILLE POLICE DEPT,20170610960,Davidson,Nashville,7/11/2017 3:21:00 PM,3,0,0,36.255760,-86.708980,NEELYS BEND RD,,,,20.00,Feet,East,OAKDELL AV,,,,0.00,N,Not at Intersection,N,Non-Junction,None,,,         ,Samuel,Miller,Clear,Front to Rear,no,no,no,no,no,False
101698862,METROPOLITAN NASHVILLE POLICE DEPT,20170611084,Davidson,Not in City Limit,7/11/2017 4:08:00 PM,1,1,0,36.281820,-86.732070,I 65,,,,0.00,,,,,,,93.50,N,Not at Intersection,N,Non-Junction,None,,,         ,Samuel,Miller,Clear,Not Collision with Motor Vehicle in Transport,no,no,no,no,no,False
101698863,METROPOLITAN NASHVILLE POLICE DEPT,20170611621,Davidson,Not in City Limit,7/11/2017 6:54:00 PM,2,0,0,36.269150,-86.755780,DICKERSON PKE,,,,0.00,,,OLD HICKORY BLVD,,,,0.00,Y,Four-Way,Y,Intersection-Related,None,,,         ,Samuel,Miller,Clear,Front to Rear,no,no,no,no,no,False
101698864,METROPOLITAN NASHVILLE POLICE DEPT,20170611713,Davidson,Not in City Limit,7/11/2017 5:27:00 PM,2,0,0,36.270120,-86.793460,I 24,,,,0.00,,,,,,,41.15,N,Not at Intersection, ,Non-Junction,None,,,         ,Samuel,Miller,Clear,Front to Rear,no,no,no,no,no,False
101698866,METROPOLITAN NASHVILLE POLICE DEPT,20170611074,Davidson,Nashville,7/11/2017 3:57:00 PM,2,1,0,36.152080,-86.753400,I 40,,,,0.00,,,,,,,211.40,N,Not at Intersection,Y,Non-Junction,None,,,         ,Johnathan,Pannell,Clear,"Sideswipe, Same Direction",no,no,no,no,no,False
101698879,METROPOLITAN NASHVILLE POLICE DEPT,20170611472,Davidson,Nashville,7/11/2017 6:16:00 PM,2,0,0,36.109650,-86.720210,I24 W EXT RAMP,,,,0.00,,,I 24,,,,0.00,Y,OTHER, ,Entrance/Exit Ramp Related,None,,,         ,Andrew,Mullen,Clear,Angle,no,no,no,no,yes,False
101698903,METROPOLITAN NASHVILLE POLICE DEPT,20170611088,Davidson,Nashville,7/11/2017 4:08:00 PM,3,2,0,36.151690,-86.677000,ROYAL PKWY,,,,0.00,,,ELM HILL PKE,,,,0.00,Y,Four-Way,N,Intersection,None,,,         ,Jaby,Djabbarov,Clear,Angle,no,no,no,no,no,False
101698904,METROPOLITAN NASHVILLE POLICE DEPT,20170611246,Davidson,Nashville,7/11/2017 5:09:00 PM,2,0,0,36.152070,-86.666410,DONELSON PKE,,,,494.00,Feet,North,OLD ELM HILL PKE,,,,0.00,N,Not at Intersection,N,Non-Junction,None,,,         ,Jaby,Djabbarov,Clear,Angle,no,no,no,no,no,False
101698928,METROPOLITAN NASHVILLE POLICE DEPT,20170611262,Davidson,Nashville,7/11/2017 5:00:00 PM,2,0,0,36.176910,-86.774580,SPRING ST,,,,0.00,,,N 1ST ST,,,,0.00,Y,OTHER,N,Non-Junction,None,,,         ,Michael,Douglas,Clear,Angle,no,no,no,no,yes,False
101698949,METROPOLITAN NASHVILLE POLICE DEPT,20170612001,Davidson,Not in City Limit,7/11/2017 9:41:00 PM,1,0,0,36.270860,-86.879530,OLD HICKORY BLVD,,,,564.00,Feet,North,FREUDEMAN RD,,,,0.00,N,Not at Intersection,N,Non-Junction,None,,,         ,Brandon,Rardin,Clear,Unknown,no,no,no,no,yes,False
101698956,METROPOLITAN NASHVILLE POLICE DEPT,20170612048,Davidson,Nashville,7/11/2017 9:00:00 PM,2,0,0,36.252580,-86.757600,DICKERSON PKE,,,,294.00,Feet,South,BARNETT DR,,,,0.00,N,Not at Intersection,N,Non-Junction,None,,,         ,Bradley,Fort,Clear,Front to Rear,no,no,no,no,yes,False
101698957,METROPOLITAN NASHVILLE POLICE DEPT,20170611374,Davidson,Nashville,7/11/2017 4:37:00 PM,2,0,0,36.151030,-86.750330,I 40,,,,0.00,,,,,,,211.60,N,Not at Intersection, ,,None,,,         ,John,Daugherty,,,no,no,no,no,no,False
101698974,THP District 3 - Nashville,317041220,Davidson,Nashville,7/11/2017 9:21:00 PM,1,0,0,36.045160,-86.779050,I65 N ENT RAMP,,,,0.00,Feet,East,I 65,,,,0.00,N,Not at Intersection,N,Non-Junction,Construction Zone,Laneclosure,Transition Area,         ,Ernest,Young,Clear,Not Collision with Motor Vehicle in Transport,no,no,no,no,no,False
101698998,METROPOLITAN NASHVILLE POLICE DEPT,20170609548,Davidson,Nashville,7/11/2017 5:52:00 AM,2,0,0,36.209390,-86.871450,BRILEY PKWYN,,,,147.00,Feet,South,ASHLAND CITY HWY,,,,0.00,N,Not at Intersection,N,Non-Junction,None,,,         ,Charles,Duke,Clear,Angle,no,no,no,no,no,False
101699014,METROPOLITAN NASHVILLE POLICE DEPT,20170612414,Davidson,Not in City Limit,7/11/2017 10:30:00 PM,2,0,0,36.262900,-86.757320,DICKERSON PKE,,,,112.00,Feet,South,WESTCHESTER DR,,,,0.00,N,Not at Intersection,N,Non-Junction,None,,,         ,Michael,Richardson,Clear,Other,no,no,no,no,yes,False
101699015,METROPOLITAN NASHVILLE POLICE DEPT,20170612376,Davidson,Not in City Limit,7/11/2017 11:37:00 PM,2,0,0,36.282950,-86.730740,I 65,,,,0.00,,,,,,,93.60,N,Not at Intersection, ,Non-Junction,None,,,         ,Patrick,McGinnis,Clear,Other,no,no,no,no,no,False
101699020,METROPOLITAN NASHVILLE POLICE DEPT,20170612447,Davidson,Nashville,7/12/2017 12:15:00 AM,2,0,0,36.151690,-86.801490,HAYES ST,,,,172.00,Feet,East,21ST AVN,,,,0.00,N,Not at Intersection,N,Non-Junction,None,,,         ,Craig,Oakley,Clear,Front to Rear,no,no,no,yes,yes,Campus
101699021,METROPOLITAN NASHVILLE POLICE DEPT,20170612236,Davidson,Nashville,7/11/2017 12:00:00 AM,2,0,0,36.151160,-86.750610,I 40,,,,0.00,,,,,,,211.55,N,Not at Intersection,N,Non-Junction,None,,,         ,Robert,Fondren,Cloudy,"Sideswipe, Same Direction",no,no,no,no,no,False
101699028,METROPOLITAN NASHVILLE POLICE DEPT,20170612408,Davidson,Nashville,7/12/2017 12:00:00 AM,1,0,0,36.231400,-86.773470,RICHMOND HILL DR,,,,0.00,,,CREEKWOOD DR,,,,0.00,Y,Four-Way,N,Unknown,None,,,         ,Craig,Amabile,Clear,Unknown,no,no,no,no,yes,False
101699036,METROPOLITAN NASHVILLE POLICE DEPT,20170607281,Davidson,Nashville,7/10/2017 3:30:00 PM,2,0,0,36.165530,-86.800190,HERMAN ST,,,,29.00,Feet,East,16TH AVN,,,,0.00,N,Not at Intersection, ,Non-Junction,None,,,         ,Charles,Holmes,Clear,Angle,no,no,no,no,yes,False
101699040,METROPOLITAN NASHVILLE POLICE DEPT,20170612870,Davidson,Not in City Limit,7/12/2017 12:00:00 AM,1,1,0,36.080000,-86.957640,I40 E EXT RAMP,,,,0.00,,,I 40,,,,0.00,Y,OTHER,Y,Entrance/Exit Ramp Related,None,,,         ,Jackson,Smythe,Clear,Not Collision with Motor Vehicle in Transport,no,no,no,no,no,False
101699049,GOODLETTSVILLE POLICE DEPT,17-24128,Davidson,Goodlettsville,7/11/2017 1:55:00 AM,2,0,0,36.322273,-86.711752,LONG HOLLOW,PIKE,,,0.00,,,TWO MILE,PIKE,,,0.00,Y,T-Intersection, ,Intersection,None,,,         ,Shane,Farrell,Clear,Angle,no,no,no,no,no,False