master_record_number,agency,agency_tracking_number,county,city,collision_date,vehicles_involved,number_injured,number_dead,latitude,longitude,roadway_name,roadway_suffix,roadway_number,roadway_local_id,distance_from_reference,miles-feet_indicator,direction_from_reference,intersection_road_name,intersection_road_name_suffix,intersection_road_number,intersection_local_id,mile_marker,intersection_indicator,intersect_type,interchange_related_indicator,relation_to_junction,work_zone_type,construction_maintenance_zone,construction_maintenance_zone_location,fatal_case_number,officer_first_name,officer_last_name,weather_condition(s),manner_of_crash,pedestrian,bicycle,scooter,parking,hitrun,mou
101699050,METROPOLITAN NASHVILLE POLICE DEPT,20170607552,Davidson,Nashville,7/10/2017 5:20:00 PM,2,0,0,36.187970,-86.821590,ED TEMPLE BLVD,,,,12.00,Feet,South,ROSA L PARKS BLVD,,,,0.00,N,Not at Intersection, ,Non-Junction,None,,,         ,Charles,Holmes,Clear,Front to Rear,no,no,no,no,yes,False
101699109,METROPOLITAN NASHVILLE POLICE DEPT,2017-0613361,Davidson,Nashville,7/12/2017 6:12:00 AM,2,0,0,36.040020,-86.765910,OLD HICKORY BLVD,,,,155.00,Feet,West,HEARTHSTONE MANOR LN,,,,0.00,N,Not at Intersection,N,Non-Junction,None,,,         ,Jonathan,Seidl,Clear,"Sideswipe, Same Direction",no,no,no,no,no,False
101699122,METROPOLITAN NASHVILLE POLICE DEPT,20170613454,Davidson,Nashville,7/12/2017 7:11:00 AM,2,0,0,36.162640,-86.618360,I 40,,,,0.00,,,,,,,219.80,N,Not at Intersection,N,Non-Junction,None,,,         ,Michael,Dance,Clear,Front to Rear,no,no,no,no,no,False
101699143,METROPOLITAN NASHVILLE POLICE DEPT,20170613382,Davidson,Nashville,7/12/2017 6:24:00 AM,2,0,0,36.216840,-86.623530,OLD HICKORY BLVD,,,,0.00,,,2ND ST,,,,0.00,Y,Four-Way, ,Intersection-Related,None,,,         ,James,Curtis,Clear,Front to Rear,no,no,no,no,no,False
101699144,METROPOLITAN NASHVILLE POLICE DEPT,20170613436,Davidson,Nashville,7/12/2017 12:00:00 AM,2,0,0,36.206020,-86.806830,ROY ST,,,,441.00,Feet,South,YOUNGS LN,,,,0.00,N,Not at Intersection,N,Non-Junction,None,,,         ,Royce,McLester,Unknown,Front to Rear,no,no,no,no,yes,False
101699150,METROPOLITAN NASHVILLE POLICE DEPT,2017-0613434,Davidson,Nashville,7/12/2017 6:51:00 AM,2,0,0,36.043670,-86.713070,NOLENSVILLE PKE,,,,211.00,Feet,South,BRENTWOOD EAST DR,,,,0.00,N,Not at Intersection,N,Non-Junction,None,,,         ,William,Whitworth,Clear,Front to Rear,no,no,no,no,no,False
101699153,METROPOLITAN NASHVILLE POLICE DEPT,20170613500,Davidson,Nashville,7/12/2017 7:40:00 AM,2,0,0,36.184860,-86.759280,CLEVELAND ST,,,,0.00,,,ELLINGTON PKWY N ENT RAMP,,,,0.00,Y,T-Intersection, ,Entrance/Exit Ramp Related,None,,,         ,Richard,Conger,Clear,Front to Rear,no,no,no,no,no,False
101699157,METROPOLITAN NASHVILLE POLICE DEPT,20170613407,Davidson,Nashville,7/12/2017 6:45:00 AM,2,0,0,36.170880,-86.876450,COCKRILL BEND BLVD,,,,256.00,Feet,East,WESTBELT DR,,,,0.00,N,Not at Intersection, ,Non-Junction,None,,,         ,George,Spencer,Clear,Front to Rear,no,no,no,no,no,False
101699160,METROPOLITAN NASHVILLE POLICE DEPT,20170613528,Davidson,Nashville,7/12/2017 7:48:00 AM,2,0,0,36.115880,-86.784710,I 440,,,,0.00,,,,,,,4.30,N,Not at Intersection,N,Non-Junction,None,,,         ,Nathan,Kemp,Clear,Front to Rear,no,no,no,no,no,False
101699166,METROPOLITAN NASHVILLE POLICE DEPT,20170613637,Davidson,Nashville,7/12/2017 8:22:00 AM,2,0,0,36.149790,-86.857930,WHITE BRIDGE PKE,,,,132.00,Feet,South,CHARLOTTE PKE,,,,0.00,N,Not at Intersection, ,,None,,,         ,Curtis,Rich,,,no,no,no,no,no,False
101699169,METROPOLITAN NASHVILLE POLICE DEPT,20170613584,Davidson,Nashville,7/12/2017 8:12:00 AM,1,1,0,36.137200,-86.699670,BRILEY PKWY,,,,0.00,,,GLASTONBURY RD,,,,0.00,Y,T-Intersection,N,Intersection,None,,,         ,Ralph,Harvey,Clear,Not Collision with Motor Vehicle in Transport,no,no,no,no,no,False
101699172,GOODLETTSVILLE POLICE DEPT,17-24260,Davidson,Goodlettsville,7/12/2017 6:48:00 AM,2,0,0,36.305901,-86.702793,VIETNAM VETERANS BLVD,,SR386,BYPASS,2500.00,Feet,South,CONFERENCE DR.,,,,0.00,N,Not at Intersection, ,Non-Junction,None,,,         ,John,Spencer,Clear,Front to Rear,no,no,no,no,no,False
101699173,METROPOLITAN NASHVILLE POLICE DEPT,20170613675,Davidson,Nashville,7/12/2017 8:41:00 AM,3,0,0,36.127690,-86.815270,I 440,,,,0.00,,,,,,,2.20,N,Not at Intersection, ,Non-Junction,None,,,         ,Nathan,Kemp,Clear,Front to Rear,no,no,no,no,no,False
101699185,METROPOLITAN NASHVILLE POLICE DEPT,20170610725,Davidson,Nashville,7/11/2017 1:19:00 PM,1,1,0,36.161090,-86.775670,3RD AVS,,,,186.00,Feet,South,BROADWAY,,,,0.00,N,Not at Intersection,N,"Driveway, Alley Access, etc",None,,,         ,Amery,Milligan,Clear,Not Collision with Motor Vehicle in Transport,no,yes,no,no,no,False
101699192,METROPOLITAN NASHVILLE POLICE DEPT,20170613853,Davidson,Not in City Limit,7/12/2017 9:00:00 AM,1,0,0,36.118640,-86.976710,OLD CHARLOTTE PKE,,,,851.00,Feet,West,OLD CHARLOTTE PKE PVTDR,,,,0.00,N,Not at Intersection,N,Non-Junction,None,,,         ,Curtis,Rich,Clear,Not Collision with Motor Vehicle in Transport,no,no,no,no,yes,False
101699198,METROPOLITAN NASHVILLE POLICE DEPT,2017-0613727,Davidson,Antioch,7/12/2017 8:55:00 AM,2,0,0,36.028956,-86.589985,LAVERGNE COUCHVILLE,PIKE,,,214.00,Feet,North,MURFREESBORO,PIKE,US70 S,,0.00,N,Not at Intersection, ,"Driveway, Alley Access, etc",None,,,         ,William,Whitworth,Clear,Front to Rear,no,no,no,no,no,False
101699203,METROPOLITAN NASHVILLE POLICE DEPT,20170613762,Davidson,Nashville,7/12/2017 8:32:00 AM,2,0,0,36.152370,-86.753780,I 40,,,,0.00,,,,,,,211.35,N,Not at Intersection, ,Non-Junction,None,,,         ,Michael,Dance,Clear,"Sideswipe, Same Direction",no,no,no,no,no,False
101699214,METROPOLITAN NASHVILLE POLICE DEPT,20170613944,Davidson,Nashville,7/12/2017 9:40:00 AM,1,0,0,36.153830,-86.845210,I 40,,,,0.00,,,,,,,204.65,N,Not at Intersection, ,,None,,,         ,Paul,Junkmann,,,no,no,no,no,no,False
101699218,METROPOLITAN NASHVILLE POLICE DEPT,20170613776,Davidson,Nashville,7/12/2017 9:09:00 AM,1,0,0,36.144220,-86.697380,I 40,,,,0.00,,,,,,,214.90,N,Not at Intersection,N,Non-Junction,None,,,         ,James,Curtis,Clear,Not Collision with Motor Vehicle in Transport,no,no,no,no,no,False
101699238,METROPOLITAN NASHVILLE POLICE DEPT,20170613998,Davidson,Not in City Limit,7/12/2017 10:25:00 AM,2,0,0,36.045580,-86.949910,HIGHWAY 100,,,,195.00,Feet,East,CLAXTON CT,,,,0.00,N,Not at Intersection, ,Non-Junction,None,,,         ,Christopher,Taylor,Clear,Front to Rear,no,no,no,no,no,False
101699256,METROPOLITAN NASHVILLE POLICE DEPT,20170613949,Davidson,Nashville,7/12/2017 10:12:00 AM,2,0,0,36.130010,-86.838650,HARDING PKE,,,,0.00,,,MONTGOMERY BELL AV,,,,0.00,Y,T-Intersection, ,Intersection,None,,,         ,Curtis,Rich,Clear,Angle,no,no,no,no,no,False
101699258,METROPOLITAN NASHVILLE POLICE DEPT,2017-0614071,Davidson,Nashville,7/12/2017 10:55:00 AM,2,0,0,36.156310,-86.807250,22ND AVN,,,,0.00,,,CHARLOTTE AV,,,,0.00,Y,Four-Way, ,Intersection,None,,,         ,Jonathan,Seidl,Clear,Front to Rear,no,no,no,no,no,False
101699284,METROPOLITAN NASHVILLE POLICE DEPT,20170614028,Davidson,Goodlettsville,7/12/2017 10:36:00 AM,2,0,0,36.285170,-86.692630,MYATT DR,,,,0.00,,,NORTHGATE BUSINESS PKWY,,,,0.00,Y,T-Intersection, ,Intersection,None,,,         ,Thomas,Odom,Clear,"Sideswipe, Same Direction",no,no,no,no,no,False
101699285,METROPOLITAN NASHVILLE POLICE DEPT,20170614190,Davidson,Not in City Limit,7/12/2017 11:32:00 AM,2,0,0,36.267190,-86.703530,CUMBERLAND AV,,,,0.00,,,DELAWARE AV,,,,0.00,Y,Four-Way, ,Intersection,None,,,         ,Thomas,Odom,Clear,Angle,no,no,no,no,no,False
101699289,METROPOLITAN NASHVILLE POLICE DEPT,20170614217,Davidson,Nashville,7/12/2017 11:45:00 AM,2,0,0,36.152180,-86.842760,CHARLOTTE AV,,,,157.00,Feet,West,46TH AVN,,,,0.00,N,Not at Intersection, ,,None,,,         ,Curtis,Rich,,,no,no,no,no,no,False
101699308,METROPOLITAN NASHVILLE POLICE DEPT,20170614263,Davidson,Nashville,7/12/2017 12:00:00 PM,2,0,0,36.111180,-86.755410,THOMPSON LN,,,,52.00,Feet,West,SIDCO DR,,,,0.00,N,Not at Intersection,N,Non-Junction,None,,,         ,Russell,Freeman,Clear,Front to Rear,no,no,no,no,yes,False
101699321,METROPOLITAN NASHVILLE POLICE DEPT,20170613678,Davidson,Nashville,7/12/2017 8:40:00 AM,3,1,0,36.127330,-86.850840,WHITE BRIDGE PKE,,,,409.00,Feet,East,POST PL,,,,0.00,N,Not at Intersection,N,Non-Junction,None,,,         ,Gregory,McDaniel,Clear,Front to Rear,no,no,no,no,no,False
101699323,METROPOLITAN NASHVILLE POLICE DEPT,20170614233,Davidson,Nashville,7/12/2017 11:48:00 AM,2,2,0,36.150040,-86.675930,ROYAL PKWY,,,,0.00,,,PERIMETER PLACE DR,,,,0.00,Y,T-Intersection,N,Intersection,None,,,         ,James,Curtis,Clear,Angle,no,no,no,no,no,False
101699382,METROPOLITAN NASHVILLE POLICE DEPT,20170615318,Davidson,Nashville,7/12/2017 6:12:00 PM,2,0,0,36.086880,-86.696620,HARDING PL,,,,196.00,Feet,West,S PERIMETER PARK DR,,,,0.00,N,Not at Intersection, ,Non-Junction,None,,,         ,William,Durham,Clear,Front to Rear,no,no,no,no,no,False
101699430,METROPOLITAN NASHVILLE POLICE DEPT,20170616613,Davidson,Not in City Limit,7/13/2017 12:57:00 AM,1,0,0,36.271950,-86.821090,OLD HICKORY BLVD,,,,1253.00,Feet,West,WHITES CREEK PKE,,,,0.00,N,Not at Intersection,N,Non-Junction,None,,,         ,James,Murphy,Clear,Not Collision with Motor Vehicle in Transport,no,no,no,no,no,False
101699445,METROPOLITAN NASHVILLE POLICE DEPT,20170616045,Davidson,Nashville,7/12/2017 10:20:00 PM,2,0,0,36.154600,-86.786200,12TH AVS,,,,0.00,,,DEMONBREUN ST,,,,0.00,Y,Four-Way, ,Intersection-Related,None,,,         ,Hunter,Fikes,Clear,Angle,no,no,no,no,no,False
101699448,METROPOLITAN NASHVILLE POLICE DEPT,20170614585,Davidson,Nashville,7/12/2017 1:49:00 PM,2,0,0,36.147090,-86.768090,4TH AVS,,,,227.00,Feet,North,MILDRED SHUTE AV,,,,0.00,N,Not at Intersection, ,,None,,,         ,Nathan,Kemp,,,no,no,no,no,no,False
101699454,METROPOLITAN NASHVILLE POLICE DEPT,20170616367,Davidson,Nashville,7/13/2017 12:00:00 AM,2,0,0,36.140570,-86.731900,I 24,,,,0.00,,,,,,,51.60,N,Not at Intersection, ,Entrance/Exit Ramp Related,None,,,         ,Austin,Childress,Clear,"Sideswipe, Same Direction",no,no,no,no,no,False
101699455,METROPOLITAN NASHVILLE POLICE DEPT,20170617358,Davidson,Not in City Limit,7/13/2017 12:00:00 AM,1,0,0,36.031930,-86.967920,PASQUO RD,,,,0.00,,,UNION BRIDGE RD,,,,0.00,Y,T-Intersection,N,Intersection,None,,,         ,Jackson,Smythe,Clear,Not Collision with Motor Vehicle in Transport,no,no,no,no,yes,False
101699459,METROPOLITAN NASHVILLE POLICE DEPT,20170614630,Davidson,Nashville,7/12/2017 1:50:00 PM,2,0,0,36.154320,-86.742130,LEBANON PKE,,,,0.00,,,FESSLERS LN,,,,0.00,Y,T-Intersection, ,Intersection,None,,,         ,William,Mckay,Clear,"Sideswipe, Same Direction",no,no,no,no,no,False
101699462,METROPOLITAN NASHVILLE POLICE DEPT,20170616555,Davidson,Nashville,7/13/2017 1:04:00 AM,2,0,0,36.140800,-86.732460,I 40,,,,0.00,,,,,,,213.00,N,Not at Intersection,N,Non-Junction,None,,,         ,Dale,Dameron,Clear,"Sideswipe, Same Direction",no,no,no,no,yes,False
101699487,METROPOLITAN NASHVILLE POLICE DEPT,20170617395,Davidson,Nashville,7/12/2017 9:35:00 PM,2,0,0,36.235160,-86.788780,EWINGWOOD DR,,,,0.00,,,,,,,0.00,,,N,Non-Junction,None,,,         ,Geoffrey,Daugherty,Clear,Unknown,no,no,no,no,yes,False
101699488,METROPOLITAN NASHVILLE POLICE DEPT,20170614317,Davidson,Nashville,7/12/2017 12:25:00 PM,2,0,0,36.152140,-86.782300,GLEAVES ST,,,,0.00,,,OVERTON ST,,,,0.00,Y,T-Intersection, ,Non-Junction,None,,,         ,Catherine,Poole,Clear,Front to Rear,no,no,no,no,no,False
101699516,METROPOLITAN NASHVILLE POLICE DEPT,20170614524,Davidson,Nashville,7/12/2017 1:30:00 PM,2,0,0,36.045740,-86.674350,BELL RD,,,,0.00,,,BLUE HOLE RD,,,,0.00,Y,Four-Way, ,Intersection,None,,,         ,Randall,Combs,Clear,Other,no,no,no,no,no,False
101699517,METROPOLITAN NASHVILLE POLICE DEPT,20170614491,Davidson,Nashville,7/12/2017 1:22:00 PM,2,0,0,36.168860,-86.684180,LEBANON PKE,,,,110.00,Feet,East,THE CROSSINGS PVTDR,,,,0.00,N,Not at Intersection, ,,None,,,         ,James,Curtis,,,no,no,no,no,no,False
101699539,METROPOLITAN NASHVILLE POLICE DEPT,20170617500,Davidson,Nashville,7/13/2017 7:15:00 AM,3,0,0,36.108570,-86.769320,I 65,,,,0.00,,,,,,,79.60,N,Not at Intersection,N,Non-Junction,None,,,         ,Nathan,Kemp,Clear,Front to Rear,no,no,no,no,no,False
101699554,METROPOLITAN NASHVILLE POLICE DEPT,20170617494,Davidson,Nashville,7/13/2017 7:11:00 AM,2,0,0,36.149670,-86.859930,OCEOLA AV,,,,0.00,Feet,,CHARLOTTE PKE,,,,0.00,Y,OTHER,N,Intersection-Related,None,,,         ,Curtis,Rich,Clear,Angle,no,no,no,no,no,False
101699562,METROPOLITAN NASHVILLE POLICE DEPT,20170614836,Davidson,Nashville,7/12/2017 3:30:00 PM,2,0,0,36.184910,-86.797460,I 65,,,,0.00,,,,,,,85.40,N,Not at Intersection,N,Non-Junction,None,,,         ,Landon,Bagwell,Clear,Front to Rear,no,no,no,no,no,False
101699568,METROPOLITAN NASHVILLE POLICE DEPT,20170617496,Davidson,Nashville,7/13/2017 7:08:00 AM,2,0,0,36.151110,-86.750510,I 40,,,,0.00,,,,,,,211.55,N,Not at Intersection, ,Non-Junction,None,,,         ,Michael,Dance,Clear,Front to Rear,no,no,no,no,no,False
101699569,METROPOLITAN NASHVILLE POLICE DEPT,20170614624,Davidson,Nashville,7/12/2017 2:02:00 PM,1,1,0,36.156980,-86.832730,CLIFTON AV,,,,0.00,,,ALAMEDA ST,,,,0.00,Y,Four-Way,N,Intersection-Related,None,,,         ,Matthew,Carson,Clear,Not Collision with Motor Vehicle in Transport,no,no,no,no,no,False
101699581,METROPOLITAN NASHVILLE POLICE DEPT,20170614296,Davidson,Nashville,7/12/2017 12:08:00 PM,2,0,0,36.103480,-86.741740,NOLENSVILLE PKE,,,,0.00,,,,,,,0.00,,, ,OtherLocation,None,,,         ,Darrell,Osment,Cloudy,Other,no,no,no,no,no,False
101699588,METROPOLITAN NASHVILLE POLICE DEPT,20170617629,Davidson,Nashville,7/13/2017 7:55:00 AM,2,0,0,36.109690,-86.671460,KNAPP BLVD,,,,0.00,,,DONELSON PKE,,,,0.00,Y,Four-Way, ,,None,,,         ,Brian,Ewing,,,no,no,no,no,no,False
101699590,METROPOLITAN NASHVILLE POLICE DEPT,20170617621,Davidson,Nashville,7/13/2017 7:21:00 AM,2,0,0,36.205710,-86.776560,I 65,,,,0.00,,,,,,,87.25,N,Not at Intersection, ,,None,,,         ,Michael,McCord,,,no,no,no,no,no,False
101699594,METROPOLITAN NASHVILLE POLICE DEPT,20170617599,Davidson,Nashville,7/13/2017 7:45:00 AM,2,0,0,36.164860,-86.767910,S 2ND ST,,,,0.00,,,SHELBY AV,,,,0.00,Y,Four-Way, ,Intersection,None,,,         ,William,Gibbs,Clear,Front to Rear,no,no,no,no,no,False
101699597,METROPOLITAN NASHVILLE POLICE DEPT,20170617567,Davidson,Nashville,7/13/2017 7:30:00 AM,2,0,0,36.250490,-86.741170,I 65,,,,0.00,,,,,,,91.25,N,Not at Intersection, ,Non-Junction,None,,,         ,Thomas,Odom,Clear,"Sideswipe, Same Direction",no,no,no,no,no,False
101699598,METROPOLITAN NASHVILLE POLICE DEPT,20170617554,Davidson,Nashville,7/13/2017 7:39:00 AM,2,0,0,36.245280,-86.746170,I 65,,,,0.00,,,,,,,90.80,N,Not at Intersection,N,Non-Junction,None,,,         ,Thomas,Odom,Clear,Front to Rear,no,no,no,no,no,False
101699599,METROPOLITAN NASHVILLE POLICE DEPT,20170617584,Davidson,Nashville,7/13/2017 7:46:00 AM,2,0,0,36.152480,-86.773240,5TH AVS,,,,0.00,,,LAFAYETTE ST,,,,0.00,Y,Four-Way, ,Intersection-Related,None,,,         ,Byron,Carter,Clear,Rear to Side,no,no,no,no,no,False
101699608,GOODLETTSVILLE POLICE DEPT,17-24400,Davidson,Goodlettsville,7/13/2017 8:35:00 AM,2,0,0,36.325300,-86.707160,CARTWRIGHT ST,,,,0.00,,,E CEDAR ST,,,,0.00,Y,Four-Way,N,Intersection,None,,,         ,Rico,Jones,Clear,Angle,no,no,no,no,no,False
101699650,METROPOLITAN NASHVILLE POLICE DEPT,20170617764,Davidson,Nashville,7/13/2017 8:36:00 AM,5,1,0,36.143380,-86.686870,I 40,,,,0.00,,,,,,,215.45,N,Not at Intersection,N,Non-Junction,None,,,         ,Michael,Dance,Clear,Front to Rear,no,no,no,no,no,False
101699661,METROPOLITAN NASHVILLE POLICE DEPT,2017-0614601,Davidson,Nashville,7/12/2017 1:55:00 PM,3,0,0,36.152310,-86.787130,I 40,,,,0.00,,,,,,,209.40,N,Not at Intersection, ,Non-Junction,None,,,         ,Jonathan,Seidl,Clear,Front to Rear,no,no,no,no,no,False
101699668,METROPOLITAN NASHVILLE POLICE DEPT,20170617523,Davidson,Not in City Limit,7/13/2017 7:21:00 AM,3,1,0,36.313010,-86.830740,I 24,,,,0.00,,,,,,,37.40,N,Not at Intersection,N,Non-Junction,None,,,         ,Michael,Parman,Clear,Front to Rear,no,no,no,no,no,False
101699670,METROPOLITAN NASHVILLE POLICE DEPT,20170614489,Davidson,Nashville,7/12/2017 1:00:00 PM,2,0,0,36.160050,-86.622080,I 40,,,,0.00,,,,,,,219.45,N,Not at Intersection,N,Non-Junction,None,,,         ,Michael,Dance,Clear,"Sideswipe, Same Direction",no,no,no,no,yes,False
101699676,METROPOLITAN NASHVILLE POLICE DEPT,20170617794,Davidson,Nashville,7/13/2017 8:45:00 AM,2,0,0,36.141310,-86.665240,I 40,,,,0.00,,,,,,,218.00,N,Not at Intersection,N,Non-Junction,None,,,         ,Scott,Toney,Clear,Front to Rear,no,no,no,no,no,False
101699680,METROPOLITAN NASHVILLE POLICE DEPT,20170617899,Davidson,Nashville,7/13/2017 9:11:00 AM,2,1,0,36.152030,-86.846880,CHARLOTTE AV,,,,97.00,Feet,East,50TH AVN,,,,0.00,N,Not at Intersection,N,Non-Junction,None,,,         ,Curtis,Rich,Clear,Angle,no,no,no,no,no,False
101699685,METROPOLITAN NASHVILLE POLICE DEPT,20170617952,Davidson,Nashville,7/13/2017 9:42:00 AM,2,0,0,36.148750,-86.666020,ELM HILL PKE,,,,81.00,Feet,East,DONELSON PKE,,,,0.00,N,Not at Intersection, ,Non-Junction,None,,,         ,James,Curtis,Clear,Front to Rear,no,no,no,no,no,False
101699694,METROPOLITAN NASHVILLE POLICE DEPT,20170617859,Davidson,Nashville,7/13/2017 9:07:00 AM,2,0,0,36.141310,-86.655960,I 40,,,,0.00,,,,,,,217.80,N,Not at Intersection, ,Non-Junction,None,,,         ,James,Curtis,Clear,Front to Rear,no,no,no,no,no,False
101699707,METROPOLITAN NASHVILLE POLICE DEPT,20170618085,Davidson,Nashville,7/13/2017 10:39:00 AM,2,0,0,36.152820,-86.683410,ELM HILL PKE,,,,0.00,,,MCGAVOCK PKE,,,,0.00,Y,Four-Way,N,Intersection,None,,,         ,Michael,Dance,Clear,Front to Rear,no,no,no,no,no,False
101699740,METROPOLITAN NASHVILLE POLICE DEPT,20170618192,Davidson,Nashville,7/13/2017 11:20:00 AM,2,1,0,36.102240,-86.797890,GRANNY WHITE PKE,,,,0.00,,,WOODVALE DR,,,,0.00,Y,T-Intersection,N,Intersection,None,,,         ,Nathan,Kemp,Clear,Angle,no,no,no,no,no,False
101699745,METROPOLITAN NASHVILLE POLICE DEPT,2017-0618098,Davidson,Nashville,7/13/2017 10:37:00 AM,1,0,0,36.156060,-86.775530,5TH AVS,,,,210.00,Feet,South,KOREAN VETERANS BLVD,,,,0.00,N,Not at Intersection, ,Non-Junction,Construction Zone,,,         ,Kevin,Johnson,Clear,Not Collision with Motor Vehicle in Transport,no,no,no,no,no,False
101699747,METROPOLITAN NASHVILLE POLICE DEPT,20170618279,Davidson,Nashville,7/13/2017 12:00:00 PM,2,0,0,36.129650,-86.839730,HARDING PKE,,,,59.00,Feet,West,VINE CT,,,,0.00,N,Not at Intersection, ,Non-Junction,None,,,         ,Curtis,Rich,Clear,Front to Rear,no,no,no,no,no,False
101699759,METROPOLITAN NASHVILLE POLICE DEPT,20170618103,Davidson,Nashville,7/13/2017 10:30:00 AM,2,1,0,36.128220,-86.818990,VICTORIA PK,,,,0.00,,,WYN OAK,,,,0.00,Y,T-Intersection,N,"Driveway, Alley Access, etc",None,,,         ,Gregory,McDaniel,Clear,Angle,no,no,no,yes,no,False
101699761,BELLE MEADE POLICE DEPT,17-0200,Davidson,Belle Meade,7/13/2017 10:25:00 AM,2,0,0,36.111580,-86.848370,WESTVIEW AV,,,,544.00,Feet,South,LYNNWOOD BLVD,,,,0.00,N,Not at Intersection, ,Non-Junction,Utility Zone,,,         ,Dale,Corter,Clear,"Sideswipe, Opposite Direction",no,no,no,no,no,False
101699781,METROPOLITAN NASHVILLE POLICE DEPT,20170618344,Davidson,Nashville,7/13/2017 12:26:00 PM,2,0,0,36.040430,-86.768350,SEVEN SPRINGS WAY,,,,65.00,Feet,North,OLD HICKORY BLVD,,,,0.00,N,Not at Intersection, ,Non-Junction,None,,,         ,Nathan,Kemp,Clear,Rear to Side,no,no,no,no,no,False
101699782,METROPOLITAN NASHVILLE POLICE DEPT,20170617596,Davidson,Nashville,7/13/2017 7:49:00 AM,2,0,0,36.074420,-86.745340,BLACKMAN RD,,,,183.00,Feet,East,DANBY DR,,,,0.00,N,Not at Intersection, ,Non-Junction,None,,,         ,Phillip,Murphy,Clear,Front to Rear,no,no,no,no,no,False
101699783,METROPOLITAN NASHVILLE POLICE DEPT,20170610634,Davidson,Nashville,7/11/2017 12:50:00 PM,2,0,0,36.114420,-86.692670,MURFREESBORO PKE,,,,520.00,Feet,East,PINEWAY DR,,,,0.00,N,Not at Intersection,N,Non-Junction,None,,,         ,Kevin,Coleman,Clear,Angle,no,no,no,no,no,False
101699796,METROPOLITAN NASHVILLE POLICE DEPT,20170618225,Davidson,Nashville,7/13/2017 11:35:00 AM,2,0,0,36.185300,-86.636500,JACKSON DOWNS BLVD,,,,0.00,,,LEBANON PKE,,,,0.00,Y,T-Intersection,N,Intersection,None,,,         ,Michael,Dance,Clear,Front to Rear,no,no,no,no,yes,False
101699805,METROPOLITAN NASHVILLE POLICE DEPT,20170618364,Davidson,Nashville,7/13/2017 12:30:00 PM,2,0,0,36.079450,-86.726780,HARDING PL,,,,150.00,Feet,West,NOLENSVILLE PKE,,,,0.00,N,Not at Intersection, ,Non-Junction,None,,,         ,Russell,Freeman,Clear,HeadOn,no,no,no,no,no,False
101699839,METROPOLITAN NASHVILLE POLICE DEPT,20170614951,Davidson,Nashville,7/12/2017 4:06:00 PM,2,0,0,36.037620,-86.782510,I65 N EXT RAMP,,,,0.00,,,I 65,,,,0.00,Y,Four-Way, ,Entrance/Exit Ramp Related,None,,,         ,Tien,Nguyen,Clear,Front to Rear,no,no,no,no,no,False
101699840,METROPOLITAN NASHVILLE POLICE DEPT,20170615134,Davidson,Nashville,7/12/2017 5:06:00 PM,2,0,0,36.088320,-86.791000,BATTERY LN,,,,0.00,,,LEALAND LN,,,,0.00,Y,Four-Way,N,Intersection-Related,None,,,         ,Tien,Nguyen,Clear,Front to Rear,no,no,no,no,no,False
101699859,METROPOLITAN NASHVILLE POLICE DEPT,20170617718,Davidson,Nashville,7/13/2017 8:26:00 AM,2,0,0,36.077530,-86.732330,HARDING PL,,,,237.00,Feet,West,MILNER DR,,,,0.00,N,Not at Intersection, ,Non-Junction,None,,,         ,Phillip,Murphy,Cloudy,"Sideswipe, Same Direction",no,no,no,no,no,False
101699899,METROPOLITAN NASHVILLE POLICE DEPT,20170618443,Davidson,Nashville,7/13/2017 12:55:00 PM,2,0,0,36.211000,-86.838930,FAIRVIEW DR,,,,0.00,,,CLARKSVILLE PKE,,,,0.00,Y,Four-Way,Y,Intersection,None,,,         ,Michael,Parman,Clear,Angle,no,no,no,no,no,False
101699906,METROPOLITAN NASHVILLE POLICE DEPT,20170618408,Davidson,Nashville,7/13/2017 12:48:00 PM,2,0,0,36.156850,-86.807440,22ND AVN,,,,204.00,Feet,North,CHARLOTTE AV,,,,0.00,N,Not at Intersection, ,Non-Junction,None,,,         ,Isaac,Wood,Rain,Front to Rear,no,no,no,no,no,False
101699933,METROPOLITAN NASHVILLE POLICE DEPT,20170618603,Davidson,Nashville,7/13/2017 1:45:00 PM,1,0,0,36.221640,-86.837430,CLARKSVILLE PKE,,,,0.00,,,FAIRMEADE DR,,,,0.00,Y,T-Intersection,N,Non-Junction,None,,,         ,Michael,Parman,Clear,Not Collision with Motor Vehicle in Transport,no,no,no,no,no,False
101699936,METROPOLITAN NASHVILLE POLICE DEPT,20170618547,Davidson,Not in City Limit,7/13/2017 1:50:00 PM,2,2,0,36.107910,-86.927430,I 40,,,,0.00,,,,,,,198.95,N,Not at Intersection,N,Non-Junction,None,,,         ,Curtis,Rich,Rain,Angle,no,no,no,no,no,False
101699937,METROPOLITAN NASHVILLE POLICE DEPT,20170614850,Davidson,Nashville,7/12/2017 3:42:00 PM,1,1,0,36.227530,-86.688380,PENNINGTON BEND RD,,,,1564.00,Feet,North,VALLEY BEND DR,,,,0.00,N,Not at Intersection,N,Non-Junction,None,,,         ,Tyler,Maupin,Clear,Not Collision with Motor Vehicle in Transport,no,no,no,no,no,False