master_record_number,agency,agency_tracking_number,county,city,collision_date,vehicles_involved,number_injured,number_dead,latitude,longitude,roadway_name,roadway_suffix,roadway_number,roadway_local_id,distance_from_reference,miles-feet_indicator,direction_from_reference,intersection_road_name,intersection_road_name_suffix,intersection_road_number,intersection_local_id,mile_marker,intersection_indicator,intersect_type,interchange_related_indicator,relation_to_junction,work_zone_type,construction_maintenance_zone,construction_maintenance_zone_location,fatal_case_number,officer_first_name,officer_last_name,weather_condition(s),manner_of_crash,pedestrian,bicycle,scooter,parking,hitrun,mou
101699938,METROPOLITAN NASHVILLE POLICE DEPT,20170615292,Davidson,Nashville,7/12/2017 5:36:00 PM,2,0,0,36.183170,-86.677460,MCGAVOCK PKE,,,,0.00,Feet,,TWO RIVERS PKWY,,,,0.00,Y,T-Intersection,N,Intersection-Related,None,,,         ,Tyler,Maupin,Clear,Front to Rear,no,no,no,no,yes,False
101699942,METROPOLITAN NASHVILLE POLICE DEPT,20170618628,Davidson,Nashville,7/13/2017 1:48:00 PM,2,0,0,36.133650,-86.726910,I24E,,,,60.00,Feet,East,I24 W EXT RAMP,,,,0.00,N,Not at Intersection,N,Entrance/Exit Ramp Related,None,,,         ,Tien,Nguyen,Clear,Front to Rear,no,no,no,no,no,False
101700002,METROPOLITAN NASHVILLE POLICE DEPT,20170614986,Davidson,Nashville,7/12/2017 12:00:00 AM,2,0,0,36.215400,-86.588510,LEBANON PKE,,,,0.00,,,BIG HORN DR,,,,0.00,Y,Four-Way,N,Intersection,None,,,         ,Kimberly,Annson,Clear,Front to Rear,no,no,no,no,yes,False
101700003,METROPOLITAN NASHVILLE POLICE DEPT,20170615468,Davidson,Nashville,7/12/2017 7:11:00 PM,1,1,0,36.179640,-86.612950,MAGNUM DR,,,,157.00,Feet,East,DODSON CHAPEL RD,,,,0.00,N,Not at Intersection,N,"Driveway, Alley Access, etc",None,,,         ,Kimberly,Annson,Clear,Not Collision with Motor Vehicle in Transport,yes,no,no,yes,no,False
101700004,METROPOLITAN NASHVILLE POLICE DEPT,20170615375,Davidson,Nashville,7/12/2017 6:30:00 PM,2,0,0,36.171370,-86.752340,SHELBY AV,,,,0.00,,,S 10TH ST,,,,0.00,Y,Four-Way, ,Intersection-Related,None,,,         ,Alexander,Georgeson,Clear,Front to Rear,no,no,no,no,no,False
101700005,METROPOLITAN NASHVILLE POLICE DEPT,20170614682,Davidson,Nashville,7/12/2017 2:37:00 PM,2,3,0,36.195900,-86.621560,LEBANON PKE,,,,122.00,Feet,North,BONNASPRING DR,,,,0.00,N,Not at Intersection,N,Non-Junction,None,,,         ,Codey,Mullins,Clear,"Sideswipe, Same Direction",no,no,no,no,no,False
101700007,METROPOLITAN NASHVILLE POLICE DEPT,20170618629,Davidson,Nashville,7/13/2017 2:12:00 PM,2,0,0,36.169950,-86.591270,I 40,,,,0.00,,,,,,,221.40,N,Not at Intersection, ,,None,,,         ,Michael,Dance,,,no,no,no,no,no,False
101700008,METROPOLITAN NASHVILLE POLICE DEPT,20170614889,Davidson,Nashville,7/12/2017 3:43:00 PM,2,0,0,36.152060,-86.666410,DONELSON PKE,,,,508.00,Feet,North,OLD ELM HILL PKE,,,,0.00,N,Not at Intersection,N,OtherLocation,None,,,         ,Jaby,Djabbarov,Clear,"Sideswipe, Same Direction",no,no,no,yes,yes,False
101700015,METROPOLITAN NASHVILLE POLICE DEPT,20170611373,Davidson,Nashville,7/12/2017 12:00:00 AM,2,0,0,36.149600,-86.747420,I 40,,,,0.00,,,,,,,211.75,N,Not at Intersection, ,Non-Junction,None,,,         ,John,Daugherty,Clear,"Sideswipe, Same Direction",no,no,no,no,no,False
101700028,METROPOLITAN NASHVILLE POLICE DEPT,20170617652,Davidson,Nashville,7/13/2017 8:06:00 AM,1,0,0,36.114120,-86.724390,I 24,,,,0.00,,,,,,,53.35,N,Not at Intersection,N,Non-Junction,None,,,         ,Stephen,Soule,Clear,Not Collision with Motor Vehicle in Transport,no,no,no,no,no,False
101700101,METROPOLITAN NASHVILLE POLICE DEPT,20170615484,Davidson,Nashville,7/12/2017 5:24:00 PM,2,0,0,36.187920,-86.798480,DOMINICAN DR,,,,0.00,,,ROSA L PARKS BLVD,,,,0.00,Y,Four-Way, ,Intersection-Related,None,,,         ,Matthew,Boguskie,Clear,Front to Rear,no,no,no,no,no,False
101700103,METROPOLITAN NASHVILLE POLICE DEPT,20170614746,Davidson,Goodlettsville,7/12/2017 3:02:00 PM,2,0,0,36.302750,-86.691850,GALLATIN PKEN,,,,0.00,,,CONFERENCE DR,,,,0.00,Y,Four-Way,Y,Intersection,None,,,         ,Samuel,Miller,Cloudy,Angle,no,no,no,no,no,False
101700104,METROPOLITAN NASHVILLE POLICE DEPT,20170615036,Davidson,Not in City Limit,7/12/2017 4:28:00 PM,2,0,0,36.277100,-86.734820,I 65,,,,0.00,,,,,,,93.15,N,Not at Intersection, ,Non-Junction,None,,,         ,Samuel,Miller,Cloudy,Front to Rear,no,no,no,no,no,False
101700129,METROPOLITAN NASHVILLE POLICE DEPT,20170618649,Davidson,Nashville,7/13/2017 2:20:00 PM,2,0,0,36.161870,-86.779340,OPRY PL,,,,0.00,,,5TH AVN,,,,0.00,Y,OTHER, ,Non-Junction,None,,,         ,William,Gibbs,Clear,"Sideswipe, Opposite Direction",no,no,no,no,no,False
101700136,METROPOLITAN NASHVILLE POLICE DEPT,20170618734,Davidson,Nashville,7/13/2017 2:30:00 PM,2,0,0,36.226310,-86.603190,SAUNDERSVILLE RD,,,,0.00,,,SHUTE LN,,,,0.00,Y,T-Intersection,N,Intersection,None,,,         ,Codey,Mullins,Cloudy,Front to Rear,no,no,no,no,no,False
101700137,METROPOLITAN NASHVILLE POLICE DEPT,20170613924,Davidson,Nashville,7/12/2017 10:07:00 AM,3,0,0,36.135060,-86.726900,I24E,,,,556.00,Feet,South,I24 W ENT RAMP,,,,0.00,N,Not at Intersection, ,Non-Junction,None,,,         ,Jessie,Meadows,Clear,Front to Rear,no,no,no,no,no,False
101700138,METROPOLITAN NASHVILLE POLICE DEPT,20170614509,Davidson,Nashville,7/12/2017 1:50:00 PM,2,0,0,36.068630,-86.669000,DOWDY DR,,,,209.00,Feet,North,RICHARDS RD,,,,0.00,N,Not at Intersection, ,,None,,,         ,Jessie,Meadows,,,no,no,no,no,no,False
101700139,METROPOLITAN NASHVILLE POLICE DEPT,20170614707,Davidson,Nashville,7/12/2017 3:00:00 PM,2,0,0,36.044820,-86.662380,BELL RD,,,,253.00,Feet,West,CANE RIDGE RD,,,,0.00,N,Not at Intersection, ,Non-Junction,None,,,         ,Jessie,Meadows,Clear,"Sideswipe, Same Direction",no,no,no,no,no,False
101700140,METROPOLITAN NASHVILLE POLICE DEPT,20170614825,Davidson,Nashville,7/12/2017 4:00:00 PM,2,0,0,36.109410,-86.727880,BRILEY PKWYN,,,,51.00,Feet,East,BRILEY PKWYS,,,,0.00,N,Not at Intersection, ,Non-Junction,None,,,         ,Jessie,Meadows,Clear,Front to Rear,no,no,no,no,no,False
101700141,METROPOLITAN NASHVILLE POLICE DEPT,20170615065,Davidson,Nashville,7/12/2017 5:20:00 PM,2,0,0,36.123340,-86.749370,I 440,,,,0.00,,,,,,,6.40,N,Not at Intersection,N,Non-Junction,None,,,         ,Jessie,Meadows,Clear,Front to Rear,no,no,no,no,no,False
101700142,METROPOLITAN NASHVILLE POLICE DEPT,20170618056,Davidson,Nashville,7/13/2017 10:40:00 AM,2,2,0,36.071290,-86.636400,BELL RD,,,,222.00,Feet,South,MURFREESBORO PKE,,,,0.00,N,Not at Intersection,N,Non-Junction,None,,,         ,Jessie,Meadows,Clear,Angle,no,no,no,no,no,False
101700143,METROPOLITAN NASHVILLE POLICE DEPT,20170618602,Davidson,Antioch,7/13/2017 2:20:00 PM,2,1,0,36.045050,-86.608880,MURFREESBORO PKE,,,,97.00,Feet,South,MOUNTAIN SPRINGS RD,,,,0.00,N,Not at Intersection,N,Non-Junction,None,,,         ,Jessie,Meadows,Clear,Front to Rear,no,no,no,no,no,False
101700146,METROPOLITAN NASHVILLE POLICE DEPT,20170615224,Davidson,Nashville,7/12/2017 5:02:00 PM,1,0,0,36.013510,-86.704390,NOLENSVILLE PKE,,,,473.00,Feet,North,HOLT RD,,,,0.00,N,Not at Intersection,N,Non-Junction,None,,,         ,Jacob,Paul,Clear,Not Collision with Motor Vehicle in Transport,no,no,no,no,no,False
101700152,METROPOLITAN NASHVILLE POLICE DEPT,2017-0618363,Davidson,Nashville,7/13/2017 12:32:00 PM,2,1,0,36.141540,-86.740550,MURFREESBORO PKE,,,,0.00,Feet,,FOSTER AV,,,,0.00,Y,T-Intersection,N,Intersection,Construction Zone,Lane Shift-Crossover,Transition Area,         ,Shelby,Hughes,Clear,Front to Rear,no,no,no,no,no,False
101700156,METROPOLITAN NASHVILLE POLICE DEPT,20170618701,Davidson,Nashville,7/13/2017 1:58:00 PM,2,0,0,36.207940,-86.777750,BRICK CHURCH PKE,,,,0.00,,,I65 S EXT RAMP,,,,0.00,Y,OTHER, ,Intersection-Related,None,,,         ,Walter,Cothran,Clear,Front to Rear,no,no,no,no,no,False
101700158,METROPOLITAN NASHVILLE POLICE DEPT,20170618687,Davidson,Nashville,7/13/2017 2:41:00 PM,2,0,0,36.135270,-86.889103,6812 CHARLOTTE PK,,,,50.00,Feet,North,CHARLOTTE PK,,US,,0.00,N,Not at Intersection, ,,None,,,         ,Jeremy,Huffine,,,no,no,no,yes,no,False
101700159,METROPOLITAN NASHVILLE POLICE DEPT,20170618756,Davidson,Nashville,7/13/2017 3:00:00 PM,2,0,0,36.170150,-86.598150,I 40,,,,0.00,,,,,,,221.00,N,Not at Intersection, ,Non-Junction,None,,,         ,Jonathon,Sheppard,Clear,"Sideswipe, Same Direction",no,no,no,no,no,False
101700160,METROPOLITAN NASHVILLE POLICE DEPT,20170618695,Davidson,Nashville,7/13/2017 2:11:00 PM,2,0,0,36.072950,-86.637210,MURFREESBORO PKE,,,,496.00,Feet,North,BELL RD,,,,0.00,N,Not at Intersection, ,Non-Junction,None,,,         ,Alyson,Cook,Clear,Front to Rear,no,no,no,no,no,False
101700162,METROPOLITAN NASHVILLE POLICE DEPT,20170615041,Davidson,Nashville,7/12/2017 4:29:00 PM,2,0,0,36.069190,-86.689490,I24 E EXT RAMP,,,,0.00,,,I 24,,,,0.00,Y,Y-Intersection, ,,None,,,         ,Richard,Olive,,,no,no,no,no,no,False
101700167,METROPOLITAN NASHVILLE POLICE DEPT,20170618832,Davidson,Nashville,7/13/2017 3:46:00 PM,2,0,0,36.146670,-86.779030,8TH AVS,,,,0.00,,,SOUTH ST,,,,0.00,Y,T-Intersection,N,Intersection-Related,None,,,         ,Tien,Nguyen,Clear,Angle,no,no,no,no,yes,False
101700172,METROPOLITAN NASHVILLE POLICE DEPT,20170618672,Davidson,Nashville,7/13/2017 2:17:00 PM,2,1,0,36.154270,-86.848670,DELAWARE AV,,,,0.00,,,51ST AVN,,,,0.00,Y,Four-Way,N,Intersection,None,,,         ,Kevin,Clausius,Clear,Angle,no,no,no,no,yes,False
101700173,GOODLETTSVILLE POLICE DEPT,17-24440,Davidson,Goodlettsville,7/13/2017 3:34:00 PM,2,0,0,36.299960,-86.721690,DICKERSON PKES,,,,515.00,Feet,South,GARRETT DR,,,,0.00,N,Not at Intersection, ,Non-Junction,None,,,         ,Zachary,Goodwin,Clear,"Sideswipe, Same Direction",no,no,no,no,no,False
101700174,METROPOLITAN NASHVILLE POLICE DEPT,20170615327,Davidson,Not in City Limit,7/12/2017 5:21:00 PM,2,0,0,36.013510,-86.704390,NOLENSVILLE PKE,,,,473.00,Feet,North,HOLT RD,,,,0.00,N,Not at Intersection,N,Non-Junction,None,,,         ,Jacob,Paul,Clear,Front to Rear,no,no,no,no,no,False
101700185,METROPOLITAN NASHVILLE POLICE DEPT,20170618761,Davidson,Nashville,7/13/2017 3:17:00 PM,2,0,0,36.072950,-86.637210,MURFREESBORO PKE,,,,496.00,Feet,North,BELL RD,,,,0.00,N,Not at Intersection,N,Non-Junction,None,,,         ,Alyson,Cook,Clear,Angle,no,no,no,no,no,False
101700186,METROPOLITAN NASHVILLE POLICE DEPT,20170614931,Davidson,Nashville,7/12/2017 4:03:00 PM,2,0,0,36.048980,-86.626160,MT VIEW RD,,,,88.00,Feet,South,SANTI LN,,,,0.00,N,Not at Intersection, ,Non-Junction,None,,,         ,Candice,Soper,Clear,Front to Rear,no,no,no,no,no,False
101700187,METROPOLITAN NASHVILLE POLICE DEPT,20170615875,Davidson,Not in City Limit,7/12/2017 9:00:00 PM,1,0,0,36.023030,-86.684740,BARNES RD,,,,400.00,Feet,East,STANFORD VILLAGE DR,,,,0.00,N,Not at Intersection, ,Non-Junction,None,,,         ,Candice,Soper,Clear,Not Collision with Motor Vehicle in Transport,no,no,no,no,no,False
101700210,METROPOLITAN NASHVILLE POLICE DEPT,20170618887,Davidson,Nashville,7/13/2017 4:07:00 PM,2,0,0,36.090330,-86.626500,BELL RD,,,,0.00,,,SMITH SPRINGS RD,,,,0.00,Y,Four-Way, ,,None,,,         ,Kimberly,Annson,,,no,no,no,no,no,False
101700222,METROPOLITAN NASHVILLE POLICE DEPT,20170618905,Davidson,Nashville,7/13/2017 4:10:00 PM,2,0,0,36.137750,-86.822140,I 440,,,,0.00,,,,,,,1.40,N,Not at Intersection, ,Non-Junction,None,,,         ,Jessica,Scott,Clear,Front to Rear,no,no,no,no,no,False
101700226,METROPOLITAN NASHVILLE POLICE DEPT,20170615373,Davidson,Nashville,7/12/2017 6:30:00 PM,2,0,0,36.150250,-86.625390,BELL RD,,,,730.00,Feet,South,BLACKWOOD DR,,,,0.00,N,Not at Intersection, ,Non-Junction,None,,,         ,Reuben,Hewit,Clear,Front to Rear,no,no,no,no,no,False
101700234,METROPOLITAN NASHVILLE POLICE DEPT,20170618987,Davidson,Antioch,7/13/2017 4:25:00 PM,2,0,0,36.012250,-86.617930,I 24,,,,0.00,,,,,,,62.75,N,Not at Intersection, ,Non-Junction,None,,,         ,Alyson,Cook,Clear,"Sideswipe, Same Direction",no,no,no,no,no,False
101700251,METROPOLITAN NASHVILLE POLICE DEPT,20170618834,Davidson,Antioch,7/13/2017 3:45:00 PM,2,0,0,36.047840,-86.612050,MURFREESBORO PKE,,,,1284.00,Feet,North,MOUNTAIN SPRINGS RD,,,,0.00,N,Not at Intersection, ,Non-Junction,None,,,         ,Nathaniel,Myers,Clear,Front to Rear,no,no,no,no,no,False
101700253,METROPOLITAN NASHVILLE POLICE DEPT,20170618889,Davidson,Nashville,7/13/2017 3:55:00 PM,2,0,0,36.237000,-86.790840,BRILEY PKWYE,,,,95.00,Feet,West,BRILEY PKWYW,,,,0.00,N,Not at Intersection, ,Non-Junction,None,,,         ,Walter,Cothran,Clear,Front to Rear,no,no,no,no,no,False
101700278,METROPOLITAN NASHVILLE POLICE DEPT,20170618330,Davidson,Nashville,7/13/2017 3:00:00 PM,2,0,0,36.045240,-86.714530,OLD HICKORY BLVD,,,,77.00,Feet,East,BRENTWOOD EAST DR,,,,0.00,N,Not at Intersection, ,Non-Junction,None,,,         ,Jessie,Meadows,Clear,Angle,no,no,no,no,no,False
101700280,METROPOLITAN NASHVILLE POLICE DEPT,20170618775,Davidson,Nashville,7/13/2017 4:05:00 PM,2,1,0,36.128280,-86.753880,NOLENSVILLE PKE,,,,20.00,Feet,North,NAPOLEON AV,,,,0.00,N,Not at Intersection,N,Non-Junction,None,,,         ,Jessie,Meadows,Clear,Angle,no,no,no,no,no,False
101700281,METROPOLITAN NASHVILLE POLICE DEPT,20170619058,Davidson,Nashville,7/13/2017 5:40:00 PM,2,0,0,36.109410,-86.727890,BRILEY PKWYN,,,,47.00,Feet,East,BRILEY PKWYS,,,,0.00,N,Not at Intersection, ,Non-Junction,None,,,         ,Jessie,Meadows,Clear,Front to Rear,no,no,no,no,no,False
101700292,METROPOLITAN NASHVILLE POLICE DEPT,20170618754,Davidson,Nashville,7/13/2017 12:00:00 AM,2,0,0,36.119030,-86.726210,I 24,,,,0.00,,,,,,,53.00,N,Not at Intersection,N,Non-Junction,None,,,         ,John,Daugherty,Clear,"Sideswipe, Same Direction",no,no,no,no,yes,False
101700301,METROPOLITAN NASHVILLE POLICE DEPT,20170618803,Davidson,Not in City Limit,7/13/2017 3:38:00 PM,2,0,0,36.279370,-86.708870,ONE MILE PKWY,,,,15.00,Feet,South,GALLATIN PKEN,,,,0.00,N,Not at Intersection,N,Non-Junction,None,,,         ,Samuel,Miller,Cloudy,Front to Rear,no,no,no,no,no,False
101700302,METROPOLITAN NASHVILLE POLICE DEPT,20170618972,Davidson,Not in City Limit,7/13/2017 4:33:00 PM,2,1,0,36.261240,-86.738190,I 65,,,,0.00,,,,,,,92.00,N,Not at Intersection,N,Non-Junction,None,,,         ,Samuel,Miller,Cloudy,Front to Rear,no,no,no,no,no,False
101700303,METROPOLITAN NASHVILLE POLICE DEPT,20170614721,Davidson,Nashville,7/12/2017 2:40:00 PM,2,0,0,36.191390,-86.762280,N 5TH ST,,,,319.00,Feet,North,EVANSTON AV,,,,0.00,N,Not at Intersection, ,Non-Junction,None,,,         ,Christopher,Valdez,Clear,Angle,no,no,no,no,no,False
101700304,METROPOLITAN NASHVILLE POLICE DEPT,20170614803,Davidson,Nashville,7/12/2017 3:07:00 PM,2,0,0,36.228480,-86.759430,DICKERSON PKE,,,,329.00,Feet,South,BROADMOOR DR,,,,0.00,N,Not at Intersection, ,Non-Junction,None,,,         ,Christopher,Valdez,Clear,Angle,no,no,no,no,no,False
101700305,METROPOLITAN NASHVILLE POLICE DEPT,20170619105,Davidson,Nashville,7/13/2017 5:20:00 PM,2,1,0,36.230060,-86.762960,EWING DR,,,,538.00,Feet,South,RICH ACRES DR,,,,0.00,N,Not at Intersection,N,Non-Junction,None,,,         ,Christopher,Valdez,Clear,HeadOn,no,no,no,no,no,False
101700314,METROPOLITAN NASHVILLE POLICE DEPT,20170618998,Davidson,Nashville,7/13/2017 4:38:00 PM,2,0,0,36.165840,-86.766690,SHELBY AV,,,,511.00,Feet,East,S 2ND ST,,,,0.00,N,Not at Intersection, ,Non-Junction,None,,,         ,Michael,Baron,Clear,Front to Rear,no,no,no,no,no,False
101700316,METROPOLITAN NASHVILLE POLICE DEPT,20170619168,Davidson,Nashville,7/13/2017 4:50:00 PM,2,0,0,36.182710,-86.798760,I65 N EXT RAMP,,,,0.00,Feet,East,I 65,,,,0.00,N,Not at Intersection,N,Non-Junction,None,,,         ,Landon,Bagwell,Clear,Front to Rear,no,no,no,no,no,False
101700331,METROPOLITAN NASHVILLE POLICE DEPT,20170619150,Davidson,Nashville,7/13/2017 3:30:00 PM,2,1,0,36.148890,-86.707820,MAPLELEAF DR,,,,0.00,,,,,,,0.00,,,N,Non-Junction,None,,,         ,Brent,Hedgcoth,Clear,Angle,no,no,no,yes,no,False
101700333,METROPOLITAN NASHVILLE POLICE DEPT,20170619183,Davidson,Nashville,7/13/2017 5:08:00 PM,2,0,0,36.172940,-86.805570,KNOWLES ST,,,,133.00,Feet,West,17TH AVN,,,,0.00,N,Not at Intersection, ,,None,,,         ,Roy,Sain Jr.,,,no,no,no,yes,no,False
101700338,METROPOLITAN NASHVILLE POLICE DEPT,20170618841,Davidson,Not in City Limit,7/13/2017 3:52:00 PM,2,1,0,36.070060,-87.001950,MCCRORY LN,,,,2486.00,Feet,West,AVONDALE PARK BLVD,,,,0.00,N,Not at Intersection,N,Non-Junction,None,,,         ,Adam,Reese,Clear,Front to Rear,no,no,no,no,no,False
101700339,METROPOLITAN NASHVILLE POLICE DEPT,20170619263,Davidson,Nashville,7/13/2017 6:03:00 PM,2,0,0,36.147440,-86.808490,25TH AVN,,,,0.00,,,ELLISTON PL,,,,0.00,Y,Y-Intersection, ,Intersection-Related,None,,,         ,Tien,Nguyen,Clear,"Sideswipe, Same Direction",no,no,no,no,no,Campus
101700342,METROPOLITAN NASHVILLE POLICE DEPT,20170619320,Davidson,Nashville,7/13/2017 6:30:00 PM,2,0,0,36.173220,-86.739840,S 17TH ST,,,,32.00,Feet,North,FATHERLAND ST,,,,0.00,N,Not at Intersection, ,Non-Junction,None,,,         ,Thomas,Miller,Clear,Angle,no,no,no,no,yes,False
101700361,METROPOLITAN NASHVILLE POLICE DEPT,20170619307,Davidson,Not in City Limit,7/13/2017 6:05:00 PM,2,0,0,36.262040,-86.712260,GALLATIN PKES,,,,50.00,Feet,South,E OLD HICKORY BLVD,,,,0.00,N,Not at Intersection,N,Non-Junction,None,,,         ,Samuel,Miller,Cloudy,Front to Rear,no,no,no,no,yes,False
101700368,METROPOLITAN NASHVILLE POLICE DEPT,20170619164,Davidson,Nashville,7/13/2017 5:38:00 PM,2,0,0,36.174830,-86.800710,I65 N ENT RAMP,,,,0.00,,,I40 W ENT RAMP,,,,0.00,Y,Y-Intersection, ,Non-Junction,None,,,         ,Andrew,Delke,Clear,Front to Rear,no,no,no,no,no,False
101700413,METROPOLITAN NASHVILLE POLICE DEPT,20170618738,Davidson,Nashville,7/13/2017 4:18:00 PM,3,0,0,36.134840,-86.784880,10TH AVS,,,,6.00,Feet,South,WEDGEWOOD AV,,,,0.00,N,Not at Intersection,N,Non-Junction,None,,,         ,Trenton,Searcy,Clear,Front to Rear,no,no,no,no,no,False
101700418,METROPOLITAN NASHVILLE POLICE DEPT,20170619062,Davidson,Nashville,7/13/2017 4:30:00 PM,2,1,0,36.151990,-86.838350,43RD AVN,,,,124.00,Feet,South,CHARLOTTE AV,,,,0.00,N,Not at Intersection,N,Non-Junction,None,,,         ,Torian,Cox,Clear,Front to Rear,no,no,no,no,no,False
101700419,METROPOLITAN NASHVILLE POLICE DEPT,20170619323,Davidson,Nashville,7/13/2017 6:07:00 PM,2,0,0,36.218880,-86.728160,HUNTERS MEADOW LN,,,,84.00,Feet,West,SUNNYMEADE DR,,,,0.00,N,Not at Intersection, ,Non-Junction,None,,,         ,Christopher,Valdez,Clear,Angle,no,no,no,no,no,False
101700420,METROPOLITAN NASHVILLE POLICE DEPT,20170619122,Davidson,Nashville,7/13/2017 5:28:00 PM,2,1,0,36.040690,-86.782580,I 65,,,,0.00,,,,,,,74.70,N,Not at Intersection,N,Non-Junction,None,,,         ,Jacob,Paul,Clear,Front to Rear,no,no,no,no,no,False
101700421,METROPOLITAN NASHVILLE POLICE DEPT,20170619299,Davidson,Nashville,7/13/2017 6:15:00 PM,2,2,0,36.045470,-86.712180,OLD HICKORY BLVD,,,,320.00,Feet,East,NOLENSVILLE PKE,,,,0.00,N,Not at Intersection,N,Non-Junction,None,,,         ,Candice,Soper,Clear,Angle,no,no,no,no,no,False
101700425,METROPOLITAN NASHVILLE POLICE DEPT,20170619488,Davidson,Not in City Limit,7/13/2017 7:32:00 PM,2,1,0,36.023710,-86.712730,NOLENSVILLE PKE,,,,0.00,,,PORTER HOUSE DR,,,,0.00,Y,T-Intersection,N,Intersection-Related,None,,,         ,Tien,Nguyen,Clear,Front to Rear,no,no,no,no,no,False
101700455,METROPOLITAN NASHVILLE POLICE DEPT,20170619549,Davidson,Nashville,7/13/2017 6:50:00 PM,2,0,0,36.124990,-86.734190,I 440,,,,0.00,,,,,,,7.15,N,Not at Intersection, ,Non-Junction,None,,,         ,Benjamin,Froehlich,Clear,Front to Rear,no,no,no,no,no,False
101700456,METROPOLITAN NASHVILLE POLICE DEPT,20170619363,Davidson,Nashville,7/13/2017 6:32:00 PM,2,0,0,36.167340,-86.659850,LEBANON PKE,,,,693.00,Feet,East,EDDINGS LN,,,,0.00,N,Not at Intersection, ,Non-Junction,None,,,         ,Jaby,Djabbarov,Clear,Front to Rear,no,no,no,no,no,False
101700461,METROPOLITAN NASHVILLE POLICE DEPT,20170619343,Davidson,Not in City Limit,7/13/2017 6:25:00 PM,2,0,0,36.307680,-86.684000,GALLATIN PKEN,,,,177.00,Feet,West,NORTHSIDE MARKETPLACE PVTDR,,,,0.00,N,Not at Intersection, ,Non-Junction,None,,,         ,Marvis,Malone,Clear,Front to Rear,no,no,no,no,no,False
101700484,METROPOLITAN NASHVILLE POLICE DEPT,20170619366,Davidson,Nashville,7/13/2017 6:44:00 PM,3,0,0,36.115980,-86.793960,I 440,,,,0.00,,,,,,,3.75,N,Not at Intersection,N,Non-Junction,None,,,         ,Jacob,Paul,Clear,HeadOn,no,no,no,no,no,False
101700485,METROPOLITAN NASHVILLE POLICE DEPT,20170619678,Davidson,Nashville,7/13/2017 8:36:00 PM,1,0,0,36.038580,-86.731830,OLD HICKORY BLVD,,,,169.00,Feet,East,BARTON VALE DR,,,,0.00,N,Not at Intersection, ,Non-Junction,None,,,         ,Tien,Nguyen,Clear,Not Collision with Motor Vehicle in Transport,no,no,no,no,no,False
101700498,METROPOLITAN NASHVILLE POLICE DEPT,20170619506,Davidson,Nashville,7/13/2017 7:18:00 PM,1,0,0,36.101560,-86.868160,HARDING PL,,,,276.00,Feet,West,WINDSOR DR,,,,0.00,N,Not at Intersection,N,Non-Junction,None,,,         ,Goran,Manojlovic,Clear,Not Collision with Motor Vehicle in Transport,no,no,no,no,no,False
101700531,METROPOLITAN NASHVILLE POLICE DEPT,20170619396,Davidson,Nashville,7/13/2017 6:27:00 PM,2,0,0,36.099990,-86.658790,OLD MURFREESBORO PKE,,,,1712.00,Feet,West,SMITH SPRINGS RD,,,,0.00,N,Not at Intersection, ,Non-Junction,None,,,         ,Kimberly,Annson,Clear,"Sideswipe, Same Direction",no,no,no,no,no,False
101700536,METROPOLITAN NASHVILLE POLICE DEPT,20170619073,Davidson,Nashville,7/13/2017 4:50:00 PM,1,0,0,36.165980,-86.781980,5TH AVN,,,,50.00,Feet,North,CHARLOTTE AV,,,,0.00,N,Not at Intersection, ,,None,,,         ,Joshua,Reece,,,no,no,no,no,no,False
101700541,METROPOLITAN NASHVILLE POLICE DEPT,20170619379,Davidson,Nashville,7/13/2017 6:30:00 PM,2,1,0,36.067400,-86.631260,MORRIS GENTRY BLVD,,,,28.00,Feet,North,MURFREESBORO PKE,,,,0.00,N,Not at Intersection,N,Non-Junction,None,,,         ,Robert,Hanson,Clear,Front to Rear,no,no,no,no,no,False
101700543,METROPOLITAN NASHVILLE POLICE DEPT,20170619592,Davidson,Nashville,7/13/2017 8:10:00 PM,2,2,0,36.206620,-86.777900,BRICK CHURCH PKE,,,,0.00,Feet,,W TRINITY LN,,,,0.00,Y,Four-Way,Y,Intersection-Related,None,,,         ,Walter,Cothran,Clear,HeadOn,no,no,no,no,no,False
101700551,METROPOLITAN NASHVILLE POLICE DEPT,20170619771,Davidson,Nashville,7/13/2017 8:45:00 PM,2,0,0,36.048500,-86.713640,NOLENSVILLE PKE,,,,106.00,Feet,South,HICKORYVIEW DR,,,,0.00,N,Not at Intersection, ,,None,,,         ,Candice,Soper,,,no,no,no,no,no,False
101700552,METROPOLITAN NASHVILLE POLICE DEPT,20170619281,Davidson,Nashville,7/13/2017 6:04:00 PM,2,0,0,36.068910,-86.680170,RICHARDS RD,,,,101.00,Feet,West,DELIA DR,,,,0.00,N,Not at Intersection,N,Non-Junction,None,,,         ,Alyson,Cook,Clear,Front to Rear,no,no,no,no,no,False
101700558,METROPOLITAN NASHVILLE POLICE DEPT,2017-0619767,Davidson,Nashville,7/13/2017 9:07:00 PM,2,0,0,36.153060,-86.780340,CANNERY ROW,,,,297.00,Feet,West,8TH AVS,,,,0.00,N,Not at Intersection, ,Non-Junction,None,,,         ,Cory,West,Clear,Front to Rear,no,no,no,yes,yes,False
101700559,BERRY HILL POLICE DEPT,17-2329,Davidson,Berry Hill,7/11/2017 3:07:00 PM,2,0,0,36.125790,-86.765870,BRANSFORD AV,,,,0.00,,,CRAIGHEAD ST,,,,0.00,Y,Four-Way,N,Intersection,None,,,         ,Monty,Sands,Clear,Other,no,no,no,no,yes,False