master_record_number,agency,agency_tracking_number,county,city,collision_date,vehicles_involved,number_injured,number_dead,latitude,longitude,roadway_name,roadway_suffix,roadway_number,roadway_local_id,distance_from_reference,miles-feet_indicator,direction_from_reference,intersection_road_name,intersection_road_name_suffix,intersection_road_number,intersection_local_id,mile_marker,intersection_indicator,intersect_type,interchange_related_indicator,relation_to_junction,work_zone_type,construction_maintenance_zone,construction_maintenance_zone_location,fatal_case_number,officer_first_name,officer_last_name,weather_condition(s),manner_of_crash,pedestrian,bicycle,scooter,parking,hitrun,mou
101702594,METROPOLITAN NASHVILLE POLICE DEPT,20170625389,Davidson,Nashville,7/15/2017 6:40:00 PM,2,0,0,36.172300,-86.763560,WOODLAND ST,,,,246.00,Feet,West,S 6TH ST,,,,0.00,N,Not at Intersection, ,Non-Junction,None,,,         ,Michael,Moss,Clear,Angle,no,no,no,no,yes,False
101702600,METROPOLITAN NASHVILLE POLICE DEPT,20170625342,Davidson,Nashville,7/15/2017 6:05:00 PM,2,0,0,36.130280,-86.755150,NOLENSVILLE PKE,,,,52.00,Feet,North,POLK AV,,,,0.00,N,Not at Intersection,N,Unknown,None,,,         ,Jacob,Paul,Cloudy,"Sideswipe, Same Direction",no,no,no,no,yes,False
101702609,METROPOLITAN NASHVILLE POLICE DEPT,20170625444,Davidson,Nashville,7/15/2017 5:40:00 PM,2,0,0,36.217330,-86.819070,ROWAN DR,,,,62.00,Feet,South,BOATNER DR,,,,0.00,N,Not at Intersection, ,Non-Junction,None,,,         ,Seth,Vaughn,Clear,Rear to Rear,no,no,no,no,no,False
101702613,METROPOLITAN NASHVILLE POLICE DEPT,20170625260,Davidson,Nashville,7/15/2017 5:18:00 PM,2,0,0,36.183860,-86.798000,I65 N ENT RAMP,,,,0.00,,,I 65,,,,0.00,Y,T-Intersection,N,Intersection-Related,None,,,         ,Thomas,Burns,Clear,Front to Rear,no,no,no,no,yes,False
101702625,METROPOLITAN NASHVILLE POLICE DEPT,2017-0625405,Davidson,Not in City Limit,7/15/2017 7:50:00 PM,1,1,0,36.305190,-86.815130,I 24,,,,0.00,,,,,,,38.40,N,Not at Intersection,N,Non-Junction,None,,,         ,Melvin,Brown III,Clear,Not Collision with Motor Vehicle in Transport,no,no,no,no,no,False
101702656,METROPOLITAN NASHVILLE POLICE DEPT,20170625003,Davidson,Nashville,7/15/2017 2:46:00 PM,4,3,0,36.072810,-86.637080,MURFREESBORO PKE,,,,432.00,Feet,North,BELL RD,,,,0.00,N,Not at Intersection,N,Non-Junction,None,,,         ,Nakia,Reid,Clear,Front to Rear,no,no,no,no,yes,False
101702714,METROPOLITAN NASHVILLE POLICE DEPT,20170625253,Davidson,Nashville,7/15/2017 5:00:00 PM,2,0,0,36.140590,-86.731940,I 24,,,,0.00,,,,,,,51.60,N,Not at Intersection, ,Non-Junction,None,,,         ,Aimee,Ortiz,Clear,"Sideswipe, Same Direction",no,no,no,no,no,False
101702715,METROPOLITAN NASHVILLE POLICE DEPT,20170625521,Davidson,Nashville,7/15/2017 7:50:00 PM,3,0,0,36.167260,-86.795600,I 40,,,,0.00,,,,,,,208.25,N,Not at Intersection, ,,None,,,         ,Gregory,Scott,,,no,no,no,no,no,False
101702731,METROPOLITAN NASHVILLE POLICE DEPT,20170625712,Davidson,Nashville,7/15/2017 9:45:00 PM,2,0,0,36.153750,-86.794500,WEST END AV,,,,30.00,Feet,West,17TH AVN,,,,0.00,N,Not at Intersection, ,OtherLocation,None,,,         ,Jacob,Paul,Cloudy,Front to Rear,no,no,no,yes,yes,False
101702734,METROPOLITAN NASHVILLE POLICE DEPT,20170625627,Davidson,Nashville,7/15/2017 9:01:00 PM,2,3,0,36.078960,-86.695560,I 24,,,,0.00,,,,,,,56.30,N,Not at Intersection,N,Non-Junction,None,,,         ,Andrew,Mullen,Clear,Angle,no,no,no,no,no,False
101702735,METROPOLITAN NASHVILLE POLICE DEPT,20170625647,Davidson,Nashville,7/15/2017 9:08:00 PM,1,0,0,36.124640,-86.728630,I24 E ENT RAMP,,,,0.00,Feet,East,I 440,,,,0.00,N,Not at Intersection,N,Entrance/Exit Ramp Related,None,,,         ,Aimee,Ortiz,Cloudy,Not Collision with Motor Vehicle in Transport,no,no,no,no,no,False
101702738,METROPOLITAN NASHVILLE POLICE DEPT,20170625702,Davidson,Nashville,7/15/2017 9:03:00 PM,1,0,0,36.081880,-86.697600,I 24,,,,0.00,,,,,,,56.05,N,Not at Intersection, ,Non-Junction,None,,,         ,Patrick,Martin,Clear,Not Collision with Motor Vehicle in Transport,no,no,no,no,no,False
101702739,METROPOLITAN NASHVILLE POLICE DEPT,20170625618,Davidson,Nashville,7/15/2017 8:57:00 PM,2,2,0,36.151800,-86.771250,LAFAYETTE ST,,,,0.00,,,4TH AVS,,,,0.00,Y,Four-Way,N,Intersection,None,,,         ,Brian,Woodard,Clear,Angle,no,no,no,no,no,False
101702744,METROPOLITAN NASHVILLE POLICE DEPT,20170625490,Davidson,Nashville,7/15/2017 7:45:00 PM,1,0,0,36.170620,-86.608480,CRYSTAL SPRING LN,,,,0.00,Feet,East,I40 W ENT RAMP,,,,0.00,N,Not at Intersection, ,Non-Junction,None,,,         ,Jefferson,Hughes,Clear,Not Collision with Motor Vehicle in Transport,no,no,no,yes,no,False
101702752,METROPOLITAN NASHVILLE POLICE DEPT,20170625892,Davidson,Nashville,7/15/2017 10:27:00 PM,2,0,0,36.080370,-86.685700,ANTIOCH PKE,,,,0.00,,,FRANKLIN LIMESTONE RD,,,,0.00,Y,Four-Way,N,Intersection-Related,None,,,         ,Alyson,Cook,Clear,Angle,no,no,no,no,yes,False
101702754,METROPOLITAN NASHVILLE POLICE DEPT,20170623967,Davidson,Nashville,7/15/2017 1:09:00 AM,2,0,0,36.154630,-86.779160,LAFAYETTE ST,,,,0.00,,,8TH AVS,,,,0.00,Y,Roundabout, ,Non-Junction,None,,,         ,Hunter,Fikes,Clear,Angle,no,no,no,no,no,False
101702776,METROPOLITAN NASHVILLE POLICE DEPT,20170625779,Davidson,Nashville,7/15/2017 10:25:00 PM,2,0,0,36.160390,-86.778620,BROADWAY,,,,60.00,Feet,West,5TH AVS,,,,0.00,N,Not at Intersection, ,Non-Junction,None,,,         ,Ruben,Mariano,Clear,Angle,no,no,no,no,no,False
101702779,METROPOLITAN NASHVILLE POLICE DEPT,20170625805,Davidson,Nashville,7/15/2017 9:17:00 PM,2,0,0,36.152910,-86.783730,PINE ST,,,,0.00,,,11TH AVS,,,,0.00,Y,Four-Way, ,Non-Junction,None,,,         ,Hunter,Fikes,Clear,"Sideswipe, Same Direction",no,no,no,no,no,False
101702790,METROPOLITAN NASHVILLE POLICE DEPT,20170625848,Davidson,Nashville,7/15/2017 11:05:00 PM,2,0,0,36.167270,-86.820610,28TH AVN,,,,192.00,Feet,South,JEFFERSON ST,,,,0.00,N,Not at Intersection,N,Non-Junction,None,,,         ,Myriah,Iles,Clear,"Sideswipe, Opposite Direction",no,no,no,no,no,False
101702798,METROPOLITAN NASHVILLE POLICE DEPT,20170625681,Davidson,Nashville,7/15/2017 9:37:00 PM,5,1,0,36.167640,-86.610200,I 40,,,,0.00,,,,,,,220.35,N,Not at Intersection,N,Non-Junction,None,,,         ,Adam,Nicholson,Clear,Front to Rear,no,no,no,no,no,False
101702811,METROPOLITAN NASHVILLE POLICE DEPT,20170626051,Davidson,Nashville,7/15/2017 11:00:00 PM,2,1,0,36.235810,-86.781180,BRICK CHURCH PKE,,,,30.00,Feet,South,RICHMOND HILL DR,,,,0.00,N,Not at Intersection,N,Non-Junction,None,,,         ,Thomas,Miller,Clear,HeadOn,no,no,no,no,yes,False
101702812,METROPOLITAN NASHVILLE POLICE DEPT,20170625976,Davidson,Nashville,7/15/2017 10:49:00 PM,2,0,0,36.154170,-86.761540,OLD HERMITAGE AV,,,,67.00,Feet,East,I24 W ENT RAMP,,,,0.00,N,Not at Intersection, ,Non-Junction,None,,,         ,Tyler,Manivong,Clear,"Sideswipe, Same Direction",no,no,no,no,no,False
101702820,METROPOLITAN NASHVILLE POLICE DEPT,20170625823,Davidson,Nashville,7/15/2017 10:07:00 PM,1,0,0,36.074280,-86.628190,ANDERSON RD,,,,344.00,Feet,South,FOREST TRACE DR,,,,0.00,N,Not at Intersection,N,Non-Junction,None,,,         ,Robert,Fondren,Cloudy,Not Collision with Motor Vehicle in Transport,no,no,no,no,no,False
101702824,METROPOLITAN NASHVILLE POLICE DEPT,20170625795,Davidson,Nashville,7/15/2017 10:26:00 PM,2,0,0,36.235890,-86.781170,RICHMOND HILL DR,,,,0.00,Feet,,BRICK CHURCH PKE,,,,0.00,Y,T-Intersection,N,Intersection,None,,,         ,Rudy,Basaldua,Clear,Angle,no,no,no,no,yes,False
101702825,METROPOLITAN NASHVILLE POLICE DEPT,20170625903,Davidson,Nashville,7/15/2017 11:15:00 PM,2,0,0,36.068080,-86.844120,OTTER CREEK RD,,,,0.00,,,HILLSBORO PKE,,,,0.00,Y,OTHER, ,OtherLocation,None,,,         ,Kenneth,Bray,Clear,Front to Rear,no,no,no,no,no,False
101702836,METROPOLITAN NASHVILLE POLICE DEPT,20170626124,Davidson,Nashville,7/15/2017 11:04:00 PM,2,0,0,36.168840,-86.819750,SCOVEL ST,,,,387.00,Feet,East,ED TEMPLE BLVD,,,,0.00,N,Not at Intersection, ,,None,,,         ,Myriah,Iles,,,no,no,no,no,no,False
101702838,METROPOLITAN NASHVILLE POLICE DEPT,20170626210,Davidson,Nashville,7/16/2017 1:45:00 AM,2,0,0,36.045230,-86.716750,OLD HICKORY BLVD,,,,116.00,Feet,East,HICKORY PLZ,,,,0.00,N,Not at Intersection,N,Non-Junction,None,,,         ,Jacob,West,Clear,"Sideswipe, Same Direction",no,no,no,yes,no,False
101702839,METROPOLITAN NASHVILLE POLICE DEPT,20170626186,Davidson,Nashville,7/16/2017 1:32:00 AM,2,0,0,36.148430,-86.776610,I 40,,,,0.00,,,,,,,210.00,N,Not at Intersection, ,Non-Junction,None,,,         ,Kayla,Castro,Clear,Front to Rear,no,no,no,no,no,False
101702850,METROPOLITAN NASHVILLE POLICE DEPT,20170626145,Davidson,Nashville,7/16/2017 1:09:00 AM,1,1,0,36.147450,-86.776690,I40 E ENT RAMP,,,,0.00,,,I 40,,,,0.00,Y,Y-Intersection,N,Non-Junction,None,,,         ,Joshua,Billotte,Clear,Not Collision with Motor Vehicle in Transport,no,no,no,no,no,False
101702866,METROPOLITAN NASHVILLE POLICE DEPT,20170626303,Davidson,Nashville,7/16/2017 2:46:00 AM,2,0,0,36.147410,-86.776710,I40 E ENT RAMP,,,,0.00,Feet,East,I 40,,,,0.00,N,Not at Intersection,N,Non-Junction,None,,,         ,Nicholas,Smith,Clear,"Sideswipe, Same Direction",no,no,no,no,yes,False
101702872,METROPOLITAN NASHVILLE POLICE DEPT,20170626350,Davidson,Nashville,7/16/2017 3:19:00 AM,2,0,0,36.161200,-86.792680,GEORGE L DAVIS BLVD,,,,0.00,,,CHARLOTTE AV,,,,0.00,Y,Four-Way,N,Intersection,None,,,         ,Jason,Hogan,Clear,Angle,no,no,no,no,yes,False
101702888,Nashville Airport Police,17-002356,Davidson,Nashville,7/14/2017 11:15:00 AM,2,0,0,36.131687,-86.668823,SATELITE WAY,WAY,,1,1.00,Miles,West,DONELSON PIKE,,SR,ONE,0.00,N,Not at Intersection, ,Non-Junction,None,,,         ,Jerry,Lovell,Clear,"Sideswipe, Same Direction",no,no,no,no,no,False
101702896,METROPOLITAN NASHVILLE POLICE DEPT,20170626545,Davidson,Nashville,7/16/2017 12:00:00 AM,1,1,0,36.105420,-86.725400,LAKE PARK DR,,,,388.00,Feet,East,MAVERT DR,,,,0.00,N,Not at Intersection,N,Non-Junction,None,,,         ,Brenda,Navarro,Cloudy,Not Collision with Motor Vehicle in Transport,no,no,no,yes,yes,False
101702903,METROPOLITAN NASHVILLE POLICE DEPT,20170626488,Davidson,Nashville,7/16/2017 12:00:00 AM,1,0,0,36.086870,-86.693760,HARDING PL,,,,499.00,Feet,West,ANTIOCH PKE,,,,0.00,N,Not at Intersection,N,Non-Junction,None,,,         ,Gary,Peters,Clear,Unknown,no,no,no,no,yes,False
101702944,METROPOLITAN NASHVILLE POLICE DEPT,20170626687,Davidson,Nashville,7/16/2017 7:37:00 AM,1,0,0,36.096350,-86.763210,I 65,,,,0.00,,,,,,,78.80,N,Not at Intersection,N,Non-Junction,None,,,         ,Nathan,Kemp,Clear,Not Collision with Motor Vehicle in Transport,no,no,no,no,yes,False
101702960,METROPOLITAN NASHVILLE POLICE DEPT,20170626710,Davidson,Nashville,7/16/2017 7:40:00 AM,2,0,0,36.198070,-86.776330,I 65,,,,0.00,,,,,,,86.75,N,Not at Intersection,N,Non-Junction,None,,,         ,Royce,McLester,Clear,Front to Rear,no,no,no,no,yes,False
101702968,METROPOLITAN NASHVILLE POLICE DEPT,20170624986,Davidson,Nashville,7/15/2017 2:18:00 PM,1,0,0,36.094290,-86.758250,SIDCO DR,,,,0.00,,,POWELL AV,,,,0.00,Y,T-Intersection,N,Intersection,None,,,         ,Nathan,Smith,Clear,Not Collision with Motor Vehicle in Transport,no,no,no,no,yes,False
101702970,METROPOLITAN NASHVILLE POLICE DEPT,20170626787,Davidson,Nashville,7/16/2017 8:30:00 AM,2,0,0,36.129490,-86.714700,MURFREESBORO PKE,,,,0.00,,,MILLWOOD DR,,,,0.00,Y,T-Intersection, ,Intersection-Related,None,,,         ,MIchael,Mihajlov,Clear,"Sideswipe, Same Direction",no,no,no,no,yes,False
101702997,METROPOLITAN NASHVILLE POLICE DEPT,20170626849,Davidson,Nashville,7/16/2017 8:38:00 AM,2,0,0,36.052500,-86.644630,BELL RD,,,,134.00,Feet,North,EAGLE VIEW BLVD,,,,0.00,N,Not at Intersection,N,OtherLocation,None,,,         ,Roy,McElwee,Clear,"Sideswipe, Opposite Direction",no,no,no,no,yes,False
101703023,METROPOLITAN NASHVILLE POLICE DEPT,20170626981,Davidson,Not in City Limit,7/16/2017 10:20:00 AM,2,2,0,36.073910,-86.926270,HIGHWAY 70S,,,,0.00,,,HICKS RD,,,,0.00,Y,Four-Way,N,Intersection,None,,,         ,Douglas,Atwood,Clear,Angle,no,no,no,no,no,False
101703036,METROPOLITAN NASHVILLE POLICE DEPT,20170627057,Davidson,Nashville,7/16/2017 11:02:00 AM,2,0,0,36.151320,-86.784310,12TH AVS,,,,92.00,Feet,North,DIVISION ST,,,,0.00,N,Not at Intersection, ,Non-Junction,None,,,         ,Kevin,Johnson,Clear,Front to Rear,no,no,no,no,no,False
101703056,METROPOLITAN NASHVILLE POLICE DEPT,20170627053,Davidson,Nashville,7/16/2017 10:58:00 AM,2,0,0,36.151090,-86.750460,I 40,,,,0.00,,,,,,,211.55,N,Not at Intersection, ,Non-Junction,None,,,         ,FELIKS,ABRAHAMYAN,Clear,Front to Rear,no,no,no,no,yes,False
101703066,METROPOLITAN NASHVILLE POLICE DEPT,2017-0627143,Davidson,Nashville,7/16/2017 12:00:00 PM,2,0,0,36.200710,-86.824200,BUENA VISTA PKE,,,,642.00,Feet,East,EAST LN,,,,0.00,N,Not at Intersection, ,Non-Junction,None,,,         ,William,Caillouette,Clear,"Sideswipe, Same Direction",no,no,no,no,no,False
101703096,METROPOLITAN NASHVILLE POLICE DEPT,20170627080,Davidson,Nashville,7/16/2017 11:01:00 AM,2,0,0,36.145850,-86.798660,SCARRITT PL,,,,276.00,Feet,East,19TH AVS,,,,0.00,N,Not at Intersection, ,Non-Junction,None,,,         ,Nathan,Kemp,Clear,Rear to Rear,no,no,no,yes,no,Campus
101703097,METROPOLITAN NASHVILLE POLICE DEPT,20170627241,Davidson,Nashville,7/16/2017 1:08:00 PM,3,0,0,36.145170,-86.812130,WEST END AV,,,,80.00,Feet,East,28TH AVN,,,,0.00,N,Not at Intersection,N,Non-Junction,None,,,         ,Nathan,Kemp,Clear,Angle,no,no,no,no,no,Campus
101703104,METROPOLITAN NASHVILLE POLICE DEPT,20170627169,Davidson,Nashville,7/16/2017 12:25:00 PM,2,1,0,36.152380,-86.836990,CHARLOTTE AV,,,,0.00,,,42ND AVN,,,,0.00,Y,Four-Way,N,Intersection-Related,None,,,         ,Christopher,Royer,Clear,Front to Rear,no,no,no,no,no,False
101703129,METROPOLITAN NASHVILLE POLICE DEPT,20170627177,Davidson,Nashville,7/16/2017 12:30:00 PM,2,1,0,36.142320,-86.760040,HART ST,,,,0.00,Feet,,1ST AVS,,,,0.00,Y,T-Intersection,N,Intersection-Related,None,,,         ,Shelby,Hughes,Clear,Angle,no,no,no,no,no,False
101703130,METROPOLITAN NASHVILLE POLICE DEPT,20170627201,Davidson,Nashville,7/16/2017 12:44:00 PM,3,3,0,36.152240,-86.840670,CHARLOTTE AV,,,,70.00,Feet,East,45TH AVN,,,,0.00,N,Not at Intersection,N,Non-Junction,None,,,         ,Brian,Myatt,Clear,Front to Rear,no,no,no,no,no,False
101703152,METROPOLITAN NASHVILLE POLICE DEPT,20170627288,Davidson,Nashville,7/16/2017 1:53:00 PM,1,1,0,36.061900,-86.624200,MURFREESBORO PKE,,,,0.00,,,,,,,0.00,,,N,Non-Junction,None,,,         ,Robert,Erickson,Clear,Not Collision with Motor Vehicle in Transport,no,no,no,no,no,False
101703198,METROPOLITAN NASHVILLE POLICE DEPT,20170627290,Davidson,Nashville,7/16/2017 1:30:00 PM,2,2,0,36.152300,-86.797450,WEST END AV,,,,0.00,,,19TH AVN,,,,0.00,Y,OTHER,N,Intersection,None,,,         ,Arend,Groeneweg,Clear,"Sideswipe, Same Direction",no,no,no,no,no,False
101703203,METROPOLITAN NASHVILLE POLICE DEPT,20170627334,Davidson,Nashville,7/16/2017 2:35:00 PM,3,0,0,36.188850,-86.792770,I 65,,,,0.00,,,,,,,85.55,N,Not at Intersection, ,Non-Junction,None,,,         ,Seth,Vaughn,Clear,Front to Rear,no,no,no,no,yes,False
101703216,METROPOLITAN NASHVILLE POLICE DEPT,20170627450,Davidson,Nashville,7/16/2017 3:11:00 PM,1,0,0,36.123140,-86.717380,EAST THOMPSON LN,,,,302.00,Feet,North,LAWNDALE DR,,,,0.00,N,Not at Intersection,N,Non-Junction,None,,,         ,Alyson,Cook,Clear,Not Collision with Motor Vehicle in Transport,no,no,no,no,yes,False
101703219,METROPOLITAN NASHVILLE POLICE DEPT,20170627321,Davidson,Nashville,7/16/2017 2:20:00 PM,3,0,0,36.205000,-86.776640,I 65,,,,0.00,,,,,,,87.20,N,Not at Intersection,N,Non-Junction,None,,,         ,Royce,McLester,Clear,Front to Rear,no,no,no,no,yes,False
101703229,METROPOLITAN NASHVILLE POLICE DEPT,20170627410,Davidson,Nashville,7/16/2017 3:30:00 PM,1,0,0,36.139980,-86.776110,I 65,,,,0.00,,,,,,,81.80,N,Not at Intersection,N,Non-Junction,None,,,         ,Hillary,Sherman,Clear,Not Collision with Motor Vehicle in Transport,no,no,no,no,no,False
101703241,METROPOLITAN NASHVILLE POLICE DEPT,20170627380,Davidson,Nashville,7/16/2017 12:00:00 AM,2,0,0,36.174110,-86.790450,7TH AVN,,,,0.00,,,MADISON ST,,,,0.00,Y,Four-Way, ,Intersection-Related,None,,,         ,Frederick,Ware,Clear,Front to Rear,no,no,no,no,no,False
101703253,METROPOLITAN NASHVILLE POLICE DEPT,20170627419,Davidson,Nashville,7/16/2017 1:40:00 PM,2,0,0,36.082660,-86.646800,MURFREESBORO PKE,,,,0.00,,,SCOTT VALLEY DR,,,,0.00,Y,Four-Way,N,Non-Junction,None,,,         ,Marcus,Darden,Clear,Angle,no,no,no,no,no,False
101703258,METROPOLITAN NASHVILLE POLICE DEPT,214864,Davidson,Nashville,7/16/2017 1:25:00 PM,3,3,0,36.197050,-86.775680,I 65,,,,0.00,,,,,,,86.65,N,Not at Intersection,N,Non-Junction,None,,,         ,Daniel,Wadham,Clear,Not Collision with Motor Vehicle in Transport,no,no,no,no,no,False
101703263,METROPOLITAN NASHVILLE POLICE DEPT,20170627486,Davidson,Nashville,7/16/2017 4:16:00 PM,2,0,0,36.105190,-86.814330,HILLSBORO PKE,,,,162.00,Feet,North,RICHARD JONES RD,,,,0.00,N,Not at Intersection, ,,None,,,         ,Ethan,Usherwood,,,no,no,no,no,no,False
101703265,METROPOLITAN NASHVILLE POLICE DEPT,20170627440,Davidson,Nashville,7/16/2017 3:40:00 PM,2,0,0,36.044800,-86.662140,BELL RD,,,,183.00,Feet,West,CANE RIDGE RD,,,,0.00,N,Not at Intersection, ,Non-Junction,None,,,         ,Mary,Williams,Clear,Front to Rear,no,no,no,no,no,False
101703266,METROPOLITAN NASHVILLE POLICE DEPT,20170627388,Davidson,Nashville,7/16/2017 3:19:00 PM,2,2,0,36.110210,-86.922510,I40 E ENT RAMP,,,,0.00,,,I 40,,,,0.00,Y,OTHER,Y,Entrance/Exit Ramp Related,None,,,         ,Regina,Lewis,Clear,Angle,no,no,no,no,no,False
101703289,METROPOLITAN NASHVILLE POLICE DEPT,20170627521,Davidson,Nashville,7/16/2017 4:46:00 PM,1,0,0,36.235960,-86.803270,KNIGHT DR,,,,262.00,Feet,South,GREEN LN,,,,0.00,N,Not at Intersection,N,Non-Junction,None,,,         ,Brandon,Rardin,Clear,Not Collision with Motor Vehicle in Transport,no,no,no,no,no,False
101703290,METROPOLITAN NASHVILLE POLICE DEPT,20170627421,Davidson,Nashville,7/16/2017 2:20:00 PM,2,0,0,36.167580,-86.758790,SYLVAN ST,,,,297.00,Feet,East,CAYCE PLACE PVTDR,,,,0.00,N,Not at Intersection, ,Non-Junction,None,,,         ,Michael,Moss,Clear,"Sideswipe, Opposite Direction",no,no,no,no,yes,False
101703294,METROPOLITAN NASHVILLE POLICE DEPT,20170627478,Davidson,Nashville,7/16/2017 9:25:00 AM,1,0,0,36.085260,-86.708260,GARRY DR,,,,94.00,Feet,West,JEFFERY DR,,,,0.00,N,Not at Intersection,N,Non-Junction,None,,,         ,Alyson,Cook,Clear,Not Collision with Motor Vehicle in Transport,no,no,no,yes,yes,False
101703307,METROPOLITAN NASHVILLE POLICE DEPT,20170627611,Davidson,Nashville,7/16/2017 4:24:00 PM,2,0,0,36.149580,-86.797300,DIVISION ST,,,,204.00,Feet,West,LYLE AV,,,,0.00,N,Not at Intersection,N,Non-Junction,None,,,         ,Joseph,Patricio,Clear,Angle,no,no,no,no,yes,False
101703331,METROPOLITAN NASHVILLE POLICE DEPT,20170627327,Davidson,Nashville,7/16/2017 2:46:00 PM,2,0,0,36.080840,-86.726740,NOLENSVILLE PKE,,,,467.00,Feet,North,HARDING PL,,,,0.00,N,Not at Intersection, ,Non-Junction,None,,,         ,Melissa,Flores,Clear,Front to Rear,no,no,no,no,no,False
101703338,METROPOLITAN NASHVILLE POLICE DEPT,20170627616,Davidson,Nashville,7/16/2017 5:13:00 PM,2,0,0,36.168490,-86.679990,MCGAVOCK PKE,,,,143.00,Feet,North,CROSSFIELD DR,,,,0.00,N,Not at Intersection, ,Non-Junction,None,,,         ,Samuel,Sundra,Clear,Angle,no,no,no,no,no,False
101703351,METROPOLITAN NASHVILLE POLICE DEPT,20170627706,Davidson,Nashville,7/16/2017 6:38:00 PM,2,0,0,36.044830,-86.662630,BELL RD,,,,327.00,Feet,West,CANE RIDGE RD,,,,0.00,N,Not at Intersection, ,Non-Junction,None,,,         ,Jedidayah,Merriweather,Clear,Angle,no,no,no,no,no,False
101703364,METROPOLITAN NASHVILLE POLICE DEPT,20170627718,Davidson,Nashville,7/16/2017 5:55:00 PM,3,0,0,36.171590,-86.679520,PARK DR,,,,0.00,,,MCGAVOCK PKE,,,,0.00,Y,T-Intersection,N,Non-Junction,None,,,         ,Brent,Hedgcoth,Clear,Front to Rear,no,no,no,no,yes,False
101703365,METROPOLITAN NASHVILLE POLICE DEPT,20170627386,Davidson,Nashville,7/16/2017 3:13:00 PM,1,1,0,36.173200,-86.739850,S 17TH ST,,,,29.00,Feet,East,FATHERLAND ST,,,,0.00,N,Not at Intersection,N,Non-Junction,None,,,         ,Micah,Wright,Clear,Not Collision with Motor Vehicle in Transport,no,yes,no,no,no,False
101703371,METROPOLITAN NASHVILLE POLICE DEPT,20170627684,Davidson,Not in City Limit,7/16/2017 6:20:00 PM,2,0,0,36.264140,-86.726860,OLD HICKORY BLVDW,,,,84.00,Feet,West,RONNIE RD,,,,0.00,N,Not at Intersection, ,Non-Junction,None,,,         ,Jesse,Cox,Clear,Front to Rear,no,no,no,no,no,False
101703391,METROPOLITAN NASHVILLE POLICE DEPT,20170627638,Davidson,Nashville,7/16/2017 4:25:00 PM,2,0,0,36.047550,-86.655930,BELL RD,,,,0.00,,,HICKORY HOLLOW PKWY,,,,0.00,Y,Four-Way, ,Non-Junction,None,,,         ,Mary,Williams,Clear,Front to Rear,no,no,no,no,no,False
101703398,METROPOLITAN NASHVILLE POLICE DEPT,20170627767,Davidson,Nashville,7/16/2017 6:55:00 PM,2,0,0,36.102460,-86.810480,WARFIELD DR,,,,0.00,,,,,,,0.00,,,N,Non-Junction,None,,,         ,Bradley,Pope,Clear,Front to Rear,no,no,no,yes,yes,False
101703407,METROPOLITAN NASHVILLE POLICE DEPT,20170627793,Davidson,Nashville,7/16/2017 7:11:00 PM,2,0,0,36.199190,-86.829540,SUMMITT AV,,,,46.00,Feet,East,TERRACE AV,,,,0.00,N,Not at Intersection, ,Non-Junction,None,,,         ,Brandon,Rardin,Clear,"Sideswipe, Opposite Direction",no,no,no,no,no,False
101703411,METROPOLITAN NASHVILLE POLICE DEPT,20170627895,Davidson,Nashville,7/16/2017 8:20:00 PM,1,1,0,36.150540,-86.797420,LYLE AV,,,,97.00,Feet,North,BROADWAY,,,,0.00,N,Not at Intersection,N,Non-Junction,None,,,         ,Joseph,Patricio,Clear,Not Collision with Motor Vehicle in Transport,yes,no,no,no,no,False
101703415,METROPOLITAN NASHVILLE POLICE DEPT,20170627636,Davidson,Nashville,7/16/2017 6:25:00 PM,2,0,0,36.073390,-86.637620,MURFREESBORO PKE,,,,497.00,Feet,South,RURAL HILL RD,,,,0.00,N,Not at Intersection, ,Non-Junction,None,,,         ,Marcus,Darden,Clear,Angle,no,no,no,no,no,False
101703418,METROPOLITAN NASHVILLE POLICE DEPT,20170627777,Davidson,Nashville,7/16/2017 7:05:00 PM,2,0,0,36.080560,-86.621530,OWENDALE DR,,,,275.00,Feet,North,LERA JONES DR,,,,0.00,N,Not at Intersection,N,Non-Junction,None,,,         ,Kimberly,Annson,Clear,Rear to Side,no,no,no,no,yes,False
101703423,METROPOLITAN NASHVILLE POLICE DEPT,20170614764,Davidson,Nashville,7/12/2017 2:23:00 PM,2,0,0,36.151170,-86.750640,I 40,,,,0.00,,,,,,,211.55,N,Not at Intersection, ,Non-Junction,None,,,         ,Johnathan,Pannell,Clear,"Sideswipe, Same Direction",no,no,no,no,no,False
101703439,METROPOLITAN NASHVILLE POLICE DEPT,20170619191,Davidson,Nashville,7/16/2017 5:47:00 PM,3,1,0,36.143220,-86.686880,I 40,,,,0.00,,,,,,,215.45,N,Not at Intersection,N,Non-Junction,None,,,         ,Dontaveous,Eubanks,Clear,Front to Rear,no,no,no,no,no,False
101703448,METROPOLITAN NASHVILLE POLICE DEPT,20170627801,Davidson,Nashville,7/16/2017 7:34:00 PM,2,0,0,36.142420,-86.776740,I 65,,,,0.00,,,,,,,82.00,N,Not at Intersection,N,Non-Junction,None,,,         ,Hillary,Sherman,Clear,Unknown,no,no,no,no,yes,False