master_record_number,agency,agency_tracking_number,county,city,collision_date,vehicles_involved,number_injured,number_dead,latitude,longitude,roadway_name,roadway_suffix,roadway_number,roadway_local_id,distance_from_reference,miles-feet_indicator,direction_from_reference,intersection_road_name,intersection_road_name_suffix,intersection_road_number,intersection_local_id,mile_marker,intersection_indicator,intersect_type,interchange_related_indicator,relation_to_junction,work_zone_type,construction_maintenance_zone,construction_maintenance_zone_location,fatal_case_number,officer_first_name,officer_last_name,weather_condition(s),manner_of_crash,pedestrian,bicycle,scooter,parking,hitrun,mou
101705420,METROPOLITAN NASHVILLE POLICE DEPT,20170636407,Davidson,Nashville,7/19/2017 8:30:00 AM,2,1,0,36.087050,-86.693180,HARDING PL,,,,318.00,Feet,West,ANTIOCH PKE,,,,0.00,N,Not at Intersection,N,Non-Junction,None,,,         ,Michael,Dudley,Clear,Front to Rear,no,no,no,no,no,False
101705435,METROPOLITAN NASHVILLE POLICE DEPT,20170636398,Davidson,Nashville,7/19/2017 12:00:00 AM,2,0,0,36.161547,-86.775972,3RD AV N,,,,85.00,Feet,North,BROADWAY,,,,0.00,N,Not at Intersection, ,Non-Junction,Construction Zone,,,         ,Amery,Milligan,Clear,Front to Rear,no,no,no,no,no,False
101705448,METROPOLITAN NASHVILLE POLICE DEPT,20170636518,Davidson,Antioch,7/19/2017 9:30:00 AM,2,0,0,36.047840,-86.612050,MURFREESBORO PKE,,,,1284.00,Feet,North,MOUNTAIN SPRINGS RD,,,,0.00,N,Not at Intersection, ,Non-Junction,None,,,         ,Devon,Morgan,Clear,Front to Rear,no,no,no,no,yes,False
101705455,METROPOLITAN NASHVILLE POLICE DEPT,20170636349,Davidson,Nashville,7/19/2017 7:50:00 AM,2,0,0,36.086440,-86.698680,I24 W EXT RAMP,,,,0.00,,,I 24,,,,0.00,Y,Four-Way,N,Intersection-Related,None,,,         ,Stephen,Soule,Clear,Angle,no,no,no,no,yes,False
101705456,METROPOLITAN NASHVILLE POLICE DEPT,20170636276,Davidson,Nashville,7/19/2017 7:50:00 AM,2,0,0,36.084160,-86.705890,LINBAR DR,,,,0.00,,,HARDING PL,,,,0.00,Y,Four-Way,N,Intersection,None,,,         ,Stephen,Soule,Clear,Angle,no,no,no,no,yes,False
101705470,METROPOLITAN NASHVILLE POLICE DEPT,20170636590,Davidson,Nashville,7/19/2017 9:40:00 AM,2,0,0,36.109300,-86.723330,I24 E EXT RAMP,,,,0.00,,,BRILEY PKWYS,,,,0.00,Y,T-Intersection, ,Intersection,None,,,         ,Michael,Dudley,Clear,"Sideswipe, Same Direction",no,no,no,no,no,False
101705478,METROPOLITAN NASHVILLE POLICE DEPT,20170636710,Davidson,Nashville,7/19/2017 11:11:00 AM,2,0,0,36.126400,-86.804580,21ST AVS,,,,0.00,,,WESTWOOD AV,,,,0.00,Y,T-Intersection, ,,None,,,         ,Nathan,Kemp,,,no,no,no,no,no,False
101705481,METROPOLITAN NASHVILLE POLICE DEPT,20170636748,Davidson,Nashville,7/19/2017 11:29:00 AM,2,0,0,36.148890,-86.822320,I 440,,,,0.00,,,,,,,1.40,N,Not at Intersection, ,,None,,,         ,Russell,Freeman,,,no,no,no,no,no,False
101705490,METROPOLITAN NASHVILLE POLICE DEPT,20170636758,Davidson,Nashville,7/19/2017 11:17:00 AM,2,0,0,36.134000,-86.726760,I 24,,,,0.00,,,,,,,52.10,N,Not at Intersection, ,Non-Junction,None,,,         ,Stephen,Soule,Clear,Front to Rear,no,no,no,no,no,False
101705499,METROPOLITAN NASHVILLE POLICE DEPT,20170636288,Davidson,Nashville,7/19/2017 7:45:00 AM,4,0,0,36.083610,-86.705590,LINBAR DR,,,,0.00,,,,,,,0.00,,,N,Non-Junction,None,,,         ,Todd,Watson,Clear,Angle,no,no,no,no,yes,False
101705500,METROPOLITAN NASHVILLE POLICE DEPT,20170636674,Davidson,Nashville,7/19/2017 10:50:00 AM,2,0,0,36.154770,-86.761110,I 40,,,,0.00,,,,,,,210.90,N,Not at Intersection,N,Non-Junction,None,,,         ,Michael,Dance,Clear,"Sideswipe, Same Direction",no,no,no,no,no,False
101705504,METROPOLITAN NASHVILLE POLICE DEPT,2017-0636619,Davidson,Nashville,7/19/2017 10:20:00 AM,2,0,0,36.231250,-86.724930,HAYSBORO AV,,,,0.00,,,GALLATIN PKE,,,,0.00,Y,Four-Way,N,Intersection,None,,,         ,Earnest,Fields,Clear,Front to Rear,no,no,no,no,no,False
101705538,THP District 9 - Administrative,317042673,Davidson,Nashville,7/18/2017 5:22:00 PM,2,0,0,36.103080,-86.798220,COVE PL,,,,215.00,Feet,West,GRANNY WHITE PKE,,,,0.00,N,Not at Intersection, ,,None,,,         ,Javier,Allen,,,no,no,no,yes,no,False
101705561,METROPOLITAN NASHVILLE POLICE DEPT,20170636840,Davidson,Nashville,7/19/2017 12:21:00 PM,2,2,0,36.139820,-86.787590,HORTON AV,,,,0.00,,,12TH AVS,,,,0.00,Y,Four-Way,N,Intersection,None,,,         ,Nathan,Kemp,Clear,Angle,no,no,no,no,no,False
101705574,METROPOLITAN NASHVILLE POLICE DEPT,20170636945,Davidson,Nashville,7/19/2017 12:00:00 AM,2,0,0,36.238610,-86.741270,BRILEY PKWYE,,,,0.00,Feet,West,ELLINGTON PKWYN,,,,0.00,N,Not at Intersection, ,Non-Junction,None,,,         ,Michael,Dance,Clear,Not Collision with Motor Vehicle in Transport,no,no,no,no,no,False
101705587,METROPOLITAN NASHVILLE POLICE DEPT,2017-0636249,Davidson,Nashville,7/19/2017 7:41:00 AM,4,3,0,36.045360,-86.672640,BELL RD,,,,522.00,Feet,East,BLUE HOLE RD,,,,0.00,N,Not at Intersection,N,Non-Junction,None,,,         ,William,Whitworth,Clear,Front to Rear,no,no,no,no,no,False
101705588,METROPOLITAN NASHVILLE POLICE DEPT,2017-0636592,Davidson,Nashville,7/19/2017 9:38:00 AM,2,0,0,36.124200,-86.751750,NOLENSVILLE PKE,,,,49.00,Feet,North,I440 W EXT RAMP,,,,0.00,N,Not at Intersection, ,Entrance/Exit Ramp Related,None,,,         ,William,Whitworth,Clear,"Sideswipe, Same Direction",no,no,no,no,no,False
101705589,METROPOLITAN NASHVILLE POLICE DEPT,2017-0636791,Davidson,Nashville,7/19/2017 11:53:00 AM,2,1,0,36.050580,-86.646820,BELL FORGE LNE,,,,62.00,Feet,South,BELL RD,,,,0.00,N,Not at Intersection,N,"Driveway, Alley Access, etc",None,,,         ,William,Whitworth,Clear,Front to Rear,no,no,no,no,no,False
101705605,METROPOLITAN NASHVILLE POLICE DEPT,20170636797,Davidson,Nashville,7/19/2017 11:50:00 AM,2,0,0,36.201110,-86.776810,I 65,,,,0.00,,,,,,,87.00,N,Not at Intersection,N,Non-Junction,None,,,         ,William,Caillouette,Clear,"Sideswipe, Same Direction",no,no,no,no,no,False
101705606,METROPOLITAN NASHVILLE POLICE DEPT,20170636801,Davidson,Nashville,7/19/2017 11:16:00 AM,2,0,0,36.149200,-86.743440,CALHOUN AV,,,,74.00,Feet,West,FESSLERS PKWY,,,,0.00,N,Not at Intersection, ,Non-Junction,None,,,         ,Jared,Eaves,Clear,Front to Rear,no,no,no,no,no,False
101705613,METROPOLITAN NASHVILLE POLICE DEPT,2017-0636685,Davidson,Nashville,7/19/2017 10:54:00 AM,2,1,0,36.081020,-86.697100,I 24,,,,0.00,,,,,,,56.10,N,Not at Intersection,N,Non-Junction,None,,,         ,William,Whitworth,Clear,Angle,no,no,no,no,no,False
101705615,METROPOLITAN NASHVILLE POLICE DEPT,20170636837,Davidson,Nashville,7/19/2017 10:00:00 AM,2,0,0,36.125860,-86.752590,GLENROSE AV,,,,0.00,,,NOLENSVILLE PKE,,,,0.00,Y,T-Intersection, ,Intersection,None,,,         ,Michael,Dudley,Clear,Front to Rear,no,no,no,no,no,False
101705627,METROPOLITAN NASHVILLE POLICE DEPT,20170636996,Davidson,Nashville,7/19/2017 1:19:00 PM,1,0,0,36.042160,-86.782040,I 65,,,,0.00,,,,,,,74.80,N,Not at Intersection,N,Non-Junction,None,,,         ,Phillip,Murphy,Clear,Not Collision with Motor Vehicle in Transport,no,no,no,no,no,False
101705635,METROPOLITAN NASHVILLE POLICE DEPT,20170637023,Davidson,Nashville,7/19/2017 12:50:00 PM,2,0,0,36.180190,-86.806610,BUCHANAN ST,,,,1.00,Feet,West,12TH AVN,,,,0.00,N,Not at Intersection, ,OtherLocation,None,,,         ,Joshua,Baker,Clear,Front to Rear,no,no,no,no,no,False
101705639,METROPOLITAN NASHVILLE POLICE DEPT,20170637074,Davidson,Nashville,7/19/2017 2:00:00 PM,1,1,0,36.111340,-86.872580,JOCELYN HOLLOW RD,,,,216.00,Feet,North,GUN CLUB RD,,,,0.00,N,Not at Intersection,N,Non-Junction,None,,,         ,Curtis,Rich,Clear,Not Collision with Motor Vehicle in Transport,yes,no,no,no,no,False
101705648,METROPOLITAN NASHVILLE POLICE DEPT,20170636950,Davidson,Not in City Limit,7/19/2017 12:54:00 PM,2,0,0,36.270410,-86.689760,MYATT DR,,,,374.00,Feet,North,ROOSEVELT AV,,,,0.00,N,Not at Intersection,N,"Driveway, Alley Access, etc",None,,,         ,Jack,Crouch,Clear,Angle,no,no,no,no,no,False
101705673,METROPOLITAN NASHVILLE POLICE DEPT,20170636523,Davidson,Goodlettsville,7/19/2017 9:15:00 AM,2,0,0,36.302750,-86.691850,RIVERGATE MARKETPLACE PVTDR,,,,0.00,Feet,,GALLATIN PKEN,,,,0.00,Y,Four-Way, ,Intersection-Related,None,,,         ,Peter,Lynch,Clear,Front to Rear,no,no,no,no,no,False
101705677,METROPOLITAN NASHVILLE POLICE DEPT,20170637034,Davidson,Nashville,7/19/2017 1:10:00 PM,2,0,0,36.165950,-86.798030,14TH AVN,,,,60.00,Feet,North,DESHA ST,,,,0.00,N,Not at Intersection, ,Non-Junction,None,,,         ,Isaac,Wood,Clear,Rear to Side,no,no,no,no,no,False
101705692,VANDERBILT UNIVERSITY POLICE,17-0636889,Davidson,Nashville,7/19/2017 12:10:00 PM,2,0,0,36.142820,-86.800040,MEDICAL CENTER DR,,,,0.00,,,MEDICAL CENTER DR,,,,0.00,Y,Roundabout, ,Non-Junction,None,,,         ,Shaneithia,Lewis,Clear,Front to Rear,no,no,no,no,no,Campus
101705697,METROPOLITAN NASHVILLE POLICE DEPT,20170636908,Davidson,Nashville,7/19/2017 12:40:00 PM,4,1,0,36.080890,-86.725960,NOLENSVILLE PKE,,,,0.00,,,,,,,0.00,,,N,Non-Junction,None,,,         ,Michael,Dudley,Clear,Angle,no,no,no,yes,no,False
101705716,METROPOLITAN NASHVILLE POLICE DEPT,20170637178,Davidson,Nashville,7/19/2017 2:41:00 PM,2,0,0,36.082100,-86.761700,HARDING PL,,,,0.00,,,SIDCO DR,,,,0.00,Y,Four-Way, ,Intersection-Related,None,,,         ,Tien,Nguyen,Clear,"Sideswipe, Same Direction",no,no,no,no,no,False
101705719,METROPOLITAN NASHVILLE POLICE DEPT,20170637184,Davidson,Nashville,7/19/2017 3:05:00 PM,2,0,0,36.134760,-86.726910,I24E,,,,643.00,Feet,West,I24 W ENT RAMP,,,,0.00,N,Not at Intersection,N,Non-Junction,None,,,         ,Jessie,Meadows,Clear,Front to Rear,no,no,no,no,no,False
101705724,METROPOLITAN NASHVILLE POLICE DEPT,20170637202,Davidson,Nashville,7/19/2017 3:10:00 PM,2,1,0,36.164840,-86.819930,I40 W EXT RAMP,,,,0.00,,,I 40,,,,0.00,Y,T-Intersection,N,Entrance/Exit Ramp Related,None,,,         ,Kevin,Reynolds,Clear,Front to Rear,no,no,no,no,yes,False
101705734,METROPOLITAN NASHVILLE POLICE DEPT,20170637165,Davidson,Nashville,7/19/2017 2:48:00 PM,2,0,0,36.100660,-86.739960,NOLENSVILLE PKE,,,,41.00,Feet,North,CHILTON ST,,,,0.00,N,Not at Intersection,N,Non-Junction,None,,,         ,Alyson,Cook,Clear,Front to Rear,no,no,no,no,yes,False
101705738,METROPOLITAN NASHVILLE POLICE DEPT,20170637066,Davidson,Nashville,7/19/2017 2:15:00 PM,1,1,0,36.090200,-86.703180,I 24,,,,0.00,,,,,,,55.40,N,Not at Intersection,N,Non-Junction,None,,,         ,Devon,Morgan,Clear,Not Collision with Motor Vehicle in Transport,no,no,no,no,no,False
101705746,METROPOLITAN NASHVILLE POLICE DEPT,20170636975,Davidson,Nashville,7/19/2017 12:00:00 AM,2,0,0,36.100890,-86.746760,HIGH ST,,,,35.00,Feet,West,MAYS ST,,,,0.00,N,Not at Intersection,N,Non-Junction,None,,,         ,Tien,Nguyen,Clear,Unknown,no,no,no,no,yes,False
101705765,METROPOLITAN NASHVILLE POLICE DEPT,20170637218,Davidson,Nashville,7/19/2017 3:00:00 PM,2,0,0,36.154480,-86.779450,8TH AVS,,,,0.00,,,LAFAYETTE ST,,,,0.00,Y,Roundabout, ,Intersection-Related,None,,,         ,Jim,Crissman,Clear,Angle,no,no,no,no,yes,False
101705766,METROPOLITAN NASHVILLE POLICE DEPT,20170637195,Davidson,Nashville,7/19/2017 2:16:00 PM,2,0,0,36.151760,-86.768630,2ND AVS,,,,0.00,,,I40 W EXT RAMP,,,,0.00,Y,Four-Way, ,Intersection-Related,None,,,         ,Jason,King,Clear,"Sideswipe, Same Direction",no,no,no,no,no,False
101705769,METROPOLITAN NASHVILLE POLICE DEPT,20170637116,Davidson,Nashville,7/19/2017 2:19:00 PM,2,1,0,36.152380,-86.837060,CHARLOTTE AV,,,,0.00,,,42ND AVN,,,,0.00,Y,Four-Way,N,Intersection,None,,,         ,Walter,Gray II,Clear,"Sideswipe, Same Direction",no,no,no,no,no,False
101705787,GOODLETTSVILLE POLICE DEPT,17-25131,Davidson,Goodlettsville,7/19/2017 3:10:00 PM,2,0,0,36.320460,-86.713200,S MAIN ST,,,,168.00,Feet,North,JONES AV,,,,0.00,N,Not at Intersection,N,Non-Junction,None,,,         ,George,Forbes,Clear,Angle,no,no,no,no,no,False
101705793,METROPOLITAN NASHVILLE POLICE DEPT,20170637168,Davidson,Nashville,7/19/2017 2:20:00 PM,2,0,0,36.154890,-86.801930,20TH AVN,,,,174.00,Feet,South,PATTERSON ST,,,,0.00,N,Not at Intersection, ,Non-Junction,None,,,         ,Eric,Burford,Clear,"Sideswipe, Same Direction",no,no,no,no,no,False
101705794,METROPOLITAN NASHVILLE POLICE DEPT,20170637130,Davidson,Nashville,7/19/2017 2:25:00 PM,2,0,0,36.176960,-86.751430,S 10TH ST,,,,0.00,,,WOODLAND ST,,,,0.00,Y,Four-Way,N,Intersection,None,,,         ,Alex,Moore,Clear,"Sideswipe, Same Direction",no,no,no,no,yes,False
101705801,METROPOLITAN NASHVILLE POLICE DEPT,20170637433,Davidson,Nashville,7/19/2017 4:09:00 PM,2,0,0,36.150840,-86.784370,12TH AVS,,,,85.00,Feet,South,DIVISION ST,,,,0.00,N,Not at Intersection, ,,None,,,         ,Derek,Betty,,,no,no,no,no,no,False
101705802,GOODLETTSVILLE POLICE DEPT,17-25133,Davidson,Goodlettsville,7/19/2017 3:30:00 PM,2,0,0,36.296190,-86.715440,I 65,,,,0.00,,,,,,,94.80,N,Not at Intersection,N,Non-Junction,None,,,         ,Charles,Hauskin,Clear,Front to Rear,no,no,no,no,no,False
101705803,METROPOLITAN NASHVILLE POLICE DEPT,20170637367,Davidson,Nashville,7/19/2017 3:51:00 PM,3,0,0,36.110830,-86.786520,WOODMONT BLVD,,,,302.00,Feet,East,LEALAND LN,,,,0.00,N,Not at Intersection,N,Non-Junction,None,,,         ,Russell,Freeman,Clear,Front to Rear,no,no,no,no,no,False
101705804,METROPOLITAN NASHVILLE POLICE DEPT,20170637389,Davidson,Nashville,7/19/2017 4:10:00 PM,2,0,0,36.089290,-86.650120,MURFREESBORO PKE,,,,87.00,Feet,North,RANSOM PL,,,,0.00,N,Not at Intersection, ,Non-Junction,None,,,         ,Jessie,Meadows,Clear,Front to Rear,no,no,no,no,no,False
101705820,METROPOLITAN NASHVILLE POLICE DEPT,2017-0633330,Davidson,Nashville,7/18/2017 11:43:00 AM,2,0,0,36.110940,-86.745220,THOMPSON LN,,,,0.00,,,NOLENSVILLE PKE,,,,0.00,Y,Four-Way, ,,None,,,         ,Aaron,Jones,,,no,no,no,no,no,False
101705823,METROPOLITAN NASHVILLE POLICE DEPT,20170637561,Davidson,Nashville,7/19/2017 4:49:00 PM,2,0,0,36.044870,-86.663480,BELL RD,,,,577.00,Feet,West,CANE RIDGE RD,,,,0.00,N,Not at Intersection, ,Non-Junction,None,,,         ,Pamela,Caulder,Clear,Front to Rear,no,no,no,no,no,False
101705824,METROPOLITAN NASHVILLE POLICE DEPT,20170637615,Davidson,Nashville,7/19/2017 5:00:00 PM,1,0,0,36.069040,-86.681750,RICHARDS RD,,,,164.00,Feet,West,CUMMINGS PARK DR,,,,0.00,N,Not at Intersection,N,Non-Junction,None,,,         ,Jessie,Meadows,Rain,Not Collision with Motor Vehicle in Transport,no,no,no,no,no,False
101705830,METROPOLITAN NASHVILLE POLICE DEPT,20170637565,Davidson,Nashville,7/19/2017 4:00:00 PM,2,0,0,36.188280,-86.815990,DOWLAN ST,,,,144.00,Feet,West,24TH AVN,,,,0.00,N,Not at Intersection, ,Non-Junction,None,,,         ,Charles,Holmes,Clear,"Sideswipe, Opposite Direction",no,no,no,no,yes,False
101705842,METROPOLITAN NASHVILLE POLICE DEPT,20170637569,Davidson,Nashville,7/19/2017 4:35:00 PM,2,0,0,36.182110,-86.749200,MAXWELL AV,,,,33.00,Feet,West,GALLATIN AV,,,,0.00,N,Not at Intersection,N,Non-Junction,None,,,         ,Amanda,Fox,Clear,Angle,no,no,no,no,no,False
101705849,METROPOLITAN NASHVILLE POLICE DEPT,20170637495,Davidson,Nashville,7/19/2017 4:30:00 PM,2,0,0,36.133640,-86.722000,MURFREESBORO PKE,,,,215.00,Feet,East,PLUS PARK BLVD,,,,0.00,N,Not at Intersection, ,Non-Junction,None,,,         ,Dontaveous,Eubanks,Cloudy,Angle,no,no,no,no,no,False
101705850,METROPOLITAN NASHVILLE POLICE DEPT,20170637620,Davidson,Nashville,7/19/2017 5:13:00 PM,2,1,0,36.091110,-86.650310,BOROWOOD DR,,,,229.00,Feet,East,MURFREESBORO PKE,,,,0.00,N,Not at Intersection,N,Non-Junction,None,,,         ,Michael,Apsey,Rain,HeadOn,no,no,no,no,no,False
101705855,METROPOLITAN NASHVILLE POLICE DEPT,20170637402,Davidson,Nashville,7/19/2017 4:00:00 PM,2,0,0,36.143690,-86.814200,WEST END AV,,,,0.00,,,30TH AVN,,,,0.00,Y,Four-Way, ,Non-Junction,None,,,         ,Hillary,Sherman,Clear,Angle,no,no,no,no,no,Campus
101705873,METROPOLITAN NASHVILLE POLICE DEPT,20170637172,Davidson,Not in City Limit,7/19/2017 2:54:00 PM,2,0,0,36.316280,-86.876580,EATONS CREEK RD,,,,0.00,,,OLD CLARKSVILLE PKE,,,,0.00,Y,Four-Way,N,Intersection,None,,,         ,Timothy,Morgan,Clear,Angle,no,no,no,no,no,False
101705880,METROPOLITAN NASHVILLE POLICE DEPT,20170637647,Davidson,Nashville,7/19/2017 5:24:00 PM,2,2,0,36.142020,-86.629270,ELM HILL PKE,,,,393.00,Feet,East,WEMBERTON DR,,,,0.00,N,Not at Intersection,N,Non-Junction,None,,,         ,Kimberly,Annson,Cloudy,Front to Rear,no,no,no,no,yes,False
101705884,METROPOLITAN NASHVILLE POLICE DEPT,20170637641,Davidson,Nashville,7/19/2017 5:14:00 PM,2,0,0,36.088350,-86.701950,I 24,,,,0.00,,,,,,,55.55,N,Not at Intersection,N,Non-Junction,None,,,         ,Alyson,Cook,Clear,Front to Rear,no,no,no,no,yes,False
101705891,METROPOLITAN NASHVILLE POLICE DEPT,20170637719,Davidson,Nashville,7/19/2017 5:35:00 PM,2,0,0,36.096430,-86.638310,SMITH SPRINGS RD,,,,798.00,Feet,East,LONGHUNTER CT,,,,0.00,N,Not at Intersection,N,Non-Junction,None,,,         ,Reuben,Hewit,Cloudy,Front to Rear,no,no,no,no,no,False
101705896,METROPOLITAN NASHVILLE POLICE DEPT,20170637594,Davidson,Nashville,7/19/2017 12:00:00 AM,1,0,0,36.072080,-86.749250,BRIARWOOD DR,,,,116.00,Feet,North,RANDALL DR,,,,0.00,N,Not at Intersection,N,Non-Junction,None,,,         ,Tien,Nguyen,Clear,Not Collision with Motor Vehicle in Transport,no,no,no,no,yes,False
101705897,METROPOLITAN NASHVILLE POLICE DEPT,20170637734,Davidson,Nashville,7/19/2017 4:57:00 PM,2,0,0,36.141240,-86.814470,31ST AVS,,,,0.00,,,VANDERBILT PL,,,,0.00,Y,Four-Way,N,Intersection-Related,None,,,         ,Tien,Nguyen,Clear,Angle,no,no,no,no,no,Campus
101705900,METROPOLITAN NASHVILLE POLICE DEPT,20170637713,Davidson,Nashville,7/19/2017 5:41:00 PM,2,0,0,36.108700,-86.679020,MURFREESBORO PKE,,,,715.00,Feet,West,DELL PKWY,,,,0.00,N,Not at Intersection, ,Non-Junction,None,,,         ,Nakia,Reid,Clear,"Sideswipe, Same Direction",no,no,no,no,no,False
101705902,BERRY HILL POLICE DEPT,17-2423,Davidson,Nashville,7/19/2017 4:30:00 PM,2,0,0,36.120430,-86.750610,MELROSE AV,,,,0.00,,,GRANDVIEW AV,,,,0.00,Y,T-Intersection,N,Intersection-Related,None,,,         ,Larry,Carter,Cloudy,Front to Rear,no,no,no,no,no,False
101705903,METROPOLITAN NASHVILLE POLICE DEPT,20170637826,Davidson,Nashville,7/19/2017 6:16:00 PM,2,0,0,36.150130,-86.766290,LAFAYETTE ST,,,,157.00,Feet,West,1ST AVS,,,,0.00,N,Not at Intersection,N,Non-Junction,None,,,         ,Craig,Gentry,Clear,"Sideswipe, Opposite Direction",no,no,no,no,yes,False
101705905,METROPOLITAN NASHVILLE POLICE DEPT,20170637783,Davidson,Nashville,7/19/2017 6:15:00 PM,2,0,0,36.110720,-86.689340,MCGAVOCK PKE,,,,541.00,Feet,North,SCHOOL LN,,,,0.00,N,Not at Intersection,N,"Driveway, Alley Access, etc",None,,,         ,Andrew,Swint,Cloudy,Angle,no,no,no,no,no,False
101705907,METROPOLITAN NASHVILLE POLICE DEPT,20170637793,Davidson,Nashville,7/19/2017 6:06:00 PM,2,0,0,36.081290,-86.758340,TROUSDALE DR,,,,67.00,Feet,North,HARDING PL,,,,0.00,N,Not at Intersection, ,Non-Junction,None,,,         ,Edin,Plancic,Clear,"Sideswipe, Same Direction",no,no,no,no,no,False
101705910,METROPOLITAN NASHVILLE POLICE DEPT,20170634999,Davidson,Nashville,7/18/2017 10:35:00 PM,2,1,0,36.150440,-86.749420,I 40,,,,0.00,,,,,,,211.65,N,Not at Intersection,N,Non-Junction,None,,,         ,John,Daugherty,Clear,Front to Rear,no,no,no,no,yes,False
101705912,METROPOLITAN NASHVILLE POLICE DEPT,20170637751,Davidson,Not in City Limit,7/19/2017 4:55:00 PM,2,1,0,36.272120,-86.689560,ANDERSON LN,,,,0.00,Feet,,MYATT DR,,,,0.00,Y,Four-Way,N,Intersection,None,,,         ,Harold,Willmore IV,Clear,Front to Rear,no,no,no,no,no,False
101705913,METROPOLITAN NASHVILLE POLICE DEPT,20170637742,Davidson,Nashville,7/19/2017 5:23:00 PM,2,0,0,36.029220,-86.636900,I 24,,,,0.00,,,,,,,61.10,N,Not at Intersection, ,Non-Junction,None,,,         ,Alyson,Cook,Rain,Front to Rear,no,no,no,no,no,False
101705920,METROPOLITAN NASHVILLE POLICE DEPT,20170637870,Davidson,Nashville,7/19/2017 5:39:00 PM,2,0,0,36.096860,-86.656710,MURFREESBORO PKE,,,,243.00,Feet,West,SMITH SPRINGS RD,,,,0.00,N,Not at Intersection, ,Non-Junction,None,,,         ,Alyson,Cook,Clear,Front to Rear,no,no,no,no,no,False
101705922,METROPOLITAN NASHVILLE POLICE DEPT,20170637808,Davidson,Nashville,7/19/2017 6:20:00 PM,2,3,0,36.182740,-86.848830,COUNTY HOSPITAL RD,,,,313.00,Feet,West,CAMILLA CALDWELL LN,,,,0.00,N,Not at Intersection,N,Non-Junction,None,,,         ,Michael,Moss,Clear,Front to Rear,no,no,no,no,no,False
101705940,Nashville Airport Police,2017-02440,Davidson,Nashville,7/19/2017 9:53:00 AM,2,0,0,36.138000,-86.665750,SATELLITE WAY,,,,399.00,Feet,North,SATELLITE WAY ENT RAMP,,,,0.00,N,Not at Intersection,N,Non-Junction,None,,,         ,Gary,Polk,Clear,Other,no,no,no,yes,yes,False
101705944,METROPOLITAN NASHVILLE POLICE DEPT,20170637891,Davidson,Nashville,7/19/2017 5:56:00 PM,2,0,0,36.136780,-86.802460,BELCOURT AV,,,,0.00,Feet,East,ACKLEN AV,,,,0.00,N,Not at Intersection,N,Non-Junction,None,,,         ,Tien,Nguyen,Clear,"Sideswipe, Same Direction",no,no,no,no,no,Campus
101705950,METROPOLITAN NASHVILLE POLICE DEPT,20170637833,Davidson,Nashville,7/19/2017 6:16:00 PM,2,0,0,36.151010,-86.796490,19TH AVS,,,,0.00,Feet,,BROADWAY,,,,0.00,Y,Four-Way, ,Intersection,None,,,         ,Ryan,Cagle,Clear,Angle,no,no,no,no,no,False
101705960,VANDERBILT UNIVERSITY POLICE,17-0625025,Davidson,Nashville,7/15/2017 2:30:00 PM,2,0,0,36.143050,-86.796540,APPLETON PL,,,,0.00,,,,,,,0.00,,, ,Non-Junction,None,,,         ,Lydell,Reedy,Cloudy,Rear to Rear,no,no,no,yes,no,Campus
101705961,METROPOLITAN NASHVILLE POLICE DEPT,20170637601,Davidson,Nashville,7/19/2017 5:03:00 PM,2,3,0,36.168140,-86.816760,JEFFERSON ST,,,,13.00,Feet,East,26TH AVN,,,,0.00,N,Not at Intersection,N,Entrance/Exit Ramp Related,None,,,         ,Roy,Sain Jr.,Clear,"Sideswipe, Opposite Direction",no,no,no,no,no,False
101705962,METROPOLITAN NASHVILLE POLICE DEPT,20170637749,Davidson,Nashville,7/13/2017 8:05:00 PM,1,1,0,36.181760,-86.725590,EASTLAND AV,,,,0.00,,,RIVERSIDE DR,,,,0.00,Y,Four-Way,N,Intersection,None,,,         ,Alexander,Georgeson,Clear,Not Collision with Motor Vehicle in Transport,yes,no,no,no,yes,False
101705968,BERRY HILL POLICE DEPT,17-2418,Davidson,Berry Hill,7/19/2017 2:50:00 PM,2,0,0,36.112390,-86.768020,THOMPSON LN,,,,0.00,,,W IRIS DR,,,,0.00,Y,Four-Way, ,,None,,,         ,Larry,Carter,,,no,no,no,no,no,False
101705984,METROPOLITAN NASHVILLE POLICE DEPT,20170637441,Davidson,Nashville,7/19/2017 4:20:00 PM,2,0,0,36.091370,-86.828930,HARDING PL,,,,87.00,Feet,South,HILLSBORO PKE,,,,0.00,N,Not at Intersection,N,Non-Junction,None,,,         ,Walter,Gray II,Clear,Front to Rear,no,no,no,no,no,False
101705985,METROPOLITAN NASHVILLE POLICE DEPT,20170637460,Davidson,Nashville,7/19/2017 4:23:00 PM,2,1,0,36.158730,-86.818530,CLIFTON AV,,,,0.00,,,28TH AVN,,,,0.00,Y,Four-Way,N,Intersection-Related,None,,,         ,Thomas,Burns,Clear,HeadOn,no,no,no,no,no,False
101705990,METROPOLITAN NASHVILLE POLICE DEPT,20170637618,Davidson,Nashville,7/19/2017 12:00:00 AM,5,3,0,36.168720,-86.776110,JAMES ROBERTSON PKWY,,,,437.00,Feet,East,GAY ST,,,,0.00,N,Not at Intersection,N,Non-Junction,None,,,         ,Derek,Betty,Clear,Front to Rear,no,no,no,no,no,False
101705995,METROPOLITAN NASHVILLE POLICE DEPT,20170637818,Davidson,Nashville,7/19/2017 6:10:00 PM,2,0,0,36.085290,-86.761860,SIDCO DR,,,,140.00,Feet,North,ELYSIAN FIELDS RD,,,,0.00,N,Not at Intersection,N,Non-Junction,None,,,         ,Hillary,Sherman,Clear,"Sideswipe, Same Direction",no,no,no,no,no,False