master_record_number,agency,agency_tracking_number,county,city,collision_date,vehicles_involved,number_injured,number_dead,latitude,longitude,roadway_name,roadway_suffix,roadway_number,roadway_local_id,distance_from_reference,miles-feet_indicator,direction_from_reference,intersection_road_name,intersection_road_name_suffix,intersection_road_number,intersection_local_id,mile_marker,intersection_indicator,intersect_type,interchange_related_indicator,relation_to_junction,work_zone_type,construction_maintenance_zone,construction_maintenance_zone_location,fatal_case_number,officer_first_name,officer_last_name,weather_condition(s),manner_of_crash,pedestrian,bicycle,scooter,parking,hitrun,mou
101705999,METROPOLITAN NASHVILLE POLICE DEPT,20170637758,Davidson,Nashville,7/19/2017 5:00:00 PM,2,1,0,36.150550,-86.796990,BROADWAY,,,,119.00,Feet,North,LYLE AV,,,,0.00,N,Not at Intersection,N,Non-Junction,None,,,         ,Ryan,Cagle,Clear,Front to Rear,no,no,no,no,no,False
101706001,METROPOLITAN NASHVILLE POLICE DEPT,20170637723,Davidson,Not in City Limit,7/19/2017 5:08:00 PM,2,0,0,36.074830,-86.970180,I 40,,,,0.00,,,,,,,195.40,N,Not at Intersection,N,Non-Junction,None,,,         ,Walter,Gray II,Clear,Front to Rear,no,no,no,no,no,False
101706002,METROPOLITAN NASHVILLE POLICE DEPT,20170637975,Davidson,Nashville,7/19/2017 6:11:00 PM,1,0,0,36.076080,-86.702810,WILLARD DR,,,,102.00,Feet,South,WILLOW LN,,,,0.00,N,Not at Intersection,N,Non-Junction,None,,,         ,Alyson,Cook,Clear,Not Collision with Motor Vehicle in Transport,no,no,no,no,no,False
101706010,METROPOLITAN NASHVILLE POLICE DEPT,20170637933,Davidson,Nashville,7/19/2017 7:00:00 PM,2,2,0,36.173800,-86.762820,MAIN ST,,,,0.00,,,N 6TH ST,,,,0.00,Y,T-Intersection,N,Intersection,None,,,         ,James,Smith,Clear,Other,no,no,no,no,no,False
101706026,METROPOLITAN NASHVILLE POLICE DEPT,20170637945,Davidson,Nashville,7/19/2017 7:28:00 PM,2,1,0,36.046670,-86.739970,BRENTWOOD TER,,,,314.00,Feet,South,BRENTWOOD PL,,,,0.00,N,Not at Intersection,N,OtherLocation,None,,,         ,Edin,Plancic,Clear,Angle,no,no,no,yes,no,False
101706029,METROPOLITAN NASHVILLE POLICE DEPT,20170637652,Davidson,Not in City Limit,7/19/2017 4:43:00 PM,2,0,0,36.077710,-86.963970,I 40,,,,0.00,,,,,,,195.85,N,Not at Intersection,N,Non-Junction,None,,,         ,Walter,Gray II,Clear,"Sideswipe, Same Direction",no,no,no,no,yes,False
101706030,METROPOLITAN NASHVILLE POLICE DEPT,20170638156,Davidson,Antioch,7/19/2017 8:30:00 PM,2,1,0,36.070530,-86.578490,SOUTH HAMPTON BLVD,,,,0.00,,,HOBSON PKE,,,,0.00,Y,T-Intersection,N,Non-Junction,None,,,         ,Candice,Soper,Clear,Angle,no,no,no,no,no,False
101706034,VANDERBILT UNIVERSITY POLICE,17-0637564,Davidson,Nashville,7/19/2017 4:30:00 PM,2,0,0,36.146560,-86.809200,WEST END AV,,,,233.00,Feet,West,25TH AVN,,,,0.00,N,Not at Intersection, ,Non-Junction,None,,,         ,Cedric,Edwards,Clear,Rear to Rear,no,no,no,yes,no,Campus
101706037,Nashville Airport Police,2017-02442,Davidson,Nashville,7/19/2017 5:10:00 PM,2,0,0,36.122830,-86.665730,DONELSON PKE,,,,2349.00,Feet,North,HANGAR LN,,,,0.00,N,Not at Intersection, ,Non-Junction,None,,,         ,Christopher,Kullman,Rain,"Sideswipe, Same Direction",no,no,no,no,no,False
101706039,METROPOLITAN NASHVILLE POLICE DEPT,20170638000,Davidson,Nashville,7/19/2017 7:38:00 PM,2,1,0,36.155010,-86.627110,STEWARTS FERRY PKE,,,,0.00,Feet,,I40 E EXT RAMP,,,,0.00,Y,Four-Way,Y,Entrance/Exit Ramp Related,None,,,         ,Reuben,Hewit,Clear,Front to Rear,no,no,no,no,no,False
101706065,METROPOLITAN NASHVILLE POLICE DEPT,20170638445,Davidson,Nashville,7/19/2017 8:27:00 PM,2,0,0,36.158410,-86.790610,CHURCH ST,,,,0.00,,,GEORGE L DAVIS BLVD,,,,0.00,Y,Four-Way, ,Intersection,None,,,         ,Eric,Westbrook,Clear,Angle,no,no,no,no,no,False
101706072,METROPOLITAN NASHVILLE POLICE DEPT,20170638829,Davidson,Nashville,7/20/2017 1:00:00 AM,1,0,0,36.043570,-86.656260,I 24,,,,0.00,,,,,,,59.60,N,Not at Intersection,N,Non-Junction,Work Zone,Work On Shoulder Or Median,Advanced Warning Area,         ,David,Moser,Clear,Not Collision with Motor Vehicle in Transport,no,no,no,no,no,False
101706081,METROPOLITAN NASHVILLE POLICE DEPT,20170639027,Davidson,Nashville,7/20/2017 2:02:00 AM,1,0,0,36.072870,-86.645320,RICE RD,,,,489.00,Feet,East,EDGE O LAKE DR,,,,0.00,N,Not at Intersection,N,Non-Junction,None,,,         ,Andrey,Volfson,Clear,Not Collision with Motor Vehicle in Transport,no,no,no,no,yes,False
101706085,METROPOLITAN NASHVILLE POLICE DEPT,20170638493,Davidson,Nashville,7/19/2017 9:42:00 PM,2,0,0,36.066190,-86.717710,NOLENSVILLE PKE,,,,187.00,Feet,South,NORTHCREST DR,,,,0.00,N,Not at Intersection,N,Non-Junction,None,,,         ,Joshua,Dickall,Clear,"Sideswipe, Same Direction",no,no,no,no,yes,False
101706091,METROPOLITAN NASHVILLE POLICE DEPT,20170638658,Davidson,Nashville,7/19/2017 11:54:00 PM,2,0,0,36.192900,-86.623870,JACKSONIAN DR,,,,13.00,Feet,West,LEBANON PKE,,,,0.00,N,Not at Intersection,N,Non-Junction,None,,,         ,Shannon,Forsyth,Clear,Angle,no,no,no,no,no,False
101706102,METROPOLITAN NASHVILLE POLICE DEPT,20170639054,Davidson,Nashville,7/20/2017 2:40:00 AM,2,0,0,36.045870,-86.777960,I 65,,,,0.00,,,,,,,75.15,N,Not at Intersection,N,Non-Junction,Construction Zone,Laneclosure,Activity Area,         ,Kayla,Castro,Clear,Front to Rear,no,no,no,no,no,False
101706106,METROPOLITAN NASHVILLE POLICE DEPT,20170638611,Davidson,Nashville,7/19/2017 11:47:00 PM,2,1,0,36.127390,-86.772010,I 65,,,,0.00,,,,,,,80.90,N,Not at Intersection,N,Rail Grade Crossing,None,,,         ,Kevin,McGinniss,Clear,"Sideswipe, Same Direction",no,no,no,yes,no,False
101706126,METROPOLITAN NASHVILLE POLICE DEPT,20170638457,Davidson,Nashville,7/19/2017 12:00:00 AM,2,0,0,36.108570,-86.815550,GREEN HILLS VILLAGE DR,,,,357.00,Feet,South,CLEGHORN AV,,,,0.00,N,Not at Intersection, ,,None,,,         ,Kenneth,Bray,,,no,no,no,yes,no,False
101706133,METROPOLITAN NASHVILLE POLICE DEPT,20170639333,Davidson,Nashville,7/20/2017 4:30:00 AM,2,0,0,36.198440,-86.620270,OLD HICKORY BLVD,,,,0.00,,,LEBANON PKE,,,,0.00,Y,Four-Way, ,Intersection,None,,,         ,Shannon,Forsyth,Clear,"Sideswipe, Same Direction",no,no,no,no,no,False
101706159,METROPOLITAN NASHVILLE POLICE DEPT,20170636133,Davidson,Nashville,7/19/2017 6:25:00 AM,2,0,0,36.240050,-86.672130,NEELYS BEND CIR,,,,0.00,,,E CEDAR LN,,,,0.00,Y,OTHER, ,Non-Junction,None,,,         ,Eric,Richardson,Clear,Angle,no,no,no,no,no,False
101706183,METROPOLITAN NASHVILLE POLICE DEPT,20170639533,Davidson,Nashville,7/20/2017 6:47:00 AM,2,0,0,36.122220,-86.753790,I 440,,,,0.00,,,,,,,6.15,N,Not at Intersection,N,Non-Junction,None,,,         ,Nathan,Kemp,Clear,Front to Rear,no,no,no,no,no,False
101706186,METROPOLITAN NASHVILLE POLICE DEPT,20170639586,Davidson,Nashville,7/20/2017 7:00:00 AM,2,0,0,36.158340,-86.863310,BRILEY PKWY N ENT RAMP,,,,0.00,,,BRILEY PKWYN,,,,0.00,Y,Y-Intersection, ,Non-Junction,None,,,         ,Curtis,Rich,Clear,Angle,no,no,no,no,yes,False
101706191,METROPOLITAN NASHVILLE POLICE DEPT,2017-0632600,Davidson,Nashville,7/18/2017 6:35:00 AM,2,0,0,36.161070,-86.793010,I40 W ENT RAMP,,,,0.00,,,CHARLOTTE AV,,,,0.00,Y,Four-Way, ,Intersection,None,,,         ,William,Vincion,,Front to Rear,no,no,no,no,no,False
101706210,METROPOLITAN NASHVILLE POLICE DEPT,20170639561,Davidson,Nashville,7/20/2017 6:56:00 AM,3,1,0,36.170230,-86.596470,I 40,,,,0.00,,,,,,,221.10,N,Not at Intersection,N,Non-Junction,None,,,         ,Michael,Dance,Clear,Front to Rear,no,no,no,no,no,False
101706217,METROPOLITAN NASHVILLE POLICE DEPT,20170639563,Davidson,Nashville,7/20/2017 6:21:00 AM,2,0,0,36.218010,-86.775070,I 65,,,,0.00,,,,,,,88.15,N,Not at Intersection,N,Non-Junction,None,,,         ,Michael,Parman,Clear,Front to Rear,no,no,no,no,no,False
101706219,METROPOLITAN NASHVILLE POLICE DEPT,20170639652,Davidson,Nashville,7/20/2017 7:34:00 AM,2,0,0,36.143490,-86.687590,I 40,,,,0.00,,,,,,,215.40,N,Not at Intersection, ,,None,,,         ,Steven,Rowlett,,,no,no,no,no,no,False
101706235,METROPOLITAN NASHVILLE POLICE DEPT,20170639667,Davidson,Nashville,7/20/2017 7:41:00 AM,2,0,0,36.204700,-86.750930,E TRINITY LN,,,,0.00,,,ELLINGTON PKWY S EXT RAMP,,,,0.00,Y,T-Intersection, ,,None,,,         ,Alex,Moore,,,no,no,no,no,no,False
101706239,METROPOLITAN NASHVILLE POLICE DEPT,20170639740,Davidson,Nashville,7/20/2017 8:00:00 AM,2,0,0,36.124480,-86.847170,WOODMONT BLVD,,,,229.00,Feet,South,HARDING PKE,,,,0.00,N,Not at Intersection, ,,None,,,         ,Curtis,Rich,,,no,no,no,no,no,False
101706244,METROPOLITAN NASHVILLE POLICE DEPT,2017-0639577,Davidson,Nashville,7/19/2017 11:00:00 PM,2,0,0,36.132830,-86.725990,PLUS PARK BLVD,,,,156.00,Feet,East,PLUS PARK BLVD,,,,0.00,N,Not at Intersection,N,OtherLocation,None,,,         ,William,Whitworth,Clear,"Sideswipe, Opposite Direction",no,no,no,yes,yes,False
101706246,METROPOLITAN NASHVILLE POLICE DEPT,20170639738,Davidson,Nashville,7/20/2017 7:50:00 AM,2,0,0,36.033300,-86.641390,I 24,,,,0.00,,,,,,,60.70,N,Not at Intersection,N,Non-Junction,None,,,         ,Thomas,White,Clear,Front to Rear,no,no,no,no,yes,False
101706268,METROPOLITAN NASHVILLE POLICE DEPT,20170639592,Davidson,Nashville,7/20/2017 7:10:00 AM,3,1,0,36.156400,-86.825220,I 40,,,,0.00,,,,,,,205.80,N,Not at Intersection,N,Non-Junction,None,,,         ,Gregory,McDaniel,Clear,Front to Rear,no,no,no,no,no,False
101706290,METROPOLITAN NASHVILLE POLICE DEPT,20170639629,Davidson,Nashville,7/20/2017 7:25:00 AM,2,0,0,36.170830,-86.746800,SHELBY AV,,,,0.00,,,S 14TH ST,,,,0.00,Y,Four-Way,N,Non-Junction,None,,,         ,Gregory,Cenicola,Clear,Not Collision with Motor Vehicle in Transport,no,no,no,no,no,False
101706301,METROPOLITAN NASHVILLE POLICE DEPT,20170639742,Davidson,Nashville,7/20/2017 8:16:00 AM,2,0,0,36.140610,-86.724840,I 40,,,,0.00,,,,,,,213.40,N,Not at Intersection, ,Non-Junction,None,,,         ,Michael,Dance,Clear,"Sideswipe, Same Direction",no,no,no,no,no,False
101706313,METROPOLITAN NASHVILLE POLICE DEPT,20170639605,Davidson,Nashville,7/20/2017 7:13:00 AM,2,0,0,36.176910,-86.774580,SPRING ST,,,,0.00,,,N 1ST ST,,,,0.00,Y,Four-Way,N,Intersection,None,,,         ,William,Gibbs,Clear,Front to Rear,no,no,no,no,yes,False
101706315,METROPOLITAN NASHVILLE POLICE DEPT,20170639694,Davidson,Not in City Limit,7/20/2017 7:54:00 AM,2,1,0,36.020120,-86.710140,NOLENSVILLE PKE,,,,406.00,Feet,North,SHANE POINT PL,,,,0.00,N,Not at Intersection,N,Non-Junction,None,,,         ,Devonte,Coleman,Clear,Angle,no,no,no,no,no,False
101706320,METROPOLITAN NASHVILLE POLICE DEPT,20170639761,Davidson,Nashville,7/20/2017 8:26:00 AM,2,1,0,36.137230,-86.726760,I 24,,,,0.00,,,,,,,52.30,N,Not at Intersection,N,Non-Junction,None,,,         ,Michael,Dance,Clear,Front to Rear,no,no,no,no,no,False
101706328,METROPOLITAN NASHVILLE POLICE DEPT,20170639988,Davidson,Nashville,7/20/2017 9:49:00 AM,2,0,0,36.158630,-86.798590,CHARLOTTE AV,,,,139.00,Feet,West,17TH AVN,,,,0.00,N,Not at Intersection, ,,None,,,         ,Nathan,Kemp,,,no,no,no,no,no,False
101706330,METROPOLITAN NASHVILLE POLICE DEPT,20170639783,Davidson,Antioch,7/20/2017 8:24:00 AM,2,0,0,35.975350,-86.645870,KIDD RD,,,,0.00,,,MCFARLIN RD,,,,0.00,Y,T-Intersection,N,Intersection,None,,,         ,Thomas,White,Clear,Angle,no,no,no,no,yes,False
101706331,METROPOLITAN NASHVILLE POLICE DEPT,20170640003,Davidson,Nashville,7/20/2017 10:11:00 AM,2,0,0,36.139780,-86.823650,MURPHY RD,,,,0.00,,,I440 E EXT RAMP,,,,0.00,Y,T-Intersection, ,,None,,,         ,Curtis,Rich,,,no,no,no,no,no,False
101706332,METROPOLITAN NASHVILLE POLICE DEPT,20170639845,Davidson,Nashville,7/20/2017 8:54:00 AM,2,0,0,36.151130,-86.750550,I 40,,,,0.00,,,,,,,211.55,N,Not at Intersection,N,Non-Junction,None,,,         ,Michael,Dance,Clear,"Sideswipe, Same Direction",no,no,no,no,yes,False
101706361,METROPOLITAN NASHVILLE POLICE DEPT,20170640114,Davidson,Nashville,7/20/2017 10:38:00 AM,2,0,0,36.106210,-86.673060,MURFREESBORO PKE,,,,0.00,,,DONELSON PKE,,,,0.00,Y,Four-Way, ,,None,,,         ,Michael,Dance,,,no,no,no,no,no,False
101706375,METROPOLITAN NASHVILLE POLICE DEPT,20170639982,Davidson,Nashville,7/20/2017 9:40:00 AM,2,0,0,36.141980,-86.674830,I 40,,,,0.00,,,,,,,215.00,N,Not at Intersection, ,Non-Junction,None,,,         ,Gregory,Lindstrom,Clear,Front to Rear,no,no,no,no,no,False
101706376,METROPOLITAN NASHVILLE POLICE DEPT,20170640013,Davidson,Nashville,7/20/2017 9:59:00 AM,2,0,0,36.045590,-86.710900,OLD HICKORY BLVD,,,,700.00,Feet,East,NOLENSVILLE PKE,,,,0.00,N,Not at Intersection, ,Non-Junction,None,,,         ,Randall,Combs,Clear,"Sideswipe, Same Direction",no,no,no,no,no,False
101706388,METROPOLITAN NASHVILLE POLICE DEPT,20170640120,Davidson,Nashville,7/20/2017 10:37:00 AM,2,0,0,36.148010,-86.799340,21ST AVS,,,,20.00,Feet,South,BROADWAY,,,,0.00,N,Not at Intersection, ,Non-Junction,None,,,         ,Russell,Freeman,Clear,"Sideswipe, Same Direction",no,no,no,no,no,Campus
101706389,GOODLETTSVILLE POLICE DEPT,17-25145,Davidson,Goodlettsville,7/19/2017 5:12:00 PM,5,3,0,36.318110,-86.713152,DICKERSON,PIKE,US41,,210.00,Feet,South,DRAKE,ST,,,0.00,N,Not at Intersection,N,Non-Junction,None,,,         ,William,Hunter,Rain,Front to Rear,no,no,no,no,no,False
101706392,METROPOLITAN NASHVILLE POLICE DEPT,20170640086,Davidson,Nashville,7/20/2017 10:22:00 AM,2,0,0,36.179750,-86.738210,LOCKLAND DR,,,,102.00,Feet,North,ORDWAY PL,,,,0.00,N,Not at Intersection, ,,None,,,         ,Gregory,Cenicola,,,no,no,no,no,no,False
101706394,METROPOLITAN NASHVILLE POLICE DEPT,20170640221,Davidson,Nashville,7/20/2017 11:22:00 AM,2,0,0,36.110940,-86.745220,THOMPSON LN,,,,0.00,,,NOLENSVILLE PKE,,,,0.00,Y,Four-Way, ,Intersection,None,,,         ,Nathan,Kemp,Clear,Front to Rear,no,no,no,no,no,False
101706427,METROPOLITAN NASHVILLE POLICE DEPT,20170640095,Davidson,Nashville,7/20/2017 10:30:00 AM,2,0,0,36.132650,-86.727160,I 24,,,,0.00,,,,,,,52.00,N,Not at Intersection, ,Non-Junction,None,,,         ,Todd,Watson,Clear,Front to Rear,no,no,no,no,no,False
101706439,METROPOLITAN NASHVILLE POLICE DEPT,20170629778,Davidson,Nashville,7/17/2017 12:00:00 PM,2,0,0,36.162640,-86.781430,6TH AVN,,,,0.00,,,CHURCH ST,,,,0.00,Y,OTHER,Y,Intersection,None,,,         ,Samuel,White,Clear,Angle,no,no,no,no,no,False
101706443,METROPOLITAN NASHVILLE POLICE DEPT,2017-0640277,Davidson,Nashville,7/20/2017 12:27:00 PM,2,0,0,36.153250,-86.794010,17TH AVS,,,,0.00,,,BROADWAY,,,,0.00,Y,Four-Way, ,Intersection,None,,,         ,Jonathan,Seidl,Clear,HeadOn,no,no,no,no,no,False
101706469,VANDERBILT UNIVERSITY POLICE,17-0640402,Davidson,Nashville,7/20/2017 12:00:00 AM,2,0,0,36.139160,-86.802360,CHILDRENS WAY,,,,0.00,,,,,,,0.00,,, ,Non-Junction,None,,,         ,Karl,Haury,Clear,Front to Rear,no,no,no,yes,yes,Campus
101706479,METROPOLITAN NASHVILLE POLICE DEPT,2017-0640295,Davidson,Nashville,7/20/2017 11:00:00 AM,2,0,0,36.100050,-86.711430,I 24,,,,0.00,,,,,,,54.55,N,Not at Intersection,N,Non-Junction,None,,,         ,William,Whitworth,Clear,"Sideswipe, Same Direction",no,no,no,no,yes,False
101706487,METROPOLITAN NASHVILLE POLICE DEPT,20170638056,Davidson,Nashville,7/19/2017 6:16:00 PM,2,0,0,36.039870,-86.781390,I65 N EXT RAMP,,,,0.00,,,I 65,,,,0.00,Y,T-Intersection, ,Entrance/Exit Ramp Related,None,,,         ,Tien,Nguyen,Clear,Front to Rear,no,no,no,no,no,False
101706517,METROPOLITAN NASHVILLE POLICE DEPT,20170640510,Davidson,Nashville,7/20/2017 1:29:00 PM,2,0,0,36.136200,-86.876820,HILLWOOD BLVD,,,,0.00,,,FLEETWOOD DR,,,,0.00,Y,Four-Way,N,Intersection,None,,,         ,Curtis,Rich,Cloudy,Angle,no,no,no,no,no,False
101706520,METROPOLITAN NASHVILLE POLICE DEPT,20170640499,Davidson,Nashville,7/20/2017 1:11:00 PM,2,0,0,36.140820,-86.817480,WEST END AV,,,,0.00,,,ACKLEN PARK DR,,,,0.00,Y,T-Intersection, ,,None,,,         ,Russell,Freeman,,,no,no,no,no,no,False
101706524,METROPOLITAN NASHVILLE POLICE DEPT,20170637865,Davidson,Nashville,7/19/2017 5:29:00 PM,2,0,0,36.156470,-86.865190,ROBERTSON AV,,,,200.00,Feet,East,STEVENSON ST,,,,0.00,N,Not at Intersection, ,,Construction Zone,,,         ,Walter,Gray II,,,no,no,no,no,no,False
101706530,METROPOLITAN NASHVILLE POLICE DEPT,20170640470,Davidson,Nashville,7/20/2017 1:11:00 PM,2,0,0,36.149370,-86.639290,I 40,,,,0.00,,,,,,,218.30,N,Not at Intersection, ,Non-Junction,None,,,         ,Michael,Dance,Clear,"Sideswipe, Same Direction",no,no,no,no,no,False
101706533,METROPOLITAN NASHVILLE POLICE DEPT,20170640493,Davidson,Nashville,7/20/2017 1:15:00 PM,2,0,0,36.107880,-86.768850,I 65,,,,0.00,,,,,,,79.60,N,Not at Intersection, ,Non-Junction,None,,,         ,Randall,Ward,Clear,Front to Rear,no,no,no,no,no,False
101706535,BERRY HILL POLICE DEPT,17-2434,Davidson,Berry Hill,7/20/2017 12:25:00 PM,2,1,0,36.121370,-86.775450,FRANKLIN PKE,,,,0.00,,,KIRKWOOD AV,,,,0.00,Y,T-Intersection,N,Non-Junction,Construction Zone,Lane Shift-Crossover,Activity Area,         ,Larry,Carter,Clear,HeadOn,no,no,no,no,no,False
101706540,METROPOLITAN NASHVILLE POLICE DEPT,20170640358,Davidson,Nashville,7/20/2017 12:25:00 PM,3,0,0,36.170010,-86.767060,I 24,,,,0.00,,,,,,,48.70,N,Not at Intersection, ,Non-Junction,None,,,         ,William,Gibbs,Clear,Front to Rear,no,no,no,no,no,False
101706599,METROPOLITAN NASHVILLE POLICE DEPT,20170640593,Davidson,Nashville,7/20/2017 2:04:00 PM,2,0,0,36.064850,-86.813040,GRANNY WHITE PKE,,,,187.00,Feet,North,OTTER CREEK CT,,,,0.00,N,Not at Intersection, ,Non-Junction,None,,,         ,Arend,Groeneweg,Clear,Front to Rear,no,no,no,no,no,False
101706602,METROPOLITAN NASHVILLE POLICE DEPT,20170640334,Davidson,Nashville,7/20/2017 11:35:00 AM,2,0,0,36.147210,-86.743620,I 40,,,,0.00,,,,,,,212.00,N,Not at Intersection,N,Non-Junction,None,,,         ,Kevin,Coleman,Clear,"Sideswipe, Same Direction",no,no,no,no,yes,False
101706616,METROPOLITAN NASHVILLE POLICE DEPT,20170640552,Davidson,Nashville,7/20/2017 1:37:00 PM,2,0,0,36.107800,-86.812670,HILLSBORO PKE,,,,0.00,,,GREEN HILLS VILLAGE DR,,,,0.00,Y,T-Intersection,N,Intersection,None,,,         ,Gregory,McDaniel,Clear,Front to Rear,no,no,no,no,yes,False
101706619,METROPOLITAN NASHVILLE POLICE DEPT,20170640549,Davidson,Nashville,7/20/2017 1:38:00 PM,2,1,0,36.183730,-86.775070,I 24,,,,0.00,,,,,,,47.35,N,Not at Intersection,N,Non-Junction,None,,,         ,Gregory,Cenicola,Clear,Front to Rear,no,no,no,no,no,False
101706673,METROPOLITAN NASHVILLE POLICE DEPT,20170640529,Davidson,Nashville,7/20/2017 1:36:00 PM,2,0,0,36.088320,-86.791000,BATTERY LN,,,,0.00,,,LEALAND LN,,,,0.00,Y,Four-Way, ,,None,,,         ,Shedie,Herbert III,,,no,no,no,no,no,False
101706676,METROPOLITAN NASHVILLE POLICE DEPT,20170638217,Davidson,Nashville,7/19/2017 8:51:00 PM,2,0,0,36.096160,-86.655620,RICE AV,,,,0.00,,,SMITH SPRINGS RD,,,,0.00,Y,Four-Way,Y,Intersection,None,,,         ,Reuben,Hewit,Clear,"Sideswipe, Same Direction",no,no,no,no,yes,False
101706681,METROPOLITAN NASHVILLE POLICE DEPT,20170638316,Davidson,Nashville,7/19/2017 9:13:00 PM,2,0,0,36.025190,-86.664750,PETTUS RD,,,,0.00,Feet,,PRESTON RD,,,,0.00,Y,T-Intersection,N,Intersection,None,,,         ,Pamela,Caulder,Cloudy,Front to Rear,no,no,no,no,yes,False
101706689,METROPOLITAN NASHVILLE POLICE DEPT,20170640113,Davidson,Nashville,7/20/2017 10:30:00 AM,3,0,0,36.205860,-86.768270,E TRINITY LN,,,,100.00,Feet,East,DICKERSON PKE,,,,0.00,N,Not at Intersection,N,Non-Junction,None,,,         ,Steven,Spillers,Clear,Not Collision with Motor Vehicle in Transport,no,no,no,no,no,False
101706704,METROPOLITAN NASHVILLE POLICE DEPT,20170640672,Davidson,Nashville,7/20/2017 2:42:00 PM,2,0,0,36.044800,-86.650470,CROSSINGS BLVD,,,,190.00,Feet,East,HICKORY HOLLOW PKWY,,,,0.00,N,Not at Intersection, ,Non-Junction,None,,,         ,Alyson,Cook,Clear,"Sideswipe, Same Direction",no,no,no,no,no,False
101706709,METROPOLITAN NASHVILLE POLICE DEPT,20170640652,Davidson,Not in City Limit,7/20/2017 2:50:00 PM,3,0,0,36.271390,-86.689640,MYATT DR,,,,264.00,Feet,South,ANDERSON LN,,,,0.00,N,Not at Intersection, ,Non-Junction,None,,,         ,Samuel,Miller,Clear,Angle,no,no,no,no,no,False
101706714,METROPOLITAN NASHVILLE POLICE DEPT,20170640646,Davidson,Nashville,7/20/2017 2:20:00 PM,2,0,0,36.164110,-86.762990,I 24,,,,0.00,,,,,,,49.15,N,Not at Intersection, ,,None,,,         ,Jim,Crissman,,,no,no,no,no,no,False
101706716,METROPOLITAN NASHVILLE POLICE DEPT,20170640498,Davidson,Nashville,7/20/2017 1:23:00 PM,2,9,0,36.254690,-86.729040,BARBARA DR,,,,0.00,,,SAUNDERS AV,,,,0.00,Y,Four-Way,N,Intersection,None,,,         ,Spencer,Pittman,Cloudy,HeadOn,no,no,no,no,no,False
101706721,METROPOLITAN NASHVILLE POLICE DEPT,20170640711,Davidson,Nashville,7/20/2017 3:10:00 PM,2,0,0,36.138200,-86.820290,WEST END AV,,,,160.00,Feet,North,MURPHY RD,,,,0.00,N,Not at Intersection, ,Non-Junction,None,,,         ,Tien,Nguyen,Clear,Angle,no,no,no,no,no,False
101706724,METROPOLITAN NASHVILLE POLICE DEPT,2017-0638237,Davidson,Nashville,7/19/2017 5:47:00 PM,2,0,0,36.175060,-86.787890,5TH AVN,,,,91.00,Feet,South,MADISON ST,,,,0.00,N,Not at Intersection,N,Non-Junction,None,,,         ,Walter,Cothran,Clear,Unknown,no,no,no,no,yes,False
101706729,GOODLETTSVILLE POLICE DEPT,17-25258,Davidson,Goodlettsville,7/20/2017 3:02:00 PM,2,0,0,36.323520,-86.701080,NORTHGATE CIR,,,,0.00,Feet,,CONFERENCE DR,,,,0.00,Y,Four-Way, ,Non-Junction,None,,,         ,George,Forbes,Clear,"Sideswipe, Same Direction",no,no,no,no,no,False
101706749,METROPOLITAN NASHVILLE POLICE DEPT,20170640724,Davidson,Nashville,7/20/2017 3:08:00 PM,3,0,0,36.198440,-86.620270,LEBANON PKE,,,,0.00,,,OLD HICKORY BLVD,,,,0.00,Y,Four-Way,N,Intersection,None,,,         ,Codey,Mullins,Clear,Front to Rear,no,no,no,no,no,False
101706776,METROPOLITAN NASHVILLE POLICE DEPT,20170640813,Davidson,Nashville,7/20/2017 4:13:00 PM,2,0,0,36.158410,-86.790610,CHURCH ST,,,,0.00,,,GEORGE L DAVIS BLVD,,,,0.00,Y,Four-Way, ,Intersection-Related,None,,,         ,Michael,Baron,Clear,Angle,no,no,no,no,no,False
101706789,METROPOLITAN NASHVILLE POLICE DEPT,20170640850,Davidson,Nashville,7/20/2017 3:28:00 PM,2,0,0,36.142170,-86.815180,31ST AVS,,,,180.00,Feet,South,WEST END AV,,,,0.00,N,Not at Intersection,N,Non-Junction,None,,,         ,Tien,Nguyen,Clear,Angle,no,no,no,no,no,Campus
101706798,METROPOLITAN NASHVILLE POLICE DEPT,20170640909,Davidson,Nashville,7/20/2017 2:20:00 PM,2,0,0,36.158940,-86.797850,CHARLOTTE AV,,,,104.00,Feet,East,17TH AVN,,,,0.00,N,Not at Intersection, ,Non-Junction,None,,,         ,Clayton,Lewis,Clear,Front to Rear,no,no,no,no,no,False
101706802,METROPOLITAN NASHVILLE POLICE DEPT,20170641044,Davidson,Nashville,7/20/2017 4:32:00 PM,2,0,0,36.141290,-86.814510,31ST AVS,,,,21.00,Feet,North,VANDERBILT PL,,,,0.00,N,Not at Intersection, ,Non-Junction,None,,,         ,Joseph,Patricio,Clear,Angle,no,no,no,no,no,Campus
101706841,METROPOLITAN NASHVILLE POLICE DEPT,20170641000,Davidson,Nashville,7/20/2017 4:25:00 PM,2,0,0,36.157950,-86.786760,11TH AVN,,,,100.00,Feet,South,PORTER ST,,,,0.00,N,Not at Intersection,N,Non-Junction,None,,,         ,Jim,Crissman,Clear,Front to Rear,no,no,no,no,no,False
101706860,METROPOLITAN NASHVILLE POLICE DEPT,20170640439,Davidson,Nashville,7/20/2017 1:15:00 PM,1,1,0,36.093260,-86.715790,BENITA DR,,,,6.00,Feet,East,SCOTWOOD DR,,,,0.00,N,Not at Intersection,N,Non-Junction,None,,,         ,Jessie,Meadows,Clear,Not Collision with Motor Vehicle in Transport,no,no,no,no,no,False