master_record_number,agency,agency_tracking_number,county,city,collision_date,vehicles_involved,number_injured,number_dead,latitude,longitude,roadway_name,roadway_suffix,roadway_number,roadway_local_id,distance_from_reference,miles-feet_indicator,direction_from_reference,intersection_road_name,intersection_road_name_suffix,intersection_road_number,intersection_local_id,mile_marker,intersection_indicator,intersect_type,interchange_related_indicator,relation_to_junction,work_zone_type,construction_maintenance_zone,construction_maintenance_zone_location,fatal_case_number,officer_first_name,officer_last_name,weather_condition(s),manner_of_crash,pedestrian,bicycle,scooter,parking,hitrun,mou
101706861,METROPOLITAN NASHVILLE POLICE DEPT,20170640734,Davidson,Nashville,7/20/2017 3:45:00 PM,2,0,0,36.044950,-86.664920,BELL RD,,,,521.00,Feet,North,CEDAR POINTE PKWY,,,,0.00,N,Not at Intersection,N,Non-Junction,None,,,         ,Jessie,Meadows,Clear,"Sideswipe, Same Direction",no,no,no,no,no,False
101706862,METROPOLITAN NASHVILLE POLICE DEPT,20170641036,Davidson,Nashville,7/20/2017 5:00:00 PM,2,0,0,36.149770,-86.769600,MCCANN ST,,,,71.00,Feet,East,4TH AVS,,,,0.00,N,Not at Intersection, ,Non-Junction,None,,,         ,Jessie,Meadows,Clear,"Sideswipe, Same Direction",no,no,no,no,no,False
101706866,METROPOLITAN NASHVILLE POLICE DEPT,2017-0641141,Davidson,Nashville,7/20/2017 5:22:00 AM,2,0,0,36.129140,-86.772860,I 65,,,,0.00,,,,,,,81.00,N,Not at Intersection, ,Non-Junction,None,,,         ,Aaron,Jones,Clear,Front to Rear,no,no,no,no,no,False
101706871,METROPOLITAN NASHVILLE POLICE DEPT,20170641092,Davidson,Nashville,7/20/2017 4:55:00 PM,2,0,0,36.116050,-86.792430,I 440,,,,0.00,,,,,,,3.85,N,Not at Intersection, ,Non-Junction,None,,,         ,Tien,Nguyen,Clear,Front to Rear,no,no,no,no,no,False
101706885,METROPOLITAN NASHVILLE POLICE DEPT,20170641133,Davidson,Not in City Limit,7/20/2017 5:15:00 PM,2,0,0,36.316280,-86.876580,EATONS CREEK RD,,,,0.00,,,OLD CLARKSVILLE PKE,,,,0.00,Y,Four-Way,N,Non-Junction,None,,,         ,Walter,Cothran,Clear,"Sideswipe, Opposite Direction",no,no,no,no,no,False
101706890,METROPOLITAN NASHVILLE POLICE DEPT,20170641091,Davidson,Nashville,7/20/2017 4:24:00 PM,2,0,0,36.137060,-86.775840,I 65,,,,0.00,,,,,,,81.60,N,Not at Intersection, ,,None,,,         ,Edin,Plancic,,,no,no,no,no,no,False
101706892,METROPOLITAN NASHVILLE POLICE DEPT,20170641001,Davidson,Nashville,7/20/2017 4:10:00 PM,2,0,0,36.125210,-86.733180,I 440,,,,0.00,,,,,,,7.20,N,Not at Intersection,N,Non-Junction,None,,,         ,Nathaniel,Myers,Clear,Front to Rear,no,no,no,no,no,False
101706893,METROPOLITAN NASHVILLE POLICE DEPT,20170641113,Davidson,Nashville,7/20/2017 5:03:00 PM,2,0,0,36.124800,-86.734920,I 440,,,,0.00,,,,,,,7.10,N,Not at Intersection,N,Non-Junction,None,,,         ,Nathaniel,Myers,Clear,Front to Rear,no,no,no,no,no,False
101706895,METROPOLITAN NASHVILLE POLICE DEPT,20170641136,Davidson,Goodlettsville,7/20/2017 5:20:00 PM,2,0,0,36.292320,-86.720330,I 65,,,,0.00,,,,,,,94.45,N,Not at Intersection,N,Non-Junction,None,,,         ,Harold,Willmore IV,Clear,Front to Rear,no,no,no,no,no,False
101706896,METROPOLITAN NASHVILLE POLICE DEPT,20170641186,Davidson,Nashville,7/20/2017 5:38:00 PM,3,1,0,36.116060,-86.792310,I 440,,,,0.00,,,,,,,3.85,N,Not at Intersection,N,Non-Junction,None,,,         ,Tien,Nguyen,Clear,Front to Rear,no,no,no,no,no,False
101706900,METROPOLITAN NASHVILLE POLICE DEPT,20170641215,Davidson,Nashville,7/20/2017 5:49:00 PM,4,2,0,36.184780,-86.766420,ARRINGTON ST,,,,478.00,Feet,West,LISCHEY AV,,,,0.00,N,Not at Intersection,N,Non-Junction,None,,,         ,Christopher,Valdez,Clear,Other,no,no,no,no,no,False
101706902,METROPOLITAN NASHVILLE POLICE DEPT,20170641150,Davidson,Nashville,7/20/2017 4:53:00 PM,2,1,0,36.152540,-86.857210,I 40,,,,0.00,,,,,,,204.00,N,Not at Intersection,N,Non-Junction,None,,,         ,Walter,Gray II,Clear,Front to Rear,no,no,no,no,yes,False
101706903,METROPOLITAN NASHVILLE POLICE DEPT,20170641076,Davidson,Nashville,7/20/2017 5:00:00 PM,2,0,0,36.168880,-86.775730,JAMES ROBERTSON PKWY,,,,986.00,Feet,West,MAIN ST,,,,0.00,N,Not at Intersection, ,Non-Junction,None,,,         ,Michael,Baron,Clear,Front to Rear,no,no,no,no,no,False
101706914,METROPOLITAN NASHVILLE POLICE DEPT,20170641380,Davidson,Nashville,7/20/2017 5:15:00 PM,2,0,0,36.138110,-86.806030,BLAKEMORE AV,,,,290.00,Feet,West,25TH AVS,,,,0.00,N,Not at Intersection,N,Non-Junction,None,,,         ,Tien,Nguyen,Clear,Front to Rear,no,no,no,no,no,Campus
101706927,METROPOLITAN NASHVILLE POLICE DEPT,20170641206,Davidson,Nashville,7/20/2017 5:44:00 PM,2,1,0,36.126700,-86.711090,MURFREESBORO PKE,,,,0.00,,,THOMPSON PL,,,,0.00,Y,Four-Way,N,Intersection,None,,,         ,Andrew,Mullen,Clear,"Sideswipe, Same Direction",no,no,no,no,yes,False
101706928,METROPOLITAN NASHVILLE POLICE DEPT,20170641139,Davidson,Nashville,7/20/2017 3:21:00 PM,3,0,0,36.198690,-86.838230,CLARKSVILLE PKE,,,,261.00,Feet,South,NORTH GATE SHOPPING CTR PVTDR,,,,0.00,N,Not at Intersection,N,Non-Junction,None,,,         ,Timothy,Morgan,Clear,Front to Rear,no,no,no,no,yes,False
101706959,METROPOLITAN NASHVILLE POLICE DEPT,20170641212,Davidson,Nashville,7/20/2017 5:24:00 PM,2,1,0,36.229380,-86.759280,BROADMOOR DR,,,,0.00,,,DICKERSON PKE,,,,0.00,Y,Four-Way,N,Intersection,None,,,         ,Ryan,Sabel,Clear,Angle,no,no,no,no,yes,False
101706964,METROPOLITAN NASHVILLE POLICE DEPT,20170641320,Davidson,Nashville,7/20/2017 6:32:00 PM,2,0,0,36.214130,-86.727740,STRATFORD AV,,,,0.00,,,KATHERINE ST,,,,0.00,Y,Four-Way,N,Intersection,None,,,         ,James,Smith,Clear,Other,no,no,no,no,no,False
101706969,METROPOLITAN NASHVILLE POLICE DEPT,20170641374,Davidson,Madison,7/20/2017 6:15:00 PM,2,0,0,36.263810,-86.711660,GALLATIN PKEN,,,,0.00,,,OLD TIME VILLAGE PVTDR,,,,0.00,Y,OTHER, ,Non-Junction,None,,,         ,Kevin,Lovell,Clear,"Sideswipe, Same Direction",no,no,no,no,no,False
101706982,METROPOLITAN NASHVILLE POLICE DEPT,20170641477,Davidson,Nashville,7/20/2017 12:00:00 AM,1,0,0,36.130630,-86.789950,EASTWOOD AV,,,,352.00,Feet,West,ASHWOOD AV,,,,0.00,N,Not at Intersection, ,OtherLocation,None,,,         ,Tien,Nguyen,Clear,Not Collision with Motor Vehicle in Transport,no,no,no,no,no,False
101706999,METROPOLITAN NASHVILLE POLICE DEPT,20170641406,Davidson,Nashville,7/20/2017 6:40:00 PM,2,0,0,36.166980,-86.763710,S 4TH ST,,,,0.00,,,SHELBY AV,,,,0.00,Y,Four-Way, ,Intersection-Related,None,,,         ,Alexander,Georgeson,Clear,Front to Rear,no,no,no,no,no,False
101707008,METROPOLITAN NASHVILLE POLICE DEPT,20170640951,Davidson,Nashville,7/20/2017 4:20:00 PM,2,1,0,36.250290,-86.741310,I 65,,,,0.00,,,,,,,91.20,N,Not at Intersection,N,Non-Junction,None,,,         ,Samuel,Miller,Clear,"Sideswipe, Same Direction",no,no,no,no,yes,False
101707010,METROPOLITAN NASHVILLE POLICE DEPT,20170641289,Davidson,Goodlettsville,7/20/2017 5:42:00 PM,2,0,0,36.296910,-86.699160,GALLATIN PKEN,,,,0.00,,,RIVERGATE PKWY,,,,0.00,Y,Four-Way,Y,Intersection-Related,None,,,         ,Samuel,Miller,Clear,Angle,no,no,no,no,yes,False
101707012,METROPOLITAN NASHVILLE POLICE DEPT,20170641438,Davidson,Nashville,7/20/2017 4:22:00 PM,2,0,0,36.248920,-86.719740,GALLATIN PKES,,,,197.00,Feet,South,E PALESTINE AV,,,,0.00,N,Not at Intersection, ,Non-Junction,None,,,         ,Samuel,Miller,Clear,Front to Rear,no,no,no,no,no,False
101707014,METROPOLITAN NASHVILLE POLICE DEPT,20170641404,Davidson,Goodlettsville,7/20/2017 4:39:00 PM,2,0,0,36.300920,-86.694550,GALLATIN PKEN,,,,96.00,Feet,East,SHEPHERD HILLS DR,,,,0.00,N,Not at Intersection, ,Non-Junction,None,,,         ,Samuel,Miller,Clear,Front to Rear,no,no,no,no,no,False
101707020,METROPOLITAN NASHVILLE POLICE DEPT,20170641602,Davidson,Nashville,7/20/2017 8:36:00 PM,1,0,0,36.201390,-86.776570,I 65,,,,0.00,,,,,,,87.00,N,Not at Intersection, ,Non-Junction,None,,,         ,Christopher,Valdez,Clear,Not Collision with Motor Vehicle in Transport,no,no,no,no,no,False
101707021,METROPOLITAN NASHVILLE POLICE DEPT,20170641652,Davidson,Nashville,7/20/2017 8:49:00 PM,1,0,0,36.204650,-86.776520,I 65,,,,0.00,,,,,,,87.20,N,Not at Intersection, ,Non-Junction,None,,,         ,Christopher,Valdez,Clear,Not Collision with Motor Vehicle in Transport,no,no,no,no,no,False
101707025,METROPOLITAN NASHVILLE POLICE DEPT,20170641791,Davidson,Nashville,7/20/2017 5:47:00 PM,2,0,0,36.085120,-86.728420,NOLENSVILLE PKE,,,,123.00,Feet,North,PARAGON MILLS RD,,,,0.00,N,Not at Intersection,N,Non-Junction,None,,,         ,Alyson,Cook,Clear,"Sideswipe, Same Direction",no,no,no,no,yes,False
101707029,METROPOLITAN NASHVILLE POLICE DEPT,20170641174,Davidson,Nashville,7/20/2017 5:31:00 PM,2,0,0,36.183310,-86.775030,I 24,,,,0.00,,,,,,,47.35,N,Not at Intersection, ,Non-Junction,None,,,         ,Joshua,Lackey,Clear,Front to Rear,no,no,no,no,no,False
101707032,METROPOLITAN NASHVILLE POLICE DEPT,20170641446,Davidson,Nashville,7/20/2017 7:10:00 PM,2,0,0,36.245750,-86.757920,SKYLINE COMMONS PVTDR,,,,0.00,Feet,East,DICKERSON PKE,,,,0.00,N,Not at Intersection, ,Non-Junction,None,,,         ,Bradley,Fort,Clear,"Sideswipe, Opposite Direction",no,no,no,yes,no,False
101707033,METROPOLITAN NASHVILLE POLICE DEPT,20170641480,Davidson,Nashville,7/20/2017 7:42:00 PM,2,0,0,36.140840,-86.719530,I 40,,,,0.00,,,,,,,213.65,N,Not at Intersection,N,Non-Junction,None,,,         ,Jaby,Djabbarov,Clear,"Sideswipe, Same Direction",no,no,no,no,yes,False
101707041,METROPOLITAN NASHVILLE POLICE DEPT,20170641505,Davidson,Not in City Limit,7/20/2017 7:50:00 PM,1,0,0,36.082730,-86.944120,SAWYER BROWN RD,,,,177.00,Feet,South,BELLEVUE CTR PVTDR,,,,0.00,N,Not at Intersection,N,Non-Junction,None,,,         ,Regina,Lewis,Clear,Not Collision with Motor Vehicle in Transport,no,no,no,yes,yes,False
101707069,METROPOLITAN NASHVILLE POLICE DEPT,20170641497,Davidson,Not in City Limit,7/20/2017 7:47:00 PM,1,1,0,36.081930,-86.961170,HIGHWAY 70S,,,,866.00,Feet,West,HARPETH VALLEY RD,,,,0.00,N,Not at Intersection,N,Non-Junction,None,,,         ,Walter,Gray II,Clear,Not Collision with Motor Vehicle in Transport,no,no,no,no,no,False
101707072,METROPOLITAN NASHVILLE POLICE DEPT,20170641713,Davidson,Nashville,7/20/2017 9:08:00 PM,2,0,0,36.157480,-86.635890,STEWARTS FERRY PKE,,,,0.00,,,MCCRORY CREEK RD,,,,0.00,Y,Four-Way,N,Intersection,None,,,         ,Jaby,Djabbarov,Clear,Angle,no,no,no,no,no,False
101707075,METROPOLITAN NASHVILLE POLICE DEPT,20170641444,Davidson,Nashville,7/20/2017 7:06:00 PM,3,0,0,36.118030,-86.776200,GALE LN,,,,133.00,Feet,South,GALE PARK LN,,,,0.00,N,Not at Intersection,N,Non-Junction,None,,,         ,Allyson,Reis,Clear,"Sideswipe, Same Direction",no,no,no,no,yes,False
101707129,METROPOLITAN NASHVILLE POLICE DEPT,20170642077,Davidson,Nashville,7/20/2017 12:00:00 AM,1,0,0,36.013890,-86.681620,CULBERTSON RD,,,,728.00,Feet,South,OLD HICKORY BLVD,,,,0.00,N,Not at Intersection,N,Non-Junction,None,,,         ,David,Moser,Clear,Not Collision with Motor Vehicle in Transport,no,no,no,no,yes,False
101707137,METROPOLITAN NASHVILLE POLICE DEPT,20170642299,Davidson,Nashville,7/21/2017 12:40:00 AM,2,0,0,36.161280,-86.776580,BROADWAY,,,,203.00,Feet,West,3RD AVN,,,,0.00,N,Not at Intersection, ,,None,,,         ,Jeremy,King,,,no,no,no,no,no,False
101707139,METROPOLITAN NASHVILLE POLICE DEPT,20170642240,Davidson,Not in City Limit,7/21/2017 12:15:00 AM,1,1,0,36.092600,-86.987820,BUFFALO RD,,,,437.00,Feet,North,HIGHWAY 70,,,,0.00,N,Not at Intersection,N,Non-Junction,None,,,         ,Ian,Ward,Clear,Not Collision with Motor Vehicle in Transport,no,no,no,no,no,False
101707152,METROPOLITAN NASHVILLE POLICE DEPT,20170642126,Davidson,Nashville,7/20/2017 11:17:00 PM,1,0,0,36.135600,-86.728010,I24 E ENT RAMP,,,,0.00,Feet,East,I 24,,,,0.00,N,Not at Intersection,N,Non-Junction,None,,,         ,Dale,Dameron,Clear,Not Collision with Motor Vehicle in Transport,no,no,no,no,no,False
101707153,METROPOLITAN NASHVILLE POLICE DEPT,20170642297,Davidson,Nashville,7/21/2017 12:00:00 AM,1,0,0,36.116110,-86.741240,JOYNER AV,,,,27.00,Feet,East,MILLER ST,,,,0.00,N,Not at Intersection,N,Non-Junction,None,,,         ,Dale,Dameron,Clear,Not Collision with Motor Vehicle in Transport,no,no,no,yes,yes,False
101707156,METROPOLITAN NASHVILLE POLICE DEPT,20170642310,Davidson,Nashville,7/21/2017 1:18:00 AM,2,0,0,36.169250,-86.757870,S 7TH ST,,,,0.00,,,SHELBY AV,,,,0.00,Y,Four-Way, ,Intersection,None,,,         ,Wallis,Massey,Clear,Front to Rear,no,no,no,no,no,False
101707175,METROPOLITAN NASHVILLE POLICE DEPT,20170642467,Davidson,Nashville,7/21/2017 1:40:00 AM,2,0,0,36.161020,-86.777200,BROADWAY,,,,0.00,,,4TH AVN,,,,0.00,Y,Four-Way, ,Intersection,None,,,         ,Damon,Hutcheson,Cloudy,"Sideswipe, Same Direction",no,no,no,no,yes,False
101707209,METROPOLITAN NASHVILLE POLICE DEPT,20170642617,Davidson,Nashville,7/21/2017 1:50:00 AM,2,0,0,36.139730,-86.887910,I 40,,,,0.00,,,,,,,202.00,N,Not at Intersection,N,Non-Junction,None,,,         ,Jean,McCormack,Clear,Front to Rear,no,no,no,no,yes,False
101707228,METROPOLITAN NASHVILLE POLICE DEPT,20170642178,Davidson,Nashville,7/20/2017 11:50:00 PM,2,0,0,36.119080,-86.726220,I 24,,,,0.00,,,,,,,53.00,N,Not at Intersection, ,Non-Junction,None,,,         ,Erik,Dabbs,Clear,"Sideswipe, Same Direction",no,no,no,no,no,False
101707305,METROPOLITAN NASHVILLE POLICE DEPT,20170642993,Davidson,Goodlettsville,7/21/2017 6:44:00 AM,2,0,0,36.304470,-86.692970,CONFERENCE DR,,,,135.00,Feet,South,THE SHOPPES AT RIVERGATE PVTDR,,,,0.00,N,Not at Intersection,N,Non-Junction,None,,,         ,Spencer,Pittman,Clear,"Sideswipe, Same Direction",no,no,no,no,no,False
101707315,METROPOLITAN NASHVILLE POLICE DEPT,20170643025,Davidson,Nashville,7/21/2017 6:54:00 AM,2,0,0,36.151760,-86.768630,2ND AVS,,,,0.00,,,I40 W EXT RAMP,,,,0.00,Y,T-Intersection, ,Non-Junction,None,,,         ,Seth,Quiles,Clear,Angle,no,no,no,no,no,False
101707323,METROPOLITAN NASHVILLE POLICE DEPT,20170643176,Davidson,Nashville,7/21/2017 7:55:00 AM,2,0,0,36.170140,-86.797860,I 40,,,,0.00,,,,,,,208.00,N,Not at Intersection, ,,None,,,         ,James,Jarvis,,,no,no,no,no,no,False
101707337,METROPOLITAN NASHVILLE POLICE DEPT,20170643205,Davidson,Nashville,7/21/2017 7:56:00 AM,2,0,0,36.137590,-86.727550,I 24,,,,0.00,,,,,,,51.35,N,Not at Intersection, ,Non-Junction,None,,,         ,Ronald,Bright,Clear,Front to Rear,no,no,no,no,no,False
101707353,METROPOLITAN NASHVILLE POLICE DEPT,20170643241,Davidson,Not in City Limit,7/21/2017 8:20:00 AM,2,0,0,36.262370,-86.681060,E OLD HICKORY BLVD,,,,0.00,,,RIO VISTA DR,,,,0.00,Y,T-Intersection, ,Intersection,None,,,         ,Brian,Otto,Clear,Angle,no,no,no,no,no,False
101707355,METROPOLITAN NASHVILLE POLICE DEPT,20170643165,Davidson,Nashville,7/21/2017 7:51:00 AM,2,0,0,36.142590,-86.681510,I 40,,,,0.00,,,,,,,215.80,N,Not at Intersection, ,Non-Junction,None,,,         ,Terry,Denton,Clear,Angle,no,no,no,no,no,False
101707376,METROPOLITAN NASHVILLE POLICE DEPT,20170643084,Davidson,Nashville,7/21/2017 7:06:00 AM,2,0,0,36.030180,-86.637950,I 24,,,,0.00,,,,,,,61.00,N,Not at Intersection, ,Non-Junction,None,,,         ,Randall,Combs,Clear,Front to Rear,no,no,no,no,no,False
101707387,METROPOLITAN NASHVILLE POLICE DEPT,20170643194,Davidson,Not in City Limit,7/21/2017 8:09:00 AM,1,2,0,36.317030,-86.858120,CLAY LICK RD,,,,984.00,Feet,East,UNION HILL RD,,,,0.00,N,Not at Intersection,N,Non-Junction,None,,,         ,James,Wray,Clear,Not Collision with Motor Vehicle in Transport,no,no,no,no,no,False
101707391,METROPOLITAN NASHVILLE POLICE DEPT,20170643285,Davidson,Nashville,7/21/2017 8:55:00 AM,2,1,0,36.169210,-86.681150,LEBANON PKE,,,,374.00,Feet,East,FAIRWAY DR,,,,0.00,N,Not at Intersection,N,Non-Junction,None,,,         ,Jacob,Dick,Clear,"Sideswipe, Opposite Direction",no,no,no,no,no,False
101707407,METROPOLITAN NASHVILLE POLICE DEPT,20170638169,Davidson,Nashville,7/19/2017 8:40:00 PM,2,1,0,36.071870,-86.636180,MURFREESBORO PKE,,,,0.00,,,BELL RD,,,,0.00,Y,Four-Way,N,Intersection,None,,,         ,Marcus,Darden,Clear,Angle,no,no,no,no,no,False
101707417,METROPOLITAN NASHVILLE POLICE DEPT,2017643236,Davidson,Nashville,7/21/2017 8:22:00 AM,2,2,0,36.155040,-86.797520,18TH AVN,,,,0.00,,,CHURCH ST,,,,0.00,Y,Four-Way,N,Intersection,None,,,         ,Erik,Wagner,Clear,Angle,no,no,no,no,no,False
101707426,METROPOLITAN NASHVILLE POLICE DEPT,2017-0643033,Davidson,Antioch,7/21/2017 6:55:00 AM,2,2,0,36.058545,-86.597693,HOBSON,PIKE,SR171,,0.00,,,HAMILTON CHURCH,RD,,,0.00,Y,Four-Way,N,Intersection,None,,,         ,William,Whitworth,Clear,Angle,no,no,no,no,no,False
101707428,THP District 3 - Nashville,317043112,Davidson,Nashville,7/20/2017 6:40:00 PM,2,0,0,36.092210,-86.762360,I 65,,,,0.00,,,,,,,78.50,N,Not at Intersection,N,Non-Junction,None,,,         ,Charles,Achinger,Clear,Front to Rear,no,no,no,no,no,False
101707430,THP District 3 - Nashville,317043101,Davidson,Nashville,7/20/2017 4:00:00 PM,2,0,0,36.027240,-86.784250,I 65,,,,0.00,,,,,,,73.75,N,Not at Intersection, ,Non-Junction,None,,,         ,Charles,Achinger,Clear,Front to Rear,no,no,no,no,no,False
101707464,METROPOLITAN NASHVILLE POLICE DEPT,20170643568,Davidson,Nashville,7/21/2017 10:30:00 AM,2,0,0,36.101460,-86.823960,HOBBS RD,,,,0.00,,,LEGEND HALL DR,,,,0.00,Y,T-Intersection,N,Intersection,None,,,         ,Curtis,Rich,Cloudy,Front to Rear,no,no,no,no,no,False
101707474,METROPOLITAN NASHVILLE POLICE DEPT,20170640543,Davidson,Nashville,7/20/2017 1:40:00 PM,2,0,0,36.166710,-86.764990,I 24,,,,0.00,,,,,,,48.95,N,Not at Intersection, ,Non-Junction,None,,,         ,William,Vincion,Clear,Front to Rear,no,no,no,no,no,False
101707481,METROPOLITAN NASHVILLE POLICE DEPT,2017643602,Davidson,Nashville,7/21/2017 10:38:00 AM,2,0,0,36.138650,-86.810680,BLAKEMORE AV,,,,57.00,Feet,East,NATCHEZ TRC,,,,0.00,N,Not at Intersection,N,Non-Junction,None,,,         ,Erik,Wagner,Clear,Front to Rear,no,no,no,no,yes,Campus
101707505,METROPOLITAN NASHVILLE POLICE DEPT,20170643629,Davidson,Nashville,7/21/2017 10:54:00 AM,2,0,0,36.081380,-86.747140,BINKLEY DR,,,,0.00,,,LYNN DR,,,,0.00,Y,Four-Way, ,Intersection,None,,,         ,Darrell,Osment,Cloudy,Angle,no,no,no,no,no,False
101707517,METROPOLITAN NASHVILLE POLICE DEPT,20170643468,Davidson,Nashville,7/21/2017 9:30:00 AM,2,0,0,36.193190,-86.716270,SHERIDAN RD,,,,0.00,,,WAYNE DR,,,,0.00,Y,T-Intersection, ,Non-Junction,None,,,         ,Alex,Moore,Clear,Other,no,no,no,no,no,False
101707518,METROPOLITAN NASHVILLE POLICE DEPT,20170643667,Davidson,Nashville,7/21/2017 11:00:00 AM,2,0,0,36.125670,-86.709790,MURFREESBORO PKE,,,,0.00,Feet,,BOWWOOD CT,,,,0.00,Y,T-Intersection, ,Intersection,None,,,         ,Landon,Bagwell,Clear,Angle,no,no,no,no,no,False
101707523,METROPOLITAN NASHVILLE POLICE DEPT,20170643406,Davidson,Nashville,7/21/2017 9:31:00 AM,2,1,0,36.045480,-86.647290,CROSSINGS BLVD,,,,0.00,Feet,,MT VIEW RD,,,,0.00,Y,Four-Way,N,Intersection-Related,None,,,         ,Shelby,Hughes,Clear,Angle,no,no,no,no,no,False
101707531,METROPOLITAN NASHVILLE POLICE DEPT,20170640621,Davidson,Nashville,7/20/2017 2:17:00 PM,2,0,0,36.157750,-86.760420,I 24,,,,0.00,,,,,,,49.60,N,Not at Intersection, ,Non-Junction,None,,,         ,William,Vincion,Clear,"Sideswipe, Same Direction",no,no,no,no,no,False
101707532,METROPOLITAN NASHVILLE POLICE DEPT,20170643763,Davidson,Nashville,7/21/2017 11:40:00 AM,2,0,0,36.158580,-86.798700,CHARLOTTE AV,,,,116.00,Feet,East,FISK ST,,,,0.00,N,Not at Intersection,N,Non-Junction,None,,,         ,YUNUS,ADAK,Clear,Angle,no,no,no,no,no,False
101707535,METROPOLITAN NASHVILLE POLICE DEPT,20170643768,Davidson,Nashville,7/21/2017 10:57:00 AM,2,0,0,36.155350,-86.765310,HERMITAGE AV,,,,161.00,Feet,West,ROLLING MILL HILL GRNWY,,,,0.00,N,Not at Intersection, ,Non-Junction,None,,,         ,Ronald,Bright,Clear,Rear to Side,no,no,no,yes,no,False
101707563,METROPOLITAN NASHVILLE POLICE DEPT,20170643593,Davidson,Nashville,7/21/2017 10:32:00 AM,2,0,0,36.151690,-86.803720,22ND AVN,,,,0.00,,,ELLISTON PL,,,,0.00,Y,T-Intersection, ,Intersection-Related,None,,,         ,Phillip,Murphy,Clear,Other,no,no,no,no,no,Campus
101707590,VANDERBILT UNIVERSITY POLICE,2017-0643685,Davidson,Nashville,7/21/2017 11:00:00 AM,2,0,0,36.140390,-86.801020,DIXIE PL,,,,0.00,,,,,,,0.00,,, ,,None,,,         ,Shaneithia,Lewis,,,no,no,no,yes,no,Campus
101707600,METROPOLITAN NASHVILLE POLICE DEPT,20170643514,Davidson,Old Hickory,7/21/2017 9:41:00 AM,2,0,0,36.248140,-86.642130,OLD HICKORY BLVD,,,,0.00,,,22ND ST,,,,0.00,Y,T-Intersection,N,Intersection,None,,,         ,Wesley,Young,Clear,Front to Rear,no,no,no,no,no,False
101707604,METROPOLITAN NASHVILLE POLICE DEPT,2017-0643712,Davidson,Nashville,7/21/2017 11:30:00 AM,2,1,0,36.087180,-86.692840,HARDING PL,,,,206.00,Feet,West,ANTIOCH PKE,,,,0.00,N,Not at Intersection,N,"Driveway, Alley Access, etc",None,,,         ,William,Whitworth,Clear,Angle,no,no,no,no,no,False
101707617,METROPOLITAN NASHVILLE POLICE DEPT,20170643691,Davidson,Nashville,7/21/2017 11:27:00 AM,2,0,0,36.223270,-86.865860,RAMBLING BROOK RD,,,,0.00,,,EATONS CREEK RD,,,,0.00,Y,T-Intersection,N,Non-Junction,None,,,         ,James,Wray,Clear,Angle,no,no,no,no,no,False
101707628,METROPOLITAN NASHVILLE POLICE DEPT,20170643920,Davidson,Nashville,7/21/2017 12:48:00 PM,2,0,0,36.172480,-86.595110,CENTRAL PKE,,,,0.00,,,TULIP GROVE RD,,,,0.00,Y,Four-Way,N,Intersection,None,,,         ,Wesley,Young,Clear,Front to Rear,no,no,no,no,no,False
101707672,METROPOLITAN NASHVILLE POLICE DEPT,20170643892,Davidson,Nashville,7/21/2017 12:42:00 PM,2,2,0,36.217080,-86.696380,OPRYLAND DR,,,,0.00,Feet,,MUSIC VALLEY DR,,,,0.00,Y,Four-Way,N,Intersection-Related,None,,,         ,Michael,Brooks,Clear,"Sideswipe, Same Direction",no,no,no,no,no,False
101707673,METROPOLITAN NASHVILLE POLICE DEPT,20170643657,Davidson,Nashville,7/21/2017 10:52:00 AM,2,0,0,36.198690,-86.741160,GALLATIN PKE,,,,147.00,Feet,South,DELMAS AV,,,,0.00,N,Not at Intersection, ,Non-Junction,None,,,         ,Russell,Jones,Clear,"Sideswipe, Same Direction",no,no,no,yes,no,False
101707680,METROPOLITAN NASHVILLE POLICE DEPT,20170643931,Davidson,Nashville,7/21/2017 12:55:00 PM,2,2,0,36.102270,-86.817300,HILLSBORO PKE,,,,205.00,Feet,North,HILLSBORO DR,,,,0.00,N,Not at Intersection,N,Non-Junction,None,,,         ,Ian,Hammond,Clear,Angle,no,no,no,no,no,False
101707681,METROPOLITAN NASHVILLE POLICE DEPT,20170644043,Davidson,Nashville,7/21/2017 1:22:00 PM,2,0,0,36.146350,-86.666530,DONELSON PKE,,,,149.00,Feet,North,ROYAL PKWY,,,,0.00,N,Not at Intersection,N,Non-Junction,None,,,         ,Wesley,Young,Clear,Front to Rear,no,no,no,no,yes,False
101707682,METROPOLITAN NASHVILLE POLICE DEPT,20170643859,Davidson,Nashville,7/21/2017 12:28:00 PM,2,0,0,36.135570,-86.634970,ELM RUN,,,,91.00,Feet,South,ELM RUN CT,,,,0.00,N,Not at Intersection, ,Non-Junction,None,,,         ,Cody,O'Quinn,Clear,Front to Rear,no,no,no,no,no,False
101707686,METROPOLITAN NASHVILLE POLICE DEPT,20170644056,Davidson,Nashville,7/21/2017 1:56:00 PM,2,0,0,36.115970,-86.787090,I 440,,,,0.00,,,,,,,4.15,N,Not at Intersection,N,Non-Junction,None,,,         ,Justin,Pinkelton,Clear,Front to Rear,no,no,no,no,yes,False