master_record_number,agency,agency_tracking_number,county,city,collision_date,vehicles_involved,number_injured,number_dead,latitude,longitude,roadway_name,roadway_suffix,roadway_number,roadway_local_id,distance_from_reference,miles-feet_indicator,direction_from_reference,intersection_road_name,intersection_road_name_suffix,intersection_road_number,intersection_local_id,mile_marker,intersection_indicator,intersect_type,interchange_related_indicator,relation_to_junction,work_zone_type,construction_maintenance_zone,construction_maintenance_zone_location,fatal_case_number,officer_first_name,officer_last_name,weather_condition(s),manner_of_crash,pedestrian,bicycle,scooter,parking,hitrun,mou
101707731,METROPOLITAN NASHVILLE POLICE DEPT,2017-0644021,Davidson,Nashville,7/21/2017 12:00:00 AM,2,1,0,36.168570,-86.813370,JEFFERSON ST,,,,1.00,Feet,West,I40 E EXT RAMP,,,,0.00,N,Not at Intersection,N,Entrance/Exit Ramp Related,None,,,         ,Nicholas,MacDougall,Clear,Front to Rear,no,no,no,no,no,False
101707744,METROPOLITAN NASHVILLE POLICE DEPT,20170640550,Davidson,Nashville,7/20/2017 12:00:00 AM,2,0,0,36.156100,-86.785540,11TH AVS,,,,0.00,,,MCGAVOCK ST,,,,0.00,Y,T-Intersection,N,Intersection,None,,,         ,Daniel,Russett,Clear,Angle,no,no,no,no,no,False
101707754,METROPOLITAN NASHVILLE POLICE DEPT,20170643785,Davidson,Nashville,7/21/2017 11:43:00 AM,2,0,0,36.225870,-86.717610,WINDING WAY,,,,242.00,Feet,West,EASTDALE AV,,,,0.00,N,Not at Intersection, ,"Driveway, Alley Access, etc",None,,,         ,Russell,Jones,Clear,Rear to Side,no,no,no,no,no,False
101707756,METROPOLITAN NASHVILLE POLICE DEPT,20170643772,Davidson,Nashville,7/21/2017 11:55:00 AM,2,0,0,36.146290,-86.809800,NATCHEZ TRC,,,,10.00,Feet,North,WEST END AV,,,,0.00,N,Not at Intersection, ,,None,,,         ,Shaquille,Graham,,,no,no,no,no,no,Campus
101707757,METROPOLITAN NASHVILLE POLICE DEPT,20170644015,Davidson,Nashville,7/21/2017 1:18:00 PM,2,0,0,36.218500,-86.597620,ANDREW JACKSON PKWY,,,,99.00,Feet,South,GENERAL JACKSON LN,,,,0.00,N,Not at Intersection, ,Non-Junction,None,,,         ,Cody,O'Quinn,Clear,Angle,no,no,no,no,no,False
101707788,METROPOLITAN NASHVILLE POLICE DEPT,2017-0643997,Davidson,Nashville,7/21/2017 1:22:00 PM,2,0,0,36.050730,-86.646910,BELL RD,,,,0.00,,,HICKORY HOLLOW TER,,,,0.00,Y,Four-Way, ,Intersection,None,,,         ,William,Whitworth,Clear,"Sideswipe, Same Direction",no,no,no,no,no,False
101707795,METROPOLITAN NASHVILLE POLICE DEPT,20170643651,Davidson,Nashville,7/21/2017 11:04:00 AM,2,0,0,36.140610,-86.724880,I 40,,,,0.00,,,,,,,213.40,N,Not at Intersection,Y,Entrance/Exit Ramp Related,None,,,         ,Ralph,Harvey,Cloudy,Front to Rear,no,no,no,no,no,False
101707803,METROPOLITAN NASHVILLE POLICE DEPT,20170630773,Davidson,Nashville,7/17/2017 6:00:00 PM,2,0,0,36.095530,-86.624890,BELL RD,,,,600.00,Feet,North,HARBOR LIGHTS DR,,,,0.00,N,Not at Intersection, ,Non-Junction,None,,,         ,Patrick,Taylor,Clear,Front to Rear,no,no,no,no,no,False
101707849,METROPOLITAN NASHVILLE POLICE DEPT,2017-0644132,Davidson,Nashville,7/21/2017 12:00:00 PM,2,0,0,36.106750,-86.815570,ABBOTT MARTIN RD,,,,0.00,,,,,,,0.00,,,N,Non-Junction,None,,,         ,Ryan,Allen,Clear,Other,no,no,no,yes,yes,False
101707856,METROPOLITAN NASHVILLE POLICE DEPT,20170644150,Davidson,Nashville,7/21/2017 12:00:00 PM,2,0,0,36.172900,-86.792900,JEFFERSON ST,,,,156.00,Feet,West,9TH AVN,,,,0.00,N,Not at Intersection,N,Non-Junction,None,,,         ,Landon,Bagwell,Clear,Rear to Side,no,no,no,yes,yes,False
101707873,METROPOLITAN NASHVILLE POLICE DEPT,20170644118,Davidson,Nashville,7/21/2017 2:35:00 PM,2,0,0,36.152240,-86.840910,CHARLOTTE AV,,,,0.00,,,45TH AVN,,,,0.00,Y,T-Intersection,N,Intersection-Related,None,,,         ,Kevin,Clausius,Clear,Angle,no,no,no,no,no,False
101707874,METROPOLITAN NASHVILLE POLICE DEPT,20170644199,Davidson,Nashville,7/21/2017 3:21:00 PM,2,0,0,36.108010,-86.768930,I 65,,,,0.00,,,,,,,79.60,N,Not at Intersection, ,Non-Junction,None,,,         ,Tien,Nguyen,Clear,Front to Rear,no,no,no,no,no,False
101707875,METROPOLITAN NASHVILLE POLICE DEPT,20170644305,Davidson,Nashville,7/21/2017 3:54:00 PM,2,0,0,36.136840,-86.803050,BELCOURT AV,,,,0.00,Feet,East,BLAKEMORE AV,,,,0.00,N,Not at Intersection, ,Non-Junction,None,,,         ,Tien,Nguyen,Clear,Angle,no,no,no,no,no,Campus
101707889,METROPOLITAN NASHVILLE POLICE DEPT,20170644228,Davidson,Nashville,7/21/2017 3:30:00 PM,2,0,0,36.156810,-86.771900,PEABODY ST,,,,0.00,,,2ND AVS,,,,0.00,Y,Four-Way,N,Intersection,None,,,         ,Chad,Wilkinson,Clear,"Sideswipe, Same Direction",no,no,no,no,no,False
101707911,METROPOLITAN NASHVILLE POLICE DEPT,20170644369,Davidson,Nashville,7/21/2017 4:00:00 PM,2,0,0,36.106210,-86.673060,MURFREESBORO PKE,,,,0.00,,,DONELSON PKE,,,,0.00,Y,Four-Way, ,Non-Junction,None,,,         ,Eric,Keller,Clear,Front to Rear,no,no,no,no,no,False
101707914,GOODLETTSVILLE POLICE DEPT,17-25351,Davidson,Goodlettsville,7/21/2017 9:59:00 AM,2,0,0,36.299440,-86.712060,I 65,,,,0.00,,,,,,,95.10,N,Not at Intersection, ,Non-Junction,None,,,         ,John,Spencer,Clear,"Sideswipe, Same Direction",no,no,no,no,no,False
101707937,METROPOLITAN NASHVILLE POLICE DEPT,20170644098,Davidson,Nashville,7/21/2017 2:30:00 PM,2,2,0,36.218170,-86.774840,I 65,,,,0.00,,,,,,,88.15,N,Not at Intersection,N,Non-Junction,None,,,         ,Frederick,Ware,Clear,Front to Rear,no,no,no,no,no,False
101707938,METROPOLITAN NASHVILLE POLICE DEPT,20170644207,Davidson,Nashville,7/21/2017 2:16:00 PM,2,0,0,36.104100,-86.815300,HILLSBORO PKE,,,,327.00,Feet,South,RICHARD JONES RD,,,,0.00,N,Not at Intersection, ,Non-Junction,None,,,         ,Walter,Gray II,Clear,Front to Rear,no,no,no,no,no,False
101707940,METROPOLITAN NASHVILLE POLICE DEPT,20170644270,Davidson,Nashville,7/21/2017 3:15:00 PM,2,0,0,36.073770,-86.692650,I 24,,,,0.00,,,,,,,56.65,N,Not at Intersection,N,Non-Junction,None,,,         ,Mary,Williams,Clear,Angle,no,no,no,no,yes,False
101707941,METROPOLITAN NASHVILLE POLICE DEPT,20170644353,Davidson,Nashville,7/21/2017 2:58:00 PM,2,0,0,36.203910,-86.738210,LELAND AV,,,,34.00,Feet,East,GALLATIN PKE,,,,0.00,N,Not at Intersection, ,Non-Junction,None,,,         ,Amanda,Fox,Clear,Front to Rear,no,no,no,no,no,False
101707942,METROPOLITAN NASHVILLE POLICE DEPT,20170644126,Davidson,Nashville,7/21/2017 2:26:00 PM,2,1,0,36.125110,-86.733550,I24 E ENT RAMP,,,,0.00,Feet,East,I 440,,,,0.00,N,Not at Intersection,Y,Non-Junction,None,,,         ,Alyson,Cook,Clear,Front to Rear,no,no,no,no,no,False
101707946,METROPOLITAN NASHVILLE POLICE DEPT,2017-0644181,Davidson,Nashville,7/21/2017 2:35:00 PM,3,1,0,36.158580,-86.640650,STEWARTS FERRY PKE,,,,0.00,Feet,,HICKORY PL,,,,0.00,Y,T-Intersection,N,Non-Junction,None,,,         ,Jonathan,Seidl,Clear,Front to Rear,no,no,no,no,no,False
101707947,METROPOLITAN NASHVILLE POLICE DEPT,20170644414,Davidson,Nashville,7/21/2017 4:30:00 PM,2,0,0,36.088420,-86.792150,BATTERY LN,,,,342.00,Feet,West,LEALAND LN,,,,0.00,N,Not at Intersection, ,,None,,,         ,Allyson,Reis,,,no,no,no,no,no,False
101707975,METROPOLITAN NASHVILLE POLICE DEPT,20170644404,Davidson,Nashville,7/21/2017 4:10:00 PM,2,0,0,36.234030,-86.767180,I 65,,,,0.00,,,,,,,89.35,N,Not at Intersection, ,Non-Junction,None,,,         ,Bradley,Fort,Clear,"Sideswipe, Same Direction",no,no,no,no,no,False
101707979,METROPOLITAN NASHVILLE POLICE DEPT,20170644223,Davidson,Nashville,7/21/2017 3:30:00 PM,1,1,0,36.178600,-86.811530,21ST AVN,,,,386.00,Feet,South,17TH AVN,,,,0.00,N,Not at Intersection,N,Non-Junction,None,,,         ,Kevin,Reynolds,Clear,Not Collision with Motor Vehicle in Transport,yes,no,no,yes,no,False
101707983,METROPOLITAN NASHVILLE POLICE DEPT,20170643549,Davidson,Nashville,7/21/2017 10:30:00 AM,3,0,0,36.045650,-86.673980,BELL RD,,,,114.00,Feet,East,BLUE HOLE RD,,,,0.00,N,Not at Intersection, ,Non-Junction,None,,,         ,Jessie,Meadows,Clear,Front to Rear,no,no,no,no,no,False
101707984,METROPOLITAN NASHVILLE POLICE DEPT,20170643739,Davidson,Nashville,7/21/2017 12:28:00 PM,2,0,0,36.139230,-86.728880,I 24,,,,0.00,,,,,,,51.45,N,Not at Intersection, ,Non-Junction,None,,,         ,Jessie,Meadows,Clear,Front to Rear,no,no,no,no,no,False
101707985,METROPOLITAN NASHVILLE POLICE DEPT,20170644035,Davidson,Nashville,7/21/2017 2:00:00 PM,2,2,0,36.046410,-86.713390,NOLENSVILLE PKE,,,,382.00,Feet,North,OLD HICKORY BLVD,,,,0.00,N,Not at Intersection,N,Non-Junction,None,,,         ,Jessie,Meadows,Clear,Angle,no,no,no,no,no,False
101707986,METROPOLITAN NASHVILLE POLICE DEPT,20170644097,Davidson,Nashville,7/21/2017 2:30:00 PM,2,0,0,36.039970,-86.650050,I 24,,,,0.00,,,,,,,60.00,N,Not at Intersection,N,Non-Junction,None,,,         ,Jessie,Meadows,Clear,"Sideswipe, Same Direction",no,no,no,no,yes,False
101707987,METROPOLITAN NASHVILLE POLICE DEPT,20170644278,Davidson,Nashville,7/21/2017 4:00:00 PM,2,1,0,36.123290,-86.749520,I 440,,,,0.00,,,,,,,6.40,N,Not at Intersection,N,Non-Junction,None,,,         ,Jessie,Meadows,Clear,Front to Rear,no,no,no,no,no,False
101707990,METROPOLITAN NASHVILLE POLICE DEPT,20170644371,Davidson,Nashville,7/21/2017 3:19:00 PM,2,0,0,36.144010,-86.872980,WATTS LN,,,,50.00,Feet,South,CHARLOTTE PKE,,,,0.00,N,Not at Intersection, ,Non-Junction,None,,,         ,Walter,Gray II,Clear,"Sideswipe, Same Direction",no,no,no,no,no,False
101708004,METROPOLITAN NASHVILLE POLICE DEPT,20170644469,Davidson,Nashville,7/21/2017 5:01:00 PM,2,0,0,36.134290,-86.776350,I65 S EXT RAMP,,,,0.00,,,WEDGEWOOD AV,,,,0.00,Y,Four-Way, ,Intersection-Related,None,,,         ,Tien,Nguyen,Clear,"Sideswipe, Same Direction",no,no,no,no,no,False
101708005,METROPOLITAN NASHVILLE POLICE DEPT,20170644601,Davidson,Nashville,7/21/2017 5:07:00 PM,2,0,0,36.130370,-86.773570,I 65,,,,0.00,,,,,,,81.10,N,Not at Intersection, ,Non-Junction,None,,,         ,Tien,Nguyen,Clear,Front to Rear,no,no,no,no,no,False
101708006,METROPOLITAN NASHVILLE POLICE DEPT,20170644563,Davidson,Nashville,7/21/2017 5:15:00 PM,2,0,0,36.217040,-86.693380,MCGAVOCK PKE WB ENT RAMP,,,,0.00,Feet,East,MCGAVOCK PKE,,,,0.00,N,Not at Intersection, ,Entrance/Exit Ramp Related,None,,,         ,Tyler,Maupin,Clear,Front to Rear,no,no,no,no,no,False
101708009,METROPOLITAN NASHVILLE POLICE DEPT,20170644630,Davidson,Nashville,7/21/2017 12:00:00 AM,2,0,0,36.170280,-86.758740,BOSCOBEL ST,,,,80.00,Feet,West,S 7TH ST,,,,0.00,N,Not at Intersection, ,Non-Junction,None,,,         ,Alexander,Georgeson,Unknown,Unknown,no,no,no,no,yes,False
101708010,METROPOLITAN NASHVILLE POLICE DEPT,20170644447,Davidson,Nashville,7/21/2017 5:50:00 PM,2,0,0,36.072410,-86.691820,I 24,,,,0.00,,,,,,,56.75,N,Not at Intersection,N,Non-Junction,None,,,         ,Jessie,Meadows,Clear,Front to Rear,no,no,no,no,yes,False
101708014,METROPOLITAN NASHVILLE POLICE DEPT,20170644208,Davidson,Nashville,7/21/2017 3:16:00 PM,2,2,0,36.070540,-86.641700,RICE RD,,,,868.00,Feet,North,RURAL HILL RD,,,,0.00,N,Not at Intersection,N,Non-Junction,None,,,         ,Luis,De Los Santos,Clear,"Sideswipe, Same Direction",no,no,no,no,no,False
101708015,METROPOLITAN NASHVILLE POLICE DEPT,20170644384,Davidson,Nashville,7/21/2017 4:01:00 PM,3,0,0,36.169320,-86.797040,I 40,,,,0.00,,,,,,,207.90,N,Not at Intersection,N,Non-Junction,None,,,         ,David,Snowden,Clear,Front to Rear,no,no,no,no,no,False
101708022,METROPOLITAN NASHVILLE POLICE DEPT,20170644233,Davidson,Nashville,7/21/2017 3:32:00 PM,3,0,0,36.135990,-86.726720,I 24,,,,0.00,,,,,,,52.20,N,Not at Intersection,N,Non-Junction,None,,,         ,Alyson,Cook,Clear,Front to Rear,no,no,no,no,no,False
101708023,METROPOLITAN NASHVILLE POLICE DEPT,20170644615,Davidson,Nashville,7/21/2017 5:33:00 PM,2,0,0,36.166230,-86.765790,SHELBY AV,,,,0.00,,,INTERSTATE DR,,,,0.00,Y,Four-Way, ,Intersection-Related,None,,,         ,Benjamin,Williams,Clear,Front to Rear,no,no,no,no,no,False
101708026,METROPOLITAN NASHVILLE POLICE DEPT,20170644661,Davidson,Nashville,7/21/2017 5:30:00 PM,2,0,0,36.155710,-86.789770,14TH AVN,,,,0.00,,,I40 E ENT RAMP,,,,0.00,Y,Four-Way,N,Intersection-Related,None,,,         ,Eric,Burford,Clear,Front to Rear,no,no,no,no,yes,False
101708033,METROPOLITAN NASHVILLE POLICE DEPT,20170644488,Davidson,Not in City Limit,7/21/2017 12:00:00 PM,3,0,0,36.258200,-86.764370,BELLSHIRE TERRACE DR,,,,242.00,Feet,West,TUCKAHOE DR,,,,0.00,N,Not at Intersection, ,Non-Junction,None,,,         ,Marvis,Malone,Clear,Rear to Side,no,no,no,no,yes,False
101708061,METROPOLITAN NASHVILLE POLICE DEPT,20170644576,Davidson,Not in City Limit,7/21/2017 4:38:00 PM,2,0,0,36.338180,-86.870810,WHITES CREEK PKE,,,,640.00,Feet,North,MORGAN RD,,,,0.00,N,Not at Intersection, ,Non-Junction,None,,,         ,Roy,Sain Jr.,Clear,Front to Rear,no,no,no,no,yes,False
101708075,METROPOLITAN NASHVILLE POLICE DEPT,20170644210,Davidson,Nashville,7/21/2017 3:28:00 PM,3,0,0,36.135990,-86.726720,I 24,,,,0.00,,,,,,,52.20,N,Not at Intersection,N,Non-Junction,None,,,         ,Alyson,Cook,Clear,Front to Rear,no,no,no,no,no,False
101708081,METROPOLITAN NASHVILLE POLICE DEPT,20170644734,Davidson,Nashville,7/21/2017 6:03:00 PM,2,0,0,36.090330,-86.626500,SMITH SPRINGS RD,,,,0.00,,,BELL RD,,,,0.00,Y,Four-Way, ,,None,,,         ,Michael,Apsey,,,no,no,no,no,no,False
101708084,METROPOLITAN NASHVILLE POLICE DEPT,20170638193,Davidson,Nashville,7/19/2017 12:00:00 AM,2,0,0,36.161890,-86.775170,2ND AVS,,,,0.00,,,2ND AVN,,,,0.00,Y,OTHER, ,Non-Junction,None,,,         ,Kendra,Cowper,Clear,Front to Rear,no,no,no,no,no,False
101708085,METROPOLITAN NASHVILLE POLICE DEPT,20170644439,Davidson,Nashville,7/21/2017 3:52:00 PM,1,0,0,36.098700,-86.713130,ANTIOCH PKE,,,,540.00,Feet,East,MCILLWAIN PL,,,,0.00,N,Not at Intersection, ,Non-Junction,None,,,         ,Alyson,Cook,Clear,Not Collision with Motor Vehicle in Transport,no,no,no,no,no,False
101708087,METROPOLITAN NASHVILLE POLICE DEPT,20170644178,Davidson,Nashville,7/21/2017 3:05:00 PM,2,1,0,36.168120,-86.657690,LEBANON PKE,,,,262.00,Feet,West,MUNN RD,,,,0.00,N,Not at Intersection,N,Non-Junction,None,,,         ,Brent,Hedgcoth,Clear,Angle,no,no,no,no,no,False
101708113,METROPOLITAN NASHVILLE POLICE DEPT,20170644818,Davidson,Nashville,7/21/2017 5:57:00 PM,2,0,0,36.113440,-86.772690,I 65,,,,0.00,,,,,,,80.00,N,Not at Intersection, ,Non-Junction,None,,,         ,Trenton,Searcy,Clear,Front to Rear,no,no,no,no,no,False
101708115,METROPOLITAN NASHVILLE POLICE DEPT,20170644812,Davidson,Nashville,7/21/2017 12:00:00 AM,2,0,0,36.232480,-86.759150,DICKERSON PKE,,,,0.00,,,,,,,0.00,,,N,Non-Junction,None,,,         ,Gordon,Stovall,Clear,"Sideswipe, Same Direction",no,no,no,yes,yes,False
101708129,METROPOLITAN NASHVILLE POLICE DEPT,20170644310,Davidson,Nashville,7/21/2017 3:00:00 PM,2,1,0,36.132170,-86.726870,I24E,,,,684.00,Feet,North,I24 W EXT RAMP,,,,0.00,N,Not at Intersection,N,Non-Junction,None,,,         ,William,McDaniel,Clear,Front to Rear,no,no,no,no,no,False
101708131,METROPOLITAN NASHVILLE POLICE DEPT,20170644080,Davidson,Goodlettsville,7/21/2017 2:06:00 PM,2,3,0,36.289920,-86.739780,DICKERSON PKES,,,,171.00,Feet,West,WEEPING WILLOW WAY,,,,0.00,N,Not at Intersection,N,Non-Junction,None,,,         ,Samuel,Miller,Clear,Angle,no,no,no,no,no,False
101708132,METROPOLITAN NASHVILLE POLICE DEPT,20170644084,Davidson,Goodlettsville,7/21/2017 2:19:00 PM,3,1,0,36.289810,-86.740060,DICKERSON PKES,,,,262.00,Feet,West,WEEPING WILLOW WAY,,,,0.00,N,Not at Intersection,N,Non-Junction,None,,,         ,Samuel,Miller,Clear,Front to Rear,no,no,no,no,yes,False
101708133,METROPOLITAN NASHVILLE POLICE DEPT,20170644324,Davidson,Not in City Limit,7/21/2017 3:10:00 PM,2,0,0,36.273440,-86.710040,GALLATIN PKEN,,,,0.00,,,ANDERSON LN,,,,0.00,Y,T-Intersection,Y,Intersection,None,,,         ,Samuel,Miller,Clear,Angle,no,no,no,no,yes,False
101708134,METROPOLITAN NASHVILLE POLICE DEPT,20170644267,Davidson,Not in City Limit,7/20/2017 9:30:00 PM,1,0,0,36.268940,-86.742390,BRECKENRIDGE APT PVTDR,,,,110.00,Feet,West,NESBITT LN,,,,0.00,N,Not at Intersection,N,Non-Junction,None,,,         ,Samuel,Miller,Clear,Not Collision with Motor Vehicle in Transport,no,no,no,yes,yes,False
101708135,METROPOLITAN NASHVILLE POLICE DEPT,20170644617,Davidson,Not in City Limit,7/21/2017 4:41:00 PM,2,2,0,36.273440,-86.710040,GALLATIN PKEN,,,,0.00,,,ANDERSON LN,,,,0.00,Y,T-Intersection,Y,Intersection-Related,None,,,         ,Samuel,Miller,Clear,Angle,no,no,no,no,yes,False
101708136,METROPOLITAN NASHVILLE POLICE DEPT,20170644617,Davidson,Not in City Limit,7/21/2017 4:41:00 PM,2,0,0,36.256750,-86.714160,GALLATIN PKES,,,,194.00,Feet,South,HARRINGTON AV,,,,0.00,N,Not at Intersection, ,Non-Junction,None,,,         ,Samuel,Miller,Clear,Front to Rear,no,no,no,no,no,False
101708137,METROPOLITAN NASHVILLE POLICE DEPT,20170644825,Davidson,Nashville,7/21/2017 6:47:00 PM,3,1,0,36.249930,-86.719040,GALLATIN PKES,,,,225.00,Feet,North,E PALESTINE AV,,,,0.00,N,Not at Intersection,N,Non-Junction,None,,,         ,Samuel,Miller,Clear,Front to Rear,no,no,no,no,no,False
101708191,METROPOLITAN NASHVILLE POLICE DEPT,20170644689,Davidson,Nashville,7/21/2017 6:00:00 PM,2,2,0,36.190840,-86.615350,OLD HICKORY BLVD,,,,0.00,Feet,,OLD LEBANON DIRT RD,,,,0.00,Y,Four-Way,N,Intersection-Related,None,,,         ,Adam,Nicholson,Clear,Angle,no,no,no,no,no,False
101708192,METROPOLITAN NASHVILLE POLICE DEPT,20170644330,Davidson,Nashville,7/21/2017 4:00:00 PM,2,0,0,36.177680,-86.750450,CLEARVIEW AV,,,,153.00,Feet,West,WOODLAND ST,,,,0.00,N,Not at Intersection, ,,None,,,         ,Micah,Wright,,,no,no,no,no,no,False
101708202,METROPOLITAN NASHVILLE POLICE DEPT,20170644697,Davidson,Nashville,7/21/2017 12:00:00 AM,2,0,0,36.093320,-86.762480,I 65,,,,0.00,,,,,,,78.60,N,Not at Intersection, ,Non-Junction,None,,,         ,Seth,Vaughn,Clear,"Sideswipe, Same Direction",no,no,no,no,yes,False
101708203,METROPOLITAN NASHVILLE POLICE DEPT,20170644741,Davidson,Nashville,7/21/2017 5:56:00 PM,3,0,0,36.155670,-86.629130,I 40,,,,0.00,,,,,,,219.00,N,Not at Intersection,N,Entrance/Exit Ramp Related,None,,,         ,Kimberly,Annson,Clear,Front to Rear,no,no,no,no,yes,False
101708218,METROPOLITAN NASHVILLE POLICE DEPT,20170644551,Davidson,Nashville,7/21/2017 5:12:00 PM,3,2,0,36.152240,-86.625070,BELL RD,,,,0.00,,,STEWARTS FERRY PKE,,,,0.00,Y,Four-Way,Y,Intersection,None,,,         ,Reuben,Hewit,Clear,"Sideswipe, Opposite Direction",no,no,no,no,no,False
101708232,METROPOLITAN NASHVILLE POLICE DEPT,20170644748,Davidson,Nashville,7/21/2017 5:30:00 PM,2,0,0,36.175590,-86.782240,1ST AVN,,,,0.00,,,JEFFERSON ST,,,,0.00,Y,Four-Way,N,Intersection-Related,None,,,         ,Landon,Bagwell,Clear,Front to Rear,no,no,no,no,yes,False
101708242,METROPOLITAN NASHVILLE POLICE DEPT,20170644903,Davidson,Nashville,7/21/2017 5:28:00 PM,3,0,0,36.124580,-86.735900,I 440,,,,0.00,,,,,,,7.05,N,Not at Intersection, ,Non-Junction,None,,,         ,Alyson,Cook,Clear,Front to Rear,no,no,no,no,no,False
101708243,METROPOLITAN NASHVILLE POLICE DEPT,20170645145,Davidson,Nashville,7/21/2017 6:30:00 AM,2,0,0,36.045370,-86.713260,NOLENSVILLE PKE,,,,0.00,,,OLD HICKORY BLVD,,,,0.00,Y,Four-Way, ,Intersection,None,,,         ,David,Robberson,Clear,"Sideswipe, Same Direction",no,no,no,no,yes,False
101708249,METROPOLITAN NASHVILLE POLICE DEPT,20170644643,Davidson,Nashville,7/21/2017 5:36:00 PM,2,0,0,36.040770,-86.743660,EDMONDSON PKE,,,,280.00,Feet,North,OLD HICKORY BLVD,,,,0.00,N,Not at Intersection,N,OtherLocation,None,,,         ,Tien,Nguyen,Clear,Rear to Side,no,no,no,yes,yes,False
101708250,METROPOLITAN NASHVILLE POLICE DEPT,20170644868,Davidson,Nashville,7/21/2017 6:47:00 PM,2,1,0,36.096150,-86.737670,NOLENSVILLE PKE,,,,0.00,,,ALLIED DR,,,,0.00,Y,Four-Way,N,Intersection-Related,None,,,         ,Tien,Nguyen,Clear,Angle,no,no,no,no,yes,False
101708266,METROPOLITAN NASHVILLE POLICE DEPT,20170645281,Davidson,Nashville,7/21/2017 8:58:00 PM,1,0,0,36.158340,-86.692580,BRILEY PKWYS,,,,566.00,Feet,West,CRAIGMEADE DR,,,,0.00,N,Not at Intersection,N,Non-Junction,None,,,         ,Tyler,Maupin,Clear,Not Collision with Motor Vehicle in Transport,no,no,no,no,no,False
101708290,METROPOLITAN NASHVILLE POLICE DEPT,20170644993,Davidson,Nashville,7/21/2017 7:47:00 PM,2,0,0,36.047490,-86.687660,BENZING RD,,,,728.00,Feet,East,MICHELE DR,,,,0.00,N,Not at Intersection,N,Non-Junction,None,,,         ,Alyson,Cook,Clear,HeadOn,no,no,no,no,no,False
101708292,METROPOLITAN NASHVILLE POLICE DEPT,20170644946,Davidson,Nashville,7/21/2017 3:55:00 PM,2,0,0,36.107790,-86.747500,LOUISE DR,,,,49.00,Feet,North,TIMMONS ST,,,,0.00,N,Not at Intersection, ,Non-Junction,None,,,         ,Melissa,Flores,Clear,Angle,no,no,no,no,yes,False
101708296,METROPOLITAN NASHVILLE POLICE DEPT,20170644187,Davidson,Nashville,7/21/2017 3:07:00 PM,2,1,0,36.140180,-86.722700,I 40,,,,0.00,,,,,,,213.50,N,Not at Intersection,Y,Non-Junction,None,,,         ,Johnathan,Pannell,Clear,Front to Rear,no,no,no,no,no,False
101708325,METROPOLITAN NASHVILLE POLICE DEPT,20170645256,Davidson,Not in City Limit,7/21/2017 9:15:00 PM,2,3,0,36.265530,-86.711100,GALLATIN PKEN,,,,118.00,Feet,South,DULING AV,,,,0.00,N,Not at Intersection,N,Non-Junction,None,,,         ,Samuel,Miller,Clear,Angle,no,no,no,no,no,False
101708326,METROPOLITAN NASHVILLE POLICE DEPT,20170645148,Davidson,Nashville,7/21/2017 8:42:00 PM,3,1,0,36.047550,-86.655930,BELL RD,,,,0.00,,,HICKORY HOLLOW PKWY,,,,0.00,Y,Four-Way,N,Intersection-Related,None,,,         ,Alyson,Cook,Clear,Front to Rear,no,no,no,no,no,False
101708362,METROPOLITAN NASHVILLE POLICE DEPT,20170645357,Davidson,Nashville,7/21/2017 9:45:00 PM,2,0,0,36.165580,-86.764080,I 24,,,,0.00,,,,,,,49.00,N,Not at Intersection,N,Non-Junction,None,,,         ,Alexander,Georgeson,Clear,Not Collision with Motor Vehicle in Transport,no,no,no,no,no,False
101708378,VANDERBILT UNIVERSITY POLICE,20170038349,Davidson,Nashville,7/21/2017 10:00:00 PM,3,0,0,36.137330,-86.798140,WEDGEWOOD AV,,,,0.00,,,19TH AVS,,,,0.00,Y,Four-Way,N,Non-Junction,None,,,         ,Jeremy,Shannon,Clear,Front to Rear,no,no,no,no,yes,Campus
101708379,METROPOLITAN NASHVILLE POLICE DEPT,20170645559,Davidson,Nashville,7/21/2017 11:29:00 PM,2,0,0,36.147290,-86.744050,I 40,,,,0.00,,,,,,,212.00,N,Not at Intersection, ,Non-Junction,None,,,         ,Mekisha,Page,Clear,"Sideswipe, Same Direction",no,no,no,no,no,False
101708380,METROPOLITAN NASHVILLE POLICE DEPT,20170645481,Davidson,Nashville,7/21/2017 11:55:00 PM,1,0,0,36.041910,-86.824810,RIVER OAKS RD,,,,0.00,,,OLD HICKORY BLVD,,,,0.00,Y,T-Intersection,N,Non-Junction,None,,,         ,Ryan,Worstall,Clear,Not Collision with Motor Vehicle in Transport,no,no,no,no,no,False
101708394,METROPOLITAN NASHVILLE POLICE DEPT,20170645601,Davidson,Nashville,7/21/2017 12:00:00 AM,2,0,0,36.037800,-86.646410,I 24,,,,0.00,,,,,,,60.30,N,Not at Intersection,N,Non-Junction,None,,,         ,Sandra,Fly,Clear,Not Collision with Motor Vehicle in Transport,no,no,no,no,no,False
101708395,METROPOLITAN NASHVILLE POLICE DEPT,20170645604,Davidson,Nashville,7/12/2017 11:52:00 PM,2,3,0,36.147290,-86.744050,I 40,,,,0.00,,,,,,,212.00,N,Not at Intersection,N,Non-Junction,None,,,         ,Mekisha,Page,Clear,Front to Rear,no,no,no,no,no,False
101708400,METROPOLITAN NASHVILLE POLICE DEPT,20170645700,Davidson,Nashville,7/22/2017 12:26:00 AM,1,1,0,36.158810,-86.798160,CHARLOTTE AV,,,,0.00,,,17TH AVN,,,,0.00,Y,Four-Way,N,Intersection,None,,,         ,Craig,Oakley,Clear,Not Collision with Motor Vehicle in Transport,yes,no,no,no,yes,False