master_record_number,agency,agency_tracking_number,county,city,collision_date,vehicles_involved,number_injured,number_dead,latitude,longitude,roadway_name,roadway_suffix,roadway_number,roadway_local_id,distance_from_reference,miles-feet_indicator,direction_from_reference,intersection_road_name,intersection_road_name_suffix,intersection_road_number,intersection_local_id,mile_marker,intersection_indicator,intersect_type,interchange_related_indicator,relation_to_junction,work_zone_type,construction_maintenance_zone,construction_maintenance_zone_location,fatal_case_number,officer_first_name,officer_last_name,weather_condition(s),manner_of_crash,pedestrian,bicycle,scooter,parking,hitrun,mou
101710808,METROPOLITAN NASHVILLE POLICE DEPT,20170652720,Davidson,Nashville,7/24/2017 4:30:00 PM,1,0,0,36.066300,-86.809740,GRANNY WHITE TRC,,,,798.00,Feet,East,GRANNY WHITE PKE,,,,0.00,N,Not at Intersection, ,Non-Junction,None,,,         ,David,Robberson,Clear,Not Collision with Motor Vehicle in Transport,no,no,no,yes,no,False
101710812,METROPOLITAN NASHVILLE POLICE DEPT,20170652867,Davidson,Not in City Limit,7/24/2017 7:30:00 PM,1,0,0,36.086120,-86.946400,I 40,,,,0.00,,,,,,,197.00,N,Not at Intersection, ,Non-Junction,None,,,         ,Walter,Gray II,Clear,Not Collision with Motor Vehicle in Transport,no,no,no,no,no,False
101710813,METROPOLITAN NASHVILLE POLICE DEPT,20170652891,Davidson,Nashville,7/24/2017 7:15:00 PM,2,0,0,36.074170,-86.638350,MURFREESBORO PKE,,,,143.00,Feet,South,RURAL HILL RD,,,,0.00,N,Not at Intersection, ,Non-Junction,None,,,         ,Thomas,Barnes,Clear,"Sideswipe, Same Direction",no,no,no,no,no,False
101710827,METROPOLITAN NASHVILLE POLICE DEPT,20170652708,Davidson,Nashville,7/24/2017 6:25:00 PM,3,0,0,36.074510,-86.638590,RURAL HILL RD,,,,20.00,Feet,East,MURFREESBORO PKE,,,,0.00,N,Not at Intersection, ,Non-Junction,None,,,         ,Alyson,Cook,Clear,Front to Rear,no,no,no,no,no,False
101710846,METROPOLITAN NASHVILLE POLICE DEPT,20170652821,Davidson,Nashville,7/24/2017 7:12:00 PM,2,0,0,36.073590,-86.724490,NOLENSVILLE PKE,,,,63.00,Feet,North,PROVIDENCE HTS,,,,0.00,N,Not at Intersection,N,Non-Junction,None,,,         ,Alyson,Cook,Clear,"Sideswipe, Same Direction",no,no,no,no,no,False
101710858,METROPOLITAN NASHVILLE POLICE DEPT,20170653067,Davidson,Nashville,7/24/2017 8:57:00 PM,2,0,0,36.104040,-86.815370,HILLSBORO PKE,,,,329.00,Feet,North,WARFIELD DR,,,,0.00,N,Not at Intersection, ,Non-Junction,None,,,         ,Tien,Nguyen,Clear,Front to Rear,no,no,no,no,no,False
101710875,METROPOLITAN NASHVILLE POLICE DEPT,2017-0652723,Davidson,Nashville,7/24/2017 6:32:00 PM,1,1,0,36.175620,-86.816170,25TH AVN,,,,245.00,Feet,South,OSAGE ST,,,,0.00,N,Not at Intersection,N,Non-Junction,None,,,         ,John,Roberson,Clear,Not Collision with Motor Vehicle in Transport,yes,no,no,no,no,False
101710881,METROPOLITAN NASHVILLE POLICE DEPT,20170653137,Davidson,Nashville,7/24/2017 9:15:00 PM,2,1,0,36.144580,-86.813140,WEST END AV,,,,0.00,Feet,,29TH AVN,,,,0.00,Y,Four-Way,N,Intersection,None,,,         ,Nicholas,Carroll,Clear,Front to Rear,no,no,no,no,no,Campus
101710894,METROPOLITAN NASHVILLE POLICE DEPT,20170652818,Davidson,Nashville,7/24/2017 6:59:00 PM,2,0,0,36.167140,-86.787130,JAMES ROBERTSON PKWY,,,,0.00,,,ROSA L PARKS BLVD,,,,0.00,Y,Four-Way, ,Intersection,None,,,         ,Deandera,Payne,Clear,"Sideswipe, Same Direction",no,no,no,no,no,False
101710895,METROPOLITAN NASHVILLE POLICE DEPT,20170653173,Davidson,Nashville,7/24/2017 9:30:00 PM,2,0,0,36.040880,-86.773810,OLD HICKORY BLVD,,,,103.00,Feet,West,HEALTH PARK DR,,,,0.00,N,Not at Intersection, ,,None,,,         ,Allyson,Reis,,,no,no,no,no,no,False
101710915,METROPOLITAN NASHVILLE POLICE DEPT,20170652168,Davidson,Nashville,7/24/2017 4:29:00 PM,5,2,0,36.133040,-86.726760,I 24,,,,0.00,,,,,,,52.00,N,Not at Intersection,N,Non-Junction,None,,,         ,Dontaveous,Eubanks,Clear,Front to Rear,no,no,no,no,no,False
101710928,METROPOLITAN NASHVILLE POLICE DEPT,20170652883,Davidson,Nashville,7/24/2017 7:33:00 PM,2,0,0,36.081770,-86.761910,I65 N EXT RAMP,,,,0.00,Feet,East,I65 N ENT RAMP,,,,0.00,N,Not at Intersection, ,,None,,,         ,Trenton,Searcy,,,no,no,no,no,no,False
101710929,METROPOLITAN NASHVILLE POLICE DEPT,20170653385,Davidson,Nashville,7/24/2017 11:04:00 PM,2,1,0,36.056520,-86.642000,BELL RD,,,,565.00,Feet,North,THE OVERLOOK PVTDR,,,,0.00,N,Not at Intersection,N,Non-Junction,None,,,         ,Dale,Dameron,Clear,Front to Rear,no,no,no,no,no,False
101710939,METROPOLITAN NASHVILLE POLICE DEPT,20170653392,Davidson,Nashville,7/24/2017 10:49:00 PM,2,0,0,36.043870,-86.661600,CANE RIDGE RD,,,,175.00,Feet,South,TARGET DR,,,,0.00,N,Not at Intersection, ,Non-Junction,None,,,         ,David,Moser,Clear,Angle,no,no,no,no,no,False
101710993,METROPOLITAN NASHVILLE POLICE DEPT,20170653978,Davidson,Nashville,7/25/2017 12:00:00 AM,1,0,0,36.094780,-86.706900,I 24,,,,0.00,,,,,,,55.00,N,Not at Intersection, ,Non-Junction,None,,,         ,Brian,Mclarty,Clear,Not Collision with Motor Vehicle in Transport,no,no,no,no,no,False
101711001,METROPOLITAN NASHVILLE POLICE DEPT,20170653599,Davidson,Nashville,7/25/2017 12:00:00 AM,2,0,0,36.164950,-86.776090,CHURCH ST,,,,0.00,,,1ST AVN,,,,0.00,Y,Four-Way,N,Non-Junction,None,,,         ,Darrien,Spann,Clear,Front to Rear,no,no,no,no,yes,False
101711003,GOODLETTSVILLE POLICE DEPT,17-25194,Davidson,Goodlettsville,7/20/2017 5:20:00 AM,2,0,0,36.324542,-86.705231,,,I65,,0.00,,,,,,,97.00,N,Not at Intersection,N,Non-Junction,None,,,         ,Shane,Farrell,Clear,"Sideswipe, Same Direction",no,no,no,no,yes,False
101711012,GOODLETTSVILLE POLICE DEPT,17-25714,Davidson,Goodlettsville,7/24/2017 5:50:00 PM,3,0,0,36.308280,-86.691980,VIETNAM VETERANS BLVDN,,,,856.00,Feet,East,CONFERENCE DR,,,,0.00,N,Not at Intersection, ,Entrance/Exit Ramp Related,None,,,         ,Donald,Brinton,Clear,Front to Rear,no,no,no,no,no,False
101711028,METROPOLITAN NASHVILLE POLICE DEPT,20170654319,Davidson,Nashville,7/25/2017 5:25:00 AM,1,0,0,36.193990,-86.775580,I 24,,,,0.00,,,,,,,46.60,N,Not at Intersection,N,Non-Junction,None,,,         ,Bryant,Presley,Clear,Not Collision with Motor Vehicle in Transport,no,no,no,no,no,False
101711034,METROPOLITAN NASHVILLE POLICE DEPT,20170653984,Davidson,Nashville,7/25/2017 3:25:00 AM,1,3,0,36.196850,-86.619890,OLD HICKORY BLVD,,,,104.00,Feet,South,LEBANON PKE EB EXT RAMP,,,,0.00,N,Not at Intersection,N,Non-Junction,None,,,         ,Leonard,Spadavecchia,Clear,Unknown,no,no,no,no,yes,False
101711040,VANDERBILT UNIVERSITY POLICE,17-0650822,Davidson,Nashville,7/24/2017 6:45:00 AM,2,0,0,36.139620,-86.804850,24TH AVS,,,,0.00,,,,,,,0.00,,, ,Non-Junction,None,,,         ,Joel,Newsom,Clear,Rear to Rear,no,no,no,yes,no,Campus
101711057,METROPOLITAN NASHVILLE POLICE DEPT,20170654409,Davidson,Nashville,7/25/2017 6:44:00 AM,2,0,0,36.206620,-86.777900,BRICK CHURCH PKE,,,,0.00,Feet,,W TRINITY LN,,,,0.00,Y,Four-Way, ,Intersection-Related,None,,,         ,Michael,McCord,Clear,Front to Rear,no,no,no,no,no,False
101711080,METROPOLITAN NASHVILLE POLICE DEPT,20170654378,Davidson,Nashville,7/25/2017 6:15:00 AM,1,1,0,36.229240,-86.831400,BRILEY PKWY E ENT RAMP,,,,0.00,Feet,East,BRILEY PKWYE,,,,0.00,N,Not at Intersection,N,Entrance/Exit Ramp Related,None,,,         ,Charles,Duke,Clear,Not Collision with Motor Vehicle in Transport,no,no,no,no,no,False
101711093,METROPOLITAN NASHVILLE POLICE DEPT,20170654494,Davidson,Nashville,7/25/2017 7:30:00 AM,2,0,0,36.171300,-86.870950,BRILEY PKWY S EXT RAMP,,,,0.00,,,CENTENNIAL BLVD,,,,0.00,Y,T-Intersection, ,,None,,,         ,Brian,Myatt,,,no,no,no,no,no,False
101711102,METROPOLITAN NASHVILLE POLICE DEPT,20170654594,Davidson,Nashville,7/25/2017 8:01:00 AM,2,0,0,36.154300,-86.804080,21ST AVN,,,,30.00,Feet,South,PATTERSON ST,,,,0.00,N,Not at Intersection,N,Non-Junction,None,,,         ,Nathan,Kemp,Clear,"Sideswipe, Same Direction",no,no,no,no,no,False
101711104,METROPOLITAN NASHVILLE POLICE DEPT,20170654588,Davidson,Nashville,7/25/2017 7:55:00 AM,2,0,0,36.124050,-86.759890,ROSEDALE AV,,,,36.00,Feet,North,HURDWOOD DR,,,,0.00,N,Not at Intersection, ,"Driveway, Alley Access, etc",None,,,         ,Brent,Bauer,Clear,Angle,no,no,no,no,no,False
101711108,METROPOLITAN NASHVILLE POLICE DEPT,20170654596,Davidson,Not in City Limit,7/25/2017 8:02:00 AM,2,1,0,36.283690,-86.692320,MYATT DR,,,,0.00,,,NORTHGATE BUSINESS PKWY,,,,0.00,Y,T-Intersection,N,Intersection,None,,,         ,Thomas,Odom,Clear,Front to Rear,no,no,no,no,no,False
101711109,METROPOLITAN NASHVILLE POLICE DEPT,20170654493,Davidson,Nashville,7/25/2017 7:00:00 AM,2,0,0,36.182790,-86.812370,CLARKSVILLE PKE,,,,3.00,Feet,North,18TH AVN,,,,0.00,N,Not at Intersection,N,Non-Junction,None,,,         ,Nicholas,MacDougall,Clear,"Sideswipe, Same Direction",no,no,no,no,yes,False
101711116,METROPOLITAN NASHVILLE POLICE DEPT,20170654527,Davidson,Nashville,7/25/2017 7:40:00 AM,2,0,0,36.141680,-86.670520,I 40,,,,0.00,,,,,,,215.00,N,Not at Intersection,N,Non-Junction,None,,,         ,MIchael,Mihajlov,Clear,Front to Rear,no,no,no,no,yes,False
101711117,METROPOLITAN NASHVILLE POLICE DEPT,20170654695,Davidson,Belle Meade,7/25/2017 8:44:00 AM,2,0,0,36.123400,-86.849840,HARDING PKE,,,,345.00,Feet,West,ROYAL OAKS CONDOS PVTDR,,,,0.00,N,Not at Intersection, ,,None,,,         ,Curtis,Rich,,,no,no,no,no,no,False
101711133,METROPOLITAN NASHVILLE POLICE DEPT,20170654805,Davidson,Nashville,7/25/2017 9:03:00 AM,2,0,0,36.152570,-86.795670,18TH AVS,,,,186.00,Feet,South,WEST END AV,,,,0.00,N,Not at Intersection, ,"Driveway, Alley Access, etc",None,,,         ,Nathan,Kemp,Clear,Front to Rear,no,no,no,no,no,False
101711139,METROPOLITAN NASHVILLE POLICE DEPT,20170654658,Davidson,Nashville,7/25/2017 8:20:00 AM,2,0,0,36.114820,-86.724730,I 24,,,,0.00,,,,,,,53.30,N,Not at Intersection, ,,None,,,         ,Devon,Morgan,,,no,no,no,no,no,False
101711140,METROPOLITAN NASHVILLE POLICE DEPT,20170654771,Davidson,Nashville,7/25/2017 8:44:00 AM,2,0,0,36.132750,-86.726750,I 24,,,,0.00,,,,,,,52.00,N,Not at Intersection, ,Non-Junction,None,,,         ,Wesley,Young,Clear,Front to Rear,no,no,no,no,no,False
101711141,METROPOLITAN NASHVILLE POLICE DEPT,20170654644,Davidson,Nashville,7/25/2017 8:08:00 AM,2,0,0,36.169850,-86.673540,LEBANON PKE,,,,28.00,Feet,East,SHADY GROVE RD,,,,0.00,N,Not at Intersection, ,Non-Junction,None,,,         ,Jed,Baldoni,Clear,Angle,no,no,no,no,no,False
101711150,METROPOLITAN NASHVILLE POLICE DEPT,20170654541,Davidson,Nashville,7/25/2017 7:46:00 AM,3,1,0,36.168620,-86.686280,LEBANON PKE,,,,1157.00,Feet,West,FAIRWAY DR,,,,0.00,N,Not at Intersection,N,Non-Junction,None,,,         ,Michael,Dance,Clear,Front to Rear,no,no,no,no,no,False
101711161,METROPOLITAN NASHVILLE POLICE DEPT,20170654780,Davidson,Nashville,7/25/2017 8:54:00 AM,2,0,0,36.188410,-86.793700,I 65,,,,0.00,,,,,,,85.50,N,Not at Intersection, ,Non-Junction,None,,,         ,Michael,Parman,Clear,Front to Rear,no,no,no,no,no,False
101711166,METROPOLITAN NASHVILLE POLICE DEPT,2017-0654619,Davidson,Nashville,7/25/2017 8:00:00 AM,2,1,0,36.106330,-86.718660,I 24,,,,0.00,,,,,,,54.00,N,Not at Intersection,N,Non-Junction,None,,,         ,Jonathan,Shepherd,Clear,Front to Rear,no,no,no,no,no,False
101711170,METROPOLITAN NASHVILLE POLICE DEPT,20170654623,Davidson,Nashville,7/25/2017 8:12:00 AM,2,0,0,36.165500,-86.794580,I 40,,,,0.00,,,,,,,208.40,N,Not at Intersection, ,Non-Junction,None,,,         ,Isaac,Wood,Clear,Front to Rear,no,no,no,no,no,False
101711186,METROPOLITAN NASHVILLE POLICE DEPT,20170654692,Davidson,Nashville,7/25/2017 8:12:00 AM,2,0,0,36.126840,-86.710420,THOMPSON PL,,,,203.00,Feet,East,MURFREESBORO PKE,,,,0.00,N,Not at Intersection, ,"Driveway, Alley Access, etc",None,,,         ,Michael,Dance,Clear,Angle,no,no,no,no,no,False
101711187,METROPOLITAN NASHVILLE POLICE DEPT,20170654736,Davidson,Nashville,7/25/2017 8:48:00 AM,2,1,0,36.143960,-86.722570,SPENCE LN,,,,0.00,,,ELM HILL PKE,,,,0.00,Y,Four-Way,Y,Intersection,None,,,         ,Larry,Benz,Clear,Front to Rear,no,no,no,no,no,False
101711190,METROPOLITAN NASHVILLE POLICE DEPT,20170654936,Davidson,Nashville,7/25/2017 9:59:00 AM,2,0,0,36.145570,-86.776980,I 65,,,,0.00,,,,,,,82.20,N,Not at Intersection,N,Non-Junction,None,,,         ,Nathan,Kemp,Clear,Front to Rear,no,no,no,no,no,False
101711192,THP District 6 - Cookeville,617029744,Davidson,Nashville,7/20/2017 4:15:00 PM,2,0,0,36.142960,-86.705940,I 40,,,,0.00,,,,,,,214.45,N,Not at Intersection, ,Non-Junction,None,,,         ,Mark,Dial,Clear,Angle,no,no,no,no,yes,False
101711193,METROPOLITAN NASHVILLE POLICE DEPT,20170654840,Davidson,Nashville,7/25/2017 8:46:00 AM,2,0,0,36.117210,-86.743380,LUTIE ST,,,,0.00,,,FOSTER AV,,,,0.00,Y,OTHER, ,Intersection-Related,None,,,         ,Stephen,Soule,Clear,Angle,no,no,no,no,no,False
101711195,METROPOLITAN NASHVILLE POLICE DEPT,20170654759,Davidson,Nashville,7/25/2017 8:55:00 AM,2,0,0,36.161540,-86.775970,3RD AVS,,,,0.00,,,BROADWAY,,,,0.00,Y,Four-Way, ,Intersection-Related,None,,,         ,Shawn,Taylor,Clear,Angle,no,no,no,no,no,False
101711211,METROPOLITAN NASHVILLE POLICE DEPT,20170654792,Davidson,Nashville,7/25/2017 8:08:00 AM,2,0,0,36.141390,-86.666550,I 40,,,,0.00,,,,,,,218.00,N,Not at Intersection, ,Non-Junction,None,,,         ,Ronald,Bright,Clear,Front to Rear,no,no,no,no,no,False
101711233,METROPOLITAN NASHVILLE POLICE DEPT,20170655047,Davidson,Nashville,7/25/2017 10:30:00 AM,2,0,0,36.172080,-86.592260,CENTRAL PKE,,,,179.00,Feet,West,VALLEY GROVE DR,,,,0.00,N,Not at Intersection, ,Non-Junction,None,,,         ,Michael,Dance,Clear,Front to Rear,no,no,no,no,no,False
101711235,METROPOLITAN NASHVILLE POLICE DEPT,20170655119,Davidson,Nashville,7/25/2017 10:55:00 AM,2,1,0,36.134100,-86.772900,WEDGEWOOD AV,,,,332.00,Feet,East,STEWART PL,,,,0.00,N,Not at Intersection,N,"Driveway, Alley Access, etc",None,,,         ,Nathan,Kemp,Clear,Angle,no,no,no,no,no,False
101711240,METROPOLITAN NASHVILLE POLICE DEPT,20170654509,Davidson,Nashville,7/25/2017 7:31:00 AM,6,1,0,36.124570,-86.737880,I 440,,,,0.00,,,,,,,7.00,N,Not at Intersection,N,Non-Junction,None,,,         ,David,Simmonds,Clear,Front to Rear,no,no,no,no,no,False
101711260,METROPOLITAN NASHVILLE POLICE DEPT,20170655220,Davidson,Nashville,7/25/2017 11:34:00 AM,2,0,0,36.117230,-86.773500,I 65,,,,0.00,,,,,,,80.30,N,Not at Intersection, ,Non-Junction,None,,,         ,Nathan,Kemp,Clear,"Sideswipe, Same Direction",no,no,no,no,no,False
101711261,METROPOLITAN NASHVILLE POLICE DEPT,20170655186,Davidson,Nashville,7/25/2017 11:22:00 AM,1,0,0,36.153890,-86.843270,I 40,,,,0.00,,,,,,,204.75,N,Not at Intersection, ,Non-Junction,None,,,         ,Curtis,Rich,Clear,Not Collision with Motor Vehicle in Transport,no,no,no,no,no,False
101711268,METROPOLITAN NASHVILLE POLICE DEPT,20170654961,Davidson,Nashville,7/25/2017 10:03:00 AM,2,0,0,36.106210,-86.673060,MURFREESBORO PKE,,,,0.00,,,DONELSON PKE,,,,0.00,Y,Four-Way, ,Intersection,None,,,         ,Wesley,Young,Clear,Front to Rear,no,no,no,no,no,False
101711274,METROPOLITAN NASHVILLE POLICE DEPT,2017-0655148,Davidson,Nashville,7/25/2017 10:59:00 AM,2,2,0,36.110240,-86.737610,THOMPSON LN,,,,211.00,Feet,East,ST EDWARDS DR,,,,0.00,N,Not at Intersection,N,Non-Junction,None,,,         ,Jonathan,Shepherd,Clear,"Sideswipe, Opposite Direction",no,no,no,yes,yes,False
101711293,METROPOLITAN NASHVILLE POLICE DEPT,20170655211,Davidson,Nashville,7/25/2017 11:10:00 AM,2,0,0,36.151690,-86.803720,ELLISTON PL,,,,0.00,,,22ND AVN,,,,0.00,Y,T-Intersection, ,,None,,,         ,Citlaly,Juarez,,,no,no,no,no,no,Campus
101711310,METROPOLITAN NASHVILLE POLICE DEPT,20170655240,Davidson,Nashville,7/25/2017 11:26:00 AM,2,0,0,36.194870,-86.776160,I 65,,,,0.00,,,,,,,86.50,N,Not at Intersection,N,Entrance/Exit Ramp Related,None,,,         ,Michael,McCord,Cloudy,"Sideswipe, Same Direction",no,no,no,no,no,False
101711331,METROPOLITAN NASHVILLE POLICE DEPT,20170654545,Davidson,Antioch,7/25/2017 7:40:00 AM,2,0,0,36.050086,-86.649618,BELL RD,RD,US254,,0.00,,,BELL RD,RD,US,,0.00,Y,Four-Way,N,Non-Junction,None,,,         ,Phouthasone,Phantakou,Clear,Front to Rear,no,no,no,no,yes,False
101711335,METROPOLITAN NASHVILLE POLICE DEPT,20170655463,Davidson,Nashville,7/25/2017 12:51:00 PM,2,0,0,36.171250,-86.601660,OLD HICKORY BLVD,,,,179.00,Feet,North,I40 W ENT RAMP,,,,0.00,N,Not at Intersection, ,Non-Junction,None,,,         ,Wesley,Young,Clear,Front to Rear,no,no,no,no,no,False
101711336,METROPOLITAN NASHVILLE POLICE DEPT,20170655294,Davidson,Nashville,7/25/2017 11:30:00 AM,2,0,0,36.160760,-86.793690,CHARLOTTE AV,,,,0.00,,,14TH AVN,,,,0.00,Y,Four-Way, ,Intersection,None,,,         ,Charles,Coe,Cloudy,Angle,no,no,no,no,no,False
101711339,METROPOLITAN NASHVILLE POLICE DEPT,20170655373,Davidson,Nashville,7/25/2017 12:25:00 PM,2,0,0,36.096590,-86.641010,SMITH SPRINGS RD,,,,0.00,,,UNA RECREATION RD,,,,0.00,Y,T-Intersection, ,Intersection,None,,,         ,Michael,Dance,Clear,"Sideswipe, Same Direction",no,no,no,no,no,False
101711366,METROPOLITAN NASHVILLE POLICE DEPT,20170655474,Davidson,Not in City Limit,7/25/2017 1:00:00 PM,2,0,0,36.063620,-86.940880,HARPETH PKWYW,,,,0.00,,,OLD HARDING PKE,,,,0.00,Y,T-Intersection, ,Intersection,None,,,         ,Curtis,Rich,Clear,Front to Rear,no,no,no,no,no,False
101711367,METROPOLITAN NASHVILLE POLICE DEPT,20170655380,Davidson,Nashville,7/25/2017 12:00:00 AM,2,0,0,36.146520,-86.790330,GRAND AV,,,,51.00,Feet,West,15TH AVS,,,,0.00,N,Not at Intersection,N,Non-Junction,None,,,         ,Nathan,Kemp,Clear,Unknown,no,no,no,no,yes,False
101711386,METROPOLITAN NASHVILLE POLICE DEPT,20170655447,Davidson,Nashville,7/25/2017 12:35:00 PM,2,0,0,36.159840,-86.779910,6TH AVS,,,,0.00,,,BROADWAY,,,,0.00,Y,T-Intersection, ,Intersection-Related,None,,,         ,Shawn,Taylor,Clear,"Sideswipe, Same Direction",no,no,no,no,no,False
101711408,METROPOLITAN NASHVILLE POLICE DEPT,20170655564,Davidson,Nashville,7/25/2017 12:25:00 PM,2,0,0,36.198720,-86.770920,DICKERSON PKE,,,,0.00,,,,,,,0.00,,, ,Non-Junction,None,,,         ,Richard,Conger,Clear,"Sideswipe, Opposite Direction",no,no,no,no,yes,False
101711416,METROPOLITAN NASHVILLE POLICE DEPT,20170654757,Davidson,Nashville,7/25/2017 8:37:00 AM,2,0,0,36.052210,-86.644910,BELL RD,,,,0.00,,,EAGLE VIEW BLVD,,,,0.00,Y,T-Intersection,N,Intersection,None,,,         ,William,Waters,Clear,Angle,no,no,no,no,no,False
101711418,METROPOLITAN NASHVILLE POLICE DEPT,20170655614,Davidson,Not in City Limit,7/25/2017 1:43:00 PM,2,0,0,36.260840,-86.738420,I 65,,,,0.00,,,,,,,92.00,N,Not at Intersection, ,Non-Junction,None,,,         ,Thomas,Odom,Clear,"Sideswipe, Same Direction",no,no,no,no,no,False
101711422,METROPOLITAN NASHVILLE POLICE DEPT,20170655645,Davidson,Nashville,7/25/2017 1:55:00 PM,2,0,0,36.155630,-86.828510,I 40,,,,0.00,,,,,,,205.60,N,Not at Intersection, ,,None,,,         ,Chase,Burnett,,,no,no,no,no,no,False
101711426,METROPOLITAN NASHVILLE POLICE DEPT,20170655585,Davidson,Nashville,7/25/2017 1:33:00 PM,1,0,0,36.253780,-86.738960,I 65,,,,0.00,,,,,,,91.50,N,Not at Intersection, ,Non-Junction,None,,,         ,Steven,Snitzer,Cloudy,Not Collision with Motor Vehicle in Transport,no,no,no,no,no,False
101711429,METROPOLITAN NASHVILLE POLICE DEPT,2017-0651705,Davidson,Nashville,7/24/2017 12:22:00 PM,2,0,0,36.138290,-86.820190,WEST END AV,,,,500.00,Feet,South,ORLEANS DR,,,,0.00,N,Not at Intersection, ,Non-Junction,None,,,         ,Allen,Bates,Clear,"Sideswipe, Same Direction",no,no,no,no,no,False
101711437,METROPOLITAN NASHVILLE POLICE DEPT,20170655670,Davidson,Nashville,7/25/2017 2:01:00 PM,2,0,0,36.110340,-86.766890,POWELL AV,,,,236.00,Feet,South,OLD POWELL AV,,,,0.00,N,Not at Intersection, ,Non-Junction,None,,,         ,Randall,Ward,Cloudy,"Sideswipe, Opposite Direction",no,no,no,no,no,False
101711448,METROPOLITAN NASHVILLE POLICE DEPT,20170655750,Davidson,Nashville,7/25/2017 1:45:00 PM,2,0,0,36.025290,-86.742620,EDMONDSON PKE,,,,365.00,Feet,North,BANBURY STA,,,,0.00,N,Not at Intersection, ,Non-Junction,None,,,         ,Tien,Nguyen,Cloudy,Front to Rear,no,no,no,no,no,False
101711455,METROPOLITAN NASHVILLE POLICE DEPT,20170655764,Davidson,Nashville,7/25/2017 2:10:00 PM,2,0,0,36.159410,-86.776160,4TH AVS,,,,172.00,Feet,North,DEMONBREUN ST,,,,0.00,N,Not at Intersection, ,Non-Junction,None,,,         ,Chad,Wilkinson,Clear,Angle,no,no,no,no,no,False
101711467,METROPOLITAN NASHVILLE POLICE DEPT,20170655485,Davidson,Nashville,7/25/2017 1:30:00 PM,2,0,0,36.109610,-86.744510,NOLENSVILLE PKE,,,,60.00,Feet,South,COLLIER AV,,,,0.00,N,Not at Intersection, ,Non-Junction,None,,,         ,Jessie,Meadows,Clear,Angle,no,no,no,no,no,False
101711468,METROPOLITAN NASHVILLE POLICE DEPT,20170655725,Davidson,Nashville,7/25/2017 2:30:00 PM,3,0,0,36.134950,-86.726900,I24E,,,,590.00,Feet,South,I24 W ENT RAMP,,,,0.00,N,Not at Intersection, ,Non-Junction,None,,,         ,Jessie,Meadows,Clear,Front to Rear,no,no,no,no,no,False
101711472,METROPOLITAN NASHVILLE POLICE DEPT,20170655809,Davidson,Nashville,7/25/2017 2:59:00 PM,2,0,0,36.219580,-86.727320,ARDEE AV,,,,37.00,Feet,East,GALLATIN PKE,,,,0.00,N,Not at Intersection, ,Non-Junction,None,,,         ,James,Smith,Clear,Other,no,no,no,no,no,False
101711474,METROPOLITAN NASHVILLE POLICE DEPT,20170655880,Davidson,Nashville,7/25/2017 3:45:00 PM,2,0,0,36.134950,-86.726900,I24E,,,,590.00,Feet,South,I24 W ENT RAMP,,,,0.00,N,Not at Intersection, ,Non-Junction,None,,,         ,Jessie,Meadows,Clear,Front to Rear,no,no,no,no,no,False
101711477,METROPOLITAN NASHVILLE POLICE DEPT,20170655832,Davidson,Nashville,7/25/2017 3:15:00 PM,2,0,0,36.155180,-86.759110,I24 W ENT RAMP,,,,0.00,,,I 40,,,,0.00,Y,Y-Intersection, ,Intersection,None,,,         ,Wesley,Young,Clear,"Sideswipe, Same Direction",no,no,no,no,no,False
101711491,METROPOLITAN NASHVILLE POLICE DEPT,20170655808,Davidson,Nashville,7/25/2017 2:59:00 PM,2,0,0,36.149100,-86.780890,I 40,,,,0.00,,,,,,,209.80,N,Not at Intersection, ,Non-Junction,None,,,         ,Brian,Woodard,Cloudy,Unknown,no,no,no,no,no,False
101711497,METROPOLITAN NASHVILLE POLICE DEPT,20170655916,Davidson,Nashville,7/25/2017 3:51:00 PM,2,0,0,36.158770,-86.782030,8TH AVS,,,,50.00,Feet,South,BROADWAY,,,,0.00,N,Not at Intersection, ,Non-Junction,None,,,         ,Chad,Wilkinson,Cloudy,"Sideswipe, Same Direction",no,no,no,no,no,False
101711502,METROPOLITAN NASHVILLE POLICE DEPT,20170655842,Davidson,Nashville,7/25/2017 3:00:00 PM,1,0,0,36.159680,-86.821490,I440 W EXT RAMP,,,,0.00,Feet,East,I 40,,,,0.00,N,Not at Intersection,N,Non-Junction,None,,,         ,Ethan,Usherwood,Clear,Not Collision with Motor Vehicle in Transport,no,no,no,no,yes,False
101711509,METROPOLITAN NASHVILLE POLICE DEPT,20170656021,Davidson,Nashville,7/25/2017 4:19:00 PM,2,0,0,36.201180,-86.739820,GALLATIN PKE,,,,88.00,Feet,North,BURCHWOOD AV,,,,0.00,N,Not at Intersection, ,Non-Junction,None,,,         ,James,Smith,Clear,Front to Rear,no,no,no,no,no,False
101711511,METROPOLITAN NASHVILLE POLICE DEPT,20170655925,Davidson,Nashville,7/25/2017 12:00:00 AM,2,0,0,36.158870,-86.825850,CLIFTON AV,,,,247.00,Feet,West,33RD AVN,,,,0.00,N,Not at Intersection, ,Non-Junction,None,,,         ,Melvin,Taylor,Rain,Front to Rear,no,no,no,no,no,False
101711522,GOODLETTSVILLE POLICE DEPT,17-25846,Davidson,Goodlettsville,7/25/2017 4:20:00 PM,2,0,0,36.298140,-86.699850,RIVERGATE PKWY,,,,0.00,,,GLEAVES ST,,,,0.00,Y,T-Intersection, ,Intersection-Related,None,,,         ,Timothy,Preston,Cloudy,"Sideswipe, Same Direction",no,no,no,no,no,False