master_record_number,agency,agency_tracking_number,county,city,collision_date,vehicles_involved,number_injured,number_dead,latitude,longitude,roadway_name,roadway_suffix,roadway_number,roadway_local_id,distance_from_reference,miles-feet_indicator,direction_from_reference,intersection_road_name,intersection_road_name_suffix,intersection_road_number,intersection_local_id,mile_marker,intersection_indicator,intersect_type,interchange_related_indicator,relation_to_junction,work_zone_type,construction_maintenance_zone,construction_maintenance_zone_location,fatal_case_number,officer_first_name,officer_last_name,weather_condition(s),manner_of_crash,pedestrian,bicycle,scooter,parking,hitrun,mou
101711524,METROPOLITAN NASHVILLE POLICE DEPT,20170656077,Davidson,Nashville,7/25/2017 4:41:00 PM,2,0,0,36.087070,-86.695920,METROPLEX DR,,,,75.00,Feet,North,S PERIMETER PARK DR,,,,0.00,N,Not at Intersection,N,Non-Junction,None,,,         ,Alyson,Cook,Clear,Angle,no,no,no,no,no,False
101711525,METROPOLITAN NASHVILLE POLICE DEPT,20170656008,Davidson,Nashville,7/25/2017 4:10:00 PM,2,0,0,36.140610,-86.817710,WEST END AV,,,,125.00,Feet,South,ACKLEN PARK DR,,,,0.00,N,Not at Intersection, ,Non-Junction,None,,,         ,Eric,Burford,Cloudy,"Sideswipe, Same Direction",no,no,no,no,no,False
101711532,METROPOLITAN NASHVILLE POLICE DEPT,20170655959,Davidson,Nashville,7/25/2017 4:05:00 PM,2,0,0,36.219170,-86.743820,BEN ALLEN RD,,,,545.00,Feet,South,PICTURE RIDGE TER,,,,0.00,N,Not at Intersection, ,Non-Junction,None,,,         ,Christopher,Valdez,Cloudy,Angle,no,no,no,no,no,False
101711534,METROPOLITAN NASHVILLE POLICE DEPT,20170656064,Davidson,Nashville,7/25/2017 4:25:00 PM,2,0,0,36.166240,-86.855830,56TH AVN,,,,8.00,Feet,South,CENTENNIAL BLVD,,,,0.00,N,Not at Intersection, ,,None,,,         ,Ethan,Usherwood,,,no,no,no,no,no,False
101711539,GOODLETTSVILLE POLICE DEPT,17-25839,Davidson,Goodlettsville,7/25/2017 3:46:00 PM,1,0,0,36.307380,-86.694660,VIETNAM VETERANS BLVDN,,,,0.00,Feet,,CONFERENCE DR,,,,0.00,Y,OTHER, ,Non-Junction,None,,,         ,George,Forbes,Clear,Not Collision with Motor Vehicle in Transport,no,no,no,no,no,False
101711560,METROPOLITAN NASHVILLE POLICE DEPT,20170656078,Davidson,Nashville,7/25/2017 4:10:00 PM,2,0,0,36.183820,-86.748370,EASTLAND AV,,,,0.00,,,GALLATIN AV,,,,0.00,Y,T-Intersection,N,Intersection,None,,,         ,Ryan,Howard,Cloudy,"Sideswipe, Same Direction",no,no,no,no,no,False
101711568,METROPOLITAN NASHVILLE POLICE DEPT,20170656186,Davidson,Nashville,7/25/2017 5:26:00 PM,2,0,0,36.114750,-86.786680,BATTLEFIELD DR,,,,0.00,Feet,East,LEALAND LN,,,,0.00,N,Not at Intersection, ,Non-Junction,None,,,         ,Edin,Plancic,Cloudy,Angle,no,no,no,no,no,False
101711569,METROPOLITAN NASHVILLE POLICE DEPT,20170656125,Davidson,Nashville,7/25/2017 4:50:00 PM,4,2,0,36.101290,-86.801980,SHACKLEFORD RD,,,,37.00,Feet,East,BELMONT BLVD,,,,0.00,N,Not at Intersection,N,Non-Junction,None,,,         ,Hillary,Sherman,Clear,Front to Rear,no,no,no,no,no,False
101711576,METROPOLITAN NASHVILLE POLICE DEPT,20170655995,Davidson,Nashville,7/25/2017 4:10:00 PM,2,1,0,36.183420,-86.773840,DICKERSON PKE,,,,90.00,Feet,North,GRACE ST,,,,0.00,N,Not at Intersection,N,Non-Junction,None,,,         ,Charles,Wakefield,Clear,"Sideswipe, Same Direction",no,no,no,no,no,False
101711577,METROPOLITAN NASHVILLE POLICE DEPT,20170655754,Davidson,Nashville,7/25/2017 12:00:00 AM,2,2,0,36.158640,-86.759950,I 24,,,,0.00,,,,,,,49.55,N,Not at Intersection,N,Non-Junction,None,,,         ,Gordon,Stovall,Clear,Front to Rear,no,no,no,no,no,False
101711584,METROPOLITAN NASHVILLE POLICE DEPT,20170656139,Davidson,Goodlettsville,7/25/2017 4:30:00 PM,2,0,0,36.300240,-86.695860,GALLATIN PKEN,,,,250.00,Feet,East,CUDE LN,,,,0.00,N,Not at Intersection, ,Non-Junction,None,,,         ,Samuel,Miller,Cloudy,Angle,no,no,no,no,no,False
101711586,METROPOLITAN NASHVILLE POLICE DEPT,20170656208,Davidson,Nashville,7/25/2017 5:35:00 PM,2,1,0,36.145380,-86.765680,3RD AVS,,,,0.00,,,CHESTNUT ST,,,,0.00,Y,Four-Way,Y,Intersection,None,,,         ,Andrew,Swint,Clear,Angle,no,no,no,no,no,False
101711613,METROPOLITAN NASHVILLE POLICE DEPT,20170656214,Davidson,Nashville,7/25/2017 12:00:00 AM,1,1,0,36.217560,-86.845580,KINGS LN,,,,217.00,Feet,East,PHIPPS DR,,,,0.00,N,Not at Intersection,N,Non-Junction,None,,,         ,Melvin,Taylor,Clear,Not Collision with Motor Vehicle in Transport,no,no,no,no,no,False
101711641,METROPOLITAN NASHVILLE POLICE DEPT,20170656360,Davidson,Nashville,7/25/2017 6:28:00 PM,2,0,0,36.087940,-86.691060,HARDING PL,,,,387.00,Feet,East,ANTIOCH PKE,,,,0.00,N,Not at Intersection,N,Non-Junction,None,,,         ,Alyson,Cook,Clear,Front to Rear,no,no,no,no,yes,False
101711648,METROPOLITAN NASHVILLE POLICE DEPT,20170656276,Davidson,Nashville,7/25/2017 5:53:00 PM,2,1,0,36.169400,-86.579990,I 40,,,,0.00,,,,,,,222.00,N,Not at Intersection,N,Non-Junction,None,,,         ,Jaby,Djabbarov,Rain,Angle,no,no,no,no,no,False
101711652,METROPOLITAN NASHVILLE POLICE DEPT,20170655807,Davidson,Nashville,7/25/2017 3:02:00 PM,4,1,0,36.127950,-86.815750,I 440,,,,0.00,,,,,,,2.15,N,Not at Intersection,N,Non-Junction,None,,,         ,Walter,Gray II,Cloudy,Front to Rear,no,no,no,no,no,False
101711653,METROPOLITAN NASHVILLE POLICE DEPT,20170656135,Davidson,Nashville,7/25/2017 3:48:00 PM,2,0,0,36.146740,-86.837000,IDAHO AV,,,,76.00,Feet,West,42ND AVN,,,,0.00,N,Not at Intersection, ,Non-Junction,None,,,         ,Walter,Gray II,Cloudy,Other,no,no,no,no,no,False
101711655,GOODLETTSVILLE POLICE DEPT,17-25763,Davidson,Goodlettsville,7/25/2017 3:20:00 AM,2,0,0,36.324980,-86.702042,LONG HOLLOW,PIKE,,,50.00,Feet,West,CONFERENCE,DR,,,0.00,N,Not at Intersection,N,Non-Junction,None,,,         ,Shane,Farrell,Clear,Angle,no,no,no,no,no,False
101711656,METROPOLITAN NASHVILLE POLICE DEPT,20170656396,Davidson,Nashville,7/25/2017 5:08:00 PM,2,0,0,36.134690,-86.775460,I 65,,,,0.00,,,,,,,81.40,N,Not at Intersection,N,Non-Junction,None,,,         ,Jacob,Paul,Clear,Front to Rear,no,no,no,no,no,False
101711660,METROPOLITAN NASHVILLE POLICE DEPT,20170656469,Davidson,Nashville,7/25/2017 5:56:00 PM,2,0,0,36.081550,-86.726940,NOLENSVILLE PKE,,,,397.00,Feet,South,WELSHWOOD DR,,,,0.00,N,Not at Intersection, ,Non-Junction,None,,,         ,Edin,Plancic,Clear,Front to Rear,no,no,no,no,no,False
101711663,METROPOLITAN NASHVILLE POLICE DEPT,20170656397,Davidson,Nashville,7/25/2017 6:39:00 PM,2,2,0,36.231250,-86.724930,HAYSBORO AV,,,,0.00,,,GALLATIN PKE,,,,0.00,Y,T-Intersection,N,Intersection,None,,,         ,Christopher,Valdez,Cloudy,Angle,no,no,no,no,no,False
101711685,METROPOLITAN NASHVILLE POLICE DEPT,20170656177,Davidson,Nashville,7/25/2017 5:24:00 PM,2,2,0,36.111250,-86.767200,POWELL AV,,,,113.00,Feet,North,OLD POWELL AV,,,,0.00,N,Not at Intersection,N,OtherLocation,None,,,         ,Tien,Nguyen,Clear,Angle,no,no,no,yes,yes,False
101711691,METROPOLITAN NASHVILLE POLICE DEPT,20170656445,Davidson,Nashville,7/25/2017 4:10:00 PM,2,0,0,36.148740,-86.782000,I 40,,,,0.00,,,,,,,209.70,N,Not at Intersection,N,Non-Junction,None,,,         ,William,Taylor,Clear,Front to Rear,no,no,no,no,yes,False
101711693,METROPOLITAN NASHVILLE POLICE DEPT,20170655978,Davidson,Nashville,7/25/2017 4:05:00 PM,2,0,0,36.143010,-86.776820,I 65,,,,0.00,,,,,,,82.00,N,Not at Intersection,N,Non-Junction,None,,,         ,Jacob,Paul,Cloudy,"Sideswipe, Same Direction",no,no,no,no,yes,False
101711694,METROPOLITAN NASHVILLE POLICE DEPT,20170656481,Davidson,Nashville,7/25/2017 7:15:00 PM,2,0,0,36.157110,-86.774670,4TH AVS,,,,0.00,,,KOREAN VETERANS BLVD,,,,0.00,Y,Four-Way, ,Intersection,None,,,         ,Deandera,Payne,Clear,Rear to Side,no,no,no,no,no,False
101711710,Nashville Airport Police,17-02536,Davidson,Nashville,7/25/2017 3:01:00 PM,2,0,0,36.113940,-86.678120,HANGAR LN,,,,186.00,Feet,North,TN AIR NATIONAL GUARD PVTDR,,,,0.00,N,Not at Intersection, ,Non-Junction,None,,,         ,John,Herd,Clear,Not Collision with Motor Vehicle in Transport,no,no,no,yes,no,False
101711717,METROPOLITAN NASHVILLE POLICE DEPT,20170656196,Davidson,Nashville,7/25/2017 5:01:00 PM,2,0,0,36.153070,-86.848610,ALABAMA AV,,,,0.00,,,51ST AVN,,,,0.00,Y,OTHER, ,Intersection,None,,,         ,Walter,Gray II,Cloudy,Angle,no,no,no,no,no,False
101711733,METROPOLITAN NASHVILLE POLICE DEPT,20170656555,Davidson,Nashville,7/25/2017 5:52:00 PM,2,0,0,36.221480,-86.693490,BRILEY PKWYN,,,,345.00,Feet,North,BRILEY PKWY N ENT RAMP,,,,0.00,N,Not at Intersection, ,Non-Junction,None,,,         ,Jaby,Djabbarov,Clear,Front to Rear,no,no,no,no,no,False
101711744,METROPOLITAN NASHVILLE POLICE DEPT,20170656463,Davidson,Nashville,7/25/2017 5:24:00 PM,2,0,0,36.111280,-86.767200,POWELL AV,,,,124.00,Feet,North,OLD POWELL AV,,,,0.00,N,Not at Intersection,N,OtherLocation,None,,,         ,Tien,Nguyen,Clear,Front to Rear,no,no,no,yes,no,False
101711756,BERRY HILL POLICE DEPT,17-2493,Davidson,Berry Hill,7/25/2017 8:36:00 PM,2,0,0,36.120450,-86.764460,MELROSE AV,,,,202.00,Feet,West,FOUR FORTY CENTER PVTDR,,,,0.00,N,Not at Intersection, ,Non-Junction,None,,,         ,John,Gleixner,Clear,Front to Rear,no,no,no,no,yes,False
101711781,METROPOLITAN NASHVILLE POLICE DEPT,20170656716,Davidson,Antioch,7/25/2017 8:28:00 PM,2,0,0,36.044360,-86.608120,MURFREESBORO PKE,,,,434.00,Feet,South,MOUNTAIN SPRINGS RD,,,,0.00,N,Not at Intersection, ,Non-Junction,None,,,         ,Alyson,Cook,Clear,Front to Rear,no,no,no,no,no,False
101711806,METROPOLITAN NASHVILLE POLICE DEPT,20170656252,Davidson,Nashville,7/25/2017 5:30:00 PM,2,0,0,36.169160,-86.796930,I 40,,,,0.00,,,,,,,207.90,N,Not at Intersection,N,Non-Junction,None,,,         ,Charles,Holmes,Clear,Front to Rear,no,no,no,no,no,False
101711809,METROPOLITAN NASHVILLE POLICE DEPT,20170645373,Davidson,Nashville,7/21/2017 10:00:00 PM,1,0,1,36.082210,-86.727130,NOLENSVILLE PKE,,,,200.00,Feet,South,WELSHWOOD DR,,,,0.00,N,Not at Intersection,N,Non-Junction,None,,,17-0537  ,Nathan,Dungan,Clear,Not Collision with Motor Vehicle in Transport,yes,no,no,no,no,False
101711819,METROPOLITAN NASHVILLE POLICE DEPT,20170656907,Davidson,Nashville,7/25/2017 9:30:00 PM,2,0,0,36.151620,-86.770730,LAFAYETTE ST,,,,165.00,Feet,East,4TH AVS,,,,0.00,N,Not at Intersection, ,,None,,,         ,Pedro,Rivera Chaparro,,,no,no,no,no,no,False
101711848,METROPOLITAN NASHVILLE POLICE DEPT,20170656310,Davidson,Nashville,7/25/2017 6:13:00 PM,2,3,0,36.198320,-86.837930,CLARKSVILLE PKE,,,,226.00,Feet,North,COURTNEY AV,,,,0.00,N,Not at Intersection,N,Non-Junction,None,,,         ,Timothy,Morgan,Cloudy,HeadOn,no,no,no,no,no,False
101711867,METROPOLITAN NASHVILLE POLICE DEPT,20170657055,Davidson,Nashville,7/25/2017 10:00:00 PM,3,0,0,36.197010,-86.742060,GALLATIN AV,,,,0.00,,,CAROLYN AV,,,,0.00,Y,Four-Way,N,Intersection,None,,,         ,Darci,Stechman,Clear,Front to Rear,no,no,no,no,yes,False
101711887,METROPOLITAN NASHVILLE POLICE DEPT,20170657090,Davidson,Nashville,7/25/2017 10:59:00 PM,1,1,0,36.282340,-86.731380,I 65,,,,0.00,,,,,,,93.55,N,Not at Intersection,N,Non-Junction,None,,,         ,Zachariah,Bush,Clear,Not Collision with Motor Vehicle in Transport,no,no,no,no,no,False
101711890,METROPOLITAN NASHVILLE POLICE DEPT,20170657276,Davidson,Nashville,7/25/2017 10:04:00 PM,2,0,0,36.050730,-86.646910,BELL RD,,,,0.00,,,BELL FORGE LNE,,,,0.00,Y,Four-Way, ,Intersection-Related,None,,,         ,Daniel,Garrett,Clear,Front to Rear,no,no,no,no,no,False
101711912,METROPOLITAN NASHVILLE POLICE DEPT,20170657048,Davidson,Nashville,7/25/2017 10:48:00 PM,1,1,0,36.045030,-86.697660,BELL RD,,,,1067.00,Feet,West,BENZING RD,,,,0.00,N,Not at Intersection,N,OtherLocation,None,,,         ,Anthony,Cucci,Clear,Not Collision with Motor Vehicle in Transport,yes,no,no,no,no,False
101711918,METROPOLITAN NASHVILLE POLICE DEPT,20170657107,Davidson,Nashville,7/25/2017 11:13:00 PM,2,0,0,36.163630,-86.776310,2ND AVN,,,,157.00,Feet,North,COMMERCE ST,,,,0.00,N,Not at Intersection, ,Non-Junction,None,,,         ,Darrien,Spann,Clear,Front to Rear,no,no,no,no,no,False
101711928,METROPOLITAN NASHVILLE POLICE DEPT,20170657266,Davidson,Nashville,7/26/2017 12:10:00 AM,2,0,0,36.236610,-86.749000,WALTON LN,,,,298.00,Feet,West,SLATE DR,,,,0.00,N,Not at Intersection,N,Non-Junction,None,,,         ,Terrance,McBride,Clear,"Sideswipe, Opposite Direction",no,no,no,yes,yes,False
101711934,METROPOLITAN NASHVILLE POLICE DEPT,20170656995,Davidson,Nashville,7/25/2017 10:15:00 PM,3,0,0,36.243210,-86.773320,RAINWOOD DR,,,,0.00,Feet,,MOOREWOOD DR,,,,0.00,Y,Four-Way,N,Intersection,None,,,         ,Cheri,Cox,Clear,Angle,no,no,no,no,no,False
101711961,METROPOLITAN NASHVILLE POLICE DEPT,20170657696,Davidson,Antioch,7/26/2017 3:00:00 AM,2,0,0,36.013230,-86.620950,I24 E EXT RAMP,,,,0.00,,,I 24,,,,0.00,Y,Four-Way,Y,Entrance/Exit Ramp Related,None,,,         ,David,Moser,Clear,Front to Rear,no,no,no,no,yes,False
101711981,METROPOLITAN NASHVILLE POLICE DEPT,20170657994,Davidson,Not in City Limit,7/26/2017 5:50:00 AM,2,2,0,35.996870,-86.689890,NOLENSVILLE PKE,,,,0.00,,,CONCORD RD,,,,0.00,Y,Four-Way,N,Intersection,None,,,         ,Ralph,Smith IV,Clear,Angle,no,no,no,no,no,False
101712001,METROPOLITAN NASHVILLE POLICE DEPT,20170658092,Davidson,Nashville,7/26/2017 6:55:00 AM,1,0,0,36.142680,-86.825650,NEBRASKA AV,,,,46.00,Feet,West,ACKLEN PARK DR,,,,0.00,N,Not at Intersection, ,Non-Junction,None,,,         ,Curtis,Rich,Cloudy,Not Collision with Motor Vehicle in Transport,no,no,no,no,yes,False
101712008,METROPOLITAN NASHVILLE POLICE DEPT,20170658130,Davidson,Antioch,7/26/2017 7:03:00 AM,2,0,0,36.058560,-86.597750,HAMILTON CHURCH RD,,,,0.00,,,HOBSON PKE,,,,0.00,Y,Four-Way, ,Intersection-Related,None,,,         ,Robert,Erickson,Clear,Front to Rear,no,no,no,no,no,False
101712022,METROPOLITAN NASHVILLE POLICE DEPT,20170658044,Davidson,Nashville,7/26/2017 6:15:00 AM,3,0,0,36.030440,-86.638230,I 24,,,,0.00,,,,,,,61.00,N,Not at Intersection,N,Non-Junction,None,,,         ,David,Moser,Clear,Angle,no,no,no,no,no,False
101712031,METROPOLITAN NASHVILLE POLICE DEPT,20170658271,Davidson,Nashville,7/26/2017 8:02:00 AM,2,0,0,36.198780,-86.867750,BRILEY PKWYS,,,,2340.00,Feet,North,BRILEY PKWYN,,,,0.00,N,Not at Intersection,N,Non-Junction,None,,,         ,Michael,Parman,Clear,Front to Rear,no,no,no,no,no,False
101712046,METROPOLITAN NASHVILLE POLICE DEPT,20170658329,Davidson,Nashville,7/26/2017 7:40:00 AM,2,0,0,36.121660,-86.756380,I 440,,,,0.00,,,,,,,6.00,N,Not at Intersection, ,Non-Junction,None,,,         ,Brent,Bauer,Clear,Front to Rear,no,no,no,no,no,False
101712050,METROPOLITAN NASHVILLE POLICE DEPT,20170658368,Davidson,Nashville,7/26/2017 8:11:00 AM,2,0,0,36.176580,-86.770320,SPRING ST,,,,0.00,,,DICKERSON PKE,,,,0.00,Y,Y-Intersection,N,Intersection,None,,,         ,Ryan,Kozlowski,Clear,Front to Rear,no,no,no,no,yes,False
101712055,VANDERBILT UNIVERSITY POLICE,17-0658300,Davidson,Nashville,7/26/2017 8:00:00 AM,2,0,0,36.138850,-86.801490,CHILDRENS WAY,,,,0.00,,,,,,,0.00,,,N,Non-Junction,None,,,         ,Karl,Haury,Clear,Front to Rear,no,no,no,yes,no,Campus
101712062,METROPOLITAN NASHVILLE POLICE DEPT,20170658428,Davidson,Nashville,7/26/2017 8:52:00 AM,2,0,0,36.144170,-86.697920,I 40,,,,0.00,,,,,,,214.85,N,Not at Intersection,N,Non-Junction,None,,,         ,Wesley,Young,Clear,Front to Rear,no,no,no,no,no,False
101712063,METROPOLITAN NASHVILLE POLICE DEPT,20170658374,Davidson,Nashville,7/26/2017 8:30:00 AM,1,0,0,36.204190,-86.870160,BRILEY PKWYS,,,,661.00,Feet,South,BRILEY PKWYN,,,,0.00,N,Not at Intersection,N,Non-Junction,None,,,         ,Jeanine,Sarno,Clear,Not Collision with Motor Vehicle in Transport,no,no,no,no,no,False
101712064,METROPOLITAN NASHVILLE POLICE DEPT,20170658401,Davidson,Nashville,7/26/2017 8:45:00 AM,2,0,0,36.131880,-86.895530,CHARLOTTE PKE,,,,0.00,,,I40 E ENT RAMP,,,,0.00,Y,T-Intersection, ,,None,,,         ,Curtis,Rich,,,no,no,no,no,no,False
101712078,METROPOLITAN NASHVILLE POLICE DEPT,20170658233,Davidson,Nashville,7/26/2017 7:24:00 AM,2,0,0,36.156270,-86.760680,I40 W ENT RAMP,,,,0.00,,,I 24,,,,0.00,Y,OTHER, ,Entrance/Exit Ramp Related,None,,,         ,Frank,Campbell,Clear,Front to Rear,no,no,no,no,no,False
101712079,METROPOLITAN NASHVILLE POLICE DEPT,20170658349,Davidson,Nashville,7/26/2017 8:29:00 AM,1,0,0,36.172390,-86.768790,I24 W EXT RAMP,,,,0.00,,,I 24,,,,0.00,Y,OTHER,Y,Entrance/Exit Ramp Related,None,,,         ,Michael,Thompson,Clear,Not Collision with Motor Vehicle in Transport,no,no,no,no,no,False
101712081,METROPOLITAN NASHVILLE POLICE DEPT,20170658447,Davidson,Nashville,7/26/2017 8:11:00 AM,2,0,0,36.095250,-86.762720,I 65,,,,0.00,,,,,,,78.70,N,Not at Intersection,N,Non-Junction,None,,,         ,Brent,Bauer,Clear,Front to Rear,no,no,no,no,no,False
101712086,METROPOLITAN NASHVILLE POLICE DEPT,20170658403,Davidson,Nashville,7/26/2017 8:42:00 AM,2,0,0,36.047150,-86.776410,I 65,,,,0.00,,,,,,,75.30,N,Not at Intersection, ,Non-Junction,None,,,         ,Kevin,Crawford,Clear,Front to Rear,no,no,no,no,no,False
101712089,METROPOLITAN NASHVILLE POLICE DEPT,20170658354,Davidson,Nashville,7/26/2017 7:45:00 AM,2,0,0,36.118500,-86.800910,I 440,,,,0.00,,,,,,,3.15,N,Not at Intersection, ,Non-Junction,None,,,         ,Charles,Griffin,Clear,Angle,no,no,no,no,no,False
101712092,METROPOLITAN NASHVILLE POLICE DEPT,2017-0658098,Davidson,Nashville,7/26/2017 6:49:00 AM,3,2,0,36.143560,-86.822350,I 440,,,,0.00,,,,,,,1.00,N,Not at Intersection,N,Non-Junction,None,,,         ,Jonathan,Seidl,Clear,HeadOn,no,no,no,no,no,False
101712094,METROPOLITAN NASHVILLE POLICE DEPT,20170658266,Davidson,Nashville,7/26/2017 8:00:00 AM,2,1,0,36.037400,-86.786570,FRANKLIN PKE,,,,0.00,,,OLD HICKORY BLVD,,,,0.00,Y,Four-Way,N,Intersection,None,,,         ,Sean,Pulizzano,Clear,Front to Rear,no,no,no,no,no,False
101712100,METROPOLITAN NASHVILLE POLICE DEPT,20170658479,Davidson,Nashville,7/26/2017 9:23:00 AM,2,0,0,36.186680,-86.764480,CLEVELAND ST,,,,0.00,,,LISCHEY AV,,,,0.00,Y,Four-Way,N,Intersection,None,,,         ,Richard,Conger,Clear,Other,no,no,no,no,no,False
101712110,METROPOLITAN NASHVILLE POLICE DEPT,20170658641,Davidson,Nashville,7/26/2017 7:38:00 AM,2,0,0,36.133950,-86.819340,I 440,,,,0.00,,,,,,,1.70,N,Not at Intersection,N,Non-Junction,None,,,         ,Randall,Ward,Clear,Front to Rear,no,no,no,no,yes,False
101712115,METROPOLITAN NASHVILLE POLICE DEPT,20170658500,Davidson,Nashville,7/26/2017 9:00:00 AM,1,1,0,36.156180,-86.782010,9TH AVS,,,,66.00,Feet,South,DEMONBREUN ST,,,,0.00,N,Not at Intersection,N,"Driveway, Alley Access, etc",None,,,         ,Amery,Milligan,Clear,Not Collision with Motor Vehicle in Transport,yes,no,no,yes,no,False
101712127,METROPOLITAN NASHVILLE POLICE DEPT,20170658733,Davidson,Nashville,7/26/2017 11:09:00 AM,2,0,0,36.151840,-86.878560,HENRY FORD DR,,,,620.00,Feet,North,AMERICAN RD,,,,0.00,N,Not at Intersection, ,Non-Junction,None,,,         ,Curtis,Rich,Cloudy,Angle,no,no,no,no,no,False
101712128,GOODLETTSVILLE POLICE DEPT,17-25918,Davidson,Goodlettsville,7/26/2017 5:50:00 AM,1,0,0,36.306890,-86.705250,VIETNAM VETERANS BLVD,,SR386,BYPASS,1000.00,Feet,North,,,II-65 N,,0.01,N,Not at Intersection,Y,Non-Junction,None,,,         ,John,Spencer,Clear,Not Collision with Motor Vehicle in Transport,no,no,no,no,no,False
101712129,METROPOLITAN NASHVILLE POLICE DEPT,20170658212,Davidson,Nashville,7/26/2017 7:26:00 AM,2,0,0,36.086860,-86.695950,HARDING PL,,,,0.00,,,METROPLEX DR,,,,0.00,Y,Four-Way,N,Intersection,None,,,         ,David,Simmonds,Clear,"Sideswipe, Opposite Direction",no,no,no,no,no,False
101712131,METROPOLITAN NASHVILLE POLICE DEPT,20170658531,Davidson,Nashville,7/26/2017 9:11:00 AM,2,0,0,36.009474,-86.701647,NOLENSVILLE,PIKE,US41A,,0.00,,,BLUFF,RD,US,,0.00,Y,T-Intersection,N,Non-Junction,None,,,         ,Phouthasone,Phantakou,Clear,Angle,no,no,no,no,no,False
101712136,METROPOLITAN NASHVILLE POLICE DEPT,20170658590,Davidson,Nashville,7/26/2017 10:09:00 AM,1,0,0,36.117180,-86.660010,COUCHVILLE PKE,,,,156.00,Feet,South,MCCRORY CREEK RD,,,,0.00,N,Not at Intersection,N,Non-Junction,None,,,         ,James,Curtis,Clear,Not Collision with Motor Vehicle in Transport,no,no,no,no,yes,False
101712142,METROPOLITAN NASHVILLE POLICE DEPT,20170658770,Davidson,Not in City Limit,7/26/2017 11:20:00 AM,2,0,0,36.043390,-86.959450,HIGHWAY 100,,,,223.00,Feet,West,COLLINS RD,,,,0.00,N,Not at Intersection, ,,None,,,         ,Wesley,Tilley,,,no,no,no,no,no,False
101712143,METROPOLITAN NASHVILLE POLICE DEPT,20170658563,Davidson,Nashville,7/26/2017 9:56:00 AM,2,0,0,36.160850,-86.760590,I 24,,,,0.00,,,,,,,49.40,N,Not at Intersection,N,Non-Junction,None,,,         ,Frank,Campbell,Clear,"Sideswipe, Same Direction",no,no,no,no,yes,False
101712167,METROPOLITAN NASHVILLE POLICE DEPT,20170658818,Davidson,Nashville,7/26/2017 11:10:00 AM,2,0,0,36.150310,-86.797250,BROADWAY,,,,0.00,,,LYLE AV,,,,0.00,Y,Four-Way, ,Intersection-Related,None,,,         ,Randall,Ward,Clear,Angle,no,no,no,no,no,False
101712178,METROPOLITAN NASHVILLE POLICE DEPT,20170658805,Davidson,Nashville,7/26/2017 11:45:00 AM,2,1,0,36.142800,-86.744360,MURFREESBORO PKE,,,,0.00,,,FESSLERS LN,,,,0.00,Y,Four-Way,N,Intersection,None,,,         ,Todd,Watson,Clear,Angle,no,no,no,no,no,False
101712184,METROPOLITAN NASHVILLE POLICE DEPT,20170658677,Davidson,Nashville,7/26/2017 9:08:00 AM,2,0,0,36.153560,-86.787930,I 40,,,,0.00,,,,,,,209.30,N,Not at Intersection,N,Non-Junction,None,,,         ,Sean,Pulizzano,Clear,Angle,no,no,no,no,no,False
101712187,METROPOLITAN NASHVILLE POLICE DEPT,20170658720,Davidson,Nashville,7/26/2017 10:58:00 AM,1,0,0,36.237470,-86.692060,CAIN HARBOR DR,,,,334.00,Feet,West,LONGFELLOW DR,,,,0.00,N,Not at Intersection,N,Non-Junction,None,,,         ,Michael,Dance,Clear,Not Collision with Motor Vehicle in Transport,no,no,no,no,no,False
101712190,METROPOLITAN NASHVILLE POLICE DEPT,20170659017,Davidson,Nashville,7/26/2017 1:00:00 PM,2,0,0,36.148630,-86.865980,CHARLOTTE PKE,,,,243.00,Feet,West,LELLYETT ST,,,,0.00,N,Not at Intersection, ,Non-Junction,None,,,         ,Curtis,Rich,Cloudy,Front to Rear,no,no,no,no,no,False
101712191,METROPOLITAN NASHVILLE POLICE DEPT,20170658726,Davidson,Nashville,7/26/2017 10:51:00 AM,2,1,0,36.040870,-86.771030,SEVEN SPRINGS WAY PVTDR,,,,103.00,Feet,North,OLD HICKORY BLVD,,,,0.00,N,Not at Intersection,N,Unknown,None,,,         ,Charles,Griffin,Clear,Angle,no,no,no,yes,no,False
101712221,METROPOLITAN NASHVILLE POLICE DEPT,20170658896,Davidson,Nashville,7/26/2017 12:10:00 PM,2,0,0,36.151710,-86.797480,19TH AVS,,,,0.00,,,,,,,0.00,,,N,Non-Junction,None,,,         ,Randall,Ward,Clear,Rear to Rear,no,no,no,yes,yes,False
101712226,METROPOLITAN NASHVILLE POLICE DEPT,20170658841,Davidson,Nashville,7/26/2017 11:45:00 AM,1,0,0,36.217140,-86.722760,ARDEE AV,,,,336.00,Feet,East,WILLIAMS TER,,,,0.00,N,Not at Intersection, ,Non-Junction,None,,,         ,Richard,Conger,Clear,Not Collision with Motor Vehicle in Transport,no,no,no,no,yes,False
101712227,METROPOLITAN NASHVILLE POLICE DEPT,20170658953,Davidson,Not in City Limit,7/26/2017 12:46:00 PM,1,0,0,36.279430,-86.691000,MYATT DR,,,,208.00,Feet,South,MYATT INDUSTRIAL DR,,,,0.00,N,Not at Intersection,N,Non-Junction,None,,,         ,Thomas,Odom,Clear,Not Collision with Motor Vehicle in Transport,no,no,no,no,no,False