master_record_number,agency,agency_tracking_number,county,city,collision_date,vehicles_involved,number_injured,number_dead,latitude,longitude,roadway_name,roadway_suffix,roadway_number,roadway_local_id,distance_from_reference,miles-feet_indicator,direction_from_reference,intersection_road_name,intersection_road_name_suffix,intersection_road_number,intersection_local_id,mile_marker,intersection_indicator,intersect_type,interchange_related_indicator,relation_to_junction,work_zone_type,construction_maintenance_zone,construction_maintenance_zone_location,fatal_case_number,officer_first_name,officer_last_name,weather_condition(s),manner_of_crash,pedestrian,bicycle,scooter,parking,hitrun,mou
101714686,METROPOLITAN NASHVILLE POLICE DEPT,20170668209,Davidson,Nashville,7/29/2017 12:15:00 AM,2,0,0,36.141580,-86.801350,MEDICAL CENTER DR,,,,300.00,Feet,North,DIXIE PL,,,,0.00,N,Not at Intersection, ,Non-Junction,None,,,         ,Stephen,Waterman,Clear,Front to Rear,no,no,no,yes,no,Campus
101714699,METROPOLITAN NASHVILLE POLICE DEPT,20170668396,Davidson,Nashville,7/29/2017 1:29:00 AM,2,0,0,36.150150,-86.857950,CHARLOTTE PKE,,,,0.00,Feet,,WHITE BRIDGE PKE,,,,0.00,Y,Four-Way,N,Intersection-Related,None,,,         ,Ian,Ward,Clear,Front to Rear,no,no,no,no,no,False
101714709,METROPOLITAN NASHVILLE POLICE DEPT,20170668298,Davidson,Nashville,7/29/2017 12:10:00 AM,1,0,0,36.041900,-86.703380,CEDARMONT DR,,,,77.00,Feet,South,CEDARVIEW DR,,,,0.00,N,Not at Intersection, ,Non-Junction,None,,,         ,Autumn,Manning,Clear,Not Collision with Motor Vehicle in Transport,no,no,no,yes,no,False
101714710,METROPOLITAN NASHVILLE POLICE DEPT,20170668494,Davidson,Nashville,7/29/2017 2:10:00 AM,2,1,0,36.045600,-86.658470,I24 W EXT RAMP,,,,0.00,,,I 24,,,,0.00,Y,Four-Way,N,Entrance/Exit Ramp Related,None,,,         ,Autumn,Manning,Clear,Angle,no,no,no,no,no,False
101714712,GOODLETTSVILLE POLICE DEPT,17-26320,Davidson,Goodlettsville,7/29/2017 12:03:00 AM,2,0,0,36.329355,-86.697527,CALDWELL,DR,,,0.00,,,LONG HOLLOW,PIKE,,,0.00,Y,Four-Way, ,Intersection-Related,None,,,         ,Shane,Farrell,Clear,Front to Rear,no,no,no,no,no,False
101714722,METROPOLITAN NASHVILLE POLICE DEPT,20170668515,Davidson,Nashville,7/29/2017 2:20:00 AM,2,1,0,36.170400,-86.768450,INTERSTATE DR,,,,0.00,,,WOODLAND ST,,,,0.00,Y,Four-Way,N,Intersection,None,,,         ,Damon,Hutcheson,Cloudy,Angle,no,no,no,no,no,False
101714726,METROPOLITAN NASHVILLE POLICE DEPT,20170668601,Davidson,Nashville,7/29/2017 3:15:00 AM,1,0,0,36.131610,-86.700310,MASSMAN DR,,,,284.00,Feet,South,MASSMAN MANOR DR,,,,0.00,N,Not at Intersection,N,Non-Junction,None,,,         ,Bridget,Griepentrog,Clear,Not Collision with Motor Vehicle in Transport,no,no,no,no,no,False
101714734,METROPOLITAN NASHVILLE POLICE DEPT,20170668769,Davidson,Nashville,7/29/2017 4:32:00 AM,1,0,0,36.084920,-86.703440,TRAVELERS INN DR,,,,0.00,,,HARDING PL,,,,0.00,Y,T-Intersection,N,Intersection,None,,,         ,Christopher,Holden,Clear,Not Collision with Motor Vehicle in Transport,no,no,no,no,yes,False
101714735,METROPOLITAN NASHVILLE POLICE DEPT,20170668497,Davidson,Nashville,7/29/2017 2:16:00 AM,2,1,0,36.173470,-86.689260,BRILEY PKWYN,,,,432.00,Feet,North,BRILEY PKWYS,,,,0.00,N,Not at Intersection,N,Non-Junction,None,,,         ,Curtis,Fisher,Clear,"Sideswipe, Same Direction",no,no,no,no,no,False
101714739,METROPOLITAN NASHVILLE POLICE DEPT,20170668773,Davidson,Nashville,7/29/2017 5:06:00 AM,1,0,0,36.084510,-86.727990,NOLENSVILLE PKE,,,,131.00,Feet,South,PARAGON MILLS RD,,,,0.00,N,Not at Intersection,N,Non-Junction,None,,,         ,Zachary,Goodall,Clear,Not Collision with Motor Vehicle in Transport,no,no,no,no,no,False
101714747,METROPOLITAN NASHVILLE POLICE DEPT,20170668798,Davidson,Nashville,7/29/2017 12:00:00 AM,1,0,0,36.152860,-86.721650,SPENCE LN,,,,311.00,Feet,South,LEBANON PKE,,,,0.00,N,Not at Intersection,N,Non-Junction,None,,,         ,Austin,Childress,Clear,Not Collision with Motor Vehicle in Transport,no,no,no,no,no,False
101714783,METROPOLITAN NASHVILLE POLICE DEPT,20170668944,Davidson,Nashville,7/29/2017 6:19:00 AM,1,0,0,36.145770,-86.686080,CENTURY BLVD,,,,759.00,Feet,North,MCGAVOCK PKE,,,,0.00,N,Not at Intersection, ,Non-Junction,None,,,         ,Ralph,Harvey,Clear,Not Collision with Motor Vehicle in Transport,no,no,no,no,no,False
101714823,METROPOLITAN NASHVILLE POLICE DEPT,20170669006,Davidson,Nashville,7/29/2017 7:40:00 AM,2,0,0,36.139510,-86.700310,KAREN DR,,,,0.00,,,BRILEY PKWY,,,,0.00,Y,Four-Way,N,Intersection,None,,,         ,Scott,Toney,Clear,Front to Rear,no,no,no,no,no,False
101714855,METROPOLITAN NASHVILLE POLICE DEPT,20170669151,Davidson,Nashville,7/29/2017 8:58:00 AM,2,0,0,36.151010,-86.783810,DIVISION ST,,,,156.00,Feet,East,12TH AVS,,,,0.00,N,Not at Intersection, ,Non-Junction,None,,,         ,Seth,Quiles,Clear,"Sideswipe, Same Direction",no,no,no,no,no,False
101714886,METROPOLITAN NASHVILLE POLICE DEPT,20170669087,Davidson,Not in City Limit,7/29/2017 8:24:00 AM,2,0,0,36.263180,-86.713090,OLD HICKORY BLVDW,,,,0.00,,,OLD TIME VILLAGE PVTDR,,,,0.00,Y,OTHER, ,Non-Junction,None,,,         ,DuJuan,Kendrick,Clear,Front to Rear,no,no,no,no,no,False
101714939,METROPOLITAN NASHVILLE POLICE DEPT,20170669451,Davidson,Not in City Limit,7/29/2017 11:20:00 AM,2,0,0,36.076720,-86.944650,HIGHWAY 70S,,,,180.00,Feet,East,SAWYER BROWN RD,,,,0.00,N,Not at Intersection, ,Non-Junction,None,,,         ,Wesley,Tilley,Clear,Front to Rear,no,no,no,no,no,False
101714940,METROPOLITAN NASHVILLE POLICE DEPT,20170669405,Davidson,Nashville,7/29/2017 11:10:00 AM,2,0,0,36.194310,-86.776180,I 24,,,,0.00,,,,,,,46.60,N,Not at Intersection, ,Non-Junction,None,,,         ,Michael,Parman,Clear,"Sideswipe, Same Direction",no,no,no,no,no,False
101714941,METROPOLITAN NASHVILLE POLICE DEPT,20170669403,Davidson,Nashville,7/29/2017 11:10:00 AM,2,0,0,36.116050,-86.810580,HILLSBORO PKE,,,,0.00,,,HAMPTON AV,,,,0.00,Y,T-Intersection,N,Intersection,None,,,         ,Nathan,Smith,Clear,Front to Rear,no,no,no,no,yes,False
101714942,METROPOLITAN NASHVILLE POLICE DEPT,20170669339,Davidson,Nashville,7/29/2017 10:40:00 AM,2,0,0,36.044810,-86.662220,BELL RD,,,,206.00,Feet,West,CANE RIDGE RD,,,,0.00,N,Not at Intersection, ,,None,,,         ,Jason,Dudley,,,no,no,no,no,no,False
101714964,METROPOLITAN NASHVILLE POLICE DEPT,20170669360,Davidson,Nashville,7/29/2017 10:52:00 AM,2,0,0,36.165260,-86.613680,I 40,,,,0.00,,,,,,,220.10,N,Not at Intersection, ,Non-Junction,None,,,         ,Michael,Brooks,Clear,"Sideswipe, Same Direction",no,no,no,no,no,False
101714976,METROPOLITAN NASHVILLE POLICE DEPT,20170669494,Davidson,Nashville,7/29/2017 12:00:00 PM,2,1,0,36.088320,-86.791000,BATTERY LN,,,,0.00,,,LEALAND LN,,,,0.00,Y,Four-Way,N,Intersection,None,,,         ,Ian,Hammond,Clear,Front to Rear,no,no,no,no,no,False
101714984,METROPOLITAN NASHVILLE POLICE DEPT,20170669490,Davidson,Nashville,7/29/2017 12:00:00 PM,2,0,0,36.161650,-86.783920,ROSA L PARKS AV,,,,0.00,,,ROSA L PARKS BLVD,,,,0.00,Y,Four-Way, ,Intersection,None,,,         ,Daniel,Russett,Clear,Front to Rear,no,no,no,no,no,False
101714986,METROPOLITAN NASHVILLE POLICE DEPT,20170669479,Davidson,Nashville,7/29/2017 11:55:00 AM,2,0,0,36.178090,-86.751630,S 10TH ST,,,,0.00,,,N 10TH ST,,,,0.00,Y,Four-Way, ,Non-Junction,None,,,         ,Gregory,Cenicola,Clear,Front to Rear,no,no,no,no,no,False
101715001,METROPOLITAN NASHVILLE POLICE DEPT,20170669349,Davidson,Joelton,7/29/2017 10:45:00 AM,2,0,0,36.386220,-86.897570,WHITES CREEK PKE,,,,0.00,,,WHITES CREEK PKE PVTDR,,,,0.00,Y,OTHER,N,Non-Junction,None,,,         ,Jeanine,Sarno,Clear,Front to Rear,no,no,no,no,no,False
101715017,METROPOLITAN NASHVILLE POLICE DEPT,20170669543,Davidson,Nashville,7/29/2017 12:00:00 PM,2,0,0,36.220490,-86.774120,I 65,,,,0.00,,,,,,,88.30,N,Not at Intersection, ,Non-Junction,None,,,         ,Nicholas,MacDougall,Clear,"Sideswipe, Same Direction",no,no,no,no,no,False
101715039,METROPOLITAN NASHVILLE POLICE DEPT,20170669555,Davidson,Nashville,7/29/2017 12:30:00 PM,2,0,0,36.132000,-86.895220,CHARLOTTE PKE,,,,100.00,Feet,East,I40 E ENT RAMP,,,,0.00,N,Not at Intersection, ,Non-Junction,None,,,         ,Christopher,Royer,Clear,Front to Rear,no,no,no,no,no,False
101715040,METROPOLITAN NASHVILLE POLICE DEPT,20170669474,Davidson,Not in City Limit,7/29/2017 11:47:00 AM,2,0,0,36.273290,-86.735770,I 65,,,,0.00,,,,,,,92.85,N,Not at Intersection,N,Non-Junction,None,,,         ,Brandon,Wood,Clear,Angle,no,no,no,no,no,False
101715047,METROPOLITAN NASHVILLE POLICE DEPT,20170669407,Davidson,Nashville,7/29/2017 11:10:00 AM,2,0,0,36.125300,-86.752340,NOLENSVILLE PKE,,,,119.00,Feet,North,ROSEDALE AV,,,,0.00,N,Not at Intersection,N,"Driveway, Alley Access, etc",None,,,         ,David,Simmonds,Clear,Angle,no,no,no,yes,yes,False
101715066,METROPOLITAN NASHVILLE POLICE DEPT,20170669010,Davidson,Nashville,7/29/2017 7:47:00 AM,3,2,0,36.086870,-86.730230,NOLENSVILLE PKE,,,,0.00,,,ELYSIAN FIELDS CT,,,,0.00,Y,Four-Way,N,Intersection,None,,,         ,Darrell,Osment,Clear,Front to Rear,no,no,no,no,no,False
101715070,METROPOLITAN NASHVILLE POLICE DEPT,20170669632,Davidson,Nashville,7/29/2017 1:52:00 PM,2,0,0,36.196660,-86.742250,CAHAL AV,,,,0.00,Feet,,GALLATIN AV,,,,0.00,Y,Four-Way, ,Intersection,None,,,         ,Anthony,Rizo,Clear,Angle,no,no,no,no,yes,False
101715086,GOODLETTSVILLE POLICE DEPT,17-26384,Davidson,Goodlettsville,7/29/2017 12:38:00 PM,2,1,0,36.294620,-86.705240,GLEAVES ST,,,,50.00,Feet,North,ALTA LOMA RD,,,,0.00,N,Not at Intersection,N,Non-Junction,None,,,         ,David,Read,Clear,Front to Rear,no,no,no,no,no,False
101715088,METROPOLITAN NASHVILLE POLICE DEPT,20170669677,Davidson,Nashville,7/29/2017 1:26:00 PM,2,0,0,36.084240,-86.705630,HARDING PL,,,,81.00,Feet,East,LINBAR DR,,,,0.00,N,Not at Intersection,N,Non-Junction,None,,,         ,Sara,Lober,Clear,Front to Rear,no,no,no,no,no,False
101715103,METROPOLITAN NASHVILLE POLICE DEPT,20170669691,Davidson,Nashville,7/29/2017 2:19:00 PM,2,0,0,36.182360,-86.755980,MANSFIELD ST,,,,0.00,,,HART AV,,,,0.00,Y,Four-Way, ,Intersection,None,,,         ,Benjamin,Williams,Clear,Angle,no,no,no,no,no,False
101715104,METROPOLITAN NASHVILLE POLICE DEPT,20170669738,Davidson,Nashville,7/29/2017 3:00:00 PM,1,1,0,36.118210,-86.774620,I440 E ENT RAMP,,,,0.00,,,I440 ENT RAMP,,,,0.00,Y,Y-Intersection,Y,Non-Junction,None,,,         ,William,Taylor,Clear,Not Collision with Motor Vehicle in Transport,no,no,no,no,no,False
101715105,METROPOLITAN NASHVILLE POLICE DEPT,20170669683,Davidson,Not in City Limit,7/29/2017 2:36:00 PM,2,0,0,36.260820,-86.712690,GALLATIN PKES,,,,157.00,Feet,South,MAPLE ST,,,,0.00,N,Not at Intersection, ,Non-Junction,None,,,         ,Cecilia,Gomez,Clear,Angle,no,no,no,no,no,False
101715112,METROPOLITAN NASHVILLE POLICE DEPT,20170669531,Davidson,Nashville,7/29/2017 12:25:00 PM,2,0,0,36.202290,-86.689260,BRILEY PKWYS,,,,587.00,Feet,South,BRILEY PKWYN,,,,0.00,N,Not at Intersection,N,Non-Junction,None,,,         ,Jed,Baldoni,Clear,Front to Rear,no,no,no,no,no,False
101715113,GOODLETTSVILLE POLICE DEPT,17-26390,Davidson,Goodlettsville,7/29/2017 2:15:00 PM,2,0,0,36.306840,-86.694360,VIETNAM VETERANS BLVD NB ENT R,,,,0.00,,,CONFERENCE DR,,,,0.00,Y,T-Intersection, ,Intersection-Related,None,,,         ,George,Forbes,Clear,Front to Rear,no,no,no,no,no,False
101715125,METROPOLITAN NASHVILLE POLICE DEPT,20170669393,Davidson,Nashville,7/29/2017 11:11:00 AM,2,1,0,36.213850,-86.692000,BRILEY PKWYS,,,,21.00,Feet,West,BRILEY PKWY S ENT RAMP,,,,0.00,N,Not at Intersection,N,Non-Junction,None,,,         ,Ralph,Harvey,Clear,Front to Rear,no,no,no,no,yes,False
101715141,METROPOLITAN NASHVILLE POLICE DEPT,20170669813,Davidson,Nashville,7/29/2017 3:25:00 PM,2,0,0,36.153880,-86.784240,11TH AVS,,,,88.00,Feet,South,LAUREL ST,,,,0.00,N,Not at Intersection, ,Non-Junction,None,,,         ,David,Snowden,Clear,"Sideswipe, Same Direction",no,no,no,no,no,False
101715150,METROPOLITAN NASHVILLE POLICE DEPT,20170669835,Davidson,Nashville,7/29/2017 3:20:00 PM,2,0,0,36.126540,-86.727810,I 24,,,,0.00,,,,,,,51.40,N,Not at Intersection,N,Non-Junction,None,,,         ,Andrew,Mullen,Clear,Front to Rear,no,no,no,no,no,False
101715152,METROPOLITAN NASHVILLE POLICE DEPT,20170669747,Davidson,Nashville,7/29/2017 2:30:00 PM,2,0,0,36.161550,-86.760420,I 24,,,,0.00,,,,,,,49.40,N,Not at Intersection,N,Non-Junction,None,,,         ,Ryan,Howard,Clear,"Sideswipe, Same Direction",no,no,no,no,yes,False
101715155,METROPOLITAN NASHVILLE POLICE DEPT,20170669853,Davidson,Nashville,7/29/2017 4:12:00 PM,2,0,0,36.123120,-86.772950,I 65,,,,0.00,,,,,,,80.60,N,Not at Intersection, ,,None,,,         ,William,Taylor,,,no,no,no,no,no,False
101715160,METROPOLITAN NASHVILLE POLICE DEPT,20170669863,Davidson,Nashville,7/29/2017 4:18:00 PM,2,0,0,36.136350,-86.726690,I40 E ENT RAMP,,,,0.00,Feet,East,I 24,,,,0.00,N,Not at Intersection, ,Non-Junction,None,,,         ,William,McDaniel,Clear,"Sideswipe, Same Direction",no,no,no,no,no,False
101715169,METROPOLITAN NASHVILLE POLICE DEPT,20170669796,Davidson,Goodlettsville,7/29/2017 2:30:00 PM,2,0,0,36.299820,-86.696640,CUDE LN,,,,19.00,Feet,North,GALLATIN PKEN,,,,0.00,N,Not at Intersection,N,Non-Junction,None,,,         ,Marvis,Malone,Clear,Angle,no,no,no,no,no,False
101715170,METROPOLITAN NASHVILLE POLICE DEPT,20170669897,Davidson,Nashville,7/29/2017 5:00:00 PM,2,0,0,36.231660,-86.700610,BRILEY PKWYS,,,,0.00,,,BRILEY PKWYE,,,,0.00,Y,OTHER, ,Non-Junction,None,,,         ,Patrick,Taylor,Clear,Front to Rear,no,no,no,no,no,False
101715176,METROPOLITAN NASHVILLE POLICE DEPT,2017-0669854,Davidson,Nashville,7/29/2017 3:10:00 PM,1,0,0,36.227820,-86.697640,MUSIC VALLEY DR,,,,0.81,Miles,North,BRILEY PKWYS,,,,0.00,N,Not at Intersection,N,Non-Junction,None,,,         ,Sandra,Talavera,Clear,Not Collision with Motor Vehicle in Transport,no,no,no,no,no,False
101715177,METROPOLITAN NASHVILLE POLICE DEPT,20170669976,Davidson,Nashville,7/29/2017 5:00:00 PM,2,0,0,36.173400,-86.770060,I 24,,,,0.00,,,,,,,48.20,N,Not at Intersection, ,Non-Junction,None,,,         ,Jessie,Meadows,Clear,"Sideswipe, Same Direction",no,no,no,no,no,False
101715188,METROPOLITAN NASHVILLE POLICE DEPT,20170669875,Davidson,Not in City Limit,7/29/2017 12:22:00 PM,2,0,0,36.283600,-86.701930,AURORA AV,,,,660.00,Feet,East,DINWIDDIE DR,,,,0.00,N,Not at Intersection,N,Non-Junction,None,,,         ,Christopher,Littles,Clear,Front to Rear,no,no,no,no,no,False
101715189,METROPOLITAN NASHVILLE POLICE DEPT,20170669939,Davidson,Nashville,7/29/2017 4:45:00 PM,2,0,0,36.141310,-86.731950,I 40,,,,0.00,,,,,,,213.00,N,Not at Intersection, ,Non-Junction,None,,,         ,Brent,Hedgcoth,Clear,"Sideswipe, Same Direction",no,no,no,no,no,False
101715207,METROPOLITAN NASHVILLE POLICE DEPT,20170669876,Davidson,Nashville,7/29/2017 4:20:00 PM,2,1,0,36.243890,-86.756580,SKYLINE MEMORIAL CT,,,,0.00,,,DICKERSON PKE,,,,0.00,Y,Four-Way,N,Intersection-Related,None,,,         ,Johnathon,Birdwell,Clear,Front to Rear,no,no,no,no,no,False
101715208,METROPOLITAN NASHVILLE POLICE DEPT,20170669978,Davidson,Nashville,7/29/2017 4:42:00 PM,2,0,0,36.204680,-86.724640,MCGAVOCK PKE,,,,88.00,Feet,West,RIVERSIDE DR,,,,0.00,N,Not at Intersection, ,Non-Junction,None,,,         ,James,Smith,Clear,Other,no,no,no,yes,no,False
101715211,METROPOLITAN NASHVILLE POLICE DEPT,20170670031,Davidson,Nashville,7/29/2017 5:40:00 PM,2,0,0,36.226000,-86.729550,BURRUS ST,,,,80.00,Feet,North,CALVERT ST,,,,0.00,N,Not at Intersection, ,Non-Junction,None,,,         ,Michael,Moss,Clear,Front to Rear,no,no,no,no,no,False
101715219,METROPOLITAN NASHVILLE POLICE DEPT,20170669836,Davidson,Nashville,7/29/2017 3:26:00 PM,2,0,0,36.068290,-86.719210,NOLENSVILLE PKE,,,,44.00,Feet,North,HAYWOOD LN,,,,0.00,N,Not at Intersection, ,Non-Junction,None,,,         ,David,Robberson,Clear,Angle,no,no,no,no,no,False
101715230,METROPOLITAN NASHVILLE POLICE DEPT,20170669995,Davidson,Nashville,7/29/2017 1:15:00 PM,2,0,0,36.083360,-86.727460,NOLENSVILLE PKE,,,,13.00,Feet,South,WELCH RD,,,,0.00,N,Not at Intersection, ,Non-Junction,None,,,         ,Je-Marc,Sears,Clear,Angle,no,no,no,no,no,False
101715231,METROPOLITAN NASHVILLE POLICE DEPT,20170670028,Davidson,Nashville,7/29/2017 5:38:00 PM,2,0,0,36.192710,-86.744370,DOUGLAS AV,,,,0.00,,,GALLATIN AV,,,,0.00,Y,Four-Way,Y,Intersection,None,,,         ,Benjamin,Williams,Clear,Angle,no,no,no,no,no,False
101715252,METROPOLITAN NASHVILLE POLICE DEPT,20170670152,Davidson,Nashville,7/29/2017 6:46:00 PM,2,0,0,36.160680,-86.774380,2ND AVS,,,,67.00,Feet,South,SHELBY ST PEDESTRIAN BRIDGE GR,,,,0.00,N,Not at Intersection, ,,None,,,         ,Chad,Wilkinson,,,no,no,no,no,no,False
101715254,METROPOLITAN NASHVILLE POLICE DEPT,20170670075,Davidson,Nashville,7/29/2017 1:30:00 AM,1,0,0,36.174560,-86.611860,THISTLE LN,,,,53.00,Feet,North,CENTRAL PKE,,,,0.00,N,Not at Intersection,N,Non-Junction,None,,,         ,Kyle,Burks,Clear,Not Collision with Motor Vehicle in Transport,no,no,no,yes,yes,False
101715261,METROPOLITAN NASHVILLE POLICE DEPT,20170670151,Davidson,Nashville,7/29/2017 6:45:00 PM,3,0,0,36.135990,-86.726920,I24E,,,,287.00,Feet,South,I40 E ENT RAMP,,,,0.00,N,Not at Intersection,N,Non-Junction,None,,,         ,Andrew,Swint,Clear,Front to Rear,no,no,no,no,no,False
101715264,METROPOLITAN NASHVILLE POLICE DEPT,20170670148,Davidson,Nashville,7/29/2017 5:30:00 PM,1,0,0,36.158940,-86.820790,CLIFTON AV,,,,292.00,Feet,West,29TH AVN,,,,0.00,N,Not at Intersection,N,Non-Junction,None,,,         ,Clayton,Lewis,Clear,Not Collision with Motor Vehicle in Transport,no,no,no,no,yes,False
101715275,Nashville Airport Police,2017-02610,Davidson,Nashville,7/29/2017 5:27:00 PM,2,0,0,36.133410,-86.665080,BNA DR,,,,0.00,,,TERMINAL DR,,,,0.00,Y,OTHER, ,Non-Junction,None,,,         ,Daniel,Winter,Clear,"Sideswipe, Same Direction",no,no,no,no,no,False
101715276,METROPOLITAN NASHVILLE POLICE DEPT,20170670158,Davidson,Nashville,7/29/2017 6:48:00 PM,2,1,0,36.169670,-86.805830,JEFFERSON ST,,,,244.00,Feet,East,DR D B TODD JR BLVD,,,,0.00,N,Not at Intersection,N,Non-Junction,None,,,         ,Kevin,Reynolds,Clear,Front to Rear,no,no,no,no,no,False
101715277,METROPOLITAN NASHVILLE POLICE DEPT,20170670005,Davidson,Nashville,7/29/2017 5:25:00 PM,1,1,0,36.232780,-86.758710,DICKERSON PKE,,,,133.00,Feet,South,MAPLEWOOD TRC,,,,0.00,N,Not at Intersection,N,Non-Junction,None,,,         ,Alexander,Georgeson,Clear,Not Collision with Motor Vehicle in Transport,yes,no,no,no,no,False
101715278,METROPOLITAN NASHVILLE POLICE DEPT,20170670118,Davidson,Nashville,7/29/2017 6:25:00 PM,2,1,0,36.184780,-86.637590,LEBANON PKE,,,,372.00,Feet,West,JACKSON DOWNS BLVD,,,,0.00,N,Not at Intersection,N,Non-Junction,None,,,         ,John,Kelley,Clear,Front to Rear,no,no,no,no,no,False
101715279,METROPOLITAN NASHVILLE POLICE DEPT,20170670234,Davidson,Nashville,7/29/2017 7:08:00 PM,2,0,0,36.168720,-86.777800,GAY ST,,,,375.00,Feet,South,1ST AVN,,,,0.00,N,Not at Intersection, ,Non-Junction,None,,,         ,David,Snowden,Clear,"Sideswipe, Same Direction",no,no,no,no,yes,False
101715282,METROPOLITAN NASHVILLE POLICE DEPT,20170670206,Davidson,Goodlettsville,7/29/2017 12:00:00 AM,2,0,0,36.300770,-86.694820,SHEPHERD HILLS DR,,,,0.00,,,GALLATIN PKEN,,,,0.00,Y,Four-Way, ,Intersection,None,,,         ,Cecilia,Gomez,Clear,Front to Rear,no,no,no,no,yes,False
101715284,METROPOLITAN NASHVILLE POLICE DEPT,20170670126,Davidson,Nashville,7/29/2017 6:30:00 PM,1,0,0,36.077850,-86.765890,I 65,,,,0.00,,,,,,,77.50,N,Not at Intersection,N,Non-Junction,None,,,         ,Trenton,Searcy,Clear,Not Collision with Motor Vehicle in Transport,no,no,no,no,no,False
101715287,METROPOLITAN NASHVILLE POLICE DEPT,20170670137,Davidson,Nashville,7/29/2017 6:37:00 PM,2,3,0,36.155040,-86.797520,18TH AVN,,,,0.00,,,CHURCH ST,,,,0.00,Y,Four-Way,N,Intersection,None,,,         ,Ryan,Cagle,Clear,Angle,no,no,no,no,no,False
101715293,METROPOLITAN NASHVILLE POLICE DEPT,20170670326,Davidson,Nashville,7/29/2017 12:00:00 AM,2,0,0,36.153090,-86.765210,I 40,,,,0.00,,,,,,,210.70,N,Not at Intersection, ,,None,,,         ,Craig,Gentry,,,no,no,no,no,no,False
101715315,METROPOLITAN NASHVILLE POLICE DEPT,20170669730,Davidson,Nashville,7/29/2017 2:50:00 PM,2,0,0,36.143500,-86.794410,EDGEHILL AV,,,,0.00,,,17TH AVS,,,,0.00,Y,Four-Way,N,Intersection,None,,,         ,Nicholas,Carroll,Clear,"Sideswipe, Same Direction",no,no,no,no,no,Campus
101715338,METROPOLITAN NASHVILLE POLICE DEPT,20170670194,Davidson,Nashville,7/29/2017 6:40:00 PM,2,0,0,36.081640,-86.726960,NOLENSVILLE PKE,,,,363.00,Feet,South,WELSHWOOD DR,,,,0.00,N,Not at Intersection,N,Non-Junction,None,,,         ,William,McDaniel,Clear,Front to Rear,no,no,no,no,yes,False
101715341,METROPOLITAN NASHVILLE POLICE DEPT,20170670178,Davidson,Nashville,7/29/2017 7:00:00 PM,2,1,0,36.076840,-86.766810,I 65,,,,0.00,,,,,,,77.45,N,Not at Intersection,N,Non-Junction,None,,,         ,David,Robberson,Clear,Front to Rear,no,no,no,no,no,False
101715355,METROPOLITAN NASHVILLE POLICE DEPT,1D7HA16D63J6635,Davidson,Nashville,7/29/2017 7:14:00 PM,1,0,0,36.154280,-86.744340,LEBANON PKE,,,,310.00,Feet,West,FESSLERS LN,,,,0.00,N,Not at Intersection,N,Non-Junction,None,,,         ,Brent,Hedgcoth,Clear,Not Collision with Motor Vehicle in Transport,no,no,no,no,no,False
101715370,METROPOLITAN NASHVILLE POLICE DEPT,20170670147,Davidson,Nashville,7/29/2017 6:40:00 PM,3,1,0,36.044000,-86.656500,I 24,,,,0.00,,,,,,,59.55,N,Not at Intersection,N,Non-Junction,None,,,         ,Brandon,Vance,Clear,Front to Rear,no,no,no,no,no,False
101715395,METROPOLITAN NASHVILLE POLICE DEPT,2017-0670171,Davidson,Nashville,7/29/2017 12:00:00 AM,1,0,0,36.209850,-86.609640,LEBANON PKE,,,,938.00,Feet,North,HIGHLAND VIEW DR,,,,0.00,N,Not at Intersection,N,Non-Junction,None,,,         ,Sandra,Talavera,Cloudy,Not Collision with Motor Vehicle in Transport,no,no,no,no,yes,False
101715400,METROPOLITAN NASHVILLE POLICE DEPT,20170670275,Davidson,Nashville,7/29/2017 5:30:00 PM,2,0,0,36.082780,-86.730330,WELSHWOOD DR,,,,588.00,Feet,East,CORNING DR,,,,0.00,N,Not at Intersection, ,Non-Junction,None,,,         ,Trenton,Searcy,Clear,Rear to Rear,no,no,no,yes,yes,False
101715407,METROPOLITAN NASHVILLE POLICE DEPT,20170670072,Davidson,Nashville,7/29/2017 5:30:00 PM,2,0,0,36.110850,-86.743850,THOMPSON LN,,,,264.00,Feet,West,NOLENSVILLE PKE,,,,0.00,N,Not at Intersection,N,Non-Junction,None,,,         ,Aimee,Ortiz,Clear,"Sideswipe, Same Direction",no,no,no,no,no,False
101715409,METROPOLITAN NASHVILLE POLICE DEPT,20170670444,Davidson,Nashville,7/29/2017 9:06:00 PM,2,0,0,36.085560,-86.763170,I 65,,,,0.00,,,,,,,78.05,N,Not at Intersection, ,Non-Junction,Work Zone,,,         ,Jacob,Paul,Clear,"Sideswipe, Same Direction",no,no,no,no,yes,False
101715412,METROPOLITAN NASHVILLE POLICE DEPT,20170670419,Davidson,Nashville,7/29/2017 7:27:00 PM,2,0,0,36.151810,-86.790540,DIVISION ST,,,,282.00,Feet,East,MUSIC CIRE,,,,0.00,N,Not at Intersection, ,Non-Junction,None,,,         ,Ryan,Cagle,Clear,Front to Rear,no,no,no,no,no,False
101715415,METROPOLITAN NASHVILLE POLICE DEPT,20170670263,Davidson,Nashville,7/29/2017 7:45:00 PM,2,0,0,36.165970,-86.763300,I24 W ENT RAMP,,,,0.00,,,I 24,,,,0.00,Y,OTHER,N,Entrance/Exit Ramp Related,None,,,         ,Phillip,Box,Clear,Front to Rear,no,no,no,no,no,False