master_record_number,agency,agency_tracking_number,county,city,collision_date,vehicles_involved,number_injured,number_dead,latitude,longitude,roadway_name,roadway_suffix,roadway_number,roadway_local_id,distance_from_reference,miles-feet_indicator,direction_from_reference,intersection_road_name,intersection_road_name_suffix,intersection_road_number,intersection_local_id,mile_marker,intersection_indicator,intersect_type,interchange_related_indicator,relation_to_junction,work_zone_type,construction_maintenance_zone,construction_maintenance_zone_location,fatal_case_number,officer_first_name,officer_last_name,weather_condition(s),manner_of_crash,pedestrian,bicycle,scooter,parking,hitrun,mou
101715416,METROPOLITAN NASHVILLE POLICE DEPT,20170670471,Davidson,Not in City Limit,7/29/2017 9:23:00 PM,1,1,0,36.263130,-86.712600,OLD HICKORY BLVDW,,,,0.00,,,OLD TIME VILLAGE PVTDR,,,,0.00,Y,T-Intersection,N,Intersection-Related,None,,,         ,Christopher,Littles,Clear,Not Collision with Motor Vehicle in Transport,yes,no,no,no,yes,False
101715429,METROPOLITAN NASHVILLE POLICE DEPT,20170670497,Davidson,Nashville,7/29/2017 9:35:00 PM,2,0,0,36.084160,-86.705890,LINBAR DR,,,,0.00,Feet,,HARDING PL,,,,0.00,Y,Four-Way,N,Intersection,None,,,         ,Nakia,Reid,Clear,"Sideswipe, Opposite Direction",no,no,no,no,yes,False
101715447,METROPOLITAN NASHVILLE POLICE DEPT,20170670392,Davidson,Nashville,7/29/2017 6:30:00 PM,2,0,0,36.079600,-86.726320,NOLENSVILLE PKE,,,,0.00,Feet,,HARDING PL,,,,0.00,Y,Four-Way, ,Intersection-Related,None,,,         ,Aimee,Ortiz,Clear,Front to Rear,no,no,no,no,no,False
101715452,METROPOLITAN NASHVILLE POLICE DEPT,20170670602,Davidson,Nashville,7/29/2017 10:37:00 PM,2,0,0,36.152230,-86.770210,3RD AVS,,,,119.00,Feet,North,LINDSLEY AV,,,,0.00,N,Not at Intersection,N,Unknown,None,,,         ,Ryan,Caulfield,Cloudy,Not Collision with Motor Vehicle in Transport,no,no,no,no,yes,False
101715467,METROPOLITAN NASHVILLE POLICE DEPT,20170670043,Davidson,Not in City Limit,7/29/2017 5:35:00 PM,1,0,0,36.086090,-86.935110,HICKS RD,,,,373.00,Feet,East,POST RIDGE APTS PVTDR,,,,0.00,N,Not at Intersection,N,Non-Junction,None,,,         ,Regina,Lewis,Clear,Not Collision with Motor Vehicle in Transport,no,no,no,no,no,False
101715468,METROPOLITAN NASHVILLE POLICE DEPT,20170670633,Davidson,Nashville,7/29/2017 9:24:00 PM,2,0,0,36.103390,-86.766610,I65 S EXT RAMP,,,,0.00,,,I 65,,,,0.00,Y,OTHER,N,Entrance/Exit Ramp Related,None,,,         ,Nicholas,Smith,Clear,Front to Rear,no,no,no,no,yes,False
101715469,METROPOLITAN NASHVILLE POLICE DEPT,20170669717,Davidson,Nashville,7/29/2017 2:55:00 PM,2,0,0,36.068770,-86.719790,NOLENSVILLE PKE,,,,510.00,Feet,East,TAYLOR RD,,,,0.00,N,Not at Intersection, ,Non-Junction,None,,,         ,Darryl,Williams,Cloudy,Angle,no,no,no,no,no,False
101715477,METROPOLITAN NASHVILLE POLICE DEPT,20170670614,Davidson,Nashville,7/29/2017 9:46:00 PM,3,0,0,36.044960,-86.665050,BELL RD,,,,518.00,Feet,North,CEDAR POINTE PKWY,,,,0.00,N,Not at Intersection,N,Non-Junction,None,,,         ,Je-Marc,Sears,Clear,"Sideswipe, Same Direction",no,no,no,no,yes,False
101715484,METROPOLITAN NASHVILLE POLICE DEPT,20170670603,Davidson,Nashville,7/29/2017 10:34:00 PM,2,0,0,36.092870,-86.762720,I 65,,,,0.00,,,,,,,78.55,N,Not at Intersection, ,Non-Junction,Construction Zone,,,         ,Ralph,Smith IV,Clear,Angle,no,no,no,no,no,False
101715490,METROPOLITAN NASHVILLE POLICE DEPT,20170670023,Davidson,Nashville,7/29/2017 4:45:00 PM,2,0,0,36.047460,-86.713510,NOLENSVILLE PKE,,,,835.00,Feet,North,OLD HICKORY BLVD,,,,0.00,N,Not at Intersection, ,Non-Junction,None,,,         ,Darryl,Williams,Clear,Front to Rear,no,no,no,no,yes,False
101715518,METROPOLITAN NASHVILLE POLICE DEPT,20170670795,Davidson,Nashville,7/30/2017 12:05:00 AM,1,0,0,36.087550,-86.771860,FRANKLIN PKE,,,,186.00,Feet,South,S CURTISWOOD LN,,,,0.00,N,Not at Intersection,N,Non-Junction,None,,,         ,Nicholas,Smith,Clear,Not Collision with Motor Vehicle in Transport,no,no,no,no,no,False
101715525,METROPOLITAN NASHVILLE POLICE DEPT,20170670432,Davidson,Not in City Limit,7/29/2017 8:42:00 PM,1,0,0,35.997610,-86.685740,PETTUS RD,,,,1003.00,Feet,North,NOLENSVILLE RD,,,,0.00,N,Not at Intersection, ,Non-Junction,None,,,         ,Darryl,Williams,Clear,Not Collision with Motor Vehicle in Transport,no,no,no,no,no,False
101715526,METROPOLITAN NASHVILLE POLICE DEPT,20170670652,Davidson,Nashville,7/29/2017 11:00:00 PM,4,2,0,36.044470,-86.650970,HICKORY HOLLOW PKWY,,,,0.00,,,CROSSINGS BLVD,,,,0.00,Y,T-Intersection,N,Intersection,None,,,         ,Autumn,Manning,Clear,Angle,no,no,no,no,no,False
101715557,METROPOLITAN NASHVILLE POLICE DEPT,20170670946,Davidson,Not in City Limit,7/30/2017 12:09:00 AM,2,0,0,36.272880,-86.796290,I 24,,,,0.00,,,,,,,40.90,N,Not at Intersection, ,,None,,,         ,Joshua,Green,,,no,no,no,no,no,False
101715566,METROPOLITAN NASHVILLE POLICE DEPT,20170670862,Davidson,Nashville,7/30/2017 12:00:00 AM,2,0,0,36.172140,-86.809390,KNOWLES ST,,,,223.00,Feet,East,21ST AVN,,,,0.00,N,Not at Intersection,N,Non-Junction,None,,,         ,John,Tyree,Clear,"Sideswipe, Same Direction",no,no,no,no,yes,False
101715569,METROPOLITAN NASHVILLE POLICE DEPT,20170670734,Davidson,Nashville,7/29/2017 11:40:00 PM,2,0,0,36.158440,-86.773930,3RD AVS,,,,139.00,Feet,South,MOLLOY ST,,,,0.00,N,Not at Intersection, ,,None,,,         ,Katelin,Ehrhardt,,,no,no,no,no,no,False
101715570,METROPOLITAN NASHVILLE POLICE DEPT,20170670906,Davidson,Nashville,7/30/2017 1:02:00 AM,2,1,0,36.211600,-86.732600,GALLATIN PKE,,,,0.00,,,HART LN,,,,0.00,Y,T-Intersection,Y,Intersection,None,,,         ,Samuel,Kersten,Clear,Angle,no,no,no,no,yes,False
101715576,METROPOLITAN NASHVILLE POLICE DEPT,20170670841,Davidson,Nashville,7/30/2017 12:20:00 AM,2,1,0,36.152300,-86.797450,WEST END AV,,,,0.00,,,19TH AVN,,,,0.00,Y,Four-Way,N,Intersection-Related,None,,,         ,Stephen,Waterman,Clear,Angle,no,no,no,no,no,False
101715582,METROPOLITAN NASHVILLE POLICE DEPT,20170671127,Davidson,Nashville,7/30/2017 3:18:00 AM,1,0,0,36.173510,-86.578260,CENTRAL PKE,,,,1082.00,Feet,East,N NEW HOPE RD,,,,0.00,N,Not at Intersection,N,Non-Junction,None,,,         ,Brett,Johns,Clear,Unknown,no,no,no,no,yes,False
101715586,METROPOLITAN NASHVILLE POLICE DEPT,20170670607,Davidson,Goodlettsville,7/29/2017 10:43:00 PM,2,0,0,36.302750,-86.691850,RIVERGATE MARKETPLACE PVTDR,,,,0.00,,,GALLATIN PKEN,,,,0.00,Y,Four-Way,N,Intersection,None,,,         ,Cheri,Cox,Clear,Angle,no,no,no,no,no,False
101715600,METROPOLITAN NASHVILLE POLICE DEPT,20170671187,Davidson,Nashville,7/30/2017 12:00:00 AM,1,0,0,36.157560,-86.625570,I40 E ENT RAMP,,,,0.00,Feet,East,I 40,,,,0.00,N,Not at Intersection,N,Non-Junction,None,,,         ,Johan,Kinberg,Clear,Not Collision with Motor Vehicle in Transport,no,no,no,no,yes,False
101715602,METROPOLITAN NASHVILLE POLICE DEPT,20170670974,Davidson,Nashville,7/30/2017 1:20:00 AM,1,0,0,36.110480,-86.716340,BRILEY PKWYN,,,,17.00,Feet,North,AVERITT EXPRESS DR,,,,0.00,N,Not at Intersection,Y,Entrance/Exit Ramp Related,None,,,         ,Erik,Dabbs,Clear,Not Collision with Motor Vehicle in Transport,no,no,no,no,no,False
101715605,METROPOLITAN NASHVILLE POLICE DEPT,20170670972,Davidson,Nashville,7/30/2017 1:10:00 AM,3,0,0,36.165150,-86.781860,DEADERICK ST,,,,101.00,Feet,West,5TH AVN,,,,0.00,N,Not at Intersection, ,Non-Junction,None,,,         ,Damon,Hutcheson,Cloudy,Front to Rear,no,no,no,no,no,False
101715609,METROPOLITAN NASHVILLE POLICE DEPT,20170670935,Davidson,Nashville,7/30/2017 12:00:00 AM,1,1,0,36.096490,-86.638720,SMITH SPRINGS RD,,,,675.00,Feet,East,LONGHUNTER CT,,,,0.00,N,Not at Intersection,N,Non-Junction,None,,,         ,Tyler,Manivong,Clear,Not Collision with Motor Vehicle in Transport,no,no,no,no,yes,False
101715610,METROPOLITAN NASHVILLE POLICE DEPT,20170670658,Davidson,Nashville,7/29/2017 11:08:00 PM,2,2,0,36.106120,-86.922220,OLD HICKORY BLVD,,,,84.00,Feet,North,BELLE VALLEY DR,,,,0.00,N,Not at Intersection,N,Non-Junction,None,,,         ,Kristen,Morgan,Clear,Front to Rear,no,no,no,no,no,False
101715612,METROPOLITAN NASHVILLE POLICE DEPT,20170670690,Davidson,Nashville,7/29/2017 10:01:00 PM,1,0,0,36.093330,-87.011110,HIGHWAY 70,,,,0.67,Miles,East,MCCRORY LN,,,,0.00,N,Not at Intersection,N,Non-Junction,None,,,         ,Benjamin,Fisher,Clear,Not Collision with Motor Vehicle in Transport,no,no,no,no,no,False
101715619,METROPOLITAN NASHVILLE POLICE DEPT,20170671108,Davidson,Nashville,7/30/2017 3:08:00 AM,1,1,0,36.048740,-86.626230,MT VIEW RD,,,,180.00,Feet,South,SANTI LN,,,,0.00,N,Not at Intersection,N,Non-Junction,None,,,         ,Autumn,Manning,Clear,Not Collision with Motor Vehicle in Transport,no,no,no,no,no,False
101715626,METROPOLITAN NASHVILLE POLICE DEPT,20170671240,Davidson,Nashville,7/30/2017 4:38:00 AM,2,3,0,36.110060,-86.735790,THOMPSON LN,,,,39.00,Feet,East,DOBBS AV,,,,0.00,N,Not at Intersection,N,Non-Junction,None,,,         ,Christopher,Holden,Clear,HeadOn,no,no,no,no,no,False
101715629,METROPOLITAN NASHVILLE POLICE DEPT,20170671228,Davidson,Nashville,7/30/2017 4:32:00 AM,1,2,0,36.147960,-86.799300,21ST AVS,,,,0.00,,,BROADWAY,,,,0.00,Y,T-Intersection,N,Intersection,None,,,         ,Craig,Oakley,Clear,Not Collision with Motor Vehicle in Transport,no,no,no,no,no,Campus
101715630,METROPOLITAN NASHVILLE POLICE DEPT,20170671098,Davidson,Nashville,7/30/2017 3:01:00 AM,3,0,0,36.052310,-86.671220,I 24,,,,0.00,,,,,,,58.60,N,Not at Intersection,N,Non-Junction,None,,,         ,Daniel,Garrett,Clear,Not Collision with Motor Vehicle in Transport,no,no,no,no,no,False
101715666,METROPOLITAN NASHVILLE POLICE DEPT,20170671400,Davidson,Nashville,7/30/2017 6:09:00 AM,2,0,0,36.172410,-86.799460,I 40,,,,0.00,,,,,,,207.80,N,Not at Intersection, ,Non-Junction,None,,,         ,James,Jarvis,Clear,Front to Rear,no,no,no,no,no,False
101715684,METROPOLITAN NASHVILLE POLICE DEPT,20170671371,Davidson,Nashville,7/30/2017 6:20:00 AM,2,1,0,36.174730,-86.614260,CENTRAL PKE,,,,0.00,,,DODSON CHAPEL RD,,,,0.00,Y,Four-Way,N,Intersection,None,,,         ,MIchael,Mihajlov,Clear,Angle,no,no,no,no,no,False
101715701,METROPOLITAN NASHVILLE POLICE DEPT,20170671390,Davidson,Nashville,7/30/2017 4:40:00 AM,2,0,0,36.090450,-86.650800,MURFREESBORO PKE,,,,205.00,Feet,South,BOROWOOD DR,,,,0.00,N,Not at Intersection,N,Non-Junction,None,,,         ,Sara,Lober,Clear,Front to Rear,no,no,no,no,yes,False
101715727,METROPOLITAN NASHVILLE POLICE DEPT,2017-0671477,Davidson,Nashville,7/30/2017 7:51:00 AM,2,1,0,36.069940,-86.693880,EZELL RD,,,,127.00,Feet,North,HAYWOOD LN,,,,0.00,N,Not at Intersection,N,Non-Junction,None,,,         ,Stanley,Collins,Clear,Angle,no,no,no,no,no,False
101715756,METROPOLITAN NASHVILLE POLICE DEPT,20170671546,Davidson,Nashville,7/30/2017 5:30:00 AM,1,0,0,36.189860,-86.897640,CENTENNIAL BLVD,,,,133.00,Feet,North,COCKRILL BEND BLVD,,,,0.00,N,Not at Intersection,N,Non-Junction,None,,,         ,Christopher,Royer,Clear,Not Collision with Motor Vehicle in Transport,no,no,no,no,no,False
101715794,METROPOLITAN NASHVILLE POLICE DEPT,20170671590,Davidson,Nashville,7/30/2017 12:00:00 AM,2,0,0,36.167090,-86.754400,S 8TH CT,,,,102.00,Feet,South,S 8TH ST,,,,0.00,N,Not at Intersection, ,Non-Junction,None,,,         ,Anthony,Rizo,Unknown,Unknown,no,no,no,no,yes,False
101715802,METROPOLITAN NASHVILLE POLICE DEPT,20170671671,Davidson,Nashville,7/30/2017 9:55:00 AM,2,0,0,36.110120,-86.727450,EAST THOMPSON LN,,,,0.00,,,EAST THOMPSON LN PVTDR,,,,0.00,Y,OTHER, ,Intersection-Related,None,,,         ,David,Simmonds,Clear,Angle,no,no,no,no,no,False
101715823,METROPOLITAN NASHVILLE POLICE DEPT,20170671747,Davidson,Nashville,7/30/2017 10:44:00 AM,2,1,0,36.172850,-86.793130,JEFFERSON ST,,,,227.00,Feet,West,9TH AVN,,,,0.00,N,Not at Intersection,N,Non-Junction,None,,,         ,Nicholas,MacDougall,Clear,"Sideswipe, Same Direction",no,no,no,no,no,False
101715835,METROPOLITAN NASHVILLE POLICE DEPT,20170671766,Davidson,Nashville,7/30/2017 11:20:00 AM,2,0,0,36.134280,-86.779090,WEDGEWOOD AV,,,,0.00,,,8TH AVS,,,,0.00,Y,Four-Way,N,Intersection,None,,,         ,Nathan,Kemp,Clear,"Sideswipe, Same Direction",no,no,no,no,no,False
101715869,METROPOLITAN NASHVILLE POLICE DEPT,20170671815,Davidson,Nashville,7/30/2017 11:54:00 AM,2,0,0,36.177180,-86.772710,I 24,,,,0.00,,,,,,,47.90,N,Not at Intersection, ,Non-Junction,None,,,         ,Arthur,Hipp,Clear,"Sideswipe, Same Direction",no,no,no,no,no,False
101715878,METROPOLITAN NASHVILLE POLICE DEPT,20170671770,Davidson,Nashville,7/30/2017 11:20:00 AM,1,0,0,36.191880,-86.783110,I 65,,,,0.00,,,,,,,86.15,N,Not at Intersection,N,Non-Junction,None,,,         ,Joshua,Baker,Clear,Not Collision with Motor Vehicle in Transport,no,no,no,no,no,False
101715910,METROPOLITAN NASHVILLE POLICE DEPT,20170671837,Davidson,Nashville,7/30/2017 12:03:00 PM,2,0,0,36.139610,-86.821630,MURPHY RD,,,,0.00,,,WEST END AV EXT RAMP,,,,0.00,Y,T-Intersection,N,Entrance/Exit Ramp Related,None,,,         ,Nathan,Kemp,Clear,Front to Rear,no,no,no,no,yes,False
101715911,METROPOLITAN NASHVILLE POLICE DEPT,20170671876,Davidson,Nashville,7/30/2017 12:47:00 PM,2,3,0,36.086930,-86.777870,BATTERY LN,,,,0.00,,,CHURCHWOOD DR,,,,0.00,Y,T-Intersection,N,Intersection,None,,,         ,Nathan,Kemp,Clear,Angle,no,no,no,no,no,False
101715961,METROPOLITAN NASHVILLE POLICE DEPT,20170671888,Davidson,Nashville,7/30/2017 12:45:00 PM,2,0,0,36.116570,-86.837160,WOODMONT BLVD,,,,199.00,Feet,West,ESTES RD,,,,0.00,N,Not at Intersection, ,,None,,,         ,Brian,Myatt,,,no,no,no,no,no,False
101715962,METROPOLITAN NASHVILLE POLICE DEPT,20170671679,Davidson,Nashville,7/30/2017 11:52:00 AM,2,0,0,36.210450,-86.775980,I 65,,,,0.00,,,,,,,87.60,N,Not at Intersection, ,Non-Junction,None,,,         ,William,Caillouette,Clear,"Sideswipe, Same Direction",no,no,no,no,no,False
101715968,METROPOLITAN NASHVILLE POLICE DEPT,20170671862,Davidson,Nashville,7/30/2017 12:00:00 PM,2,0,0,36.090330,-86.887700,HARDING PKE,,,,0.00,,,,,,,0.00,,Not at Intersection, ,Non-Junction,None,,,         ,Michael,Pyle,Clear,"Sideswipe, Same Direction",no,no,no,yes,no,False
101715970,METROPOLITAN NASHVILLE POLICE DEPT,20170671920,Davidson,Nashville,7/30/2017 1:24:00 PM,2,1,0,36.166240,-86.740750,SEVIER ST,,,,0.00,Feet,,S 17TH ST,,,,0.00,Y,T-Intersection,N,Intersection,None,,,         ,Anthony,Rizo,Clear,Angle,no,no,no,no,no,False
101716003,METROPOLITAN NASHVILLE POLICE DEPT,2017-0671984,Davidson,Nashville,7/30/2017 1:55:00 PM,2,0,0,36.082100,-86.761700,HARDING PL,,,,0.00,,,SIDCO DR,,,,0.00,Y,Four-Way, ,Entrance/Exit Ramp Related,None,,,         ,Timothy,Edwards,Clear,Front to Rear,no,no,no,no,no,False
101716014,METROPOLITAN NASHVILLE POLICE DEPT,20170671942,Davidson,Nashville,7/30/2017 1:35:00 PM,2,0,0,36.084260,-86.705570,HARDING PL,,,,101.00,Feet,East,LINBAR DR,,,,0.00,N,Not at Intersection, ,,None,,,         ,David,Smith,,,no,no,no,no,no,False
101716020,METROPOLITAN NASHVILLE POLICE DEPT,20170671943,Davidson,Nashville,7/30/2017 10:50:00 AM,2,0,0,36.083250,-86.688940,ANTIOCH PKE,,,,81.00,Feet,South,EZELL PKE,,,,0.00,N,Not at Intersection,N,Non-Junction,None,,,         ,Sara,Lober,Clear,"Sideswipe, Same Direction",no,no,no,no,no,False
101716024,METROPOLITAN NASHVILLE POLICE DEPT,2017-0671917,Davidson,Nashville,7/30/2017 1:22:00 PM,2,1,0,36.204010,-86.789590,BAPTIST WORLD CENTER DR,,,,0.00,,,ROGER AV,,,,0.00,Y,T-Intersection,N,Intersection,None,,,         ,William,Caillouette,Clear,Front to Rear,no,no,no,no,no,False
101716064,METROPOLITAN NASHVILLE POLICE DEPT,20170671994,Davidson,Nashville,7/30/2017 1:52:00 PM,2,0,0,36.251830,-86.717750,GALLATIN PKES,,,,34.00,Feet,South,W WEBSTER ST,,,,0.00,N,Not at Intersection, ,Non-Junction,None,,,         ,Janelle,Keslar,Clear,Front to Rear,no,no,no,no,no,False
101716065,METROPOLITAN NASHVILLE POLICE DEPT,20170672022,Davidson,Nashville,7/30/2017 2:00:00 PM,2,0,0,36.148770,-86.769200,4TH AVS,,,,53.00,Feet,South,OAK ST,,,,0.00,N,Not at Intersection, ,Non-Junction,None,,,         ,Andrew,Swint,Clear,"Sideswipe, Same Direction",no,no,no,no,no,False
101716086,METROPOLITAN NASHVILLE POLICE DEPT,20170672115,Davidson,Nashville,7/30/2017 3:36:00 PM,2,0,0,36.230700,-86.793290,MCCARTHY PARK LN,,,,292.00,Feet,North,GWYNNWOOD DR,,,,0.00,N,Not at Intersection, ,Non-Junction,None,,,         ,Walter,Cothran,Clear,"Sideswipe, Same Direction",no,no,no,no,no,False
101716091,METROPOLITAN NASHVILLE POLICE DEPT,2017-0671918,Davidson,Nashville,7/30/2017 1:58:00 PM,4,0,0,36.148880,-86.784850,12TH AVS,,,,171.00,Feet,North,HAWKINS ST,,,,0.00,N,Not at Intersection, ,Non-Junction,None,,,         ,Kevin,Johnson,Clear,Not Collision with Motor Vehicle in Transport,no,no,no,no,no,False
101716099,METROPOLITAN NASHVILLE POLICE DEPT,20170671950,Davidson,Nashville,7/30/2017 1:45:00 PM,3,1,0,36.249770,-86.719150,GALLATIN PKES,,,,156.00,Feet,North,E PALESTINE AV,,,,0.00,N,Not at Intersection,N,Non-Junction,None,,,         ,Coleman,McKellar,Clear,Front to Rear,no,no,no,no,no,False
101716100,METROPOLITAN NASHVILLE POLICE DEPT,20170671990,Davidson,Not in City Limit,7/30/2017 1:42:00 PM,2,0,0,36.305720,-86.687480,NORTHSIDE DR,,,,0.00,,,GALLATIN PKEN,,,,0.00,Y,T-Intersection,N,Intersection,None,,,         ,Christopher,Littles,Clear,Angle,no,no,no,no,no,False
101716102,METROPOLITAN NASHVILLE POLICE DEPT,20170672021,Davidson,Goodlettsville,7/30/2017 2:55:00 PM,2,3,0,36.291620,-86.703170,GALLATIN PKEN,,,,241.00,Feet,South,RIVERGATE SQUARE PVTDR,,,,0.00,N,Not at Intersection,N,Non-Junction,None,,,         ,Johnathon,Birdwell,Clear,Front to Rear,no,no,no,no,no,False
101716106,METROPOLITAN NASHVILLE POLICE DEPT,20170672076,Davidson,Nashville,7/30/2017 2:00:00 PM,2,0,0,36.193040,-86.687150,BRILEY PKWYN,,,,238.00,Feet,North,BRILEY PKWYS,,,,0.00,N,Not at Intersection,N,Non-Junction,None,,,         ,Brent,Hedgcoth,Clear,"Sideswipe, Same Direction",no,no,no,no,no,False
101716110,METROPOLITAN NASHVILLE POLICE DEPT,20170672158,Davidson,Nashville,7/30/2017 3:45:00 PM,2,0,0,36.050730,-86.646910,BELL RD,,,,0.00,,,HICKORY HOLLOW TER,,,,0.00,Y,Four-Way,N,Intersection,None,,,         ,Candice,Soper,Clear,Front to Rear,no,no,no,no,no,False
101716118,METROPOLITAN NASHVILLE POLICE DEPT,20170672023,Davidson,Goodlettsville,7/30/2017 2:50:00 PM,2,0,0,36.302060,-86.692840,GALLATIN PKEN,,,,44.00,Feet,West,RIVERGATE MALL PVTDR,,,,0.00,N,Not at Intersection, ,Non-Junction,None,,,         ,Jesse,Cox,Clear,Front to Rear,no,no,no,no,no,False
101716119,METROPOLITAN NASHVILLE POLICE DEPT,20170672108,Davidson,Nashville,7/30/2017 3:42:00 PM,2,0,0,36.075540,-86.689680,BAKERTOWN RD,,,,68.00,Feet,South,BAKERTOWN CT,,,,0.00,N,Not at Intersection,N,Non-Junction,None,,,         ,Nakia,Reid,Clear,"Sideswipe, Same Direction",no,no,no,no,no,False
101716131,METROPOLITAN NASHVILLE POLICE DEPT,20170672113,Davidson,Nashville,7/30/2017 3:40:00 PM,2,6,0,36.056900,-86.658250,HIGHLANDER DR,,,,0.00,Feet,,WINTON DR,,,,0.00,Y,OTHER,Y,Intersection,None,,,         ,Mary,Williams,Clear,Angle,no,no,no,no,no,False
101716136,METROPOLITAN NASHVILLE POLICE DEPT,20170672227,Davidson,Nashville,7/30/2017 4:51:00 PM,3,0,0,36.069470,-86.633530,MURFREESBORO PKE,,,,1005.00,Feet,North,FOREST VIEW DR,,,,0.00,N,Not at Intersection, ,Non-Junction,None,,,         ,Benny,Pittman,Clear,Front to Rear,no,no,no,no,no,False
101716156,METROPOLITAN NASHVILLE POLICE DEPT,20170672274,Davidson,Nashville,7/30/2017 5:24:00 PM,2,0,0,36.167010,-86.763730,S 4TH ST,,,,0.00,,,SHELBY AV,,,,0.00,Y,Four-Way, ,Intersection-Related,None,,,         ,Michael,Moss,Clear,"Sideswipe, Same Direction",no,no,no,no,no,False
101716175,METROPOLITAN NASHVILLE POLICE DEPT,20170672310,Davidson,Nashville,7/30/2017 12:00:00 AM,2,0,0,36.073430,-86.655060,JOHNSON RIDGE RD,,,,442.00,Feet,West,JOHNSON PASS DR,,,,0.00,N,Not at Intersection,N,Non-Junction,None,,,         ,Mary,Williams,Unknown,Unknown,no,no,no,no,yes,False
101716188,METROPOLITAN NASHVILLE POLICE DEPT,2017-0672177,Davidson,Nashville,7/30/2017 4:24:00 PM,2,0,0,36.173800,-86.602590,CENTRAL PKE,,,,151.00,Feet,West,OLD HICKORY BLVD,,,,0.00,N,Not at Intersection,N,Non-Junction,None,,,         ,Sandra,Talavera,Clear,Front to Rear,no,no,no,no,no,False
101716189,METROPOLITAN NASHVILLE POLICE DEPT,20170672352,Davidson,Not in City Limit,7/30/2017 6:00:00 PM,2,0,0,35.996510,-86.690250,CONCORD RD,,,,170.00,Feet,South,NOLENSVILLE PKE,,,,0.00,N,Not at Intersection, ,,None,,,         ,William,Taylor,,,no,no,no,no,no,False
101716190,METROPOLITAN NASHVILLE POLICE DEPT,20170672198,Davidson,Nashville,7/30/2017 4:10:00 PM,3,0,0,36.150490,-86.817200,PARK PLZ,,,,300.00,Feet,East,28TH AVN,,,,0.00,N,Not at Intersection,N,Non-Junction,None,,,         ,Bradley,Pope,Clear,Angle,no,no,no,no,no,False
101716194,METROPOLITAN NASHVILLE POLICE DEPT,20170672002,Davidson,Nashville,7/30/2017 2:43:00 PM,2,0,0,36.101540,-86.741700,MCCLELLAN AV,,,,350.00,Feet,West,NOLENSVILLE PKE,,,,0.00,N,Not at Intersection,N,Non-Junction,None,,,         ,Melissa,Flores,Clear,Rear to Side,no,no,no,no,no,False
101716200,METROPOLITAN NASHVILLE POLICE DEPT,20170672231,Davidson,Nashville,7/30/2017 4:52:00 PM,2,0,0,36.063130,-86.916930,OLD HICKORY BLVD,,,,0.00,Feet,,BELLEVUE RD,,,,0.00,Y,Four-Way,N,Intersection-Related,None,,,         ,Regina,Lewis,Clear,Angle,no,no,no,no,no,False
101716201,METROPOLITAN NASHVILLE POLICE DEPT,20170672327,Davidson,Nashville,7/30/2017 3:50:00 PM,2,0,0,36.156450,-86.631310,I40 W ENT RAMP,,,,0.00,,,STEWARTS FERRY PKE,,,,0.00,Y,Four-Way,Y,Intersection,None,,,         ,Brent,Hedgcoth,Clear,Angle,no,no,no,no,no,False
101716202,METROPOLITAN NASHVILLE POLICE DEPT,20170672464,Davidson,Nashville,7/30/2017 3:45:00 PM,2,0,0,36.050730,-86.646910,BELL RD,,,,0.00,,,BELL FORGE LNE,,,,0.00,Y,Four-Way,N,Intersection,None,,,         ,Candice,Soper,Clear,Front to Rear,no,no,no,no,no,False
101716237,METROPOLITAN NASHVILLE POLICE DEPT,20170672437,Davidson,Nashville,7/30/2017 6:20:00 PM,2,0,0,36.177850,-86.809380,17TH AVN,,,,58.00,Feet,South,CENTURY ST,,,,0.00,N,Not at Intersection,N,Non-Junction,None,,,         ,Clayton,Lewis,Clear,Angle,no,no,no,no,no,False
101716255,METROPOLITAN NASHVILLE POLICE DEPT,20170672519,Davidson,Nashville,7/30/2017 7:00:00 PM,2,0,0,36.134280,-86.778740,WEDGEWOOD AV,,,,103.00,Feet,East,8TH AVS,,,,0.00,N,Not at Intersection, ,Non-Junction,None,,,         ,Allyson,Reis,Clear,Angle,no,no,no,no,no,False
101716263,METROPOLITAN NASHVILLE POLICE DEPT,20170672393,Davidson,Nashville,7/30/2017 6:35:00 PM,1,0,0,36.129680,-86.728020,I440 W ENT RAMP,,,,0.00,Feet,East,I 24,,,,0.00,N,Not at Intersection,N,Non-Junction,None,,,         ,Je-Marc,Sears,Clear,Not Collision with Motor Vehicle in Transport,no,no,no,no,no,False
101716310,METROPOLITAN NASHVILLE POLICE DEPT,20170672662,Davidson,Nashville,7/30/2017 12:00:00 AM,1,0,0,36.143660,-86.867440,HILL CIR,,,,100.00,Feet,East,MARCIA AV,,,,0.00,N,Not at Intersection,N,Non-Junction,None,,,         ,Ethan,Usherwood,Clear,Not Collision with Motor Vehicle in Transport,no,no,no,no,yes,False
101716321,METROPOLITAN NASHVILLE POLICE DEPT,20170672700,Davidson,Nashville,7/30/2017 8:57:00 PM,1,1,0,36.193760,-86.762940,DOUGLAS AV,,,,0.00,,,,,,,0.00,,,N,Non-Junction,None,,,         ,Christopher,Valdez,Clear,Not Collision with Motor Vehicle in Transport,no,no,no,yes,no,False