master_record_number,agency,agency_tracking_number,county,city,collision_date,vehicles_involved,number_injured,number_dead,latitude,longitude,roadway_name,roadway_suffix,roadway_number,roadway_local_id,distance_from_reference,miles-feet_indicator,direction_from_reference,intersection_road_name,intersection_road_name_suffix,intersection_road_number,intersection_local_id,mile_marker,intersection_indicator,intersect_type,interchange_related_indicator,relation_to_junction,work_zone_type,construction_maintenance_zone,construction_maintenance_zone_location,fatal_case_number,officer_first_name,officer_last_name,weather_condition(s),manner_of_crash,pedestrian,bicycle,scooter,parking,hitrun,mou
101716327,METROPOLITAN NASHVILLE POLICE DEPT,20170672760,Davidson,Nashville,7/30/2017 9:25:00 PM,2,0,0,36.079600,-86.726320,NOLENSVILLE PKE,,,,0.00,,,HARDING PL,,,,0.00,Y,Four-Way, ,Intersection,None,,,         ,Luis,De Los Santos,Clear,"Sideswipe, Same Direction",no,no,no,no,no,False
101716362,METROPOLITAN NASHVILLE POLICE DEPT,20170672919,Davidson,Nashville,7/30/2017 11:14:00 PM,2,0,0,36.177920,-86.804420,12TH AVN,,,,207.00,Feet,South,WHELESS ST,,,,0.00,N,Not at Intersection, ,Non-Junction,None,,,         ,John,Deiterick,Clear,"Sideswipe, Same Direction",no,no,no,no,yes,False
101716363,METROPOLITAN NASHVILLE POLICE DEPT,20170672918,Davidson,Old Hickory,7/30/2017 11:13:00 PM,2,0,0,36.271280,-86.665660,ENSLEY AV,,,,65.00,Feet,North,KEETON AV,,,,0.00,N,Not at Intersection,N,Unknown,None,,,         ,Brett,Johns,Clear,Unknown,no,no,no,no,yes,False
101716368,METROPOLITAN NASHVILLE POLICE DEPT,20170672941,Davidson,Nashville,7/30/2017 10:50:00 PM,2,0,0,36.123910,-86.705530,VULTEE BLVD,,,,500.00,Feet,West,MURFREESBORO PKE,,,,0.00,N,Not at Intersection, ,Non-Junction,None,,,         ,Chad,Mahoney,Clear,Front to Rear,no,no,no,no,no,False
101716385,Nashville Airport Police,2017-02617,Davidson,Nashville,7/30/2017 5:45:00 AM,2,0,0,36.133410,-86.665080,BNA DR,,,,0.00,,,TERMINAL DR,,,,0.00,Y,Traffic Circle, ,Non-Junction,None,,,         ,Jacob,Bennett,Clear,"Sideswipe, Same Direction",no,no,no,no,no,False
101716390,THP District 3 - Nashville,317045075,Davidson,Nashville,7/29/2017 10:55:00 PM,2,0,0,36.106190,-86.718500,I 24,,,,0.00,,,,,,,54.00,N,Not at Intersection, ,Non-Junction,None,,,         ,Christopher,Brooks,Clear,"Sideswipe, Same Direction",no,no,no,no,no,False
101716398,METROPOLITAN NASHVILLE POLICE DEPT,20170672934,Davidson,Nashville,7/30/2017 9:43:00 PM,2,0,0,36.233200,-86.759440,W MAPLEWOOD LN,,,,231.00,Feet,West,DICKERSON PKE,,,,0.00,N,Not at Intersection,N,Non-Junction,None,,,         ,Harris,Smith,Clear,"Sideswipe, Opposite Direction",no,no,no,no,yes,False
101716418,METROPOLITAN NASHVILLE POLICE DEPT,20170673200,Davidson,Nashville,7/31/2017 12:00:00 AM,4,0,0,36.168500,-86.749780,S 12TH ST,,,,290.00,Feet,North,SEVIER ST,,,,0.00,N,Not at Intersection,N,Non-Junction,None,,,         ,Wallis,Massey,Clear,"Sideswipe, Same Direction",no,no,no,no,yes,False
101716449,VANDERBILT UNIVERSITY POLICE,17-0673283,Davidson,Nashville,7/31/2017 1:54:00 AM,1,1,0,36.147960,-86.799300,BROADWAY,,,,0.00,,,21ST AVS,,,,0.00,Y,Four-Way,N,Intersection,None,,,         ,John,Whittaker,Clear,Not Collision with Motor Vehicle in Transport,no,no,no,no,no,Campus
101716464,GOODLETTSVILLE POLICE DEPT,17-26481,Davidson,Goodlettsville,7/30/2017 12:00:00 AM,1,0,0,36.312071,-86.674040,VIETNAM VETS,BLVD,SR386,,0.00,,,,,,,2.20,N,Not at Intersection,N,Non-Junction,None,,,         ,Shane,Farrell,Clear,Not Collision with Motor Vehicle in Transport,no,no,no,no,yes,False
101716467,METROPOLITAN NASHVILLE POLICE DEPT,20170673462,Davidson,Nashville,7/31/2017 3:59:00 AM,2,2,0,36.155700,-86.629100,I40 E EXT RAMP,,,,12.00,Feet,West,STEWARTS FERRY PKE,,,,0.00,N,Not at Intersection,N,Non-Junction,None,,,         ,Robert,Fondren,Cloudy,Front to Rear,no,no,no,no,yes,False
101716495,METROPOLITAN NASHVILLE POLICE DEPT,20170673811,Davidson,Nashville,7/31/2017 6:37:00 AM,2,0,0,36.158740,-86.624640,I 40,,,,0.00,,,,,,,219.30,N,Not at Intersection, ,Entrance/Exit Ramp Related,None,,,         ,Michael,Dance,Clear,Front to Rear,no,no,no,no,no,False
101716520,METROPOLITAN NASHVILLE POLICE DEPT,20170673868,Davidson,Nashville,7/31/2017 2:20:00 AM,3,0,0,36.169270,-86.749680,S 12TH ST,,,,568.00,Feet,North,SEVIER ST,,,,0.00,N,Not at Intersection, ,Non-Junction,None,,,         ,Richard,Conger,Clear,"Sideswipe, Same Direction",no,no,no,no,yes,False
101716522,METROPOLITAN NASHVILLE POLICE DEPT,20170673865,Davidson,Nashville,7/31/2017 7:29:00 AM,2,0,0,36.047840,-86.612050,MURFREESBORO PKE,,,,1500.00,Feet,North,MOUNTAIN SPRINGS RD,,,,0.00,N,Not at Intersection,N,Non-Junction,None,,,         ,Caleb,Jernigan,Clear,Front to Rear,no,no,no,no,no,False
101716524,METROPOLITAN NASHVILLE POLICE DEPT,20170673893,Davidson,Nashville,7/31/2017 7:30:00 AM,2,0,0,36.142090,-86.711210,I 40,,,,0.00,,,,,,,214.15,N,Not at Intersection, ,Non-Junction,None,,,         ,Michael,Dance,Clear,"Sideswipe, Same Direction",no,no,no,no,no,False
101716531,METROPOLITAN NASHVILLE POLICE DEPT,20170673818,Davidson,Nashville,7/31/2017 7:00:00 AM,2,0,0,36.124260,-86.744660,I 440,,,,0.00,,,,,,,6.60,N,Not at Intersection, ,Non-Junction,None,,,         ,Todd,Watson,Clear,Front to Rear,no,no,no,no,no,False
101716535,METROPOLITAN NASHVILLE POLICE DEPT,20170673922,Davidson,Nashville,7/31/2017 7:46:00 AM,2,0,0,36.169270,-86.605650,I 40,,,,0.00,,,,,,,220.60,N,Not at Intersection, ,Non-Junction,None,,,         ,Michael,Dance,Clear,Front to Rear,no,no,no,no,no,False
101716536,METROPOLITAN NASHVILLE POLICE DEPT,20170674015,Davidson,Nashville,7/31/2017 8:30:00 AM,2,0,0,36.116090,-86.779400,I440 W ENT RAMP,,,,0.00,,,I 440,,,,0.00,Y,OTHER, ,,None,,,         ,Justin,Pinkelton,,,no,no,no,no,no,False
101716540,METROPOLITAN NASHVILLE POLICE DEPT,20170673826,Davidson,Nashville,7/31/2017 9:10:00 AM,2,0,0,36.147660,-86.768470,4TH AVS,,,,0.00,,,CAMERON ST,,,,0.00,Y,OTHER, ,,None,,,         ,Citlaly,Juarez,,,no,no,no,no,no,False
101716550,METROPOLITAN NASHVILLE POLICE DEPT,20170673820,Davidson,Nashville,7/31/2017 6:21:00 AM,2,0,0,36.161940,-86.817440,HERMAN ST,,,,0.00,Feet,,27TH AVN,,,,0.00,Y,T-Intersection,N,Intersection,None,,,         ,YUNUS,ADAK,Clear,Angle,no,no,no,no,no,False
101716552,METROPOLITAN NASHVILLE POLICE DEPT,20170674019,Davidson,Nashville,7/31/2017 8:39:00 AM,2,0,0,36.056140,-86.774490,I 65,,,,0.00,,,,,,,75.00,N,Not at Intersection, ,Non-Junction,None,,,         ,Devonte,Coleman,Clear,Front to Rear,no,no,no,no,no,False
101716556,METROPOLITAN NASHVILLE POLICE DEPT,20170673973,Davidson,Nashville,7/31/2017 12:00:00 AM,2,0,0,36.159560,-86.774640,DEMONBREUN ST,,,,0.00,,,3RD AVS,,,,0.00,Y,Four-Way,N,Intersection,None,,,         ,Amery,Milligan,Clear,HeadOn,no,no,no,no,no,False
101716558,METROPOLITAN NASHVILLE POLICE DEPT,20170674066,Davidson,Nashville,7/31/2017 9:00:00 AM,2,0,0,36.109640,-86.770040,I 65,,,,0.00,,,,,,,79.70,N,Not at Intersection, ,,None,,,         ,Ian,Hammond,,,no,no,no,no,no,False
101716581,METROPOLITAN NASHVILLE POLICE DEPT,2017-0673981,Davidson,Nashville,7/31/2017 8:18:00 AM,3,3,0,36.083630,-86.757190,TIMBERHILL DR,,,,0.00,,,TROUSDALE DR,,,,0.00,Y,T-Intersection,Y,Intersection-Related,None,,,         ,Timothy,Edwards,Clear,"Sideswipe, Same Direction",no,no,no,no,no,False
101716582,METROPOLITAN NASHVILLE POLICE DEPT,20170673911,Davidson,Nashville,7/31/2017 7:50:00 AM,2,1,0,36.168160,-86.690160,LEBANON PKE,,,,0.00,,,BRILEY PKWY S EXT RAMP,,,,0.00,Y,T-Intersection,Y,Intersection,None,,,         ,Larry,Benz,Clear,Angle,no,no,no,no,no,False
101716595,METROPOLITAN NASHVILLE POLICE DEPT,2017-0674162,Davidson,Nashville,7/31/2017 9:52:00 AM,1,0,0,36.092030,-86.704940,I 24,,,,0.00,,,,,,,55.20,N,Not at Intersection, ,,None,,,         ,Stanley,Collins,,,no,no,no,no,no,False
101716599,METROPOLITAN NASHVILLE POLICE DEPT,20170673900,Davidson,Nashville,7/31/2017 7:40:00 AM,2,0,0,36.194790,-86.795250,VENTURE CIR,,,,450.00,Feet,East,FRENCH LANDING DR,,,,0.00,N,Not at Intersection, ,,None,,,         ,Joshua,Baker,,,no,no,no,no,no,False
101716630,METROPOLITAN NASHVILLE POLICE DEPT,20170673982,Davidson,Nashville,7/31/2017 8:20:00 AM,2,0,0,36.141310,-86.716680,I 40,,,,0.00,,,,,,,213.80,N,Not at Intersection,N,Non-Junction,None,,,         ,Tyler,Adcock,Clear,Front to Rear,no,no,no,no,no,False
101716644,METROPOLITAN NASHVILLE POLICE DEPT,20170674239,Davidson,Nashville,7/31/2017 10:20:00 AM,2,0,0,36.103840,-86.815570,HILLSBORO PKE,,,,236.00,Feet,North,WARFIELD DR,,,,0.00,N,Not at Intersection,N,Non-Junction,None,,,         ,Christopher,Royer,Clear,Front to Rear,no,no,no,no,no,False
101716655,BELLE MEADE POLICE DEPT,17-0222,Davidson,Nashville,7/31/2017 8:30:00 AM,1,0,0,36.112000,-86.844340,WALNUT DR,,,,524.00,Feet,North,ABBOTT MARTIN RD,,,,0.00,N,Not at Intersection, ,Non-Junction,None,,,         ,Keith,Samol,Clear,Not Collision with Motor Vehicle in Transport,no,no,no,no,no,False
101716656,METROPOLITAN NASHVILLE POLICE DEPT,20170674192,Davidson,Nashville,7/31/2017 9:52:00 AM,1,0,0,36.174510,-86.797500,ARTHUR AV,,,,239.00,Feet,West,MONROE ST,,,,0.00,N,Not at Intersection,N,"Driveway, Alley Access, etc",None,,,         ,YUNUS,ADAK,Clear,Not Collision with Motor Vehicle in Transport,no,no,no,no,yes,False
101716669,METROPOLITAN NASHVILLE POLICE DEPT,20170674362,Davidson,Nashville,7/31/2017 10:45:00 AM,2,0,0,36.235900,-86.726510,BRILEY PKWYW,,,,295.00,Feet,East,BRILEY PKWY W ENT RAMP,,,,0.00,N,Not at Intersection, ,Non-Junction,None,,,         ,Coleman,McKellar,Clear,"Sideswipe, Same Direction",no,no,no,no,no,False
101716670,METROPOLITAN NASHVILLE POLICE DEPT,2017-0674072,Davidson,Nashville,7/31/2017 8:46:00 AM,2,0,0,36.040910,-86.779380,FRANKLIN PIKE CIR,,,,3.00,Feet,North,STONE BROOK DR,,,,0.00,N,Not at Intersection, ,Non-Junction,None,,,         ,Sean,Williams,Clear,Angle,no,no,no,no,no,False
101716674,METROPOLITAN NASHVILLE POLICE DEPT,20170674207,Davidson,Nashville,7/31/2017 10:05:00 AM,2,0,0,36.156240,-86.802940,MURPHY AV,,,,0.00,,,20TH AVN,,,,0.00,Y,T-Intersection, ,,None,,,         ,Shaquille,Graham,,,no,no,no,no,no,False
101716688,METROPOLITAN NASHVILLE POLICE DEPT,20170674507,Davidson,Nashville,7/31/2017 12:00:00 PM,2,0,0,36.113290,-86.747890,GRANDVIEW AV,,,,352.00,Feet,South,CENTRAL AV,,,,0.00,N,Not at Intersection,N,Non-Junction,None,,,         ,Justin,Pinkelton,Clear,"Sideswipe, Same Direction",no,no,no,no,no,False
101716697,METROPOLITAN NASHVILLE POLICE DEPT,20170673917,Davidson,Nashville,7/31/2017 7:54:00 AM,2,0,0,36.141630,-86.728460,POPLAR ST,,,,121.00,Feet,North,POPLAR AV,,,,0.00,N,Not at Intersection, ,,None,,,         ,James,Curtis,,,no,no,no,no,no,False
101716698,METROPOLITAN NASHVILLE POLICE DEPT,2017-0673778,Davidson,Not in City Limit,7/31/2017 6:41:00 AM,2,2,0,36.279550,-86.783570,BRICK CHURCH PKE,,,,0.00,,,OLD HICKORY BLVD,,,,0.00,Y,Four-Way,N,Intersection-Related,None,,,         ,Arthur,Hipp,Clear,Angle,no,no,no,no,no,False
101716703,VANDERBILT UNIVERSITY POLICE,1700039930,Davidson,Nashville,7/31/2017 12:15:00 PM,1,0,0,36.142110,-86.801790,MEDICAL CENTER DR,,,,0.00,,,,,,,0.00,,,N,Non-Junction,None,,,         ,Stephanie,Reaber,Clear,Not Collision with Motor Vehicle in Transport,no,no,no,yes,yes,Campus
101716705,METROPOLITAN NASHVILLE POLICE DEPT,2017-0673948,Davidson,Nashville,7/31/2017 8:07:00 AM,2,0,0,36.148840,-86.762470,LAFAYETTE ST,,,,0.00,Feet,,CHARLES E DAVIS BLVD,,,,0.00,Y,Four-Way,Y,Intersection,None,,,         ,Shelby,Hughes,Clear,Angle,no,no,no,no,no,False
101716708,METROPOLITAN NASHVILLE POLICE DEPT,20170674590,Davidson,Nashville,7/31/2017 12:48:00 PM,2,0,0,36.141300,-86.731920,I 40,,,,0.00,,,,,,,213.00,N,Not at Intersection, ,,None,,,         ,Steven,Rowlett,,,no,no,no,no,no,False
101716710,METROPOLITAN NASHVILLE POLICE DEPT,20170674549,Davidson,Nashville,7/31/2017 12:50:00 PM,2,1,0,36.136300,-86.892230,I 40,,,,0.00,,,,,,,201.65,N,Not at Intersection,N,Non-Junction,None,,,         ,Benjamin,Cantrell,Clear,Not Collision with Motor Vehicle in Transport,no,no,no,no,no,False
101716713,METROPOLITAN NASHVILLE POLICE DEPT,20170674569,Davidson,Nashville,7/31/2017 12:42:00 PM,2,0,0,36.144270,-86.739160,I 40,,,,0.00,,,,,,,212.35,N,Not at Intersection,N,Non-Junction,None,,,         ,Michael,Dance,Clear,Front to Rear,no,no,no,no,no,False
101716728,METROPOLITAN NASHVILLE POLICE DEPT,20170673851,Davidson,Nashville,7/31/2017 6:58:00 AM,2,0,0,36.153760,-86.721120,LEBANON PKE,,,,131.00,Feet,East,SPENCE LN,,,,0.00,N,Not at Intersection, ,Non-Junction,None,,,         ,James,Curtis,Clear,Front to Rear,no,no,no,no,no,False
101716732,METROPOLITAN NASHVILLE POLICE DEPT,20170674629,Davidson,Nashville,7/31/2017 1:05:00 PM,2,0,0,36.184760,-86.798180,I65 S ENT RAMP,,,,0.00,Feet,East,I 65,,,,0.00,N,Not at Intersection,N,Entrance/Exit Ramp Related,None,,,         ,YUNUS,ADAK,Clear,"Sideswipe, Same Direction",no,no,no,no,yes,False
101716741,METROPOLITAN NASHVILLE POLICE DEPT,20170674498,Davidson,Nashville,7/31/2017 12:03:00 PM,2,0,0,36.155820,-86.788740,13TH AVS,,,,75.00,Feet,South,BROADWAY,,,,0.00,N,Not at Intersection, ,Non-Junction,None,,,         ,Kevin,Johnson,Clear,Front to Rear,no,no,no,no,yes,False
101716749,METROPOLITAN NASHVILLE POLICE DEPT,20170674018,Davidson,Nashville,7/31/2017 8:39:00 AM,2,1,0,36.215120,-86.597240,LEBANON PKE,,,,125.00,Feet,East,ANDREW JACKSON PKWY,,,,0.00,N,Not at Intersection,N,Non-Junction,None,,,         ,James,Curtis,Clear,Not Collision with Motor Vehicle in Transport,no,no,no,no,no,False
101716753,METROPOLITAN NASHVILLE POLICE DEPT,20170674635,Davidson,Nashville,7/31/2017 6:30:00 AM,2,0,0,36.141660,-86.673190,I 40,,,,0.00,,,,,,,215.00,N,Not at Intersection, ,Non-Junction,None,,,         ,Jed,Baldoni,Clear,Other,no,no,no,no,no,False
101716763,METROPOLITAN NASHVILLE POLICE DEPT,20170674633,Davidson,Nashville,7/31/2017 12:55:00 PM,2,0,0,36.163860,-86.793900,I40 E EXT RAMP,,,,0.00,Feet,East,I 40,,,,0.00,N,Not at Intersection, ,,None,,,         ,Joshua,Baker,,,no,no,no,no,no,False
101716764,METROPOLITAN NASHVILLE POLICE DEPT,20170674699,Davidson,Nashville,7/31/2017 2:10:00 PM,2,0,0,36.240760,-86.757360,DICKERSON PKE,,,,0.00,,,BRILEY PKWY E EXT RAMP,,,,0.00,Y,T-Intersection, ,Intersection-Related,None,,,         ,Jack,Crouch,Clear,Front to Rear,no,no,no,no,no,False
101716766,METROPOLITAN NASHVILLE POLICE DEPT,20170674720,Davidson,Nashville,7/31/2017 1:44:00 PM,1,0,0,36.188730,-86.746200,GALLATIN AV,,,,164.00,Feet,North,GRANADA AV,,,,0.00,N,Not at Intersection, ,Non-Junction,None,,,         ,Richard,Conger,Clear,Not Collision with Motor Vehicle in Transport,no,no,no,no,no,False
101716767,METROPOLITAN NASHVILLE POLICE DEPT,20170674697,Davidson,Nashville,7/31/2017 1:40:00 PM,1,0,0,36.213640,-86.767960,HART ST,,,,33.00,Feet,North,LOCUST ST,,,,0.00,N,Not at Intersection, ,Non-Junction,None,,,         ,Gregory,Cenicola,Clear,Not Collision with Motor Vehicle in Transport,no,no,no,no,no,False
101716771,METROPOLITAN NASHVILLE POLICE DEPT,20170674580,Davidson,Nashville,7/31/2017 12:44:00 PM,1,1,0,36.042480,-86.816110,GRANNY WHITE PKE,,,,291.00,Feet,South,DORSET DR,,,,0.00,N,Not at Intersection,N,Non-Junction,None,,,         ,Russell,Freeman,Clear,Not Collision with Motor Vehicle in Transport,no,no,no,no,no,False
101716772,METROPOLITAN NASHVILLE POLICE DEPT,20170674231,Davidson,Nashville,7/31/2017 10:12:00 AM,3,2,0,36.182230,-86.607900,OLD HICKORY BLVD,,,,0.00,,,ANDREW JACKSON WAY,,,,0.00,Y,Four-Way,N,Intersection-Related,None,,,         ,James,Curtis,Clear,"Sideswipe, Same Direction",no,no,no,no,no,False
101716781,METROPOLITAN NASHVILLE POLICE DEPT,20170674650,Davidson,Nashville,7/31/2017 1:10:00 PM,2,1,0,36.247479,-86.641277,OLD HICKORY,BLVD,SR2409,,0.00,,,24TH,ST,US,,0.00,Y,Four-Way,N,Intersection-Related,None,,,         ,Gregory,Lindstrom,Clear,Front to Rear,no,no,no,no,no,False
101716792,METROPOLITAN NASHVILLE POLICE DEPT,20170674752,Davidson,Nashville,7/31/2017 2:00:00 PM,2,0,0,36.168620,-86.785160,JAMES ROBERTSON PKWY,,,,0.00,,,6TH AVN,,,,0.00,Y,T-Intersection, ,Non-Junction,None,,,         ,Joshua,Reece,Clear,Front to Rear,no,no,no,no,no,False
101716802,METROPOLITAN NASHVILLE POLICE DEPT,20170674715,Davidson,Nashville,7/31/2017 1:47:00 PM,1,1,0,36.217050,-86.693370,MCGAVOCK PKE WB ENT RAMP,,,,0.00,,,MCGAVOCK PKE,,,,0.00,Y,OTHER,N,Entrance/Exit Ramp Related,None,,,         ,Michael,Dance,Clear,Not Collision with Motor Vehicle in Transport,no,no,no,no,no,False
101716803,METROPOLITAN NASHVILLE POLICE DEPT,20170674664,Davidson,Nashville,7/31/2017 1:22:00 PM,3,0,0,36.141610,-86.666560,DONELSON PKE,,,,217.00,Feet,South,I40 W EXT RAMP,,,,0.00,N,Not at Intersection, ,Non-Junction,None,,,         ,Larry,Benz,Clear,Front to Rear,no,no,no,no,no,False
101716825,METROPOLITAN NASHVILLE POLICE DEPT,20170674705,Davidson,Antioch,7/31/2017 12:19:00 PM,1,0,0,36.070750,-86.598820,SEASONS DR,,,,0.00,,,FORRESTAL WAY,,,,0.00,Y,T-Intersection,N,Non-Junction,None,,,         ,Roy,McElwee,Clear,Not Collision with Motor Vehicle in Transport,no,no,no,no,no,False
101716830,METROPOLITAN NASHVILLE POLICE DEPT,20170674336,Davidson,Nashville,7/31/2017 10:55:00 AM,1,1,0,36.081600,-86.715880,WHISPERING OAKS PL,,,,263.00,Feet,West,HARDING PL,,,,0.00,N,Not at Intersection,N,Non-Junction,None,,,         ,Jessie,Meadows,Clear,Not Collision with Motor Vehicle in Transport,yes,no,no,no,no,False
101716831,METROPOLITAN NASHVILLE POLICE DEPT,20170674403,Davidson,Nashville,7/31/2017 11:26:00 AM,2,4,0,36.100390,-86.718420,ANTIOCH PKE,,,,19.00,Feet,North,BRIDGEWAY DR,,,,0.00,N,Not at Intersection,N,Non-Junction,None,,,         ,Jessie,Meadows,Clear,Angle,no,no,no,no,no,False
101716832,METROPOLITAN NASHVILLE POLICE DEPT,20170674470,Davidson,Nashville,7/31/2017 11:58:00 AM,3,4,0,36.134520,-86.726910,I24E,,,,707.00,Feet,South,I24 E ENT RAMP,,,,0.00,N,Not at Intersection,N,Non-Junction,None,,,         ,Jessie,Meadows,Clear,Front to Rear,no,no,no,no,no,False
101716839,METROPOLITAN NASHVILLE POLICE DEPT,20170674765,Davidson,Not in City Limit,7/31/2017 2:11:00 PM,2,0,0,36.263700,-86.704470,DELAWARE AV,,,,10.00,Feet,North,STATE RT 45,,,,0.00,N,Not at Intersection, ,Non-Junction,None,,,         ,Michael,Agee,Clear,Angle,no,no,no,no,no,False
101716850,METROPOLITAN NASHVILLE POLICE DEPT,20170674844,Davidson,Nashville,7/31/2017 12:00:00 AM,2,0,0,36.185990,-86.798220,I65 S EXT RAMP,,,,0.00,Feet,East,I 65,,,,0.00,N,Not at Intersection, ,Non-Junction,None,,,         ,Melvin,Taylor,Clear,Front to Rear,no,no,no,no,yes,False
101716854,METROPOLITAN NASHVILLE POLICE DEPT,20170674778,Davidson,Nashville,7/31/2017 2:17:00 PM,2,2,0,36.179610,-86.800700,I 65,,,,0.00,,,,,,,85.00,N,Not at Intersection,N,Non-Junction,None,,,         ,Garren,Hoskins,Clear,Front to Rear,no,no,no,no,no,False
101716877,METROPOLITAN NASHVILLE POLICE DEPT,20170674936,Davidson,Nashville,7/31/2017 3:26:00 PM,2,1,0,36.140740,-86.793640,HORTON AV,,,,0.00,,,16TH AVS,,,,0.00,Y,Four-Way,N,Non-Junction,None,,,         ,Joseph,Patricio,Clear,Angle,no,no,no,no,no,False
101716882,METROPOLITAN NASHVILLE POLICE DEPT,20170674946,Davidson,Nashville,7/31/2017 2:35:00 PM,2,0,0,36.157340,-86.760410,I40 E ENT RAMP,,,,0.00,Feet,East,I 24,,,,0.00,N,Not at Intersection, ,,None,,,         ,Micah,Wright,,,no,no,no,no,no,False
101716883,METROPOLITAN NASHVILLE POLICE DEPT,20170674782,Davidson,Nashville,7/31/2017 2:22:00 PM,4,2,0,36.146100,-86.870730,CHARLOTTE PKE,,,,0.00,Feet,,WESTBORO DR,,,,0.00,Y,Four-Way,N,Intersection-Related,None,,,         ,Christopher,Royer,Clear,Front to Rear,no,no,no,no,no,False
101716891,METROPOLITAN NASHVILLE POLICE DEPT,20170674700,Davidson,Nashville,7/31/2017 1:06:00 PM,1,0,0,36.192210,-86.766130,PENNOCK AV,,,,90.00,Feet,North,RICHARDSON AV,,,,0.00,N,Not at Intersection,N,Non-Junction,None,,,         ,Joshua,Murray,Clear,Not Collision with Motor Vehicle in Transport,no,no,no,no,yes,False
101716899,METROPOLITAN NASHVILLE POLICE DEPT,20170675068,Davidson,Nashville,7/31/2017 3:56:00 PM,2,0,0,36.089790,-86.627140,BELL RD,,,,249.00,Feet,North,NASHBORO BLVD,,,,0.00,N,Not at Intersection, ,Non-Junction,None,,,         ,Michael,Apsey,Clear,Front to Rear,no,no,no,no,no,False
101716900,METROPOLITAN NASHVILLE POLICE DEPT,20170675035,Davidson,Goodlettsville,7/31/2017 4:08:00 PM,2,0,0,36.300680,-86.695010,GALLATIN PKEN,,,,75.00,Feet,West,SHEPHERD HILLS DR,,,,0.00,N,Not at Intersection, ,Non-Junction,None,,,         ,Christopher,Littles,Clear,Front to Rear,no,no,no,no,no,False
101716924,METROPOLITAN NASHVILLE POLICE DEPT,20170675149,Davidson,Nashville,7/31/2017 12:00:00 AM,1,0,0,36.220510,-86.809590,BALDWIN CT,,,,360.00,Feet,East,ROWAN CT,,,,0.00,N,Not at Intersection, ,Non-Junction,None,,,         ,Melvin,Taylor,Clear,Not Collision with Motor Vehicle in Transport,no,no,no,no,no,False
101716934,METROPOLITAN NASHVILLE POLICE DEPT,20170675157,Davidson,Not in City Limit,7/31/2017 5:00:00 PM,2,0,0,36.265490,-86.739870,OLD HICKORY BLVDW,,,,0.00,,,I65 S EXT RAMP,,,,0.00,Y,T-Intersection,N,Intersection,None,,,         ,Christopher,Littles,Clear,Angle,no,no,no,no,yes,False
101716935,METROPOLITAN NASHVILLE POLICE DEPT,20170675067,Davidson,Nashville,7/31/2017 4:00:00 PM,2,0,0,36.168540,-86.788320,ROSA L PARKS BLVD,,,,0.00,,,HARRISON ST,,,,0.00,Y,Four-Way, ,,None,,,         ,Deandera,Payne,,,no,no,no,no,no,False
101716939,METROPOLITAN NASHVILLE POLICE DEPT,20170675053,Davidson,Nashville,7/31/2017 4:08:00 PM,1,0,0,36.116170,-86.786410,I 440,,,,0.00,,,,,,,4.20,N,Not at Intersection,N,Non-Junction,None,,,         ,Ryan,Storm,Clear,Not Collision with Motor Vehicle in Transport,no,no,no,no,no,False
101716941,METROPOLITAN NASHVILLE POLICE DEPT,20170674914,Davidson,Nashville,7/31/2017 2:25:00 PM,2,0,0,36.046670,-86.713420,NOLENSVILLE PKE,,,,476.00,Feet,North,OLD HICKORY BLVD,,,,0.00,N,Not at Intersection, ,Non-Junction,None,,,         ,Trenton,Searcy,Clear,Angle,no,no,no,no,yes,False
101716953,METROPOLITAN NASHVILLE POLICE DEPT,20170674898,Davidson,Not in City Limit,7/31/2017 2:52:00 PM,2,0,0,36.001790,-86.631780,OLD HICKORY BLVD,,,,624.00,Feet,West,RED APPLE RD,,,,0.00,N,Not at Intersection, ,Non-Junction,None,,,         ,Alyson,Cook,Clear,Angle,no,no,no,no,no,False
101716956,METROPOLITAN NASHVILLE POLICE DEPT,20170675249,Davidson,Nashville,7/31/2017 12:00:00 AM,2,0,0,36.156350,-86.807050,CHARLOTTE AV,,,,59.00,Feet,East,22ND AVN,,,,0.00,N,Not at Intersection, ,Non-Junction,None,,,         ,Melvin,Taylor,Clear,Front to Rear,no,no,no,no,no,False
101716957,METROPOLITAN NASHVILLE POLICE DEPT,20170675143,Davidson,Nashville,7/31/2017 4:50:00 PM,2,0,0,36.045820,-86.855880,OLD HICKORY BLVD,,,,136.00,Feet,West,WILDWOOD VALLEY DR,,,,0.00,N,Not at Intersection,N,Non-Junction,None,,,         ,David,Robberson,Clear,Front to Rear,no,no,no,no,no,False
101716958,METROPOLITAN NASHVILLE POLICE DEPT,20170675293,Davidson,Nashville,7/31/2017 5:41:00 PM,2,0,0,36.172520,-86.765160,S 5TH ST,,,,129.00,Feet,South,MAIN ST,,,,0.00,N,Not at Intersection, ,Non-Junction,None,,,         ,Michael,Moss,Clear,Front to Rear,no,no,no,no,yes,False
101716960,METROPOLITAN NASHVILLE POLICE DEPT,20170674806,Davidson,Nashville,7/31/2017 3:20:00 PM,2,0,0,36.044770,-86.661020,BELL RD,,,,150.00,Feet,East,CANE RIDGE RD,,,,0.00,N,Not at Intersection, ,Non-Junction,None,,,         ,Jessie,Meadows,Clear,"Sideswipe, Same Direction",no,no,no,no,no,False