master_record_number,agency,agency_tracking_number,county,city,collision_date,vehicles_involved,number_injured,number_dead,latitude,longitude,roadway_name,roadway_suffix,roadway_number,roadway_local_id,distance_from_reference,miles-feet_indicator,direction_from_reference,intersection_road_name,intersection_road_name_suffix,intersection_road_number,intersection_local_id,mile_marker,intersection_indicator,intersect_type,interchange_related_indicator,relation_to_junction,work_zone_type,construction_maintenance_zone,construction_maintenance_zone_location,fatal_case_number,officer_first_name,officer_last_name,weather_condition(s),manner_of_crash,pedestrian,bicycle,scooter,parking,hitrun,mou
101720005,METROPOLITAN NASHVILLE POLICE DEPT,20170687402,Davidson,Nashville,8/4/2017 7:54:00 AM,1,0,0,36.056740,-86.667790,MT VIEW RD,,,,1092.00,Feet,East,HICKORY HOLLOW PKWY,,,,0.00,N,Not at Intersection,N,Non-Junction,None,,,         ,Blake,Lutz,Clear,Not Collision with Motor Vehicle in Transport,no,no,no,no,yes,False
101720006,METROPOLITAN NASHVILLE POLICE DEPT,20170687452,Davidson,Nashville,8/4/2017 8:26:00 AM,2,0,0,36.121950,-86.852650,HILLWOOD BLVD,,,,415.00,Feet,West,HARDING PKE,,,,0.00,N,Not at Intersection,N,Non-Junction,None,,,         ,Curtis,Rich,Rain,"Sideswipe, Opposite Direction",no,no,no,no,no,False
101720007,METROPOLITAN NASHVILLE POLICE DEPT,20170687455,Davidson,Nashville,8/4/2017 8:30:00 AM,2,0,0,36.116010,-86.788530,I 440,,,,0.00,,,,,,,3.95,N,Not at Intersection, ,,None,,,         ,Citlaly,Juarez,,,no,no,no,no,no,False
101720011,GOODLETTSVILLE POLICE DEPT,17-27081,Davidson,Goodlettsville,8/4/2017 7:57:00 AM,2,0,0,36.306840,-86.694360,VIETNAM VETERANS BLVD NB ENT R,,,,0.00,,,CONFERENCE DR,,,,0.00,Y,T-Intersection, ,Entrance/Exit Ramp Related,None,,,         ,Brian,Hajdu,Rain,Front to Rear,no,no,no,no,no,False
101720017,METROPOLITAN NASHVILLE POLICE DEPT,20170687318,Davidson,Nashville,8/4/2017 7:14:00 AM,3,0,0,36.041400,-86.782250,I 65,,,,0.00,,,,,,,74.75,N,Not at Intersection,N,Non-Junction,Construction Zone,Other,Activity Area,         ,Russell,Freeman,Clear,Front to Rear,no,no,no,no,yes,False
101720028,METROPOLITAN NASHVILLE POLICE DEPT,20170687381,Davidson,Nashville,8/4/2017 12:00:00 AM,2,0,0,36.162230,-86.774360,1ST AVS,,,,0.00,,,1ST AVN,,,,0.00,Y,T-Intersection, ,Intersection-Related,None,,,         ,Daniel,Russett,Cloudy,Unknown,no,no,no,no,yes,False
101720033,METROPOLITAN NASHVILLE POLICE DEPT,20170687431,Davidson,Nashville,8/4/2017 8:08:00 AM,2,0,0,36.088030,-86.649390,MURFREESBORO PKE,,,,419.00,Feet,South,RANSOM PL,,,,0.00,N,Not at Intersection, ,Non-Junction,None,,,         ,Steven,Rowlett,Cloudy,Angle,no,no,no,no,no,False
101720035,METROPOLITAN NASHVILLE POLICE DEPT,20170687557,Davidson,Nashville,8/4/2017 8:38:00 AM,2,0,0,36.104600,-86.756010,SIDCO DR,,,,141.00,Feet,South,NORRIS AV,,,,0.00,N,Not at Intersection, ,Non-Junction,None,,,         ,Randall,Ward,Rain,Front to Rear,no,no,no,no,no,False
101720039,METROPOLITAN NASHVILLE POLICE DEPT,20170687474,Davidson,Nashville,8/4/2017 7:59:00 AM,2,0,0,36.162020,-86.790530,11TH AVN,,,,42.00,Feet,South,CHARLOTTE AV,,,,0.00,N,Not at Intersection, ,Non-Junction,None,,,         ,Kevin,Johnson,Rain,Front to Rear,no,no,no,no,no,False
101720040,METROPOLITAN NASHVILLE POLICE DEPT,20170687516,Davidson,Nashville,8/4/2017 8:50:00 AM,2,1,0,36.153870,-86.839260,I 40,,,,0.00,,,,,,,205.00,N,Not at Intersection,N,Non-Junction,None,,,         ,George,Spencer,Clear,Front to Rear,no,no,no,no,no,False
101720042,METROPOLITAN NASHVILLE POLICE DEPT,20170687568,Davidson,Nashville,8/4/2017 9:00:00 AM,2,0,0,36.046720,-86.657020,BELL RD,,,,370.00,Feet,East,COLLINS PARK DR,,,,0.00,N,Not at Intersection, ,Non-Junction,None,,,         ,Thomas,White,Rain,Front to Rear,no,no,no,no,yes,False
101720063,METROPOLITAN NASHVILLE POLICE DEPT,20170687530,Davidson,Nashville,8/4/2017 8:54:00 AM,2,0,0,36.151300,-86.691910,BRILEY PKWY S EXT RAMP,,,,0.00,,,ELM HILL PKE,,,,0.00,Y,T-Intersection,N,Intersection,None,,,         ,Michael,Dance,Cloudy,Angle,no,no,no,no,no,False
101720065,METROPOLITAN NASHVILLE POLICE DEPT,20170687491,Davidson,Nashville,8/4/2017 8:32:00 AM,4,0,0,36.195540,-86.776150,I 65,,,,0.00,,,,,,,86.55,N,Not at Intersection,N,Non-Junction,None,,,         ,Royce,McLester,Rain,Front to Rear,no,no,no,no,no,False
101720072,METROPOLITAN NASHVILLE POLICE DEPT,20170687387,Davidson,Nashville,8/4/2017 7:46:00 AM,2,0,0,36.080520,-86.696790,I 24,,,,0.00,,,,,,,56.15,N,Not at Intersection,N,Non-Junction,None,,,         ,Peter,Vaught,Clear,Front to Rear,no,no,no,no,no,False
101720076,METROPOLITAN NASHVILLE POLICE DEPT,20170687733,Davidson,Nashville,8/4/2017 12:00:00 AM,2,0,0,36.037910,-86.658120,CANE RIDGE RD,,,,498.00,Feet,South,MOUNTAINHIGH DR,,,,0.00,N,Not at Intersection, ,Non-Junction,None,,,         ,Jason,Dudley,Clear,"Sideswipe, Opposite Direction",no,no,no,no,no,False
101720077,METROPOLITAN NASHVILLE POLICE DEPT,20170687574,Davidson,Nashville,8/4/2017 9:37:00 AM,2,0,0,36.154710,-86.759770,I 40,,,,0.00,,,,,,,211.00,N,Not at Intersection, ,,None,,,         ,Byron,Carter,,,no,no,no,no,no,False
101720082,METROPOLITAN NASHVILLE POLICE DEPT,20170687666,Davidson,Not in City Limit,8/4/2017 10:00:00 AM,2,0,0,36.000200,-86.634830,OLD HICKORY BLVD,,,,311.00,Feet,East,CANE RIDGE RD,,,,0.00,N,Not at Intersection, ,Non-Junction,None,,,         ,Thomas,White,Rain,"Sideswipe, Opposite Direction",no,no,no,no,yes,False
101720100,Nashville Airport Police,2017-02604,Davidson,Nashville,7/29/2017 11:40:00 AM,1,1,0,36.131870,-86.668800,TERMINAL DR,,,,1233.00,Feet,West,AIRPORT SERVICE RD,,,,0.00,N,Not at Intersection,N,Non-Junction,None,,,         ,Taran,Perry,Clear,Not Collision with Motor Vehicle in Transport,yes,no,no,no,no,False
101720104,METROPOLITAN NASHVILLE POLICE DEPT,20170687460,Davidson,Nashville,8/4/2017 8:00:00 AM,1,0,0,36.238410,-86.744120,I65 S EXT RAMP,,,,0.00,Feet,East,BRILEY PKWY E EXT RAMP,,,,0.00,N,Not at Intersection, ,Entrance/Exit Ramp Related,None,,,         ,Nicholas,Silinsky,Cloudy,Not Collision with Motor Vehicle in Transport,no,no,no,no,no,False
101720106,METROPOLITAN NASHVILLE POLICE DEPT,20170687524,Davidson,Nashville,8/4/2017 8:50:00 AM,2,0,0,36.096820,-86.708830,I 24,,,,0.00,,,,,,,54.80,N,Not at Intersection, ,Non-Junction,None,,,         ,Shelby,Hughes,Rain,Front to Rear,no,no,no,no,no,False
101720118,METROPOLITAN NASHVILLE POLICE DEPT,20170687758,Davidson,Nashville,8/4/2017 9:53:00 AM,2,0,0,36.152910,-86.807600,23RD AVN,,,,0.00,,,PATTERSON ST,,,,0.00,Y,T-Intersection, ,Intersection,None,,,         ,Shaquille,Graham,Cloudy,Front to Rear,no,no,no,no,no,False
101720131,METROPOLITAN NASHVILLE POLICE DEPT,20170687734,Davidson,Nashville,8/4/2017 10:14:00 AM,2,2,0,36.142100,-86.711890,I 40,,,,0.00,,,,,,,214.10,N,Not at Intersection,N,Non-Junction,None,,,         ,Ralph,Harvey,Clear,Front to Rear,no,no,no,no,no,False
101720144,METROPOLITAN NASHVILLE POLICE DEPT,20170687755,Davidson,Nashville,8/4/2017 10:23:00 AM,2,3,0,36.040000,-86.781280,I65 N EXT RAMP,,,,0.00,Feet,East,I 65,,,,0.00,N,Not at Intersection,Y,Entrance/Exit Ramp Related,None,,,         ,Devonte,Coleman,Cloudy,Front to Rear,no,no,no,no,no,False
101720148,METROPOLITAN NASHVILLE POLICE DEPT,20170687683,Davidson,Nashville,8/4/2017 10:05:00 AM,1,0,0,36.079790,-86.720370,RECOVERY RD,,,,255.00,Feet,North,HARDING PL,,,,0.00,N,Not at Intersection,N,Non-Junction,None,,,         ,Jessie,Meadows,Rain,Not Collision with Motor Vehicle in Transport,no,no,no,no,no,False
101720164,METROPOLITAN NASHVILLE POLICE DEPT,20170687364,Davidson,Not in City Limit,8/4/2017 7:37:00 AM,2,6,0,36.261760,-86.737930,I65 N EXT RAMP,,,,138.00,Feet,North,I 65,,,,0.00,N,Not at Intersection,N,Non-Junction,None,,,         ,Thomas,Odom,Clear,Angle,no,no,no,no,yes,False
101720165,METROPOLITAN NASHVILLE POLICE DEPT,20170687596,Davidson,Nashville,8/4/2017 9:00:00 AM,1,1,0,36.074080,-86.734860,OVERCREST DR,,,,55.00,Feet,North,BLACKMAN RD,,,,0.00,N,Not at Intersection,N,Non-Junction,None,,,         ,Kevin,Crawford,Rain,Not Collision with Motor Vehicle in Transport,no,no,no,no,no,False
101720166,METROPOLITAN NASHVILLE POLICE DEPT,20170687890,Davidson,Nashville,8/4/2017 11:12:00 AM,1,1,0,36.250900,-86.718720,MOVING CENTER CT,,,,122.00,Feet,West,GALLATIN PKES,,,,0.00,N,Not at Intersection,N,Non-Junction,None,,,         ,Thomas,Odom,Clear,Not Collision with Motor Vehicle in Transport,yes,no,no,yes,no,False
101720183,METROPOLITAN NASHVILLE POLICE DEPT,20170687840,Davidson,Nashville,8/4/2017 11:00:00 AM,2,0,0,36.082730,-86.697870,I 24,,,,0.00,,,,,,,56.00,N,Not at Intersection, ,Non-Junction,None,,,         ,John,Hoesli,Cloudy,"Sideswipe, Same Direction",no,no,no,no,no,False
101720215,METROPOLITAN NASHVILLE POLICE DEPT,20170687909,Davidson,Nashville,8/4/2017 11:17:00 AM,2,0,0,36.083390,-86.727700,NOLENSVILLE PKE,,,,69.00,Feet,West,WELCH RD,,,,0.00,N,Not at Intersection, ,OtherLocation,None,,,         ,Darrell,Osment,Cloudy,Angle,no,no,no,no,no,False
101720229,METROPOLITAN NASHVILLE POLICE DEPT,2017-0688030,Davidson,Nashville,8/4/2017 12:03:00 PM,1,1,0,36.157930,-86.791610,14TH AVN,,,,0.00,,,CHURCH ST,,,,0.00,Y,Four-Way,N,Intersection,None,,,         ,Jonathan,Seidl,Cloudy,Not Collision with Motor Vehicle in Transport,yes,no,no,no,yes,False
101720236,METROPOLITAN NASHVILLE POLICE DEPT,20170687610,Davidson,Nashville,8/4/2017 9:34:00 AM,4,1,0,36.153760,-86.756900,I 40,,,,0.00,,,,,,,211.15,N,Not at Intersection,N,Non-Junction,None,,,         ,Michael,Dance,Cloudy,Front to Rear,no,no,no,no,no,False
101720242,METROPOLITAN NASHVILLE POLICE DEPT,20170687911,Davidson,Nashville,8/4/2017 11:47:00 AM,2,0,0,36.198670,-86.756270,ROSEDALE AV,,,,53.00,Feet,North,WARD ST,,,,0.00,N,Not at Intersection, ,Non-Junction,None,,,         ,Russell,Jones,Cloudy,"Sideswipe, Opposite Direction",no,no,no,no,no,False
101720246,METROPOLITAN NASHVILLE POLICE DEPT,20170687973,Davidson,Nashville,8/4/2017 11:49:00 AM,2,0,0,36.143290,-86.857730,CORBETT LN,,,,0.00,Feet,West,WHITE BRIDGE PKE,,,,0.00,N,Not at Intersection,N,Non-Junction,None,,,         ,Curtis,Rich,Cloudy,Angle,no,no,no,no,no,False
101720293,METROPOLITAN NASHVILLE POLICE DEPT,20170688044,Davidson,Nashville,8/4/2017 12:10:00 PM,2,0,0,36.133580,-86.779160,ROYCROFT PL,,,,0.00,,,8TH AVS,,,,0.00,Y,OTHER, ,Non-Junction,None,,,         ,Citlaly,Juarez,Clear,,no,no,no,no,no,False
101720304,METROPOLITAN NASHVILLE POLICE DEPT,20170688051,Davidson,Nashville,8/4/2017 12:15:00 PM,4,3,0,36.124670,-86.696290,BRILEY PKWY,,,,137.00,Feet,North,VULTEE BLVD,,,,0.00,N,Not at Intersection,N,Non-Junction,None,,,         ,Steven,Rowlett,Cloudy,Front to Rear,no,no,no,no,no,False
101720305,METROPOLITAN NASHVILLE POLICE DEPT,20170687874,Davidson,Nashville,8/4/2017 11:05:00 AM,2,0,0,36.176510,-86.769720,SPRING ST,,,,0.00,,,DICKERSON PKE,,,,0.00,Y,OTHER, ,Non-Junction,None,,,         ,Alex,Moore,Clear,Front to Rear,no,no,no,no,no,False
101720314,METROPOLITAN NASHVILLE POLICE DEPT,20170687857,Davidson,Nashville,8/4/2017 10:42:00 AM,2,0,0,36.139620,-86.729620,I 24,,,,0.00,,,,,,,51.50,N,Not at Intersection,N,Non-Junction,None,,,         ,James,Curtis,Cloudy,"Sideswipe, Same Direction",no,no,no,no,no,False
101720317,METROPOLITAN NASHVILLE POLICE DEPT,20170688179,Davidson,Nashville,8/4/2017 12:58:00 PM,2,1,0,36.263210,-86.757280,WESTCHESTER DR,,,,0.00,,,DICKERSON PKE,,,,0.00,Y,Four-Way,N,Intersection,None,,,         ,Thomas,Odom,Clear,Angle,no,no,no,no,no,False
101720350,METROPOLITAN NASHVILLE POLICE DEPT,20170688221,Davidson,Nashville,8/4/2017 1:16:00 PM,2,0,0,36.139620,-86.879880,CHARLOTTE PKE,,,,270.00,Feet,West,RUSSLEO DR,,,,0.00,N,Not at Intersection, ,Non-Junction,None,,,         ,Curtis,Rich,Cloudy,Angle,no,no,no,no,no,False
101720356,METROPOLITAN NASHVILLE POLICE DEPT,20170688229,Davidson,Nashville,8/4/2017 1:18:00 PM,2,0,0,36.187920,-86.798480,DOMINICAN DR,,,,0.00,,,ROSA L PARKS BLVD,,,,0.00,Y,OTHER, ,,None,,,         ,James,Jarvis,,,no,no,no,no,no,False
101720357,METROPOLITAN NASHVILLE POLICE DEPT,20170688145,Davidson,Nashville,8/4/2017 12:40:00 PM,2,0,0,36.160760,-86.793690,CHARLOTTE AV,,,,0.00,Feet,,14TH AVN,,,,0.00,Y,Four-Way, ,Intersection,None,,,         ,Nicholas,MacDougall,Clear,"Sideswipe, Same Direction",no,no,no,no,no,False
101720358,METROPOLITAN NASHVILLE POLICE DEPT,20170687964,Davidson,Nashville,8/4/2017 11:30:00 AM,2,0,0,36.166040,-86.764630,I24 E EXT RAMP,,,,0.00,Feet,East,I 24,,,,0.00,N,Not at Intersection, ,Entrance/Exit Ramp Related,None,,,         ,Christopher,Dickerson,Clear,"Sideswipe, Same Direction",no,no,no,no,no,False
101720359,METROPOLITAN NASHVILLE POLICE DEPT,20170688258,Davidson,Nashville,8/4/2017 1:25:00 PM,2,0,0,36.110500,-86.766970,POWELL AV,,,,174.00,Feet,South,OLD POWELL AV,,,,0.00,N,Not at Intersection,N,"Driveway, Alley Access, etc",None,,,         ,Brent,Bauer,Rain,Angle,no,no,no,no,yes,False
101720365,METROPOLITAN NASHVILLE POLICE DEPT,20170688108,Davidson,Nashville,8/4/2017 12:30:00 PM,2,0,0,36.060220,-86.917810,HIGHWAY 100,,,,55.00,Feet,West,HARPETH BEND DR,,,,0.00,N,Not at Intersection,Y,Non-Junction,None,,,         ,Wesley,Tilley,Clear,Angle,no,no,no,no,no,False
101720366,METROPOLITAN NASHVILLE POLICE DEPT,20170688188,Davidson,Nashville,8/4/2017 12:50:00 PM,2,0,0,36.183750,-86.747780,EASTLAND AV,,,,177.00,Feet,East,GALLATIN AV,,,,0.00,N,Not at Intersection,N,Non-Junction,None,,,         ,Gregory,Cenicola,Clear,Angle,no,no,no,no,no,False
101720367,METROPOLITAN NASHVILLE POLICE DEPT,20170688230,Davidson,Nashville,8/4/2017 1:30:00 PM,1,0,0,36.136890,-86.874180,RUSSLEO DR,,,,417.00,Feet,East,FLEETWOOD DR,,,,0.00,N,Not at Intersection,N,Non-Junction,None,,,         ,George,Spencer,Clear,Not Collision with Motor Vehicle in Transport,no,no,no,no,no,False
101720368,METROPOLITAN NASHVILLE POLICE DEPT,20170688017,Davidson,Nashville,8/4/2017 11:55:00 AM,2,1,0,36.111300,-86.692790,INTERSTATE 24,,,,10.00,Feet,West,SHELBY AVENUE,,,,48.80,N,Not at Intersection,N,Non-Junction,None,,,         ,William,Vincion,Clear,Front to Rear,no,no,no,no,no,False
101720390,METROPOLITAN NASHVILLE POLICE DEPT,20170688296,Davidson,Nashville,8/4/2017 1:42:00 PM,1,0,0,36.143430,-86.696160,I40 E EXT RAMP,,,,0.00,,,I 40,,,,0.00,Y,OTHER, ,Entrance/Exit Ramp Related,None,,,         ,James,Curtis,Rain,Not Collision with Motor Vehicle in Transport,no,no,no,no,no,False
101720407,METROPOLITAN NASHVILLE POLICE DEPT,20170688272,Davidson,Nashville,8/4/2017 1:35:00 PM,2,0,0,36.116710,-86.770550,I 440,,,,0.00,,,,,,,5.10,N,Not at Intersection,N,Non-Junction,None,,,         ,Citlaly,Juarez,Rain,"Sideswipe, Same Direction",no,no,no,no,yes,False
101720415,METROPOLITAN NASHVILLE POLICE DEPT,20170688281,Davidson,Nashville,8/4/2017 1:43:00 PM,2,0,0,36.205950,-86.820940,BUENA VISTA PKE,,,,500.00,Feet,North,TUCKER RD,,,,0.00,N,Not at Intersection, ,,None,,,         ,Garren,Hoskins,,,no,no,no,no,no,False
101720430,METROPOLITAN NASHVILLE POLICE DEPT,20170688288,Davidson,Nashville,8/4/2017 1:20:00 PM,2,0,0,36.069520,-86.693310,HAYWOOD LN,,,,250.00,Feet,East,EZELL RD,,,,0.00,N,Not at Intersection, ,Non-Junction,None,,,         ,Blake,Lutz,Clear,Angle,no,no,no,yes,yes,False
101720443,METROPOLITAN NASHVILLE POLICE DEPT,20170688294,Davidson,Nashville,8/4/2017 1:41:00 PM,2,0,0,36.153950,-86.822910,I 440,,,,0.00,,,,,,,0.70,N,Not at Intersection, ,,None,,,         ,Michael,Pyle,,,no,no,no,no,no,False
101720456,METROPOLITAN NASHVILLE POLICE DEPT,20170687812,Davidson,Nashville,8/4/2017 10:43:00 AM,2,4,0,36.153710,-86.721560,SPENCE LN,,,,0.00,,,LEBANON PKE,,,,0.00,Y,Four-Way,N,Intersection,None,,,         ,Kevin,Coleman,Clear,Angle,no,no,no,no,no,False
101720457,GOODLETTSVILLE POLICE DEPT,17-27100,Davidson,Goodlettsville,8/4/2017 12:31:00 PM,2,0,0,36.322910,-86.708460,LONG HOLLOW PKE,,,,270.00,Feet,West,CARTWRIGHT ST,,,,0.00,N,Not at Intersection,N,Non-Junction,None,,,         ,Timothy,Williams,Cloudy,Angle,no,no,no,no,no,False
101720476,METROPOLITAN NASHVILLE POLICE DEPT,20170688352,Davidson,Nashville,8/4/2017 2:17:00 PM,1,0,0,36.140180,-86.818190,WEST END AV,,,,337.00,Feet,South,PARK DR,,,,0.00,N,Not at Intersection, ,Non-Junction,None,,,         ,Bryan,Musgrave,Rain,Not Collision with Motor Vehicle in Transport,no,no,no,no,no,False
101720482,METROPOLITAN NASHVILLE POLICE DEPT,20170688183,Davidson,Nashville,8/4/2017 12:19:00 PM,2,0,0,36.148750,-86.762200,LAFAYETTE ST,,,,90.00,Feet,East,CHARLES E DAVIS BLVD,,,,0.00,N,Not at Intersection, ,Non-Junction,None,,,         ,Wesley,Young,Cloudy,"Sideswipe, Same Direction",no,no,no,no,no,False
101720484,METROPOLITAN NASHVILLE POLICE DEPT,20170688266,Davidson,Nashville,8/4/2017 1:30:00 PM,2,0,0,36.172610,-86.649480,LEBANON PKE,,,,0.00,,,DISSPAYNE DR,,,,0.00,Y,T-Intersection, ,Non-Junction,None,,,         ,Cody,O'Quinn,Clear,Front to Rear,no,no,no,no,no,False
101720496,METROPOLITAN NASHVILLE POLICE DEPT,20170688250,Davidson,Nashville,8/4/2017 1:27:00 PM,2,1,0,36.212740,-86.775690,I 65,,,,0.00,,,,,,,87.80,N,Not at Intersection,N,Non-Junction,None,,,         ,Michael,McCord,Cloudy,Front to Rear,no,no,no,no,no,False
101720497,METROPOLITAN NASHVILLE POLICE DEPT,20170688381,Davidson,Nashville,8/4/2017 2:36:00 PM,2,1,0,36.154270,-86.792890,WEST END AV,,,,0.00,,,BROADWAY,,,,0.00,Y,Five Point Or More,N,Intersection-Related,None,,,         ,Tien,Nguyen,Rain,Angle,no,no,no,no,no,False
101720507,METROPOLITAN NASHVILLE POLICE DEPT,20170688239,Davidson,Goodlettsville,8/4/2017 1:35:00 PM,2,0,0,36.301770,-86.693270,GALLATIN PKEN,,,,66.00,Feet,East,THE GALLERY AT RIVERGATE PVTDR,,,,0.00,N,Not at Intersection,N,Non-Junction,None,,,         ,Faye,Denson,Clear,"Sideswipe, Same Direction",no,no,no,no,yes,False
101720510,METROPOLITAN NASHVILLE POLICE DEPT,20170688399,Davidson,Nashville,8/4/2017 2:48:00 PM,2,0,0,36.135890,-86.725180,MURFREESBORO PKE,,,,50.00,Feet,West,SPENCE LN,,,,0.00,N,Not at Intersection, ,Non-Junction,None,,,         ,Alyson,Cook,Rain,Front to Rear,no,no,no,no,no,False
101720512,METROPOLITAN NASHVILLE POLICE DEPT,20170688319,Davidson,Not in City Limit,8/4/2017 2:00:00 PM,1,1,0,36.271360,-86.879780,OLD HICKORY BLVD,,,,392.00,Feet,South,CARNEY RD,,,,0.00,N,Not at Intersection,N,Non-Junction,None,,,         ,Timothy,Morgan,Rain,Not Collision with Motor Vehicle in Transport,no,no,no,no,no,False
101720550,METROPOLITAN NASHVILLE POLICE DEPT,20170688366,Davidson,Nashville,8/4/2017 12:00:00 AM,1,0,0,36.217900,-86.807020,MOORMANS ARM RD,,,,253.00,Feet,East,CRAVATH DR,,,,0.00,N,Not at Intersection, ,Non-Junction,None,,,         ,Melvin,Taylor,Clear,Not Collision with Motor Vehicle in Transport,no,no,no,no,yes,False
101720569,METROPOLITAN NASHVILLE POLICE DEPT,20170688482,Davidson,Nashville,8/4/2017 3:03:00 PM,2,0,0,36.140300,-86.814880,32ND AVS,,,,43.00,Feet,South,ORLEANS DR,,,,0.00,N,Not at Intersection, ,Non-Junction,None,,,         ,Tien,Nguyen,Rain,"Sideswipe, Same Direction",no,no,no,no,no,Campus
101720577,METROPOLITAN NASHVILLE POLICE DEPT,20170688447,Davidson,Nashville,8/4/2017 2:49:00 PM,2,0,0,36.182980,-86.802620,9TH AVN,,,,81.00,Feet,North,COFFEE ST,,,,0.00,N,Not at Intersection, ,Non-Junction,None,,,         ,Samuel,Galluzzi,Rain,Front to Rear,no,no,no,no,no,False
101720581,METROPOLITAN NASHVILLE POLICE DEPT,20170688502,Davidson,Nashville,8/4/2017 2:05:00 PM,2,0,0,36.172680,-86.796200,REV DR ENOCH JONES BLVD,,,,211.00,Feet,North,JEFFERSON ST,,,,0.00,N,Not at Intersection, ,Non-Junction,None,,,         ,Landon,Bagwell,Rain,Rear to Side,no,no,no,yes,yes,False
101720607,METROPOLITAN NASHVILLE POLICE DEPT,20170688412,Davidson,Nashville,8/4/2017 2:50:00 PM,2,0,0,36.241300,-86.757540,BRILEY PKWYE,,,,82.00,Feet,West,BRILEY PKWYW,,,,0.00,N,Not at Intersection, ,Non-Junction,None,,,         ,Bradley,Fort,Rain,Front to Rear,no,no,no,no,no,False
101720609,METROPOLITAN NASHVILLE POLICE DEPT,20170682056,Davidson,Nashville,8/2/2017 4:35:00 PM,5,1,0,36.161200,-86.792680,CHARLOTTE AV,,,,0.00,,,GEORGE L DAVIS BLVD,,,,0.00,Y,Four-Way,N,Intersection,None,,,         ,Michael,Douglas,Clear,Front to Rear,no,no,no,no,yes,False
101720611,METROPOLITAN NASHVILLE POLICE DEPT,20170688481,Davidson,Nashville,8/4/2017 2:50:00 PM,2,0,0,36.136350,-86.813530,ACKLEN AV,,,,184.00,Feet,East,32ND AVS,,,,0.00,N,Not at Intersection, ,Non-Junction,None,,,         ,Tien,Nguyen,Rain,Angle,no,no,no,no,no,False
101720612,METROPOLITAN NASHVILLE POLICE DEPT,20170688458,Davidson,Nashville,8/4/2017 12:00:00 AM,2,0,0,36.218960,-86.755600,JONES AV,,,,0.00,Feet,,CAPITOL VIEW AV,,,,0.00,Y,T-Intersection,N,Intersection,None,,,         ,Gordon,Stovall,Cloudy,Angle,no,no,no,no,yes,False
101720613,METROPOLITAN NASHVILLE POLICE DEPT,20170688492,Davidson,Nashville,8/4/2017 2:37:00 PM,2,0,0,36.183640,-86.748450,GALLATIN AV,,,,68.00,Feet,South,EASTLAND AV,,,,0.00,N,Not at Intersection, ,Non-Junction,None,,,         ,Amanda,Fox,Cloudy,"Sideswipe, Same Direction",no,no,no,no,no,False
101720617,METROPOLITAN NASHVILLE POLICE DEPT,20170688489,Davidson,Nashville,8/4/2017 3:10:00 PM,1,0,0,36.050730,-86.690570,OCALA DR,,,,69.00,Feet,East,DELVIN DR,,,,0.00,N,Not at Intersection,N,Non-Junction,None,,,         ,Alyson,Cook,Rain,Not Collision with Motor Vehicle in Transport,no,no,no,no,yes,False
101720620,METROPOLITAN NASHVILLE POLICE DEPT,20170688408,Davidson,Nashville,8/4/2017 3:00:00 PM,3,0,0,36.141750,-86.713140,I 40,,,,0.00,,,,,,,214.00,N,Not at Intersection,N,Non-Junction,None,,,         ,Matthew,Turppa,Rain,Front to Rear,no,no,no,no,yes,False
101720634,METROPOLITAN NASHVILLE POLICE DEPT,20170688572,Davidson,Nashville,8/4/2017 1:50:00 PM,1,0,0,36.216000,-86.691820,MCGAVOCK PKE EB ENT RAMP,,,,0.00,Feet,East,MCGAVOCK PKE WB ENT RAMP,,,,0.00,N,Not at Intersection,N,Non-Junction,None,,,         ,Samuel,Sundra,Rain,Not Collision with Motor Vehicle in Transport,no,no,no,no,no,False
101720635,METROPOLITAN NASHVILLE POLICE DEPT,2017-0688172,Davidson,Nashville,8/4/2017 12:53:00 PM,3,4,0,36.139350,-86.819100,ORLEANS DR,,,,0.00,,,WEST END AV,,,,0.00,Y,Four-Way,N,Intersection,None,,,         ,Jonathan,Seidl,Rain,Angle,yes,no,no,no,no,False
101720646,METROPOLITAN NASHVILLE POLICE DEPT,20170688574,Davidson,Nashville,8/4/2017 12:00:00 AM,2,0,0,36.172800,-86.792260,9TH AVN,,,,95.00,Feet,South,JEFFERSON ST,,,,0.00,N,Not at Intersection, ,Non-Junction,None,,,         ,Melvin,Taylor,Clear,Angle,no,no,no,no,no,False
101720649,METROPOLITAN NASHVILLE POLICE DEPT,20170688649,Davidson,Nashville,8/4/2017 4:06:00 PM,1,0,0,36.058830,-86.670400,MT VIEW RD,,,,12.00,Feet,East,HICKORY HOLLOW PKWY,,,,0.00,N,Not at Intersection,N,Non-Junction,None,,,         ,Alyson,Cook,Rain,Not Collision with Motor Vehicle in Transport,no,no,no,no,no,False
101720651,METROPOLITAN NASHVILLE POLICE DEPT,20170688488,Davidson,Not in City Limit,8/4/2017 3:20:00 PM,2,0,0,36.263310,-86.714420,OLD HICKORY BLVDW,,,,51.00,Feet,East,DOUGLAS ST,,,,0.00,N,Not at Intersection, ,Non-Junction,None,,,         ,Janelle,Keslar,Rain,Front to Rear,no,no,no,no,no,False
101720697,METROPOLITAN NASHVILLE POLICE DEPT,20170688633,Davidson,Nashville,8/4/2017 4:21:00 PM,2,2,0,36.115920,-86.798620,BATTLEFIELD DR,,,,0.00,,,BELMONT BLVD,,,,0.00,Y,Four-Way,N,Intersection-Related,None,,,         ,Tien,Nguyen,Rain,Angle,no,no,no,no,no,False