master_record_number,agency,agency_tracking_number,county,city,collision_date,vehicles_involved,number_injured,number_dead,latitude,longitude,roadway_name,roadway_suffix,roadway_number,roadway_local_id,distance_from_reference,miles-feet_indicator,direction_from_reference,intersection_road_name,intersection_road_name_suffix,intersection_road_number,intersection_local_id,mile_marker,intersection_indicator,intersect_type,interchange_related_indicator,relation_to_junction,work_zone_type,construction_maintenance_zone,construction_maintenance_zone_location,fatal_case_number,officer_first_name,officer_last_name,weather_condition(s),manner_of_crash,pedestrian,bicycle,scooter,parking,hitrun,mou
101720698,METROPOLITAN NASHVILLE POLICE DEPT,20170688729,Davidson,Nashville,8/4/2017 4:53:00 PM,3,0,0,36.123230,-86.794530,BELMONT BLVD,,,,27.00,Feet,South,DALLAS AV,,,,0.00,N,Not at Intersection, ,Non-Junction,None,,,         ,Tien,Nguyen,Rain,Front to Rear,no,no,no,no,no,False
101720702,METROPOLITAN NASHVILLE POLICE DEPT,20170688596,Davidson,Nashville,8/4/2017 2:37:00 PM,2,0,0,36.201540,-86.776840,I 65,,,,0.00,,,,,,,87.00,N,Not at Intersection,N,Non-Junction,None,,,         ,Timothy,Morgan,Rain,"Sideswipe, Same Direction",no,no,no,no,no,False
101720710,METROPOLITAN NASHVILLE POLICE DEPT,20170688606,Davidson,Nashville,8/4/2017 4:00:00 PM,1,0,0,36.161300,-86.597750,BELL RD,,,,184.00,Feet,West,OLD HICKORY BLVD,,,,0.00,N,Not at Intersection,N,Non-Junction,None,,,         ,Jonathon,Sheppard,Rain,Not Collision with Motor Vehicle in Transport,no,no,no,no,no,False
101720747,METROPOLITAN NASHVILLE POLICE DEPT,20170688634,Davidson,Nashville,8/4/2017 4:20:00 PM,2,0,0,36.115890,-86.785020,I 440,,,,0.00,,,,,,,4.25,N,Not at Intersection,N,Entrance/Exit Ramp Related,None,,,         ,Tien,Nguyen,Rain,Front to Rear,no,no,no,no,no,False
101720751,METROPOLITAN NASHVILLE POLICE DEPT,20170688738,Davidson,Nashville,8/4/2017 2:47:00 PM,2,0,0,36.152840,-86.823830,CHARLOTTE AV,,,,88.00,Feet,West,33RD AVN,,,,0.00,N,Not at Intersection, ,Non-Junction,None,,,         ,Samuel,Galluzzi,Cloudy,Front to Rear,no,no,no,no,no,False
101720759,METROPOLITAN NASHVILLE POLICE DEPT,20170688656,Davidson,Nashville,8/4/2017 12:00:00 AM,2,0,0,36.213070,-86.735570,HART LN,,,,0.00,,,HOME RD,,,,0.00,Y,T-Intersection,N,Intersection,None,,,         ,Gordon,Stovall,Cloudy,Angle,no,no,no,no,yes,False
101720762,METROPOLITAN NASHVILLE POLICE DEPT,20170688727,Davidson,Nashville,8/4/2017 5:41:00 PM,2,0,0,36.155320,-86.765200,HERMITAGE AV,,,,128.00,Feet,West,ROLLING MILL HILL GRNWY,,,,0.00,N,Not at Intersection, ,,None,,,         ,Chad,Wilkinson,,,no,no,no,no,no,False
101720768,METROPOLITAN NASHVILLE POLICE DEPT,20170688736,Davidson,Nashville,8/4/2017 4:00:00 PM,2,0,0,36.188070,-86.797820,DOMINICAN DR,,,,201.00,Feet,East,ROSA L PARKS BLVD,,,,0.00,N,Not at Intersection,N,Non-Junction,None,,,         ,Kevin,Reynolds,Clear,Angle,no,no,no,no,no,False
101720770,METROPOLITAN NASHVILLE POLICE DEPT,2017-0688803,Davidson,Nashville,8/4/2017 5:35:00 PM,2,0,0,36.112830,-86.688860,MURFREESBORO PKE,,,,25.00,Feet,East,MCGAVOCK PKE,,,,0.00,N,Not at Intersection, ,Non-Junction,None,,,         ,William,King,Cloudy,Front to Rear,no,no,no,no,no,False
101720771,METROPOLITAN NASHVILLE POLICE DEPT,20170688761,Davidson,Nashville,8/4/2017 5:19:00 PM,2,1,0,36.141840,-86.713440,I 40,,,,0.00,,,,,,,214.00,N,Not at Intersection,N,Non-Junction,None,,,         ,Samuel,Sundra,Cloudy,Front to Rear,no,no,no,no,no,False
101720778,METROPOLITAN NASHVILLE POLICE DEPT,20170688500,Davidson,Nashville,8/4/2017 3:28:00 PM,2,0,0,36.151620,-86.786590,I 40,,,,0.00,,,,,,,209.50,N,Not at Intersection, ,Non-Junction,None,,,         ,David,Collins,Rain,Angle,no,no,no,no,no,False
101720779,METROPOLITAN NASHVILLE POLICE DEPT,20170688865,Davidson,Nashville,8/4/2017 5:36:00 PM,2,0,0,36.102540,-86.765290,I 65,,,,0.00,,,,,,,79.25,N,Not at Intersection, ,Non-Junction,None,,,         ,Tien,Nguyen,Cloudy,Front to Rear,no,no,no,no,no,False
101720780,METROPOLITAN NASHVILLE POLICE DEPT,20170688579,Davidson,Nashville,8/4/2017 3:40:00 PM,2,0,0,36.146540,-86.767720,4TH AVS,,,,0.00,,,MILDRED SHUTE AV,,,,0.00,Y,T-Intersection, ,Intersection,None,,,         ,John,Joyce,Rain,Angle,no,no,no,no,no,False
101720783,METROPOLITAN NASHVILLE POLICE DEPT,20170688682,Davidson,Nashville,8/4/2017 4:09:00 PM,1,0,0,36.078790,-86.655920,OAK BARREL LN,,,,348.00,Feet,North,UNA ANTIOCH PKE,,,,0.00,N,Not at Intersection,N,Non-Junction,None,,,         ,Pamela,Caulder,Cloudy,Not Collision with Motor Vehicle in Transport,no,no,no,no,yes,False
101720784,METROPOLITAN NASHVILLE POLICE DEPT,20170688540,Davidson,Nashville,8/4/2017 3:45:00 PM,2,0,0,36.159310,-86.792200,I 40,,,,0.00,,,,,,,208.85,N,Not at Intersection,N,Non-Junction,None,,,         ,Joseph,Patricio,Rain,Front to Rear,no,no,no,no,no,False
101720785,METROPOLITAN NASHVILLE POLICE DEPT,20170688491,Davidson,Nashville,8/4/2017 2:47:00 PM,2,0,0,36.079600,-86.726320,NOLENSVILLE PKE,,,,0.00,,,HARDING PL,,,,0.00,Y,OTHER,N,Non-Junction,None,,,         ,Jacob,Paul,Rain,"Sideswipe, Same Direction",no,no,no,no,yes,False
101720796,METROPOLITAN NASHVILLE POLICE DEPT,20170688868,Davidson,Nashville,8/4/2017 4:57:00 PM,2,0,0,36.098240,-86.709980,I 24,,,,0.00,,,,,,,54.70,N,Not at Intersection, ,Non-Junction,None,,,         ,Alyson,Cook,Rain,Front to Rear,no,no,no,no,no,False
101720803,METROPOLITAN NASHVILLE POLICE DEPT,20170688908,Davidson,Nashville,8/4/2017 5:56:00 PM,2,0,0,36.116020,-86.789300,I 440,,,,0.00,,,,,,,4.00,N,Not at Intersection, ,Non-Junction,None,,,         ,Tien,Nguyen,Cloudy,Front to Rear,no,no,no,no,no,False
101720807,METROPOLITAN NASHVILLE POLICE DEPT,20170688709,Davidson,Not in City Limit,8/4/2017 4:29:00 PM,2,0,0,36.080240,-86.958750,I 40,,,,0.00,,,,,,,196.20,N,Not at Intersection,N,Non-Junction,None,,,         ,Walter,Gray II,Rain,Front to Rear,no,no,no,no,no,False
101720808,METROPOLITAN NASHVILLE POLICE DEPT,20170688819,Davidson,Nashville,8/4/2017 5:18:00 PM,2,0,0,36.137330,-86.842010,SLOAN RD,,,,148.00,Feet,North,RICHLAND CREEK GRNWY,,,,0.00,N,Not at Intersection, ,Non-Junction,None,,,         ,Walter,Gray II,Cloudy,Front to Rear,no,no,no,no,no,False
101720809,METROPOLITAN NASHVILLE POLICE DEPT,20170688842,Davidson,Nashville,8/4/2017 5:51:00 PM,2,2,0,36.044980,-86.665930,BELL RD,,,,350.00,Feet,East,CEDAR POINTE PKWY,,,,0.00,N,Not at Intersection,N,Non-Junction,None,,,         ,Ian,Lynch,Cloudy,Angle,no,no,no,no,no,False
101720817,METROPOLITAN NASHVILLE POLICE DEPT,20170688714,Davidson,Nashville,8/4/2017 4:55:00 PM,2,0,0,36.168510,-86.687980,BRILEY PKWY N ENT RAMP,,,,0.00,,,LEBANON PKE,,,,0.00,Y,Four-Way, ,,None,,,         ,Jonathan,Cavezza,,,no,no,no,no,no,False
101720819,METROPOLITAN NASHVILLE POLICE DEPT,20170688396,Davidson,Nashville,8/4/2017 2:08:00 PM,8,0,0,36.123450,-86.794490,BELMONT BLVD,,,,54.00,Feet,North,DALLAS AV,,,,0.00,N,Not at Intersection,N,Non-Junction,None,,,         ,Ryan,Cagle,Clear,Front to Rear,no,no,no,no,no,False
101720820,METROPOLITAN NASHVILLE POLICE DEPT,20170688968,Davidson,Nashville,8/4/2017 6:24:00 PM,2,0,0,36.115780,-86.782280,I 440,,,,0.00,,,,,,,4.40,N,Not at Intersection, ,Entrance/Exit Ramp Related,None,,,         ,Tien,Nguyen,Cloudy,Front to Rear,no,no,no,no,no,False
101720830,METROPOLITAN NASHVILLE POLICE DEPT,20170688792,Davidson,Nashville,8/4/2017 5:16:00 PM,2,0,0,36.150230,-86.822430,I 440,,,,0.00,,,,,,,1.45,N,Not at Intersection, ,Non-Junction,None,,,         ,Trenton,Searcy,Rain,Front to Rear,no,no,no,no,no,False
101720831,METROPOLITAN NASHVILLE POLICE DEPT,20170688869,Davidson,Nashville,8/4/2017 4:59:00 PM,2,0,0,36.098240,-86.709980,I 24,,,,0.00,,,,,,,54.70,N,Not at Intersection, ,Non-Junction,None,,,         ,Alyson,Cook,Rain,Front to Rear,no,no,no,no,no,False
101720837,METROPOLITAN NASHVILLE POLICE DEPT,20170688636,Davidson,Nashville,8/4/2017 4:20:00 PM,3,1,0,36.107380,-86.768500,I 65,,,,0.00,,,,,,,79.55,N,Not at Intersection,N,Non-Junction,None,,,         ,Bradley,Pope,Rain,Front to Rear,no,no,no,no,no,False
101720838,METROPOLITAN NASHVILLE POLICE DEPT,20170688703,Davidson,Nashville,8/4/2017 4:40:00 PM,2,0,0,36.212040,-86.733600,HART LN,,,,0.00,Feet,North,BAXTER ST,,,,0.00,N,Not at Intersection, ,Non-Junction,None,,,         ,Andrew,Anoskey,Clear,Front to Rear,no,no,no,no,no,False
101720839,METROPOLITAN NASHVILLE POLICE DEPT,20170688867,Davidson,Nashville,8/4/2017 4:36:00 PM,2,0,0,36.086900,-86.700820,I 24,,,,0.00,,,,,,,55.65,N,Not at Intersection, ,Non-Junction,None,,,         ,Alyson,Cook,Rain,Front to Rear,no,no,no,no,no,False
101720841,METROPOLITAN NASHVILLE POLICE DEPT,20170688684,Davidson,Nashville,8/4/2017 4:20:00 PM,3,0,0,36.157500,-86.792470,CHURCH ST,,,,55.00,Feet,East,15TH AVN,,,,0.00,N,Not at Intersection,N,Non-Junction,None,,,         ,Ryan,Cagle,Clear,Front to Rear,no,no,no,no,no,False
101720853,METROPOLITAN NASHVILLE POLICE DEPT,20170688762,Davidson,Nashville,8/4/2017 4:25:00 PM,2,0,0,36.044790,-86.724870,OLD HICKORY BLVD,,,,0.00,,,AMALIE DR,,,,0.00,Y,Four-Way, ,Intersection,None,,,         ,David,Robberson,Rain,Angle,no,no,no,no,no,False
101720855,METROPOLITAN NASHVILLE POLICE DEPT,20170688903,Davidson,Nashville,8/4/2017 12:00:00 AM,2,1,0,36.183730,-86.747650,EASTLAND AV,,,,217.00,Feet,East,GALLATIN AV,,,,0.00,N,Not at Intersection,N,OtherLocation,None,,,         ,Gordon,Stovall,Clear,Angle,no,no,no,no,no,False
101720857,METROPOLITAN NASHVILLE POLICE DEPT,20170688664,Davidson,Nashville,8/4/2017 4:04:00 PM,2,1,0,36.113290,-86.772400,I 65,,,,0.00,,,,,,,80.00,N,Not at Intersection,N,Non-Junction,None,,,         ,Jacob,Paul,Rain,Front to Rear,no,no,no,no,no,False
101720858,METROPOLITAN NASHVILLE POLICE DEPT,20170688815,Davidson,Nashville,8/4/2017 5:30:00 PM,2,1,0,36.244430,-86.747630,I65 S EXT RAMP,,,,0.00,,,I 65,,,,0.00,Y,Y-Intersection,N,Entrance/Exit Ramp Related,None,,,         ,Jesse,Cox,Clear,Angle,no,no,no,no,yes,False
101720859,METROPOLITAN NASHVILLE POLICE DEPT,20170688943,Davidson,Nashville,8/4/2017 5:07:00 PM,2,0,0,36.110610,-86.741290,THOMPSON LN,,,,167.00,Feet,West,SIMMONS AV,,,,0.00,N,Not at Intersection, ,Non-Junction,None,,,         ,Alyson,Cook,Rain,Angle,no,no,no,no,no,False
101720874,METROPOLITAN NASHVILLE POLICE DEPT,20170689053,Davidson,Nashville,8/4/2017 4:01:00 PM,2,0,0,36.107310,-86.719580,I24 W EXT RAMP,,,,0.00,Feet,East,I 24,,,,0.00,N,Not at Intersection,N,Non-Junction,None,,,         ,Alyson,Cook,Rain,Angle,no,no,no,no,yes,False
101720875,METROPOLITAN NASHVILLE POLICE DEPT,20170688918,Davidson,Nashville,8/4/2017 5:19:00 PM,2,0,0,36.144370,-86.814750,30TH AVN,,,,0.00,,,HEDRICK ST,,,,0.00,Y,T-Intersection, ,,None,,,         ,Trenton,Searcy,,,no,no,no,no,no,Campus
101720890,METROPOLITAN NASHVILLE POLICE DEPT,20170688394,Davidson,Goodlettsville,8/4/2017 2:00:00 PM,2,0,0,36.302750,-86.691850,CONFERENCE DR,,,,0.00,,,GALLATIN PKEN,,,,0.00,Y,Four-Way, ,Non-Junction,None,,,         ,Samuel,Miller,Cloudy,Front to Rear,no,no,no,no,no,False
101720891,METROPOLITAN NASHVILLE POLICE DEPT,20170688484,Davidson,Not in City Limit,8/4/2017 3:04:00 PM,2,0,0,36.264210,-86.734360,OLD HICKORY BLVDW,,,,146.00,Feet,West,HEAD DR,,,,0.00,N,Not at Intersection,N,Non-Junction,None,,,         ,Samuel,Miller,Rain,Front to Rear,no,no,no,no,no,False
101720892,METROPOLITAN NASHVILLE POLICE DEPT,20170688786,Davidson,Nashville,8/4/2017 5:28:00 PM,2,0,0,36.239940,-86.753020,I 65,,,,0.00,,,,,,,90.25,N,Not at Intersection,N,Non-Junction,None,,,         ,Samuel,Miller,Cloudy,Front to Rear,no,no,no,no,no,False
101720893,METROPOLITAN NASHVILLE POLICE DEPT,20170688506,Davidson,Not in City Limit,8/4/2017 3:30:00 PM,1,1,0,36.260110,-86.757710,DICKERSON PKE,,,,288.00,Feet,North,VILLAGE HILLS PVTDR,,,,0.00,N,Not at Intersection,N,Non-Junction,None,,,         ,Samuel,Miller,Cloudy,Not Collision with Motor Vehicle in Transport,no,no,no,no,no,False
101720894,METROPOLITAN NASHVILLE POLICE DEPT,20170688555,Davidson,Nashville,8/4/2017 3:18:00 PM,1,0,0,36.250910,-86.740680,I 65,,,,0.00,,,,,,,91.30,N,Not at Intersection,N,Non-Junction,None,,,         ,Samuel,Miller,Rain,Not Collision with Motor Vehicle in Transport,no,no,no,no,no,False
101720897,METROPOLITAN NASHVILLE POLICE DEPT,20170688964,Davidson,Nashville,8/4/2017 12:00:00 AM,2,0,0,36.193600,-86.776220,I 24,,,,0.00,,,,,,,46.65,N,Not at Intersection, ,Non-Junction,None,,,         ,Melvin,Taylor,Clear,"Sideswipe, Same Direction",no,no,no,no,yes,False
101720905,METROPOLITAN NASHVILLE POLICE DEPT,20170689055,Davidson,Nashville,8/4/2017 4:43:00 PM,2,0,0,36.153490,-86.788600,DEMONBREUN ST,,,,65.00,Feet,West,14TH AVS,,,,0.00,N,Not at Intersection, ,,None,,,         ,Ryan,Cagle,,,no,no,no,no,no,False
101720916,VANDERBILT UNIVERSITY POLICE,2017-0688853,Davidson,Nashville,8/4/2017 12:00:00 AM,2,0,0,36.110670,-86.768210,POWELL AVE,,,,0.00,,,,,,,0.00,,Not at Intersection, ,Non-Junction,None,,,         ,Cheryl,Bradley,Rain,Unknown,no,no,no,yes,yes,False
101720918,METROPOLITAN NASHVILLE POLICE DEPT,20170688749,Davidson,Madison,8/4/2017 5:00:00 PM,2,0,0,36.272560,-86.694630,ANDERSON LN,,,,0.00,,,MAY DR,,,,0.00,Y,Four-Way, ,Intersection-Related,None,,,         ,Johnathon,Birdwell,Clear,"Sideswipe, Opposite Direction",no,no,no,no,no,False
101720925,METROPOLITAN NASHVILLE POLICE DEPT,20170688685,Davidson,Nashville,8/4/2017 4:44:00 PM,2,3,0,36.207370,-86.735780,GALLATIN PKE,,,,169.00,Feet,North,MAYNOR AV,,,,0.00,N,Not at Intersection,N,Non-Junction,None,,,         ,Phillip,Box,Cloudy,HeadOn,no,no,no,no,no,False
101720926,METROPOLITAN NASHVILLE POLICE DEPT,20170689100,Davidson,Nashville,8/4/2017 7:43:00 PM,2,0,0,36.072990,-86.692170,I 24,,,,0.00,,,,,,,56.70,N,Not at Intersection, ,Non-Junction,None,,,         ,Alyson,Cook,Clear,"Sideswipe, Same Direction",no,no,no,no,no,False
101720944,METROPOLITAN NASHVILLE POLICE DEPT,20170688926,Davidson,Nashville,8/4/2017 4:17:00 PM,2,2,0,36.094340,-86.624870,BELL RD,,,,167.00,Feet,North,HARBOR LIGHTS DR,,,,0.00,N,Not at Intersection,N,Non-Junction,None,,,         ,Kyle,Burks,Clear,Front to Rear,no,no,no,no,no,False
101720946,METROPOLITAN NASHVILLE POLICE DEPT,20170688378,Davidson,Nashville,8/4/2017 12:00:00 AM,2,0,0,36.173490,-86.689270,BRILEY PKWYN,,,,189.00,Feet,North,BRILEY PKWYS,,,,0.00,N,Not at Intersection, ,Non-Junction,None,,,         ,Craig,Gentry,Rain,Angle,no,no,no,no,no,False
101720947,METROPOLITAN NASHVILLE POLICE DEPT,20170688557,Davidson,Nashville,8/4/2017 12:00:00 AM,2,0,0,36.205290,-86.690310,OPRYLAND DR,,,,216.00,Feet,North,OPRY MILLS DR,,,,0.00,N,Not at Intersection, ,Non-Junction,None,,,         ,Craig,Gentry,Rain,"Sideswipe, Same Direction",no,no,no,no,no,False
101720949,METROPOLITAN NASHVILLE POLICE DEPT,20170689041,Davidson,Nashville,8/4/2017 3:15:00 PM,1,0,0,36.095370,-86.635960,SMITH SPRINGS RD,,,,228.00,Feet,North,SMITH SPRINGS CT,,,,0.00,N,Not at Intersection, ,Non-Junction,None,,,         ,Thomas,Barnes,Rain,Not Collision with Motor Vehicle in Transport,no,no,no,no,no,False
101720951,METROPOLITAN NASHVILLE POLICE DEPT,20170688826,Davidson,Nashville,8/4/2017 5:40:00 PM,2,0,0,36.164860,-86.819960,I40 W EXT RAMP,,,,0.00,,,I 40,,,,0.00,Y,OTHER, ,Entrance/Exit Ramp Related,None,,,         ,Frederick,Ware,Clear,Front to Rear,no,no,no,no,no,False
101720952,METROPOLITAN NASHVILLE POLICE DEPT,20170688916,Davidson,Nashville,8/4/2017 12:00:00 AM,2,1,0,36.159210,-86.823480,CLIFTON AV,,,,132.00,Feet,East,32ND AVN,,,,0.00,N,Not at Intersection,N,Non-Junction,None,,,         ,Frederick,Ware,Clear,Front to Rear,no,no,no,no,yes,False
101720953,METROPOLITAN NASHVILLE POLICE DEPT,20170689203,Davidson,Nashville,8/4/2017 12:00:00 AM,2,0,0,36.200420,-86.824800,BUENA VISTA PKE,,,,479.00,Feet,East,EAST LN,,,,0.00,N,Not at Intersection, ,Non-Junction,None,,,         ,Melvin,Taylor,Clear,Other,no,no,no,no,yes,False
101720954,METROPOLITAN NASHVILLE POLICE DEPT,20170688987,Davidson,Antioch,8/4/2017 7:05:00 PM,2,2,0,36.047840,-86.612050,MURFREESBORO PKE,,,,0.00,Feet,,MURFREESBORO PKE,,,,0.00,Y,Four-Way,Y,Intersection,None,,,         ,Samuel,Sundra,Cloudy,Angle,no,no,no,no,no,False
101720959,VANDERBILT UNIVERSITY POLICE,2017-0689056,Davidson,Nashville,8/4/2017 12:00:00 AM,2,0,0,36.141900,-86.800680,MEDICAL CENTER DR,,,,0.00,,,,,,,0.00,,, ,Non-Junction,None,,,         ,V,Greene,Clear,Unknown,no,no,no,yes,yes,Campus
101720960,METROPOLITAN NASHVILLE POLICE DEPT,20170688851,Davidson,Nashville,8/4/2017 5:45:00 PM,2,0,0,36.174400,-86.774190,OLDHAM ST,,,,0.00,Feet,West,N 1ST ST,,,,0.00,N,Not at Intersection, ,,None,,,         ,Gregory,Scott,,,no,no,no,no,no,False
101720963,METROPOLITAN NASHVILLE POLICE DEPT,20170688802,Davidson,Nashville,8/4/2017 5:36:00 PM,2,1,0,36.084670,-86.761790,SIDCO DR,,,,87.00,Feet,South,ELYSIAN FIELDS RD,,,,0.00,N,Not at Intersection,N,Non-Junction,None,,,         ,Jacob,Paul,Rain,Angle,no,no,no,no,no,False
101720964,METROPOLITAN NASHVILLE POLICE DEPT,20170688554,Davidson,Nashville,8/4/2017 3:49:00 PM,3,0,0,36.118900,-86.755910,MELROSE AV,,,,4.00,Feet,West,EUGENIA AV,,,,0.00,N,Not at Intersection,N,Non-Junction,None,,,         ,Melissa,Flores,Rain,Angle,no,no,no,no,no,False
101720976,METROPOLITAN NASHVILLE POLICE DEPT,2017-0685431,Davidson,Nashville,8/3/2017 4:45:00 PM,2,1,0,36.146680,-86.742790,I 40,,,,0.00,,,,,,,212.10,N,Not at Intersection,N,Non-Junction,None,,,         ,John,Roberson,Clear,Front to Rear,no,no,no,no,no,False
101720991,METROPOLITAN NASHVILLE POLICE DEPT,20170689145,Davidson,Nashville,8/4/2017 8:10:00 PM,2,0,0,36.155900,-86.795980,17TH AVN,,,,31.00,Feet,North,CHURCH ST,,,,0.00,N,Not at Intersection, ,Non-Junction,None,,,         ,Jacob,Paul,Cloudy,"Sideswipe, Same Direction",no,no,no,no,no,False
101720993,METROPOLITAN NASHVILLE POLICE DEPT,20170688958,Davidson,Antioch,8/4/2017 4:08:00 PM,2,0,0,36.018270,-86.619590,OLD HICKORY BLVD,,,,0.00,,,OWEN DR,,,,0.00,Y,T-Intersection,N,Intersection-Related,None,,,         ,Brandon,Vance,Clear,Front to Rear,no,no,no,no,no,False
101720994,METROPOLITAN NASHVILLE POLICE DEPT,20170689289,Davidson,Antioch,8/4/2017 5:15:00 PM,1,0,0,36.035290,-86.604290,OLD HICKORY BLVD,,,,1494.00,Feet,South,MURFREESBORO PKE,,,,0.00,N,Not at Intersection,N,Non-Junction,None,,,         ,Alyson,Cook,Rain,Not Collision with Motor Vehicle in Transport,no,no,no,no,no,False
101720995,METROPOLITAN NASHVILLE POLICE DEPT,20170689258,Davidson,Nashville,8/4/2017 8:48:00 PM,2,0,0,36.135750,-86.800990,ACKLEN AV,,,,0.00,,,21ST AVS,,,,0.00,Y,Four-Way, ,Intersection-Related,None,,,         ,Tien,Nguyen,Clear,Angle,no,no,no,no,no,Campus
101721013,METROPOLITAN NASHVILLE POLICE DEPT,20170689119,Davidson,Antioch,8/4/2017 5:55:00 PM,2,0,0,36.016730,-86.618860,FIRESTONE PKWY,,,,306.00,Feet,East,OLD HICKORY BLVD,,,,0.00,N,Not at Intersection, ,Non-Junction,None,,,         ,Brandon,Vance,Clear,Angle,no,no,no,no,yes,False
101721015,METROPOLITAN NASHVILLE POLICE DEPT,20170688692,Davidson,Nashville,8/4/2017 4:48:00 PM,1,1,0,36.176540,-86.755700,MCFERRIN AV,,,,0.00,,,MAIN ST,,,,0.00,Y,Four-Way,N,Intersection,None,,,         ,Alexander,Georgeson,Cloudy,Not Collision with Motor Vehicle in Transport,yes,no,no,no,no,False
101721024,METROPOLITAN NASHVILLE POLICE DEPT,20170689433,Davidson,Nashville,8/4/2017 9:09:00 PM,1,0,0,36.056880,-86.636220,HAMILTON CHURCH RD,,,,720.00,Feet,North,ZELIDA AV,,,,0.00,N,Not at Intersection,N,Non-Junction,None,,,         ,Alyson,Cook,Clear,Not Collision with Motor Vehicle in Transport,no,no,no,no,no,False
101721027,METROPOLITAN NASHVILLE POLICE DEPT,20170689314,Davidson,Not in City Limit,8/4/2017 9:08:00 PM,2,0,0,36.067290,-86.941730,BELLEVUE RD,,,,50.00,Feet,South,BARLIN DR,,,,0.00,N,Not at Intersection, ,Non-Junction,None,,,         ,Walter,Gray II,Cloudy,Front to Rear,no,no,no,no,no,False
101721028,METROPOLITAN NASHVILLE POLICE DEPT,20170689116,Davidson,Nashville,8/4/2017 7:25:00 PM,2,0,0,36.079370,-86.632570,BELL RD,,,,0.00,,,EDGE O LAKE DR,,,,0.00,Y,Four-Way,N,Non-Junction,None,,,         ,Michael,Apsey,Cloudy,Angle,no,no,no,no,no,False
101721029,METROPOLITAN NASHVILLE POLICE DEPT,20170688784,Davidson,Nashville,8/4/2017 7:30:00 PM,2,0,0,36.198430,-86.775980,I 65,,,,0.00,,,,,,,86.75,N,Not at Intersection, ,Non-Junction,None,,,         ,Andrew,Anoskey,Cloudy,"Sideswipe, Same Direction",no,no,no,no,yes,False
101721038,METROPOLITAN NASHVILLE POLICE DEPT,20170688702,Davidson,Nashville,8/4/2017 3:52:00 PM,2,0,0,36.139770,-86.769570,MERRITT AV,,,,0.00,,,MARTIN ST,,,,0.00,Y,Four-Way, ,Non-Junction,None,,,         ,Melissa,Flores,Rain,Front to Rear,no,no,no,no,no,False
101721044,METROPOLITAN NASHVILLE POLICE DEPT,20170689429,Davidson,Nashville,8/4/2017 9:44:00 PM,2,0,0,36.151830,-86.798390,WEST END AV,,,,0.00,Feet,East,LYLE AV,,,,0.00,N,Not at Intersection, ,Non-Junction,None,,,         ,Tien,Nguyen,Clear,Angle,no,no,no,no,no,False
101721049,METROPOLITAN NASHVILLE POLICE DEPT,20170685645,Davidson,Nashville,8/3/2017 5:45:00 PM,2,0,0,36.102170,-86.870210,HARDING PL,,,,13.00,Feet,East,HARDING PKE,,,,0.00,N,Not at Intersection, ,Non-Junction,None,,,         ,Goran,Manojlovic,Clear,Front to Rear,no,no,no,no,no,False
101721051,METROPOLITAN NASHVILLE POLICE DEPT,20170689079,Davidson,Not in City Limit,8/4/2017 7:36:00 PM,2,0,0,36.324630,-86.870130,I 24,,,,0.00,,,,,,,34.85,N,Not at Intersection,N,Non-Junction,None,,,         ,Timothy,Morgan,Clear,"Sideswipe, Same Direction",no,no,no,no,no,False
101721052,METROPOLITAN NASHVILLE POLICE DEPT,20170688389,Davidson,Nashville,8/4/2017 3:03:00 PM,2,0,0,36.122560,-86.735170,GLENROSE AV,,,,373.00,Feet,West,LYLE CT,,,,0.00,N,Not at Intersection, ,Non-Junction,None,,,         ,Jessie,Meadows,Clear,Angle,no,no,no,no,no,False
101721054,METROPOLITAN NASHVILLE POLICE DEPT,20170688469,Davidson,Nashville,8/4/2017 3:06:00 PM,2,1,0,36.093020,-86.682570,HARDING PL,,,,366.00,Feet,East,EZELL PKE,,,,0.00,N,Not at Intersection,N,Non-Junction,None,,,         ,Jessie,Meadows,Rain,Angle,no,no,no,no,no,False
101721055,METROPOLITAN NASHVILLE POLICE DEPT,20170688674,Davidson,Nashville,8/4/2017 4:35:00 PM,4,5,0,36.091990,-86.684970,HARDING PL,,,,120.00,Feet,East,MCGAVOCK PKE,,,,0.00,N,Not at Intersection,N,Non-Junction,None,,,         ,Jessie,Meadows,Rain,HeadOn,no,no,no,no,no,False
101721056,METROPOLITAN NASHVILLE POLICE DEPT,20170689217,Davidson,Nashville,8/4/2017 4:58:00 PM,2,0,0,36.142190,-86.710570,I 40,,,,0.00,,,,,,,214.20,N,Not at Intersection, ,Non-Junction,None,,,         ,Kyle,Burks,Rain,Front to Rear,no,no,no,no,no,False
101721062,METROPOLITAN NASHVILLE POLICE DEPT,20170689354,Davidson,Not in City Limit,8/4/2017 12:00:00 AM,2,0,0,36.325030,-86.873040,I 24,,,,0.00,,,,,,,34.70,N,Not at Intersection, ,Non-Junction,None,,,         ,Melvin,Taylor,Clear,Front to Rear,no,no,no,no,no,False
101721072,METROPOLITAN NASHVILLE POLICE DEPT,20170688975,Davidson,Nashville,8/4/2017 7:00:00 PM,2,0,0,36.134900,-86.726900,I24E,,,,609.00,Feet,West,I24 W ENT RAMP,,,,0.00,N,Not at Intersection,N,Non-Junction,None,,,         ,Jessie,Meadows,Clear,Front to Rear,no,no,no,no,no,False
101721073,METROPOLITAN NASHVILLE POLICE DEPT,20170688973,Davidson,Nashville,8/4/2017 5:55:00 PM,2,1,0,36.134900,-86.726900,I24E,,,,609.00,Feet,West,I24 W ENT RAMP,,,,0.00,N,Not at Intersection,N,Non-Junction,None,,,         ,Jessie,Meadows,Clear,Front to Rear,no,no,no,no,no,False