master_record_number,agency,agency_tracking_number,county,city,collision_date,vehicles_involved,number_injured,number_dead,latitude,longitude,roadway_name,roadway_suffix,roadway_number,roadway_local_id,distance_from_reference,miles-feet_indicator,direction_from_reference,intersection_road_name,intersection_road_name_suffix,intersection_road_number,intersection_local_id,mile_marker,intersection_indicator,intersect_type,interchange_related_indicator,relation_to_junction,work_zone_type,construction_maintenance_zone,construction_maintenance_zone_location,fatal_case_number,officer_first_name,officer_last_name,weather_condition(s),manner_of_crash,pedestrian,bicycle,scooter,parking,hitrun,mou
101721075,METROPOLITAN NASHVILLE POLICE DEPT,20170689356,Davidson,Not in City Limit,8/4/2017 9:21:00 PM,2,1,0,35.991070,-86.661360,BURKITT RD,,,,469.00,Feet,East,GLORYLAND LN,,,,0.00,N,Not at Intersection,N,Non-Junction,None,,,         ,Joseph,Progar,Cloudy,"Sideswipe, Opposite Direction",no,no,no,no,yes,False
101721096,METROPOLITAN NASHVILLE POLICE DEPT,20170689175,Davidson,Nashville,8/4/2017 7:14:00 PM,3,0,0,36.046150,-86.659610,I24 W ENT RAMP,,,,0.00,,,I 24,,,,0.00,Y,OTHER,N,Entrance/Exit Ramp Related,None,,,         ,David,Williford,Cloudy,Front to Rear,no,no,no,no,yes,False
101721099,METROPOLITAN NASHVILLE POLICE DEPT,20170689490,Davidson,Nashville,8/4/2017 9:57:00 PM,2,1,0,36.151870,-86.851050,CHARLOTTE AV,,,,40.00,Feet,East,53RD AVN,,,,0.00,N,Not at Intersection,N,Non-Junction,None,,,         ,Walter,Gray II,Cloudy,Angle,no,no,no,no,no,False
101721100,METROPOLITAN NASHVILLE POLICE DEPT,20170689448,Davidson,Nashville,8/4/2017 9:42:00 PM,2,0,0,36.142590,-86.736160,I 40,,,,0.00,,,,,,,212.75,N,Not at Intersection, ,Non-Junction,Maintenance Zone,,,         ,Michael,Willis Jr.,Clear,Angle,no,no,no,no,no,False
101721101,METROPOLITAN NASHVILLE POLICE DEPT,20170689191,Davidson,Nashville,8/4/2017 6:02:00 PM,2,0,0,36.232460,-86.758750,US HWY 31W,,,,233.00,Feet,South,MAPLEWOOD TRC,,,,0.00,N,Not at Intersection, ,Non-Junction,None,,,         ,Amanda,Fox,Cloudy,HeadOn,no,no,no,no,no,False
101721102,METROPOLITAN NASHVILLE POLICE DEPT,20170689171,Davidson,Nashville,8/4/2017 6:53:00 PM,2,0,0,36.073020,-86.637270,MURFREESBORO PKE,,,,527.00,Feet,North,BELL RD,,,,0.00,N,Not at Intersection,N,Non-Junction,None,,,         ,Darryl,Williams,Clear,Angle,no,no,no,no,yes,False
101721126,METROPOLITAN NASHVILLE POLICE DEPT,20170688597,Davidson,Nashville,8/4/2017 3:48:00 PM,2,0,0,36.120280,-86.726910,I 24,,,,0.00,,,,,,,52.90,N,Not at Intersection,N,Non-Junction,None,,,         ,Je-Marc,Sears,Rain,Front to Rear,no,no,no,no,no,False
101721127,METROPOLITAN NASHVILLE POLICE DEPT,20170689000,Davidson,Nashville,8/4/2017 7:00:00 PM,2,0,0,36.088870,-86.702400,I 24,,,,0.00,,,,,,,55.50,N,Not at Intersection,N,Non-Junction,None,,,         ,Je-Marc,Sears,Rain,Front to Rear,no,no,no,no,yes,False
101721129,METROPOLITAN NASHVILLE POLICE DEPT,20170689646,Davidson,Nashville,8/4/2017 9:22:00 PM,2,0,0,36.115880,-86.747740,NOLENSVILLE PKE,,,,155.00,Feet,North,WHITSETT RD,,,,0.00,N,Not at Intersection,N,Non-Junction,None,,,         ,Ryan,Worstall,Clear,Angle,no,no,no,no,yes,False
101721150,METROPOLITAN NASHVILLE POLICE DEPT,20170689754,Davidson,Nashville,8/4/2017 11:50:00 PM,2,0,0,36.163530,-86.798920,16TH AVN,,,,125.00,Feet,North,CLINTON ST,,,,0.00,N,Not at Intersection,N,Non-Junction,None,,,         ,Joshua,Green,Clear,"Sideswipe, Same Direction",no,no,no,no,yes,False
101721162,METROPOLITAN NASHVILLE POLICE DEPT,20170689672,Davidson,Nashville,8/4/2017 12:00:00 AM,2,0,0,36.150310,-86.797250,BROADWAY,,,,0.00,,,LYLE AV,,,,0.00,Y,T-Intersection,N,Non-Junction,None,,,         ,Akira,McSwain,Clear,Angle,no,no,no,no,yes,False
101721164,METROPOLITAN NASHVILLE POLICE DEPT,20170689719,Davidson,Nashville,8/4/2017 11:45:00 PM,2,0,0,36.080320,-86.718940,HARDING PL,,,,298.00,Feet,West,RECOVERY RD,,,,0.00,N,Not at Intersection,N,Non-Junction,None,,,         ,Brenda,Navarro,Clear,Front to Rear,no,no,no,no,no,False
101721165,METROPOLITAN NASHVILLE POLICE DEPT,20170689553,Davidson,Not in City Limit,8/4/2017 10:45:00 PM,2,0,0,36.272670,-86.694300,ANDERSON LN,,,,0.00,,,,,,,0.00,,,N,Non-Junction,None,,,         ,Patrick,Lancaster,Clear,Front to Rear,no,no,no,yes,no,False
101721167,METROPOLITAN NASHVILLE POLICE DEPT,20170689678,Davidson,Nashville,8/4/2017 11:44:00 PM,2,0,0,36.143880,-86.747600,PARRIS AV,,,,0.00,,,MURFREESBORO PKE,,,,0.00,Y,T-Intersection,N,Intersection,None,,,         ,Curtis,Fisher,Clear,Angle,no,no,no,no,yes,False
101721173,METROPOLITAN NASHVILLE POLICE DEPT,20170689818,Davidson,Nashville,8/5/2017 12:35:00 AM,2,0,0,36.162480,-86.774480,1ST AVN,,,,0.00,,,,,,,0.00,,Not at Intersection, ,Non-Junction,None,,,         ,Damon,Hutcheson,Fog,Front to Rear,no,no,no,no,yes,False
101721186,METROPOLITAN NASHVILLE POLICE DEPT,20170689703,Davidson,Nashville,8/4/2017 11:54:00 PM,2,0,0,36.236560,-86.761170,I 65,,,,0.00,,,,,,,89.75,N,Not at Intersection,N,Non-Junction,None,,,         ,Samuel,Kersten,Clear,Front to Rear,no,no,no,no,no,False
101721252,METROPOLITAN NASHVILLE POLICE DEPT,20170689931,Davidson,Nashville,8/5/2017 1:40:00 AM,1,0,0,36.251210,-86.734140,S GRAYCROFT AV,,,,267.00,Feet,South,FAIROAKS DR,,,,0.00,N,Not at Intersection,N,Non-Junction,None,,,         ,Michael,Richardson,Clear,Not Collision with Motor Vehicle in Transport,no,no,no,no,no,False
101721254,METROPOLITAN NASHVILLE POLICE DEPT,20170689843,Davidson,Nashville,8/5/2017 12:56:00 AM,2,1,0,36.069600,-86.693980,HAYWOOD LN,,,,20.00,Feet,West,EZELL RD,,,,0.00,N,Not at Intersection,N,Non-Junction,None,,,         ,Gary,Peters,Clear,Angle,no,no,no,no,no,False
101721255,METROPOLITAN NASHVILLE POLICE DEPT,20170689772,Davidson,Nashville,8/5/2017 12:07:00 AM,3,0,0,36.058450,-86.741610,EDMONDSON PKE,,,,593.00,Feet,South,SEVEN MILE CREEK GRNWY,,,,0.00,N,Not at Intersection,N,Non-Junction,None,,,         ,Cody,Jaworski,Clear,Angle,no,no,no,yes,yes,False
101721256,METROPOLITAN NASHVILLE POLICE DEPT,20170689730,Davidson,Nashville,8/4/2017 11:08:00 PM,2,1,0,36.193470,-86.607240,ANDREW JACKSON PKWY,,,,294.00,Feet,North,STONERS GLEN DR,,,,0.00,N,Not at Intersection,N,Non-Junction,None,,,         ,Bradley,Nave,Clear,"Sideswipe, Same Direction",no,no,no,no,no,False
101721263,METROPOLITAN NASHVILLE POLICE DEPT,20170690089,Davidson,Nashville,8/5/2017 12:00:00 AM,1,0,0,36.165320,-86.820170,28TH AVN,,,,105.00,Feet,South,ALAMEDA ST,,,,0.00,N,Not at Intersection,N,Non-Junction,None,,,         ,Christopher,Lawson,Clear,Not Collision with Motor Vehicle in Transport,no,no,no,no,yes,False
101721271,METROPOLITAN NASHVILLE POLICE DEPT,20170690082,Davidson,Nashville,8/5/2017 3:24:00 AM,2,2,0,36.158060,-86.799970,CHARLOTTE AV,,,,0.00,,,DR D B TODD JR BLVD,,,,0.00,Y,Four-Way,N,Intersection,None,,,         ,Nicholas,Smith,Clear,Angle,no,no,no,no,no,False
101721273,METROPOLITAN NASHVILLE POLICE DEPT,20170689921,Davidson,Nashville,8/5/2017 12:00:00 AM,1,1,0,36.046310,-86.657560,BELL RD,,,,154.00,Feet,East,COLLINS PARK DR,,,,0.00,N,Not at Intersection,N,Non-Junction,None,,,         ,David,Moser,Clear,Not Collision with Motor Vehicle in Transport,no,no,no,no,no,False
101721290,METROPOLITAN NASHVILLE POLICE DEPT,20170689926,Davidson,Nashville,8/5/2017 1:50:00 AM,3,3,0,36.157980,-86.772640,KOREAN VETERANS BLVD,,,,0.00,Feet,,2ND AVS,,,,0.00,Y,T-Intersection,N,Intersection-Related,None,,,         ,Katelin,Ehrhardt,Clear,Angle,no,no,no,no,no,False
101721294,METROPOLITAN NASHVILLE POLICE DEPT,20170690249,Davidson,Nashville,8/5/2017 5:05:00 AM,2,1,0,36.174380,-86.797020,ARTHUR AV,,,,94.00,Feet,West,MONROE ST,,,,0.00,N,Not at Intersection,N,Non-Junction,None,,,         ,Christopher,Lawson,Clear,HeadOn,no,no,no,no,no,False
101721298,METROPOLITAN NASHVILLE POLICE DEPT,20170690180,Davidson,Nashville,8/5/2017 4:32:00 AM,2,0,0,36.029680,-86.637790,I 24,,,,0.00,,,,,,,61.00,N,Not at Intersection,N,Non-Junction,None,,,         ,Autumn,Manning,Clear,Front to Rear,no,no,no,no,no,False
101721299,METROPOLITAN NASHVILLE POLICE DEPT,20170690097,Davidson,Not in City Limit,8/5/2017 3:34:00 AM,1,0,0,36.341020,-86.918910,I 24,,,,0.00,,,,,,,31.80,N,Not at Intersection,N,Non-Junction,None,,,         ,James,Murphy,Clear,Not Collision with Motor Vehicle in Transport,no,no,no,no,no,False
101721302,METROPOLITAN NASHVILLE POLICE DEPT,20170690315,Davidson,Not in City Limit,8/5/2017 5:40:00 AM,2,1,0,36.304690,-86.814440,I 24,,,,0.00,,,,,,,38.45,N,Not at Intersection,N,Non-Junction,None,,,         ,Armonty,Houston,Clear,"Sideswipe, Same Direction",no,no,no,no,yes,False
101721303,METROPOLITAN NASHVILLE POLICE DEPT,20170690068,Davidson,Nashville,8/5/2017 3:08:00 AM,2,1,0,36.176910,-86.774580,SPRING ST,,,,0.00,,,N 1ST ST,,,,0.00,Y,Four-Way,N,Intersection,None,,,         ,Jason,Hogan,Clear,Front to Rear,no,no,no,no,no,False
101721305,METROPOLITAN NASHVILLE POLICE DEPT,20170690269,Davidson,Nashville,8/5/2017 5:20:00 AM,2,1,0,36.134840,-86.727100,I 24,,,,0.00,,,,,,,52.15,N,Not at Intersection,N,Non-Junction,None,,,         ,Brenda,Navarro,Clear,Front to Rear,no,no,no,no,no,False
101721308,METROPOLITAN NASHVILLE POLICE DEPT,20170690264,Davidson,Nashville,8/5/2017 12:14:00 AM,1,0,0,36.161180,-86.773670,DOWNTOWN GRNWY,,,,7.00,Feet,North,SHELBY ST PEDESTRIAN BRIDGE GR,,,,0.00,N,Not at Intersection,N,Non-Junction,None,,,         ,Kelcey,Bell,Clear,Not Collision with Motor Vehicle in Transport,no,no,no,no,no,False
101721342,METROPOLITAN NASHVILLE POLICE DEPT,2017-0690005,Davidson,Nashville,8/5/2017 2:27:00 AM,1,0,0,36.169240,-86.579420,I 40,,,,0.00,,,,,,,222.00,N,Not at Intersection,N,Non-Junction,None,,,         ,Tyler,Manivong,Clear,Not Collision with Motor Vehicle in Transport,no,no,no,no,no,False
101721355,METROPOLITAN NASHVILLE POLICE DEPT,20170690412,Davidson,Nashville,8/5/2017 6:35:00 AM,2,0,0,36.196400,-86.739540,CAHAL AV,,,,449.00,Feet,North,NELDIA CT,,,,0.00,N,Not at Intersection, ,Non-Junction,None,,,         ,Anthony,Rizo,Clear,Front to Rear,no,no,no,no,no,False
101721393,METROPOLITAN NASHVILLE POLICE DEPT,20170690529,Davidson,Nashville,8/5/2017 8:09:00 AM,3,5,0,36.256190,-86.714390,NEELYS BEND RD,,,,0.00,,,GALLATIN PKES,,,,0.00,Y,OTHER,N,Intersection-Related,None,,,         ,Eric,Richardson,Clear,Front to Rear,no,no,no,no,no,False
101721411,METROPOLITAN NASHVILLE POLICE DEPT,20170690606,Davidson,Nashville,8/5/2017 8:55:00 AM,2,0,0,36.055100,-86.742660,EDMONDSON PKE,,,,0.00,,,OAKLEY DR,,,,0.00,Y,Four-Way, ,Intersection,None,,,         ,Earl,Davis,Clear,"Sideswipe, Same Direction",no,no,no,no,no,False
101721419,METROPOLITAN NASHVILLE POLICE DEPT,20170690605,Davidson,Nashville,8/5/2017 9:03:00 AM,2,0,0,36.194780,-86.765890,PENNOCK AV,,,,200.00,Feet,North,DOUGLAS AV,,,,0.00,N,Not at Intersection, ,"Driveway, Alley Access, etc",None,,,         ,Doyle,Price,Clear,Angle,no,no,no,no,no,False
101721422,METROPOLITAN NASHVILLE POLICE DEPT,20170690503,Davidson,Nashville,8/5/2017 7:50:00 AM,2,0,0,36.147340,-86.757910,FAIRFIELD AV,,,,16.00,Feet,North,LAFAYETTE ST,,,,0.00,N,Not at Intersection, ,OtherLocation,None,,,         ,Gerry,Hutcheson,Clear,Angle,no,no,no,no,no,False
101721426,METROPOLITAN NASHVILLE POLICE DEPT,20170690588,Davidson,Nashville,8/5/2017 7:30:00 AM,2,0,0,36.045450,-86.647170,MT VIEW RD,,,,35.00,Feet,East,CROSSINGS BLVD,,,,0.00,N,Not at Intersection,N,Non-Junction,None,,,         ,Steven,Williams,Clear,Angle,no,no,no,no,no,False
101721449,METROPOLITAN NASHVILLE POLICE DEPT,20170690626,Davidson,Nashville,8/5/2017 9:17:00 AM,1,1,0,36.253340,-86.698110,NEELYS BEND RD,,,,9.00,Feet,East,HOWSE AV,,,,0.00,N,Not at Intersection,N,Non-Junction,None,,,         ,DuJuan,Kendrick,Clear,Not Collision with Motor Vehicle in Transport,no,no,no,no,no,False
101721467,BELLE MEADE POLICE DEPT,17-0229,Davidson,Belle Meade,8/5/2017 10:00:00 AM,2,0,0,36.115050,-86.861620,DAVIDSON RD,,,,111.00,Feet,West,HARDING PKE,,,,0.00,N,Not at Intersection, ,,None,,,         ,Dale,Corter,,,no,no,no,no,no,False
101721495,METROPOLITAN NASHVILLE POLICE DEPT,2017-0690732,Davidson,Nashville,8/5/2017 10:05:00 AM,1,0,0,36.110000,-86.820030,CRESTMOOR RD,,,,163.00,Feet,West,BEDFORD AV,,,,0.00,N,Not at Intersection, ,Non-Junction,None,,,         ,Paul,Junkmann,Clear,Not Collision with Motor Vehicle in Transport,no,no,no,no,no,False
101721537,METROPOLITAN NASHVILLE POLICE DEPT,20170690485,Davidson,Nashville,8/5/2017 7:04:00 AM,3,0,0,36.198440,-86.620270,LEBANON PKE,,,,0.00,,,OLD HICKORY BLVD,,,,0.00,Y,Four-Way,N,Intersection,None,,,         ,William,Mckay,Clear,Angle,no,no,no,no,yes,False
101721587,METROPOLITAN NASHVILLE POLICE DEPT,20170690596,Davidson,Nashville,8/5/2017 8:50:00 AM,2,2,0,36.109450,-86.728050,BRILEY PKWYN,,,,0.00,Feet,,BRILEY PKWYS,,,,0.00,Y,Four-Way,N,Intersection-Related,None,,,         ,Shelby,Hughes,Clear,Front to Rear,no,no,no,no,no,False
101721602,METROPOLITAN NASHVILLE POLICE DEPT,20170690843,Davidson,Nashville,8/5/2017 11:43:00 AM,2,0,0,36.144580,-86.813140,WEST END AV,,,,0.00,,,29TH AVN,,,,0.00,Y,Four-Way, ,Intersection,None,,,         ,Kevin,Crawford,Clear,"Sideswipe, Same Direction",no,no,no,no,yes,Campus
101721608,METROPOLITAN NASHVILLE POLICE DEPT,20170690821,Davidson,Nashville,8/5/2017 12:00:00 AM,2,0,0,36.235940,-86.772100,VAILVIEW DR,,,,0.00,Feet,East,BRICKDALE LN,,,,0.00,N,Not at Intersection, ,"Driveway, Alley Access, etc",None,,,         ,Cyretha,Frazier,Clear,"Sideswipe, Opposite Direction",no,no,no,no,yes,False
101721648,METROPOLITAN NASHVILLE POLICE DEPT,20170690918,Davidson,Nashville,8/5/2017 12:00:00 AM,2,0,0,36.075820,-86.919700,BELLE FOREST SHOPPING CENTER P,,,,327.00,Feet,North,OLD HICKORY BLVD,,,,0.00,N,Not at Intersection, ,Non-Junction,None,,,         ,Douglas,Atwood,Clear,Angle,no,no,no,yes,yes,False
101721661,METROPOLITAN NASHVILLE POLICE DEPT,20170690774,Davidson,Nashville,8/5/2017 10:40:00 AM,2,0,0,36.090330,-86.626500,BELL RD,,,,0.00,,,SMITH SPRINGS RD,,,,0.00,Y,Four-Way, ,Intersection-Related,None,,,         ,Scott,Toney,Clear,Front to Rear,no,no,no,no,no,False
101721662,METROPOLITAN NASHVILLE POLICE DEPT,20170690816,Davidson,Not in City Limit,8/5/2017 10:11:00 AM,2,0,0,36.256940,-86.714090,GALLATIN PKES,,,,122.00,Feet,South,HARRINGTON AV,,,,0.00,N,Not at Intersection, ,Non-Junction,None,,,         ,DuJuan,Kendrick,Clear,Front to Rear,no,no,no,no,no,False
101721667,METROPOLITAN NASHVILLE POLICE DEPT,20170690925,Davidson,Nashville,8/5/2017 1:01:00 PM,2,1,0,36.190010,-86.738790,CHAPEL AV,,,,154.00,Feet,North,GREENWOOD AV,,,,0.00,N,Not at Intersection,N,Non-Junction,None,,,         ,Tony,Folad,Clear,"Sideswipe, Same Direction",no,no,no,no,no,False
101721675,METROPOLITAN NASHVILLE POLICE DEPT,20170690886,Davidson,Nashville,8/5/2017 12:20:00 PM,4,0,0,36.113030,-86.799720,WOODMONT BLVD,,,,91.00,Feet,East,BELMONT BLVD,,,,0.00,N,Not at Intersection,Y,Non-Junction,None,,,         ,Citlaly,Juarez,Clear,Front to Rear,no,no,no,no,yes,False
101721682,METROPOLITAN NASHVILLE POLICE DEPT,20170690869,Davidson,Nashville,8/5/2017 12:10:00 PM,2,0,0,36.161650,-86.783920,ROSA L PARKS AV,,,,0.00,,,ROSA L PARKS BLVD,,,,0.00,Y,OTHER, ,Non-Junction,None,,,         ,William,Gibbs,Clear,"Sideswipe, Same Direction",no,no,no,no,no,False
101721686,METROPOLITAN NASHVILLE POLICE DEPT,20170690930,Davidson,Nashville,8/5/2017 12:22:00 PM,2,1,0,36.069270,-86.692200,I24 E EXT RAMP,,,,0.00,,,I24 E ENT RAMP,,,,0.00,Y,T-Intersection,N,Entrance/Exit Ramp Related,None,,,         ,Steven,Williams,Clear,Front to Rear,no,no,no,no,yes,False
101721704,METROPOLITAN NASHVILLE POLICE DEPT,20170690880,Davidson,Nashville,8/5/2017 12:21:00 PM,2,0,0,36.196450,-86.775620,I 65,,,,0.00,,,,,,,86.60,N,Not at Intersection, ,Non-Junction,None,,,         ,Russell,Jones,Clear,"Sideswipe, Same Direction",no,no,no,no,no,False
101721706,METROPOLITAN NASHVILLE POLICE DEPT,20170690957,Davidson,Not in City Limit,8/5/2017 1:00:00 PM,2,0,0,36.260990,-86.712620,GALLATIN PKES,,,,94.00,Feet,South,MAPLE ST,,,,0.00,N,Not at Intersection, ,Non-Junction,None,,,         ,Cyretha,Frazier,Clear,Front to Rear,no,no,no,no,yes,False
101721715,METROPOLITAN NASHVILLE POLICE DEPT,20170690741,Davidson,Nashville,8/5/2017 10:30:00 AM,1,1,0,36.117420,-86.719060,EAST THOMPSON LN,,,,0.00,,,OLD GLENROSE AV,,,,0.00,Y,T-Intersection,N,Intersection,None,,,         ,Shelby,Hughes,Clear,Not Collision with Motor Vehicle in Transport,no,yes,no,no,yes,False
101721718,METROPOLITAN NASHVILLE POLICE DEPT,20170690898,Davidson,Nashville,8/5/2017 12:25:00 PM,2,0,0,36.111160,-86.755230,SIDCO DR,,,,0.00,,,THOMPSON LN,,,,0.00,Y,T-Intersection, ,Intersection-Related,None,,,         ,Nathan,Smith,Clear,Front to Rear,no,no,no,no,no,False
101721729,METROPOLITAN NASHVILLE POLICE DEPT,20170690997,Davidson,Nashville,8/5/2017 1:30:00 PM,2,0,0,36.112230,-86.766000,THOMPSON LN,,,,302.00,Feet,East,BRANSFORD AV,,,,0.00,N,Not at Intersection, ,"Driveway, Alley Access, etc",None,,,         ,Brent,Bauer,Clear,Angle,no,no,no,no,no,False
101721737,METROPOLITAN NASHVILLE POLICE DEPT,20170690966,Davidson,Nashville,8/5/2017 12:00:00 AM,2,0,0,36.156890,-86.786760,BROADWAY,,,,200.00,Feet,West,11TH AVN,,,,0.00,N,Not at Intersection, ,"Driveway, Alley Access, etc",None,,,         ,Amery,Milligan,Clear,Angle,no,no,no,no,no,False
101721753,METROPOLITAN NASHVILLE POLICE DEPT,20170690809,Davidson,Nashville,8/5/2017 10:59:00 AM,2,1,0,36.169060,-86.682400,LEBANON PKE,,,,0.00,,,FAIRWAY DR,,,,0.00,Y,Four-Way,N,Non-Junction,None,,,         ,Jed,Baldoni,Clear,Front to Rear,no,no,no,no,no,False
101721783,METROPOLITAN NASHVILLE POLICE DEPT,20170690940,Davidson,Nashville,8/5/2017 1:15:00 PM,4,0,0,36.151890,-86.850620,CHARLOTTE AV,,,,165.00,Feet,East,53RD AVN,,,,0.00,N,Not at Intersection,N,Non-Junction,None,,,         ,Brian,Myatt,Clear,Front to Rear,no,no,no,no,no,False
101721816,METROPOLITAN NASHVILLE POLICE DEPT,20170690981,Davidson,Nashville,8/5/2017 2:01:00 PM,2,1,0,36.185190,-86.798250,ROSA L PARKS BLVD,,,,0.00,,,I65 S EXT RAMP,,,,0.00,Y,T-Intersection,N,Intersection,None,,,         ,YUNUS,ADAK,Clear,Angle,no,no,no,no,no,False
101721868,GOODLETTSVILLE POLICE DEPT,17-27128,Davidson,Goodlettsville,8/4/2017 5:20:00 PM,2,0,0,36.335070,-86.717190,N MAIN ST,,,,312.00,Feet,North,FANNIN DR,,,,0.00,N,Not at Intersection,N,Non-Junction,None,,,         ,John,Spencer,Clear,Front to Rear,no,no,no,no,no,False
101721886,METROPOLITAN NASHVILLE POLICE DEPT,20170691096,Davidson,Nashville,8/5/2017 3:10:00 PM,2,0,0,36.069770,-86.695710,HAYWOOD LN,,,,50.00,Feet,East,KEELEY DR,,,,0.00,N,Not at Intersection, ,Non-Junction,None,,,         ,Marcus,Darden,Clear,Front to Rear,no,no,no,no,no,False
101721887,METROPOLITAN NASHVILLE POLICE DEPT,20170691101,Davidson,Nashville,8/5/2017 3:35:00 PM,2,0,0,36.148350,-86.745270,I40 W ENT RAMP,,,,0.00,Feet,East,I 40,,,,0.00,N,Not at Intersection, ,Non-Junction,None,,,         ,Johnathan,Pannell,Clear,Front to Rear,no,no,no,no,no,False
101721899,METROPOLITAN NASHVILLE POLICE DEPT,20170691033,Davidson,Nashville,8/5/2017 12:56:00 PM,3,0,0,36.163180,-86.761660,I 24,,,,0.00,,,,,,,49.25,N,Not at Intersection,N,Non-Junction,None,,,         ,Benjamin,Williams,Clear,Front to Rear,no,no,no,no,no,False
101721906,METROPOLITAN NASHVILLE POLICE DEPT,20170691124,Davidson,Nashville,8/5/2017 3:51:00 PM,2,1,0,36.154170,-86.812490,PARK PLZ,,,,0.00,,,25TH AVN,,,,0.00,Y,Y-Intersection,N,Non-Junction,None,,,         ,Joseph,Patricio,Clear,Angle,no,no,no,no,no,False
101721911,METROPOLITAN NASHVILLE POLICE DEPT,20170691197,Davidson,Nashville,8/5/2017 3:31:00 PM,2,0,0,36.106210,-86.673060,MURFREESBORO PKE,,,,0.00,,,DONELSON PKE,,,,0.00,Y,Four-Way,N,Intersection,None,,,         ,Steven,Frazier Jr.,Clear,Front to Rear,no,no,no,no,yes,False
101721922,METROPOLITAN NASHVILLE POLICE DEPT,20170691180,Davidson,Nashville,8/5/2017 4:22:00 PM,2,0,0,36.214020,-86.721010,KENNEDY AV,,,,0.00,,,NORVEL AV,,,,0.00,Y,Four-Way, ,Intersection,None,,,         ,James,Smith,Clear,Other,no,no,no,no,no,False
101721925,METROPOLITAN NASHVILLE POLICE DEPT,20170691099,Davidson,Nashville,8/5/2017 12:20:00 PM,2,0,0,36.145390,-86.764490,2ND AVS,,,,142.00,Feet,South,CHESTNUT ST,,,,0.00,N,Not at Intersection,N,Non-Junction,None,,,         ,Luis,De Los Santos,Clear,"Sideswipe, Same Direction",no,no,no,no,no,False
101721931,METROPOLITAN NASHVILLE POLICE DEPT,20170691165,Davidson,Not in City Limit,8/5/2017 4:10:00 PM,1,1,0,36.302320,-86.870360,BEAR HOLLOW RD PVTDR,,,,0.00,,,,,,,0.00,,,N,Non-Junction,None,,,         ,Seth,Vaughn,Clear,Not Collision with Motor Vehicle in Transport,no,no,no,yes,no,False
101721933,METROPOLITAN NASHVILLE POLICE DEPT,20170691011,Davidson,Nashville,8/5/2017 12:00:00 AM,2,0,0,36.186430,-86.775270,I 24,,,,0.00,,,,,,,47.15,N,Not at Intersection,N,Non-Junction,None,,,         ,Gordon,Stovall,Clear,Front to Rear,no,no,no,no,no,False
101721942,METROPOLITAN NASHVILLE POLICE DEPT,20170691201,Davidson,Nashville,8/5/2017 1:12:00 PM,2,0,0,36.185300,-86.636500,JACKSON DOWNS BLVD,,,,0.00,Feet,,LEBANON PKE,,,,0.00,Y,T-Intersection,Y,Intersection-Related,None,,,         ,Samuel,Sundra,Clear,Front to Rear,no,no,no,no,no,False
101721943,METROPOLITAN NASHVILLE POLICE DEPT,20170691152,Davidson,Nashville,8/5/2017 3:38:00 PM,3,0,0,36.142960,-86.705940,I 40,,,,0.00,,,,,,,214.45,N,Not at Intersection,N,Non-Junction,None,,,         ,Tyler,Maupin,Clear,"Sideswipe, Same Direction",no,no,no,no,yes,False
101721944,METROPOLITAN NASHVILLE POLICE DEPT,20170691134,Davidson,Nashville,8/5/2017 2:10:00 PM,2,0,0,36.143410,-86.703050,I 40,,,,0.00,,,,,,,214.55,N,Not at Intersection,N,Non-Junction,None,,,         ,Tyler,Maupin,Clear,Front to Rear,no,no,no,no,no,False
101721946,METROPOLITAN NASHVILLE POLICE DEPT,20170691003,Davidson,Nashville,8/5/2017 2:20:00 PM,1,0,0,36.150060,-86.701080,ELM HILL PKE,,,,262.00,Feet,West,ACORN DR,,,,0.00,N,Not at Intersection,N,Non-Junction,None,,,         ,Gerry,Hutcheson,Clear,Not Collision with Motor Vehicle in Transport,no,no,no,no,yes,False
101721960,METROPOLITAN NASHVILLE POLICE DEPT,20170691156,Davidson,Nashville,8/5/2017 1:46:00 PM,2,0,0,36.072570,-86.636850,MURFREESBORO PKE,,,,323.00,Feet,North,BELL RD,,,,0.00,N,Not at Intersection,N,"Driveway, Alley Access, etc",None,,,         ,Nakia,Reid,Clear,Unknown,no,no,no,yes,yes,False
101721972,METROPOLITAN NASHVILLE POLICE DEPT,20170691066,Davidson,Nashville,8/5/2017 3:10:00 PM,2,0,0,36.153800,-86.805310,22ND AVN,,,,0.00,,,PATTERSON ST,,,,0.00,Y,Four-Way, ,Intersection,None,,,         ,David,Robberson,Clear,Angle,no,no,no,no,no,False
101721977,METROPOLITAN NASHVILLE POLICE DEPT,20170691233,Davidson,Nashville,8/5/2017 4:53:00 PM,2,0,0,36.232590,-86.654440,OCOEE TRL,,,,184.00,Feet,North,PAWNEE TRL,,,,0.00,N,Not at Intersection, ,Non-Junction,None,,,         ,Janelle,Keslar,Clear,"Sideswipe, Same Direction",no,no,no,no,no,False
101721980,METROPOLITAN NASHVILLE POLICE DEPT,20170691298,Davidson,Antioch,8/5/2017 5:32:00 PM,2,0,0,36.039860,-86.610220,HOBSON PKE,,,,1752.00,Feet,West,MURFREESBORO PKE,,,,0.00,N,Not at Intersection, ,,None,,,         ,Brandon,Vance,,,no,no,no,no,no,False