master_record_number,agency,agency_tracking_number,county,city,collision_date,vehicles_involved,number_injured,number_dead,latitude,longitude,roadway_name,roadway_suffix,roadway_number,roadway_local_id,distance_from_reference,miles-feet_indicator,direction_from_reference,intersection_road_name,intersection_road_name_suffix,intersection_road_number,intersection_local_id,mile_marker,intersection_indicator,intersect_type,interchange_related_indicator,relation_to_junction,work_zone_type,construction_maintenance_zone,construction_maintenance_zone_location,fatal_case_number,officer_first_name,officer_last_name,weather_condition(s),manner_of_crash,pedestrian,bicycle,scooter,parking,hitrun,mou
101723757,METROPOLITAN NASHVILLE POLICE DEPT,20170696578,Davidson,Nashville,8/7/2017 4:50:00 PM,3,0,0,36.131850,-86.724390,PLUS PARK BLVD,,,,475.00,Feet,West,PAVILION BLVD,,,,0.00,N,Not at Intersection, ,Non-Junction,None,,,         ,Jessie,Meadows,Clear,Front to Rear,no,no,no,no,no,False
101723758,METROPOLITAN NASHVILLE POLICE DEPT,20170696605,Davidson,Nashville,8/7/2017 4:10:00 PM,2,0,0,36.116000,-86.793390,I 440,,,,0.00,,,,,,,3.80,N,Not at Intersection,N,Non-Junction,None,,,         ,Allyson,Reis,Cloudy,Front to Rear,no,no,no,no,no,False
101723761,METROPOLITAN NASHVILLE POLICE DEPT,20170696801,Davidson,Not in City Limit,8/7/2017 5:21:00 PM,2,0,0,36.001170,-86.644760,OLD HICKORY BLVD,,,,2598.00,Feet,East,CANE RIDGE RD,,,,0.00,N,Not at Intersection, ,Non-Junction,None,,,         ,Jedidayah,Merriweather,Cloudy,"Sideswipe, Same Direction",no,no,no,no,no,False
101723772,METROPOLITAN NASHVILLE POLICE DEPT,20170696782,Davidson,Nashville,8/7/2017 5:10:00 PM,2,0,0,36.135210,-86.775510,I 65,,,,0.00,,,,,,,81.45,N,Not at Intersection, ,,None,,,         ,Allyson,Reis,,,no,no,no,no,no,False
101723797,METROPOLITAN NASHVILLE POLICE DEPT,20170697199,Davidson,Nashville,8/7/2017 7:15:00 PM,2,0,0,36.178100,-86.751120,CLEARVIEW AV,,,,136.00,Feet,East,S 10TH ST,,,,0.00,N,Not at Intersection, ,Non-Junction,None,,,         ,Cressie,Prill,Clear,"Sideswipe, Same Direction",no,no,no,yes,yes,False
101723812,METROPOLITAN NASHVILLE POLICE DEPT,20170696887,Davidson,Nashville,8/7/2017 5:40:00 PM,2,0,0,36.093770,-86.633730,SMITH SPRINGS RD,,,,233.00,Feet,East,FAIRWAY POINTE PVTDR,,,,0.00,N,Not at Intersection,N,Non-Junction,None,,,         ,Jonathon,Sheppard,Clear,"Sideswipe, Same Direction",no,no,no,no,no,False
101723829,METROPOLITAN NASHVILLE POLICE DEPT,20170697159,Davidson,Nashville,8/7/2017 5:10:00 PM,2,0,0,36.050730,-86.646910,BELL RD,,,,0.00,,,HICKORY HOLLOW TER,,,,0.00,Y,Four-Way, ,Intersection,None,,,         ,Eric,Keller,Clear,Angle,no,no,no,no,yes,False
101723840,METROPOLITAN NASHVILLE POLICE DEPT,20170697103,Davidson,Nashville,8/7/2017 6:36:00 PM,2,0,0,36.147520,-86.625850,BELL RD,,,,70.00,Feet,North,TRAILS CIR,,,,0.00,N,Not at Intersection,N,Non-Junction,None,,,         ,Patrick,Taylor,Clear,Front to Rear,no,no,no,no,no,False
101723841,METROPOLITAN NASHVILLE POLICE DEPT,20170697093,Davidson,Nashville,8/7/2017 6:00:00 PM,2,0,0,36.090330,-86.626500,BELL RD,,,,0.00,,,SMITH SPRINGS RD,,,,0.00,Y,Four-Way, ,,None,,,         ,Matthew,Turppa,,,no,no,no,no,no,False
101723851,METROPOLITAN NASHVILLE POLICE DEPT,20170696475,Davidson,Not in City Limit,8/7/2017 3:32:00 PM,1,3,0,36.263690,-86.761080,WESTCHESTER DR,,,,223.00,Feet,East,OXBOW DR,,,,0.00,N,Not at Intersection,N,Non-Junction,None,,,         ,Samuel,Miller,Cloudy,Not Collision with Motor Vehicle in Transport,no,no,no,no,no,False
101723852,METROPOLITAN NASHVILLE POLICE DEPT,20170696790,Davidson,Not in City Limit,8/7/2017 5:11:00 PM,2,0,0,36.266000,-86.741390,OLD HICKORY BLVDW,,,,0.00,,,PORT DR,,,,0.00,Y,Four-Way,Y,Intersection,None,,,         ,Samuel,Miller,Cloudy,Angle,no,no,no,no,yes,False
101723883,METROPOLITAN NASHVILLE POLICE DEPT,20170697361,Davidson,Nashville,8/7/2017 8:40:00 PM,2,0,0,36.154560,-86.792220,BROADWAY,,,,225.00,Feet,East,WEST END AV,,,,0.00,N,Not at Intersection,N,Non-Junction,None,,,         ,Tien,Nguyen,Clear,Angle,no,no,no,no,no,False
101723885,METROPOLITAN NASHVILLE POLICE DEPT,20170696330,Davidson,Nashville,8/7/2017 2:31:00 PM,2,1,0,36.075030,-86.920980,OLD HICKORY BLVD,,,,158.00,Feet,South,BELLE FOREST SHOPPING CENTER P,,,,0.00,N,Not at Intersection,N,Non-Junction,None,,,         ,Walter,Gray II,Cloudy,Angle,no,no,no,no,no,False
101723902,METROPOLITAN NASHVILLE POLICE DEPT,2017-0696609,Davidson,Nashville,8/7/2017 4:11:00 PM,2,0,0,36.087360,-86.733930,NOLENSVILLE PKE,,,,947.00,Feet,North,ELYSIAN FIELDS RD,,,,0.00,N,Not at Intersection,N,Non-Junction,None,,,         ,William,King,Clear,"Sideswipe, Same Direction",no,no,no,yes,no,False
101723905,METROPOLITAN NASHVILLE POLICE DEPT,20170696456,Davidson,Nashville,8/7/2017 3:10:00 PM,2,0,0,36.146330,-86.849740,IDAHO AV,,,,39.00,Feet,West,52ND AVN,,,,0.00,N,Not at Intersection, ,Non-Junction,None,,,         ,Walter,Gray II,Cloudy,Other,no,no,no,no,no,False
101723906,METROPOLITAN NASHVILLE POLICE DEPT,20170697391,Davidson,Nashville,8/7/2017 9:04:00 PM,2,0,0,36.164860,-86.763510,I 24,,,,0.00,,,,,,,49.10,N,Not at Intersection, ,Non-Junction,Construction Zone,,,         ,Phillip,Box,Clear,Front to Rear,no,no,no,no,no,False
101723908,METROPOLITAN NASHVILLE POLICE DEPT,20170697384,Davidson,Not in City Limit,8/7/2017 9:01:00 PM,1,0,0,36.042420,-86.977770,MCCRORY LN,,,,216.00,Feet,East,SEQUOYAH LN,,,,0.00,N,Not at Intersection,N,Non-Junction,None,,,         ,Andrew,Brazee,Cloudy,Not Collision with Motor Vehicle in Transport,no,no,no,no,no,False
101723912,METROPOLITAN NASHVILLE POLICE DEPT,20170696945,Davidson,Nashville,8/7/2017 6:10:00 PM,2,2,0,36.245770,-86.745560,I 65,,,,0.00,,,,,,,90.80,N,Not at Intersection,Y,Entrance/Exit Ramp Related,None,,,         ,Bradley,Nave,Cloudy,Front to Rear,no,no,no,no,no,False
101723921,METROPOLITAN NASHVILLE POLICE DEPT,20170697516,Davidson,Nashville,8/7/2017 9:48:00 PM,1,0,0,36.182260,-86.731340,EASTLAND AV,,,,50.00,Feet,East,SHADY LN,,,,0.00,N,Not at Intersection,N,Non-Junction,None,,,         ,Zachary,Lang,Clear,Not Collision with Motor Vehicle in Transport,no,no,no,no,no,False
101723931,METROPOLITAN NASHVILLE POLICE DEPT,20170697268,Davidson,Nashville,8/7/2017 8:05:00 PM,4,5,0,36.067410,-86.631250,MURFREESBORO PKE,,,,0.00,,,FOREST VIEW DR,,,,0.00,Y,Four-Way,N,Intersection,None,,,         ,John,Joyce,Cloudy,Angle,no,no,no,no,no,False
101723935,METROPOLITAN NASHVILLE POLICE DEPT,20170697363,Davidson,Nashville,8/7/2017 8:49:00 PM,1,1,0,36.128340,-86.842450,HARDING PKE,,,,506.00,Feet,East,WOODLAWN DR,,,,0.00,N,Not at Intersection,N,Non-Junction,None,,,         ,Walter,Gray II,Cloudy,Not Collision with Motor Vehicle in Transport,yes,no,no,no,no,False
101723944,METROPOLITAN NASHVILLE POLICE DEPT,20170697561,Davidson,Nashville,8/7/2017 9:22:00 PM,2,0,0,36.074480,-86.920940,OLD HICKORY BLVD,,,,0.00,,,HIGHWAY 70S,,,,0.00,Y,Four-Way, ,,None,,,         ,Adam,Reese,,,no,no,no,no,no,False
101723961,METROPOLITAN NASHVILLE POLICE DEPT,20170697043,Davidson,Nashville,8/7/2017 6:47:00 PM,3,3,0,36.155380,-86.828830,I 40,,,,0.00,,,,,,,205.55,N,Not at Intersection,N,Non-Junction,None,,,         ,Walter,Gray II,Cloudy,Front to Rear,no,no,no,no,no,False
101723968,METROPOLITAN NASHVILLE POLICE DEPT,20170697682,Davidson,Nashville,8/7/2017 8:50:00 PM,2,0,0,36.133870,-86.895490,I 40,,,,0.00,,,,,,,201.35,N,Not at Intersection,N,Non-Junction,None,,,         ,Jackson,Smythe,Clear,Front to Rear,no,no,no,no,yes,False
101723969,METROPOLITAN NASHVILLE POLICE DEPT,20170697584,Davidson,Nashville,8/7/2017 10:15:00 PM,2,2,0,36.168420,-86.687960,LEBANON PKE,,,,0.00,,,BRILEY PKWY N ENT RAMP,,,,0.00,Y,Four-Way,Y,Intersection,None,,,         ,Brent,Hedgcoth,Clear,Front to Rear,no,no,no,no,no,False
101723983,METROPOLITAN NASHVILLE POLICE DEPT,20170697796,Davidson,Nashville,8/7/2017 10:23:00 PM,1,0,0,36.053510,-86.715750,BREWER DR,,,,222.00,Feet,West,NOLENSVILLE PKE,,,,0.00,N,Not at Intersection,N,Non-Junction,None,,,         ,Joshua,Dickall,Clear,Not Collision with Motor Vehicle in Transport,no,no,no,no,yes,False
101724009,BELLE MEADE POLICE DEPT,17-0233,Davidson,Belle Meade,8/8/2017 1:14:00 AM,1,0,0,36.084630,-86.867080,PAGE,RD,,,100.00,Feet,West,BELLE MEADE,BLVD,,,0.00,N,Not at Intersection,N,Non-Junction,None,,,         ,Mark,Hill,Cloudy,Not Collision with Motor Vehicle in Transport,no,no,no,no,no,False
101724024,METROPOLITAN NASHVILLE POLICE DEPT,20170698251,Davidson,Nashville,8/8/2017 12:00:00 AM,1,0,0,36.139600,-86.734640,MURFREESBORO PKE,,,,449.00,Feet,West,ARLINGTON AV,,,,0.00,N,Not at Intersection,N,Non-Junction,None,,,         ,Brian,Mclarty,Clear,Not Collision with Motor Vehicle in Transport,no,no,no,no,no,False
101724043,THP District 3 - Nashville,317046665,Davidson,Nashville,8/7/2017 6:15:00 AM,1,0,0,36.189550,-86.897870,COCKRILL BEND BLVD,,,,0.00,Feet,West,CENTENNIAL BLVD,,,,0.00,N,Not at Intersection, ,Non-Junction,None,,,         ,Elliott,Lopes,Cloudy,Not Collision with Motor Vehicle in Transport,no,no,no,yes,no,False
101724070,METROPOLITAN NASHVILLE POLICE DEPT,20170698659,Davidson,Nashville,8/8/2017 5:55:00 AM,2,0,0,36.090330,-86.626500,BELL RD,,,,0.00,,,SMITH SPRINGS RD,,,,0.00,Y,Four-Way,N,Intersection-Related,None,,,         ,Joseph,Zambardi,Clear,Front to Rear,no,no,no,no,no,False
101724092,METROPOLITAN NASHVILLE POLICE DEPT,20170698826,Davidson,Nashville,8/8/2017 7:25:00 AM,2,0,0,36.154270,-86.792890,WEST END AV,,,,0.00,,,BROADWAY,,,,0.00,Y,Five Point Or More, ,Intersection,None,,,         ,Nathan,Kemp,Clear,Front to Rear,no,no,no,no,no,False
101724094,METROPOLITAN NASHVILLE POLICE DEPT,20170698702,Davidson,Nashville,8/8/2017 6:16:00 AM,2,2,0,36.084120,-86.705870,LINBAR DR,,,,17.00,Feet,South,HARDING PL,,,,0.00,N,Not at Intersection,N,Non-Junction,None,,,         ,Gary,Peters,Clear,Angle,no,no,no,no,no,False
101724102,METROPOLITAN NASHVILLE POLICE DEPT,20170698846,Davidson,Nashville,8/8/2017 7:19:00 AM,2,0,0,36.206270,-86.795400,ENLOE ST,,,,300.00,Feet,East,FREE SILVER RD,,,,0.00,N,Not at Intersection,N,Non-Junction,None,,,         ,Michael,Parman,Unknown,Unknown,no,no,no,no,yes,False
101724106,METROPOLITAN NASHVILLE POLICE DEPT,20170698766,Davidson,Nashville,8/8/2017 6:52:00 AM,2,0,0,36.153900,-86.625640,STEWARTS FERRY PKE,,,,0.00,,,PERCY PRIEST DR,,,,0.00,Y,T-Intersection, ,Intersection,None,,,         ,Michael,Dance,Clear,Front to Rear,no,no,no,no,no,False
101724122,METROPOLITAN NASHVILLE POLICE DEPT,20170698749,Davidson,Nashville,8/8/2017 6:39:00 AM,2,0,0,36.035460,-86.609470,OLD HICKORY BLVD,,,,500.00,Feet,East,HOBSON PKE,,,,0.00,N,Not at Intersection,N,Non-Junction,None,,,         ,Caleb,Jernigan,Clear,"Sideswipe, Opposite Direction",no,no,no,no,no,False
101724124,METROPOLITAN NASHVILLE POLICE DEPT,20170698907,Davidson,Nashville,8/8/2017 7:56:00 AM,2,0,0,36.169060,-86.682400,LEBANON PKE,,,,0.00,,,FAIRWAY DR,,,,0.00,Y,Four-Way, ,Intersection,None,,,         ,Michael,Dance,Clear,Front to Rear,no,no,no,no,no,False
101724134,METROPOLITAN NASHVILLE POLICE DEPT,20170698989,Davidson,Nashville,8/8/2017 8:28:00 AM,2,0,0,36.147200,-86.797100,GRAND AV,,,,0.00,,,19TH AVS,,,,0.00,Y,T-Intersection, ,Intersection,None,,,         ,Nathan,Kemp,Clear,Angle,no,no,no,no,no,Campus
101724139,METROPOLITAN NASHVILLE POLICE DEPT,20170698845,Davidson,Nashville,8/8/2017 7:30:00 AM,2,0,0,36.209780,-86.733940,SHELTON AV,,,,0.00,,,GALLATIN PKE,,,,0.00,Y,T-Intersection,N,Intersection-Related,None,,,         ,Doyle,Price,Cloudy,Front to Rear,no,no,no,no,no,False
101724156,VANDERBILT UNIVERSITY POLICE,2017-0696446,Davidson,Nashville,8/7/2017 12:00:00 AM,2,0,0,36.142670,-86.794570,17TH AVS,,,,307.00,Feet,South,EDGEHILL AV,,,,0.00,N,Not at Intersection,N,Non-Junction,None,,,         ,Alan,Reed,Cloudy,Unknown,no,no,no,yes,yes,Campus
101724157,METROPOLITAN NASHVILLE POLICE DEPT,20170698895,Davidson,Lakewood,8/8/2017 7:49:00 AM,2,0,0,36.241130,-86.633080,OLD HICKORY BLVD,,,,204.00,Feet,East,IRIS AV,,,,0.00,N,Not at Intersection,N,Non-Junction,None,,,         ,James,Curtis,Clear,Front to Rear,no,no,no,no,no,False
101724199,METROPOLITAN NASHVILLE POLICE DEPT,20170699012,Davidson,Nashville,8/8/2017 8:32:00 AM,2,0,0,36.160640,-86.769520,KOREAN VETERANS BLVD,,,,1108.00,Feet,North,HERMITAGE AV,,,,0.00,N,Not at Intersection,N,Non-Junction,None,,,         ,Frank,Campbell,Clear,"Sideswipe, Same Direction",no,no,no,no,yes,False
101724201,METROPOLITAN NASHVILLE POLICE DEPT,20170698959,Davidson,Nashville,8/8/2017 8:10:00 AM,3,0,0,36.186980,-86.795600,I 65,,,,0.00,,,,,,,85.55,N,Not at Intersection,N,Non-Junction,None,,,         ,Joshua,Baker,Clear,Front to Rear,no,no,no,no,yes,False
101724207,VANDERBILT UNIVERSITY POLICE,2017-0698669,Davidson,Nashville,8/8/2017 6:00:00 AM,2,0,0,36.138030,-86.805050,BLAKEMORE AV,,,,0.00,,,24TH AVS,,,,0.00,Y,T-Intersection, ,Intersection,None,,,         ,Michael,Walker,Cloudy,Angle,no,no,no,no,no,Campus
101724225,METROPOLITAN NASHVILLE POLICE DEPT,20170698840,Davidson,Nashville,8/8/2017 7:28:00 AM,2,0,0,36.176830,-86.812090,OSAGE ST,,,,103.00,Feet,East,22ND AVN,,,,0.00,N,Not at Intersection,N,Non-Junction,None,,,         ,Michael,Parman,Clear,"Sideswipe, Opposite Direction",no,no,no,no,no,False
101724235,METROPOLITAN NASHVILLE POLICE DEPT,2017-0698899,Davidson,Nashville,8/8/2017 7:50:00 AM,2,0,0,36.256940,-86.742000,PORT DR,,,,115.00,Feet,South,RHINE DR,,,,0.00,N,Not at Intersection,N,Non-Junction,None,,,         ,Arthur,Hipp,Clear,Rear to Side,no,no,no,yes,no,False
101724238,METROPOLITAN NASHVILLE POLICE DEPT,20170699277,Davidson,Nashville,8/8/2017 10:19:00 AM,2,2,0,36.249350,-86.757050,DICKERSON PKE,,,,114.00,Feet,South,OLD DUE WEST AV,,,,0.00,N,Not at Intersection,N,Non-Junction,None,,,         ,Thomas,Odom,Clear,Angle,no,no,no,no,no,False
101724248,METROPOLITAN NASHVILLE POLICE DEPT,20170698945,Davidson,Nashville,8/8/2017 8:00:00 AM,2,0,0,36.159200,-86.835450,MICHIGAN AV,,,,0.00,,,TAYLOR MERRITT CT,,,,0.00,Y,T-Intersection, ,Intersection,None,,,         ,Michael,Pyle,Clear,Unknown,no,no,no,no,yes,False
101724263,METROPOLITAN NASHVILLE POLICE DEPT,20170699320,Davidson,Not in City Limit,8/8/2017 10:30:00 AM,1,0,0,36.205490,-86.941680,ASHLAND CITY HWY,,,,1079.00,Feet,West,OLD HYDES FERRY PKE,,,,0.00,N,Not at Intersection,N,Non-Junction,None,,,         ,Joshua,Baker,Clear,Not Collision with Motor Vehicle in Transport,no,no,no,no,no,False
101724269,METROPOLITAN NASHVILLE POLICE DEPT,20170699037,Davidson,Nashville,8/8/2017 8:45:00 AM,1,0,0,36.171090,-86.873910,CENTENNIAL BLVD,,,,0.00,,,COCKRILL BEND BLVD,,,,0.00,Y,Four-Way, ,Intersection,None,,,         ,Douglas,Atwood,Clear,Not Collision with Motor Vehicle in Transport,no,no,no,no,no,False
101724270,METROPOLITAN NASHVILLE POLICE DEPT,20170698774,Davidson,Nashville,8/8/2017 6:10:00 AM,2,0,0,36.104920,-86.879050,WEST MEADE DR,,,,0.00,,,JOCELYN HOLLOW RD,,,,0.00,Y,Four-Way,N,Intersection,None,,,         ,Honorio,Canchola,Clear,Angle,no,no,no,no,no,False
101724277,METROPOLITAN NASHVILLE POLICE DEPT,20170699475,Davidson,Nashville,8/8/2017 11:43:00 AM,2,0,0,36.141180,-86.817080,33RD AVS,,,,0.00,,,WEST END AV,,,,0.00,Y,T-Intersection,N,Intersection,None,,,         ,Nathan,Kemp,Clear,Angle,no,no,no,no,no,False
101724283,METROPOLITAN NASHVILLE POLICE DEPT,20170699335,Davidson,Nashville,8/8/2017 10:30:00 AM,2,1,0,36.079730,-86.821390,TYNE BLVD,,,,0.00,,,TARA DR,,,,0.00,Y,T-Intersection,N,Intersection,None,,,         ,Earl,Davis,Clear,Front to Rear,no,no,no,no,no,False
101724284,METROPOLITAN NASHVILLE POLICE DEPT,20170699388,Davidson,Not in City Limit,8/8/2017 10:12:00 AM,2,0,0,36.077230,-87.020640,MCCRORY LN,,,,56.00,Feet,South,I40 W EXT RAMP,,,,0.00,N,Not at Intersection, ,Non-Junction,None,,,         ,Benjamin,Cantrell,Clear,Angle,no,no,no,no,no,False
101724286,METROPOLITAN NASHVILLE POLICE DEPT,20170699272,Davidson,Nashville,8/8/2017 10:14:00 AM,1,0,0,36.209860,-86.870420,BRILEY PKWY N ENT RAMP,,,,0.00,,,ASHLAND CITY HWY,,,,0.00,Y,OTHER,N,Entrance/Exit Ramp Related,None,,,         ,Garren,Hoskins,Clear,Not Collision with Motor Vehicle in Transport,no,no,no,no,no,False
101724298,METROPOLITAN NASHVILLE POLICE DEPT,20170699378,Davidson,Nashville,8/8/2017 12:00:00 AM,2,0,0,36.179560,-86.835360,LEAWOOD DR,,,,154.00,Feet,North,VIKING RD,,,,0.00,N,Not at Intersection,N,Non-Junction,None,,,         ,Michael,Parman,Clear,Unknown,no,no,no,no,yes,False
101724301,METROPOLITAN NASHVILLE POLICE DEPT,20170699313,Davidson,Nashville,8/8/2017 8:35:00 AM,2,0,0,36.102060,-86.830310,HOBBS RD,,,,104.00,Feet,East,VAILWOOD DR,,,,0.00,N,Not at Intersection, ,,Work Zone,,,         ,Michael,Pyle,,,no,no,no,no,no,False
101724309,METROPOLITAN NASHVILLE POLICE DEPT,20170699559,Davidson,Nashville,8/8/2017 12:10:00 PM,1,0,0,36.187060,-86.718000,PRESTON DR,,,,172.00,Feet,North,ROSEBANK AV,,,,0.00,N,Not at Intersection, ,Non-Junction,None,,,         ,Richard,Conger,Clear,Not Collision with Motor Vehicle in Transport,no,no,no,no,yes,False
101724341,METROPOLITAN NASHVILLE POLICE DEPT,20170699109,Davidson,Nashville,8/8/2017 9:00:00 AM,2,0,0,36.180130,-86.800370,I 65,,,,0.00,,,,,,,85.00,N,Not at Intersection,N,Non-Junction,None,,,         ,William,Caillouette,Clear,Angle,no,no,no,no,no,False
101724362,METROPOLITAN NASHVILLE POLICE DEPT,20170699675,Davidson,Nashville,8/8/2017 12:28:00 PM,2,0,0,36.221430,-86.773770,I24 W ENT RAMP,,,,0.00,Feet,East,I 65,,,,0.00,N,Not at Intersection, ,Entrance/Exit Ramp Related,None,,,         ,Richard,Conger,Clear,"Sideswipe, Same Direction",no,no,no,no,no,False
101724383,METROPOLITAN NASHVILLE POLICE DEPT,20170699587,Davidson,Nashville,8/8/2017 10:59:00 AM,2,0,0,36.115790,-86.810610,HAMPTON PL,,,,0.00,,,HILLSBORO PKE,,,,0.00,Y,OTHER, ,,None,,,         ,George,Spencer,,,no,no,no,no,no,False
101724389,METROPOLITAN NASHVILLE POLICE DEPT,20170699808,Davidson,Nashville,8/8/2017 1:29:00 PM,2,0,0,36.152670,-86.793540,17TH AVS,,,,0.00,Feet,,MCGAVOCK ST,,,,0.00,Y,T-Intersection,N,Intersection,Construction Zone,,,         ,Nathan,Kemp,Clear,"Sideswipe, Same Direction",no,no,no,no,no,False
101724392,METROPOLITAN NASHVILLE POLICE DEPT,20170699751,Davidson,Nashville,8/8/2017 12:02:00 PM,2,0,0,36.111250,-86.750250,THOMPSON LN,,,,86.00,Feet,West,SEABOARD DR,,,,0.00,N,Not at Intersection,N,OtherLocation,None,,,         ,Brent,Bauer,Cloudy,"Sideswipe, Same Direction",no,no,no,yes,yes,False
101724393,METROPOLITAN NASHVILLE POLICE DEPT,2017-0699376,Davidson,Nashville,8/8/2017 10:48:00 AM,2,0,0,36.069470,-86.687540,HAYWOOD LN,,,,0.00,Feet,,I24 W EXT RAMP,,,,0.00,Y,T-Intersection,Y,Entrance/Exit Ramp Related,None,,,         ,William,Whitworth,Clear,Angle,no,no,no,no,yes,False
101724400,METROPOLITAN NASHVILLE POLICE DEPT,20170699592,Davidson,Nashville,8/8/2017 12:20:00 PM,2,1,0,36.141380,-86.857420,WHITE BRIDGE PKE,,,,0.00,Feet,,OAKMONT CIR,,,,0.00,Y,T-Intersection,Y,Intersection,None,,,         ,Brian,Myatt,Clear,Angle,no,no,no,no,no,False
101724402,METROPOLITAN NASHVILLE POLICE DEPT,2017-0699381,Davidson,Nashville,8/8/2017 10:05:00 AM,2,0,0,36.235410,-86.790240,EWINGWOOD DR,,,,72.00,Feet,West,GREGGWOOD DR,,,,0.00,N,Not at Intersection, ,Non-Junction,None,,,         ,Carlos,angulo,Clear,"Sideswipe, Same Direction",no,no,no,no,yes,False
101724403,METROPOLITAN NASHVILLE POLICE DEPT,20170699537,Davidson,Nashville,8/8/2017 12:10:00 PM,2,1,0,36.213910,-86.833970,HAYNES PARK DR,,,,176.00,Feet,North,CHARLES CT,,,,0.00,N,Not at Intersection,N,Non-Junction,None,,,         ,Brandon,Evans,Clear,Angle,no,no,no,no,no,False
101724404,METROPOLITAN NASHVILLE POLICE DEPT,20170696124,Davidson,Nashville,8/7/2017 12:55:00 PM,2,0,0,36.095364,-86.465412,DEADERICK STREET,,,,75.00,Feet,West,5TH AVENUE NORTH,,,,0.00,N,Not at Intersection, ,Non-Junction,None,,,         ,William,Vincion,Rain,"Sideswipe, Same Direction",no,no,no,no,no,False
101724420,METROPOLITAN NASHVILLE POLICE DEPT,20170699810,Davidson,Nashville,8/8/2017 1:30:00 PM,1,0,0,36.047670,-86.656100,HICKORY HOLLOW PKWY,,,,64.00,Feet,West,BELL RD,,,,0.00,N,Not at Intersection, ,,None,,,         ,Jessie,Meadows,,,no,no,no,no,no,False
101724440,METROPOLITAN NASHVILLE POLICE DEPT,20170699867,Davidson,Nashville,8/8/2017 1:45:00 PM,2,1,0,36.176910,-86.774580,SPRING ST,,,,0.00,,,N 1ST ST,,,,0.00,Y,Four-Way,N,Intersection,None,,,         ,Steven,Folliard,Clear,Front to Rear,no,no,no,no,no,False
101724525,METROPOLITAN NASHVILLE POLICE DEPT,20170699927,Davidson,Nashville,8/8/2017 2:12:00 PM,1,0,0,36.234610,-86.717760,BRILEY PKWYW,,,,275.00,Feet,West,TANGLEWOOD CT,,,,0.00,N,Not at Intersection, ,Non-Junction,None,,,         ,Samuel,Miller,Clear,Not Collision with Motor Vehicle in Transport,no,no,no,no,no,False
101724571,METROPOLITAN NASHVILLE POLICE DEPT,20170700002,Davidson,Nashville,8/8/2017 2:30:00 PM,2,0,0,36.205180,-86.776450,I 65,,,,0.00,,,,,,,87.20,N,Not at Intersection, ,,None,,,         ,Jonathan,Hadley,,,no,no,no,no,no,False
101724579,METROPOLITAN NASHVILLE POLICE DEPT,20170700000,Davidson,Nashville,8/8/2017 2:17:00 PM,2,0,0,36.152110,-86.844410,CHARLOTTE AV,,,,93.00,Feet,East,48TH AVN,,,,0.00,N,Not at Intersection,N,Non-Junction,None,,,         ,Walter,Gray II,Clear,Front to Rear,no,no,no,no,no,False
101724581,METROPOLITAN NASHVILLE POLICE DEPT,20170700127,Davidson,Not in City Limit,8/8/2017 2:49:00 PM,2,0,0,36.265420,-86.724870,HERITAGE DR,,,,480.00,Feet,North,OLD HICKORY BLVDW,,,,0.00,N,Not at Intersection,N,Non-Junction,None,,,         ,Samuel,Miller,Clear,Angle,no,no,no,no,yes,False
101724593,METROPOLITAN NASHVILLE POLICE DEPT,20170700140,Davidson,Nashville,8/8/2017 12:00:00 AM,2,0,0,36.161820,-86.795250,14TH AVN,,,,5.00,Feet,North,PEARL ST,,,,0.00,N,Not at Intersection, ,Non-Junction,None,,,         ,Melvin,Taylor,Clear,"Sideswipe, Opposite Direction",no,no,no,no,no,False
101724602,METROPOLITAN NASHVILLE POLICE DEPT,20170700199,Davidson,Nashville,8/8/2017 3:55:00 PM,2,1,0,36.168930,-86.683550,LEBANON PKE,,,,23.00,Feet,East,THE CROSSINGS PVTDR,,,,0.00,N,Not at Intersection,N,Non-Junction,None,,,         ,John,Kelley,Clear,Angle,no,no,no,no,no,False
101724609,METROPOLITAN NASHVILLE POLICE DEPT,20170700280,Davidson,Nashville,8/8/2017 4:16:00 PM,2,0,0,36.075060,-86.724920,NOLENSVILLE PKE,,,,0.00,,,FLORA MAXWELL RD,,,,0.00,Y,T-Intersection, ,Intersection-Related,None,,,         ,Tien,Nguyen,Clear,Angle,no,no,no,no,no,False
101724626,METROPOLITAN NASHVILLE POLICE DEPT,20170700388,Davidson,Nashville,8/8/2017 4:50:00 PM,2,0,0,36.155710,-86.759460,I24 W ENT RAMP,,,,0.00,,,I40 E ENT RAMP,,,,0.00,Y,OTHER, ,Entrance/Exit Ramp Related,None,,,         ,Michael,Baron,Clear,"Sideswipe, Same Direction",no,no,no,no,yes,False
101724638,METROPOLITAN NASHVILLE POLICE DEPT,20170700259,Davidson,Nashville,8/8/2017 3:53:00 PM,2,1,0,36.160760,-86.681470,MCGAVOCK PKE,,,,681.00,Feet,North,GRAYLYNN DR,,,,0.00,N,Not at Intersection,N,Non-Junction,None,,,         ,Jaby,Djabbarov,Clear,"Sideswipe, Opposite Direction",no,no,no,no,no,False
101724639,METROPOLITAN NASHVILLE POLICE DEPT,20170700493,Davidson,Nashville,8/8/2017 5:20:00 PM,2,0,0,36.149190,-86.773780,I 40,,,,0.00,,,,,,,210.20,N,Not at Intersection,N,Non-Junction,None,,,         ,Hillary,Sherman,Clear,"Sideswipe, Same Direction",no,no,no,no,yes,False