master_record_number,agency,agency_tracking_number,county,city,collision_date,vehicles_involved,number_injured,number_dead,latitude,longitude,roadway_name,roadway_suffix,roadway_number,roadway_local_id,distance_from_reference,miles-feet_indicator,direction_from_reference,intersection_road_name,intersection_road_name_suffix,intersection_road_number,intersection_local_id,mile_marker,intersection_indicator,intersect_type,interchange_related_indicator,relation_to_junction,work_zone_type,construction_maintenance_zone,construction_maintenance_zone_location,fatal_case_number,officer_first_name,officer_last_name,weather_condition(s),manner_of_crash,pedestrian,bicycle,scooter,parking,hitrun,mou
101724644,METROPOLITAN NASHVILLE POLICE DEPT,20170700515,Davidson,Nashville,8/8/2017 4:00:00 PM,1,1,0,36.150050,-86.762290,CHARLES E DAVIS BLVD,,,,443.00,Feet,North,LAFAYETTE ST,,,,0.00,N,Not at Intersection,N,Non-Junction,None,,,         ,Andrew,Mullen,Clear,Not Collision with Motor Vehicle in Transport,yes,no,no,no,no,False
101724649,METROPOLITAN NASHVILLE POLICE DEPT,20170700556,Davidson,Nashville,8/8/2017 5:35:00 PM,2,0,0,36.040010,-86.743470,OLD HICKORY BLVD,,,,0.00,,,EDMONDSON PKE,,,,0.00,Y,Four-Way, ,Intersection-Related,None,,,         ,Tien,Nguyen,Clear,"Sideswipe, Same Direction",no,no,no,no,no,False
101724652,METROPOLITAN NASHVILLE POLICE DEPT,20170700382,Davidson,Nashville,8/8/2017 4:40:00 PM,3,0,0,36.100770,-86.712020,I 24,,,,0.00,,,,,,,54.50,N,Not at Intersection, ,Non-Junction,None,,,         ,Benjamin,Froehlich,Clear,Front to Rear,no,no,no,no,no,False
101724653,METROPOLITAN NASHVILLE POLICE DEPT,20170700433,Davidson,Nashville,8/8/2017 5:09:00 PM,2,0,0,36.083260,-86.698210,I 24,,,,0.00,,,,,,,56.00,N,Not at Intersection,N,Non-Junction,None,,,         ,Marcus,Darden,Clear,Front to Rear,no,no,no,no,no,False
101724659,METROPOLITAN NASHVILLE POLICE DEPT,20170700546,Davidson,Nashville,8/8/2017 5:39:00 PM,2,0,0,36.103620,-86.666480,FAIRCLOTH LN,,,,0.00,,,OLD MURFREESBORO PKE,,,,0.00,Y,Four-Way, ,,None,,,         ,Michael,Apsey,,,no,no,no,no,no,False
101724662,METROPOLITAN NASHVILLE POLICE DEPT,20170700170,Davidson,Nashville,8/8/2017 3:50:00 PM,2,2,0,36.110940,-86.745220,THOMPSON LN,,,,0.00,Feet,,NOLENSVILLE PKE,,,,0.00,Y,Four-Way,N,Intersection-Related,None,,,         ,Jacob,Paul,Clear,"Sideswipe, Same Direction",no,no,no,no,no,False
101724663,METROPOLITAN NASHVILLE POLICE DEPT,20170700539,Davidson,Nashville,8/8/2017 5:21:00 PM,2,0,0,36.098610,-86.659380,MURFREESBORO PKE,,,,0.00,,,HARDING PL,,,,0.00,Y,T-Intersection, ,Intersection-Related,None,,,         ,Jonathon,Sheppard,Clear,Front to Rear,no,no,no,no,yes,False
101724687,METROPOLITAN NASHVILLE POLICE DEPT,20170700430,Davidson,Nashville,8/8/2017 5:08:00 PM,2,0,0,36.154140,-86.828830,37TH AVN,,,,520.00,Feet,North,36TH AVN,,,,0.00,N,Not at Intersection, ,Non-Junction,None,,,         ,Walter,Gray II,Clear,Other,no,no,no,no,no,False
101724689,METROPOLITAN NASHVILLE POLICE DEPT,20170700215,Davidson,Nashville,8/8/2017 3:43:00 PM,2,0,0,36.216510,-86.584200,LEBANON PKE,,,,159.00,Feet,West,LEBANON RD,,,,0.00,N,Not at Intersection,N,Non-Junction,None,,,         ,Kyle,Burks,Clear,Unknown,no,no,no,yes,yes,False
101724700,THP District 3 - Nashville,317046898,Davidson,Nashville,8/7/2017 1:45:00 PM,2,0,0,36.077550,-86.669420,BILLINGSGATE RD,,,,70.00,Feet,South,CHETOPA CT,,,,0.00,N,Not at Intersection, ,Non-Junction,None,,,         ,Christopher,Langley,Cloudy,Front to Rear,no,no,no,no,no,False
101724704,METROPOLITAN NASHVILLE POLICE DEPT,20170700567,Davidson,Nashville,8/8/2017 5:49:00 PM,2,0,0,36.169990,-86.737420,SHELBY AV,,,,0.00,,,S 19TH ST,,,,0.00,Y,Four-Way,N,Intersection,None,,,         ,Cressie,Prill,Clear,Angle,no,no,no,no,no,False
101724706,METROPOLITAN NASHVILLE POLICE DEPT,20170700440,Davidson,Nashville,8/8/2017 5:00:00 PM,2,0,0,36.153960,-86.757350,I 40,,,,0.00,,,,,,,211.15,N,Not at Intersection, ,Non-Junction,None,,,         ,Johnathan,Pannell,Clear,"Sideswipe, Same Direction",no,no,no,no,no,False
101724707,METROPOLITAN NASHVILLE POLICE DEPT,20170700700,Davidson,Nashville,8/8/2017 12:00:00 AM,2,0,0,36.162160,-86.823220,31ST AVN,,,,162.00,Feet,North,CLARE AV,,,,0.00,N,Not at Intersection, ,Non-Junction,None,,,         ,Melvin,Taylor,Unknown,"Sideswipe, Same Direction",no,no,no,no,yes,False
101724708,METROPOLITAN NASHVILLE POLICE DEPT,20170700534,Davidson,Nashville,8/8/2017 5:25:00 PM,2,0,0,36.155010,-86.627110,STEWARTS FERRY PKE,,,,0.00,,,I40 E EXT RAMP,,,,0.00,Y,Four-Way, ,Intersection,None,,,         ,Patrick,Taylor,Clear,Angle,no,no,no,no,no,False
101724710,METROPOLITAN NASHVILLE POLICE DEPT,20170700531,Davidson,Nashville,8/8/2017 5:38:00 PM,3,4,0,36.141650,-86.713740,I 40,,,,0.00,,,,,,,214.00,N,Not at Intersection,N,Non-Junction,None,,,         ,Jonathan,Cavezza,Clear,Angle,no,no,no,no,no,False
101724722,METROPOLITAN NASHVILLE POLICE DEPT,20170697031,Davidson,Nashville,8/7/2017 6:42:00 PM,2,1,0,36.122800,-86.843610,KENNER AV,,,,475.00,Feet,East,WOODMONT BLVD,,,,0.00,N,Not at Intersection,N,Non-Junction,None,,,         ,Torian,Cox,Clear,Front to Rear,no,no,no,no,no,False
101724724,METROPOLITAN NASHVILLE POLICE DEPT,20170700710,Davidson,Nashville,8/6/2017 8:30:00 PM,2,0,0,36.139700,-86.637130,QUAIL RD,,,,0.00,,,QUAIL CTW,,,,0.00,Y,OTHER, ,Non-Junction,None,,,         ,Jonathon,Sheppard,Clear,"Sideswipe, Opposite Direction",no,no,no,yes,yes,False
101724744,METROPOLITAN NASHVILLE POLICE DEPT,2017-0700516,Davidson,Nashville,8/8/2017 5:33:00 PM,3,0,0,36.180350,-86.606200,OLD HICKORY BLVD,,,,678.00,Feet,North,FRIST BLVD,,,,0.00,N,Not at Intersection,N,Non-Junction,None,,,         ,Sandra,Talavera,Clear,Front to Rear,no,no,no,no,no,False
101724751,VANDERBILT UNIVERSITY POLICE,2017-0700557,Davidson,Nashville,8/8/2017 5:21:00 PM,1,0,0,36.144310,-86.812060,28TH AVS,,,,0.00,,,,,,,0.00,,Not at Intersection,N,Non-Junction,None,,,         ,V,Greene,Clear,Not Collision with Motor Vehicle in Transport,no,no,no,yes,yes,Campus
101724758,METROPOLITAN NASHVILLE POLICE DEPT,20170700813,Davidson,Nashville,8/8/2017 6:57:00 PM,2,0,0,36.176530,-86.765480,ELLINGTON PKWYN,,,,293.00,Feet,East,ELLINGTON PKWYS,,,,0.00,N,Not at Intersection, ,Non-Junction,None,,,         ,Michael,Moss,Clear,Front to Rear,no,no,no,no,no,False
101724759,VANDERBILT UNIVERSITY POLICE,17-0688567,Davidson,Nashville,8/4/2017 3:40:00 PM,2,0,0,36.142480,-86.801460,MEDICAL CENTER DR,,,,0.00,,,,,,,0.00,,, ,"Driveway, Alley Access, etc",None,,,         ,Gregory,Blocker,Clear,Front to Rear,no,no,no,yes,no,Campus
101724779,METROPOLITAN NASHVILLE POLICE DEPT,20170700996,Davidson,Nashville,8/8/2017 12:00:00 AM,2,0,0,36.207940,-86.786590,W TRINITY LN,,,,226.00,Feet,East,MONTICELLO ST,,,,0.00,N,Not at Intersection, ,Non-Junction,None,,,         ,Melvin,Taylor,Clear,Front to Rear,no,no,no,no,no,False
101724780,METROPOLITAN NASHVILLE POLICE DEPT,20170701072,Davidson,Nashville,8/8/2017 8:49:00 PM,2,0,0,36.068750,-86.719770,NOLENSVILLE PKE,,,,280.00,Feet,North,HAYWOOD LN,,,,0.00,N,Not at Intersection, ,Non-Junction,None,,,         ,Tien,Nguyen,Clear,Front to Rear,no,no,no,no,no,False
101724781,METROPOLITAN NASHVILLE POLICE DEPT,20170700841,Davidson,Nashville,8/8/2017 7:38:00 PM,2,1,0,36.157110,-86.774670,4TH AVS,,,,0.00,,,KOREAN VETERANS BLVD,,,,0.00,Y,Four-Way,N,Intersection,None,,,         ,Deandera,Payne,Clear,Front to Rear,no,no,no,no,no,False
101724782,METROPOLITAN NASHVILLE POLICE DEPT,20170700533,Davidson,Nashville,8/8/2017 4:51:00 PM,3,0,0,36.176310,-86.767830,SPRING ST,,,,121.00,Feet,West,SPRING ST ENT RAMP,,,,0.00,N,Not at Intersection,N,Non-Junction,None,,,         ,Christopher,Valdez,Clear,Front to Rear,no,no,no,no,no,False
101724802,THP District 3 - Nashville,317046935,Davidson,Not in City Limit,8/8/2017 5:29:00 PM,3,0,0,36.345500,-86.932610,HIGHWAY 41-A,,,,42.00,Feet,North,NEW HOPE VALLEY,,,,0.00,N,Not at Intersection,N,Non-Junction,None,,,         ,Russell,Bernard,Clear,Front to Rear,no,no,no,no,no,False
101724814,METROPOLITAN NASHVILLE POLICE DEPT,20170701111,Davidson,Nashville,8/8/2017 9:02:00 PM,2,0,0,36.202050,-86.735880,LITTON AV,,,,56.00,Feet,East,BRONTE AV,,,,0.00,N,Not at Intersection, ,Non-Junction,None,,,         ,Cressie,Prill,Clear,Front to Rear,no,no,no,no,no,False
101724821,METROPOLITAN NASHVILLE POLICE DEPT,20170700918,Davidson,Nashville,8/8/2017 7:20:00 PM,1,0,0,36.142160,-86.666830,I40 W ENT RAMP,,,,0.00,,,I 40,,,,0.00,Y,OTHER, ,Entrance/Exit Ramp Related,None,,,         ,Jaby,Djabbarov,Clear,Not Collision with Motor Vehicle in Transport,no,no,no,no,no,False
101724822,METROPOLITAN NASHVILLE POLICE DEPT,20170701043,Davidson,Nashville,8/8/2017 7:31:00 PM,3,0,0,36.148810,-86.666280,ELM HILL PKE,,,,0.00,,,DONELSON PKE,,,,0.00,Y,Four-Way,N,Intersection,None,,,         ,Jaby,Djabbarov,Clear,Front to Rear,no,no,no,no,yes,False
101724827,METROPOLITAN NASHVILLE POLICE DEPT,20170701105,Davidson,Nashville,8/8/2017 8:59:00 PM,1,0,0,36.169190,-86.861630,CENTENNIAL BLVD,,,,130.00,Feet,East,LINDER INDUSTRIAL DR,,,,0.00,N,Not at Intersection,N,Non-Junction,None,,,         ,Walter,Gray II,Clear,Not Collision with Motor Vehicle in Transport,no,no,no,yes,no,False
101724830,METROPOLITAN NASHVILLE POLICE DEPT,20170701159,Davidson,Nashville,8/8/2017 8:41:00 PM,2,0,0,36.071870,-86.636180,MURFREESBORO PKE,,,,0.00,,,BELL RD,,,,0.00,Y,Four-Way, ,Intersection-Related,None,,,         ,Jonathon,Sheppard,Clear,"Sideswipe, Same Direction",no,no,no,no,no,False
101724841,METROPOLITAN NASHVILLE POLICE DEPT,20170700931,Davidson,Nashville,8/8/2017 8:09:00 PM,2,1,0,36.221140,-86.804900,REVELS DR,,,,0.00,,,WHITES CREEK PKE,,,,0.00,Y,T-Intersection,N,Intersection,None,,,         ,Seth,Vaughn,Clear,Angle,no,no,no,no,no,False
101724844,METROPOLITAN NASHVILLE POLICE DEPT,20170700536,Davidson,Not in City Limit,8/8/2017 5:40:00 PM,2,1,0,36.267710,-86.756370,DICKERSON PKE,,,,236.00,Feet,South,BELL GRIMES LN,,,,0.00,N,Not at Intersection,N,Non-Junction,None,,,         ,Samuel,Miller,Clear,Angle,no,no,no,no,no,False
101724845,METROPOLITAN NASHVILLE POLICE DEPT,20170700355,Davidson,Nashville,8/8/2017 4:44:00 PM,2,0,0,36.151440,-86.786690,I40 E ENT RAMP,,,,0.00,Feet,East,I 40,,,,0.00,N,Not at Intersection, ,Non-Junction,None,,,         ,Jacob,Paul,Clear,Front to Rear,no,no,no,no,no,False
101724849,METROPOLITAN NASHVILLE POLICE DEPT,20170701238,Davidson,Not in City Limit,8/8/2017 9:45:00 PM,1,0,0,36.023680,-86.631110,I 24,,,,0.00,,,,,,,61.70,N,Not at Intersection,N,Non-Junction,None,,,         ,Candice,Soper,Clear,Not Collision with Motor Vehicle in Transport,no,no,no,no,no,False
101724872,METROPOLITAN NASHVILLE POLICE DEPT,20170701055,Davidson,Nashville,8/8/2017 8:42:00 PM,3,3,0,36.066180,-86.629930,MURFREESBORO PKE,,,,206.00,Feet,North,HAMILTON CROSSINGS,,,,0.00,N,Not at Intersection,N,Non-Junction,None,,,         ,Joseph,Progar,Cloudy,Front to Rear,no,no,no,no,no,False
101724874,METROPOLITAN NASHVILLE POLICE DEPT,20170700709,Davidson,Nashville,8/8/2017 5:25:00 PM,2,0,0,36.139800,-86.700300,BRILEY PKWY,,,,104.00,Feet,North,I40 E ENT RAMP,,,,0.00,N,Not at Intersection,N,Non-Junction,None,,,         ,Dontaveous,Eubanks,Clear,Front to Rear,no,no,no,no,yes,False
101724901,METROPOLITAN NASHVILLE POLICE DEPT,20170701332,Davidson,Nashville,8/8/2017 10:40:00 PM,2,1,0,36.235630,-86.708920,BRILEY PKWYE,,,,461.00,Feet,East,MUSIC VALLEY DR,,,,0.00,N,Not at Intersection,N,Non-Junction,None,,,         ,Joseph,Zambardi,Clear,Front to Rear,no,no,no,no,no,False
101724913,METROPOLITAN NASHVILLE POLICE DEPT,20170701585,Davidson,Not in City Limit,8/8/2017 8:47:00 PM,1,0,0,36.007610,-86.665010,OLD HICKORY BLVD,,,,277.00,Feet,East,PETTUS RD,,,,0.00,N,Not at Intersection, ,Non-Junction,None,,,         ,David,Moser,Clear,Not Collision with Motor Vehicle in Transport,no,no,no,no,no,False
101724914,METROPOLITAN NASHVILLE POLICE DEPT,20170701458,Davidson,Nashville,8/8/2017 11:25:00 PM,2,1,0,36.134310,-86.776350,I65 S EXT RAMP,,,,0.00,,,WEDGEWOOD AV,,,,0.00,Y,T-Intersection,N,Entrance/Exit Ramp Related,None,,,         ,Steven,Wiser,Clear,Front to Rear,no,no,no,no,yes,False
101724918,METROPOLITAN NASHVILLE POLICE DEPT,20170701364,Davidson,Nashville,8/8/2017 10:56:00 PM,2,0,0,36.055810,-86.675250,I 24,,,,0.00,,,,,,,58.25,N,Not at Intersection,N,Non-Junction,None,,,         ,Dale,Dameron,Clear,Not Collision with Motor Vehicle in Transport,no,no,no,no,yes,False
101724921,METROPOLITAN NASHVILLE POLICE DEPT,20170701595,Davidson,Nashville,8/9/2017 12:30:00 AM,2,0,0,36.172680,-86.768830,I24 W EXT RAMP,,,,0.00,,,I 24,,,,0.00,Y,Y-Intersection, ,Entrance/Exit Ramp Related,Construction Zone,,,         ,Juan,Gonzalez,Clear,Front to Rear,no,no,no,no,no,False
101724934,METROPOLITAN NASHVILLE POLICE DEPT,20170701574,Davidson,Nashville,8/8/2017 8:50:00 PM,2,0,0,36.169000,-86.683640,THE CROSSINGS PVTDR,,,,28.00,Feet,North,LEBANON PKE,,,,0.00,N,Not at Intersection, ,Non-Junction,None,,,         ,Shannon,Forsyth,Clear,"Sideswipe, Same Direction",no,no,no,no,no,False
101724953,METROPOLITAN NASHVILLE POLICE DEPT,20170701430,Davidson,Madison,8/8/2017 11:15:00 PM,1,2,0,36.259650,-86.679080,CHEYENNE BLVD,,,,117.00,Feet,South,SANDHURST DR,,,,0.00,N,Not at Intersection,N,Non-Junction,None,,,         ,Cheri,Cox,Clear,Not Collision with Motor Vehicle in Transport,no,no,no,no,no,False
101724966,METROPOLITAN NASHVILLE POLICE DEPT,20170702244,Davidson,Nashville,8/9/2017 4:15:00 AM,2,0,0,36.160790,-86.793690,14TH AVN,,,,9.00,Feet,North,CHARLOTTE AV,,,,0.00,N,Not at Intersection, ,,None,,,         ,Joshua,Green,,,no,no,no,no,no,False
101725054,METROPOLITAN NASHVILLE POLICE DEPT,20170702568,Davidson,Nashville,8/9/2017 6:38:00 AM,2,0,0,36.215120,-86.597670,LEBANON PKE,,,,0.00,,,ANDREW JACKSON PKWY,,,,0.00,Y,Four-Way, ,Intersection,None,,,         ,William,Mckay,Clear,Front to Rear,no,no,no,no,no,False
101725064,METROPOLITAN NASHVILLE POLICE DEPT,20170702650,Davidson,Nashville,8/9/2017 7:20:00 AM,2,0,0,36.112670,-86.922800,OLD HICKORY BLVD,,,,79.00,Feet,North,I40 W EXT RAMP,,,,0.00,N,Not at Intersection, ,Non-Junction,None,,,         ,Wesley,Tilley,Clear,Front to Rear,no,no,no,no,no,False
101725067,METROPOLITAN NASHVILLE POLICE DEPT,20170702569,Davidson,Nashville,8/9/2017 6:35:00 AM,2,1,0,36.090330,-86.626500,BELL RD,,,,0.00,,,SMITH SPRINGS RD,,,,0.00,Y,Four-Way,N,Intersection,None,,,         ,Michael,Dance,Clear,Angle,no,no,no,no,no,False
101725082,METROPOLITAN NASHVILLE POLICE DEPT,20170702583,Davidson,Not in City Limit,8/9/2017 7:00:00 AM,2,1,0,36.388580,-86.759320,SPRINGFIELD HWY,,,,2080.00,Feet,North,SPRINGFIELD HWY PVTDR,,,,0.00,N,Not at Intersection,N,Non-Junction,None,,,         ,Thomas,Odom,Clear,Front to Rear,no,no,no,no,no,False
101725099,METROPOLITAN NASHVILLE POLICE DEPT,20170702760,Davidson,Nashville,8/9/2017 8:08:00 AM,2,0,0,36.153390,-86.732730,LEBANON PKE,,,,2061.00,Feet,East,OMOHUNDRO PL,,,,0.00,N,Not at Intersection, ,,None,,,         ,Ralph,Harvey,,,no,no,no,no,no,False
101725101,METROPOLITAN NASHVILLE POLICE DEPT,20170702682,Davidson,Nashville,8/9/2017 7:14:00 AM,2,0,0,36.049350,-86.651510,BELL RD,,,,70.00,Feet,East,HICKORY HOLLOW MALL PVTDR PL,,,,0.00,N,Not at Intersection, ,Non-Junction,None,,,         ,Jason,Dudley,Clear,Angle,no,no,no,no,no,False
101725107,METROPOLITAN NASHVILLE POLICE DEPT,20170702763,Davidson,Nashville,8/9/2017 8:05:00 AM,2,0,0,36.151230,-86.853430,CHARLOTTE AV,,,,56.00,Feet,East,54TH AVN,,,,0.00,N,Not at Intersection, ,Non-Junction,None,,,         ,Douglas,Atwood,Clear,Angle,no,no,no,no,no,False
101725120,METROPOLITAN NASHVILLE POLICE DEPT,20170702864,Davidson,Nashville,8/9/2017 8:52:00 AM,4,0,0,36.115990,-86.788220,I 440,,,,0.00,,,,,,,3.90,N,Not at Intersection,N,Non-Junction,None,,,         ,Nathan,Kemp,Clear,Front to Rear,no,no,no,no,no,False
101725124,METROPOLITAN NASHVILLE POLICE DEPT,20170702796,Davidson,Nashville,8/9/2017 8:14:00 AM,2,1,0,36.173670,-86.808380,DR D B TODD JR BLVD,,,,17.00,Feet,North,COCKRILL ST,,,,0.00,N,Not at Intersection,N,Non-Junction,None,,,         ,Brandon,Evans,Clear,Front to Rear,no,no,no,no,no,False
101725125,Metro Park Police,20170699254,Davidson,Nashville,8/8/2017 9:50:00 AM,2,0,0,36.195100,-86.817690,MAINSTREAM DR,,,,0.00,,,FREELANDS STATION RD,,,,0.00,Y,OTHER, ,OtherLocation,None,,,         ,Johnny,Perry,Clear,Front to Rear,no,no,no,no,no,False
101725149,METROPOLITAN NASHVILLE POLICE DEPT,20170702626,Davidson,Not in City Limit,8/9/2017 6:44:00 AM,2,1,0,36.011080,-86.702690,NOLENSVILLE PKE,,,,0.00,,,LENOX CREEKSIDE DR,,,,0.00,Y,T-Intersection,N,Intersection,None,,,         ,Devonte,Coleman,Clear,Angle,no,no,no,no,no,False
101725151,METROPOLITAN NASHVILLE POLICE DEPT,20170702932,Davidson,Nashville,8/9/2017 9:13:00 AM,2,0,0,36.154430,-86.740090,LEBANON PKE,,,,604.00,Feet,East,FESSLERS LN,,,,0.00,N,Not at Intersection, ,,None,,,         ,Michael,Dance,,,no,no,no,no,no,False
101725170,METROPOLITAN NASHVILLE POLICE DEPT,20170702998,Davidson,Nashville,8/9/2017 9:36:00 AM,2,0,0,36.131110,-86.781050,SOUTH DOUGLAS AV,,,,0.00,,,ELLIOTT AV,,,,0.00,Y,Four-Way,N,Intersection,None,,,         ,Nathan,Kemp,Clear,"Sideswipe, Same Direction",no,no,no,no,no,False
101725176,METROPOLITAN NASHVILLE POLICE DEPT,20170703145,Davidson,Nashville,8/9/2017 10:09:00 AM,2,0,0,36.146840,-86.808630,WEST END AV,,,,0.00,,,25TH AVN,,,,0.00,Y,Four-Way, ,Intersection-Related,None,,,         ,Russell,Freeman,Clear,"Sideswipe, Same Direction",no,no,no,no,no,Campus
101725181,METROPOLITAN NASHVILLE POLICE DEPT,20170703507,Davidson,Nashville,8/9/2017 12:06:00 PM,2,0,0,36.153860,-86.757120,I 40,,,,0.00,,,,,,,211.15,N,Not at Intersection,N,Non-Junction,None,,,         ,Nathan,Kemp,Clear,"Sideswipe, Same Direction",no,no,no,no,yes,False
101725193,METROPOLITAN NASHVILLE POLICE DEPT,20170703011,Davidson,Nashville,8/9/2017 9:40:00 AM,2,0,0,36.069270,-86.692210,I24 E ENT RAMP,,,,0.00,,,I24 E EXT RAMP,,,,0.00,Y,OTHER,N,Entrance/Exit Ramp Related,None,,,         ,Roy,McElwee,Clear,Front to Rear,no,no,no,no,no,False
101725194,METROPOLITAN NASHVILLE POLICE DEPT,20170703074,Davidson,Nashville,8/9/2017 9:26:00 AM,2,0,0,36.188600,-86.602540,RIDGEMERE CT,,,,314.00,Feet,East,JACKSONS VALLEY PL,,,,0.00,N,Not at Intersection, ,"Driveway, Alley Access, etc",None,,,         ,Michael,Dance,Clear,Rear to Side,no,no,no,no,no,False
101725199,METROPOLITAN NASHVILLE POLICE DEPT,20170703155,Davidson,Nashville,8/9/2017 10:19:00 AM,2,0,0,36.174730,-86.614260,CENTRAL PKE,,,,0.00,,,DODSON CHAPEL RD,,,,0.00,Y,Four-Way,N,Intersection,None,,,         ,Michael,Dance,Clear,Angle,no,no,no,no,no,False
101725201,METROPOLITAN NASHVILLE POLICE DEPT,20170703312,Davidson,Nashville,8/9/2017 12:00:00 AM,2,0,0,36.165420,-86.781250,DEADRICK,,,,10.00,Feet,East,,,,,0.10,N,Not at Intersection, ,Non-Junction,None,,,         ,Daniel,Russett,Clear,"Sideswipe, Same Direction",no,no,no,no,yes,False
101725202,METROPOLITAN NASHVILLE POLICE DEPT,20170702708,Davidson,Nashville,8/9/2017 7:46:00 AM,2,1,0,36.200940,-86.769720,DICKERSON PKE,,,,279.00,Feet,North,GATEWOOD AV,,,,0.00,N,Not at Intersection,N,Non-Junction,None,,,         ,Richard,Conger,Clear,Angle,no,no,no,no,no,False
101725203,METROPOLITAN NASHVILLE POLICE DEPT,20170702842,Davidson,Not in City Limit,8/8/2017 6:59:00 PM,2,0,0,36.262990,-86.680940,STATE RT 45,,,,0.00,,,RIO VISTA DR,,,,0.00,Y,Four-Way, ,Intersection-Related,None,,,         ,Richard,Conger,Clear,Angle,no,no,no,no,no,False
101725204,METROPOLITAN NASHVILLE POLICE DEPT,20170703359,Davidson,Nashville,8/9/2017 11:42:00 AM,1,0,0,36.200120,-86.739760,GALLATIN PKE,,,,0.00,,,,,,,0.00,,, ,OtherLocation,None,,,         ,Richard,Conger,Clear,Not Collision with Motor Vehicle in Transport,no,no,no,yes,no,False
101725207,METROPOLITAN NASHVILLE POLICE DEPT,20170702679,Davidson,Nashville,8/9/2017 12:00:00 AM,1,0,0,36.174650,-86.777320,OLDHAM ST PVTDR,,,,16.00,Feet,West,OLDHAM ST,,,,0.00,N,Not at Intersection,N,Non-Junction,None,,,         ,Amery,Milligan,Clear,Not Collision with Motor Vehicle in Transport,no,no,no,no,no,False
101725213,METROPOLITAN NASHVILLE POLICE DEPT,20170702791,Davidson,Nashville,8/8/2017 3:00:00 PM,2,0,0,36.159730,-86.799940,FISK ST,,,,0.00,,,PEARL ST,,,,0.00,Y,OTHER, ,Non-Junction,None,,,         ,Andrae,Starling,Clear,Front to Rear,no,no,no,no,no,False
101725219,METROPOLITAN NASHVILLE POLICE DEPT,20170703504,Davidson,Nashville,8/9/2017 12:07:00 PM,2,0,0,36.131870,-86.795490,BERNARD AV,,,,0.00,,,,,,,0.00,,, ,Non-Junction,None,,,         ,Russell,Freeman,Clear,"Sideswipe, Same Direction",no,no,no,no,no,False
101725235,METROPOLITAN NASHVILLE POLICE DEPT,20170703415,Davidson,Nashville,8/9/2017 12:02:00 PM,1,1,0,36.153970,-86.772630,4TH AVS,,,,305.00,Feet,South,LEA AV,,,,0.00,N,Not at Intersection,N,Non-Junction,None,,,         ,Frank,Campbell,Clear,Not Collision with Motor Vehicle in Transport,no,no,no,no,no,False
101725236,METROPOLITAN NASHVILLE POLICE DEPT,20170703587,Davidson,Nashville,8/9/2017 1:04:00 PM,2,2,0,36.227350,-86.759720,DICKERSON PKE,,,,558.00,Feet,North,HILLHURST DR,,,,0.00,N,Not at Intersection,N,Non-Junction,None,,,         ,Richard,Conger,Clear,Angle,no,no,no,no,no,False
101725240,METROPOLITAN NASHVILLE POLICE DEPT,20170703659,Davidson,Nashville,8/9/2017 1:15:00 PM,2,0,0,36.151400,-86.857750,WHITE BRIDGE PKE,,,,0.00,,,I40 E ENT RAMP,,,,0.00,Y,OTHER, ,Intersection-Related,None,,,         ,Gregory,McDaniel,Clear,"Sideswipe, Same Direction",no,no,no,no,no,False
101725247,METROPOLITAN NASHVILLE POLICE DEPT,20170703039,Davidson,Nashville,8/9/2017 9:40:00 AM,2,0,0,36.121740,-86.750580,NOLENSVILLE PKE,,,,0.00,,,I440 E EXT RAMP,,,,0.00,Y,OTHER, ,Entrance/Exit Ramp Related,None,,,         ,Randall,Ward,Clear,Angle,no,no,no,no,no,False
101725260,METROPOLITAN NASHVILLE POLICE DEPT,20170703782,Davidson,Nashville,8/9/2017 2:15:00 PM,2,0,0,36.185980,-86.798210,I65 S EXT RAMP,,,,0.00,Feet,East,I 65,,,,0.00,N,Not at Intersection,Y,Entrance/Exit Ramp Related,None,,,         ,James,Jarvis,Clear,Front to Rear,no,no,no,no,no,False
101725327,METROPOLITAN NASHVILLE POLICE DEPT,20170699640,Davidson,Nashville,8/8/2017 12:15:00 PM,2,0,0,36.155150,-86.782452,DEMONBREUN STREET,,,,25.00,Feet,East,10TH AVENUE SOUTH,,,,0.00,N,Not at Intersection, ,Non-Junction,None,,,         ,William,Vincion,Clear,Front to Rear,no,no,no,no,no,False
101725341,METROPOLITAN NASHVILLE POLICE DEPT,20170704004,Davidson,Nashville,8/9/2017 3:20:00 PM,2,0,0,36.148610,-86.781520,I 40,,,,0.00,,,,,,,209.75,N,Not at Intersection,N,Entrance/Exit Ramp Related,None,,,         ,Tien,Nguyen,Clear,Front to Rear,no,no,no,no,yes,False
101725342,METROPOLITAN NASHVILLE POLICE DEPT,20170703964,Davidson,Nashville,8/9/2017 2:57:00 PM,2,0,0,36.200320,-86.618600,LEBANON PKE,,,,0.00,,,HERMITAGE RD,,,,0.00,Y,Four-Way, ,Intersection,None,,,         ,Kyle,Burks,Clear,Front to Rear,no,no,no,no,no,False
101725354,METROPOLITAN NASHVILLE POLICE DEPT,20170704053,Davidson,Nashville,8/9/2017 3:15:00 PM,2,0,0,36.035810,-86.657040,CANE RIDGE RD,,,,0.00,,,PRESTON RD,,,,0.00,Y,T-Intersection, ,Non-Junction,None,,,         ,Candice,Soper,Clear,Front to Rear,no,no,no,no,no,False
101725372,METROPOLITAN NASHVILLE POLICE DEPT,20170704103,Davidson,Nashville,8/9/2017 3:35:00 PM,2,0,0,36.173160,-86.791860,JEFFERSON ST,,,,139.00,Feet,West,ROSA L PARKS BLVD,,,,0.00,N,Not at Intersection,N,Non-Junction,None,,,         ,Landon,Bagwell,Clear,Angle,no,no,no,no,no,False