master_record_number,agency,agency_tracking_number,county,city,collision_date,vehicles_involved,number_injured,number_dead,latitude,longitude,roadway_name,roadway_suffix,roadway_number,roadway_local_id,distance_from_reference,miles-feet_indicator,direction_from_reference,intersection_road_name,intersection_road_name_suffix,intersection_road_number,intersection_local_id,mile_marker,intersection_indicator,intersect_type,interchange_related_indicator,relation_to_junction,work_zone_type,construction_maintenance_zone,construction_maintenance_zone_location,fatal_case_number,officer_first_name,officer_last_name,weather_condition(s),manner_of_crash,pedestrian,bicycle,scooter,parking,hitrun,mou
101725375,METROPOLITAN NASHVILLE POLICE DEPT,20170704032,Davidson,Nashville,8/9/2017 3:24:00 PM,2,0,0,36.158420,-86.781790,8TH AVS,,,,197.00,Feet,South,BROADWAY,,,,0.00,N,Not at Intersection, ,Non-Junction,None,,,         ,Michael,Baron,Clear,Front to Rear,no,no,no,no,yes,False
101725382,METROPOLITAN NASHVILLE POLICE DEPT,20170704266,Davidson,Nashville,8/9/2017 4:35:00 PM,2,0,0,36.146960,-86.777860,I65 S ENT RAMP,,,,0.00,,,BASS ST,,,,0.00,Y,OTHER, ,Entrance/Exit Ramp Related,None,,,         ,Tien,Nguyen,Clear,Front to Rear,no,no,no,no,no,False
101725389,GOODLETTSVILLE POLICE DEPT,17-27771,Davidson,Goodlettsville,8/9/2017 4:46:00 PM,2,0,0,36.326230,-86.700580,NORTHCREEK BLVD,,,,0.00,,,LONG HOLLOW PKE,,,,0.00,Y,T-Intersection,N,Intersection,None,,,         ,Rico,Jones,Clear,Angle,no,no,no,no,no,False
101725400,METROPOLITAN NASHVILLE POLICE DEPT,20170703381,Davidson,Nashville,8/9/2017 11:45:00 AM,2,0,0,36.152250,-86.840530,CHARLOTTE AV,,,,112.00,Feet,East,45TH AVN,,,,0.00,N,Not at Intersection, ,Non-Junction,None,,,         ,Douglas,Atwood,Clear,Front to Rear,no,no,no,no,no,False
101725402,METROPOLITAN NASHVILLE POLICE DEPT,20170704323,Davidson,Nashville,8/9/2017 4:40:00 PM,2,0,0,36.082790,-86.710130,HARDING PL,,,,117.00,Feet,East,TAMPA DR,,,,0.00,N,Not at Intersection, ,Non-Junction,None,,,         ,Richard,Olive,Clear,Front to Rear,no,no,no,no,no,False
101725410,METROPOLITAN NASHVILLE POLICE DEPT,20170704374,Davidson,Not in City Limit,8/9/2017 5:00:00 PM,2,0,0,36.264470,-86.730220,OLD HICKORY BLVDW,,,,0.00,,,N MARTHONA RD,,,,0.00,Y,Four-Way, ,,None,,,         ,Christopher,Littles,,,no,no,no,no,no,False
101725422,METROPOLITAN NASHVILLE POLICE DEPT,20170704248,Davidson,Nashville,8/9/2017 4:30:00 PM,2,0,0,36.118650,-86.700160,BRILEY PKWY S EXT RAMP,,,,0.00,Feet,East,BRILEY PKWYS,,,,0.00,N,Not at Intersection, ,Entrance/Exit Ramp Related,None,,,         ,Dontaveous,Eubanks,Clear,Front to Rear,no,no,no,no,no,False
101725425,METROPOLITAN NASHVILLE POLICE DEPT,20170701251,Davidson,Nashville,8/8/2017 9:59:00 PM,2,0,0,36.143020,-86.828760,37TH AVN,,,,158.00,Feet,South,PILCHER AV,,,,0.00,N,Not at Intersection, ,Non-Junction,None,,,         ,Walter,Gray II,Clear,Not Collision with Motor Vehicle in Transport,no,no,no,no,no,False
101725426,METROPOLITAN NASHVILLE POLICE DEPT,20170704294,Davidson,Nashville,8/9/2017 4:41:00 PM,2,2,0,36.128570,-86.816150,I 440,,,,0.00,,,,,,,2.10,N,Not at Intersection,N,Non-Junction,None,,,         ,Walter,Gray II,Clear,"Sideswipe, Same Direction",no,no,no,no,no,False
101725433,METROPOLITAN NASHVILLE POLICE DEPT,20170704520,Davidson,Nashville,8/9/2017 5:44:00 PM,2,0,0,36.170750,-86.789780,ROSA L PARKS BLVD,,,,200.00,Feet,South,LOCKLAYER ST,,,,0.00,N,Not at Intersection, ,Non-Junction,None,,,         ,Michael,Baron,Clear,Front to Rear,no,no,no,no,no,False
101725436,METROPOLITAN NASHVILLE POLICE DEPT,20170704485,Davidson,Nashville,8/9/2017 5:00:00 PM,2,0,0,36.064790,-86.628480,HAMILTON CHURCH RD,,,,0.00,Feet,,MURFREESBORO PKE,,,,0.00,Y,Four-Way,N,Intersection,None,,,         ,Candice,Soper,Clear,Angle,no,no,no,no,no,False
101725445,METROPOLITAN NASHVILLE POLICE DEPT,20170703976,Davidson,Nashville,8/9/2017 3:19:00 PM,1,0,0,36.154120,-86.777880,LAFAYETTE ST,,,,0.00,,,7TH AVS,,,,0.00,Y,Four-Way, ,Intersection,None,,,         ,Brian,Woodard,Cloudy,Not Collision with Motor Vehicle in Transport,no,no,no,no,no,False
101725447,METROPOLITAN NASHVILLE POLICE DEPT,20170704564,Davidson,Nashville,8/9/2017 5:57:00 PM,2,2,0,36.164790,-86.784370,7TH AVN,,,,0.00,,,CHARLOTTE AV,,,,0.00,Y,Four-Way,N,Intersection,None,,,         ,Derek,Betty,Clear,Front to Rear,no,no,no,no,no,False
101725450,METROPOLITAN NASHVILLE POLICE DEPT,20170704390,Davidson,Nashville,8/9/2017 5:00:00 PM,2,1,0,36.182590,-86.798890,I65 N EXT RAMP,,,,0.00,Feet,East,I 65,,,,0.00,N,Not at Intersection,N,Non-Junction,None,,,         ,Landon,Bagwell,Clear,Front to Rear,no,no,no,no,no,False
101725451,METROPOLITAN NASHVILLE POLICE DEPT,20170704305,Davidson,Nashville,8/9/2017 4:45:00 PM,2,0,0,36.240360,-86.772970,DOVERSIDE DR,,,,0.00,,,MOOREWOOD DR,,,,0.00,Y,Four-Way, ,Intersection,None,,,         ,Brandon,Bilbrey,Clear,Angle,no,no,no,no,no,False
101725452,METROPOLITAN NASHVILLE POLICE DEPT,20170704636,Davidson,Nashville,8/9/2017 5:20:00 PM,1,0,0,36.236600,-86.715130,BRUSH HILL RD,,,,546.00,Feet,North,TANGLEWOOD CT,,,,0.00,N,Not at Intersection,N,Non-Junction,None,,,         ,Harold,Willmore IV,Clear,Not Collision with Motor Vehicle in Transport,no,no,no,no,yes,False
101725454,GOODLETTSVILLE POLICE DEPT,17-27774,Davidson,Goodlettsville,8/9/2017 6:00:00 PM,2,1,0,36.306840,-86.694360,VIETNAM VETERANS BLVD NB ENT R,,,,0.00,,,CONFERENCE DR,,,,0.00,Y,T-Intersection,Y,Entrance/Exit Ramp Related,None,,,         ,Zachary,Goodwin,Clear,Front to Rear,no,no,no,no,no,False
101725455,METROPOLITAN NASHVILLE POLICE DEPT,20170704658,Davidson,Nashville,8/9/2017 4:59:00 PM,2,0,0,36.137830,-86.820670,WEST END AV,,,,14.00,Feet,South,I440 W EXT RAMP,,,,0.00,N,Not at Intersection, ,Non-Junction,None,,,         ,Walter,Gray II,Clear,Front to Rear,no,no,no,no,no,False
101725471,METROPOLITAN NASHVILLE POLICE DEPT,20170704681,Davidson,Goodlettsville,8/9/2017 6:23:00 PM,2,0,0,36.291950,-86.720800,I 65,,,,0.00,,,,,,,94.40,N,Not at Intersection, ,,None,,,         ,Christopher,Littles,,,no,no,no,no,no,False
101725492,METROPOLITAN NASHVILLE POLICE DEPT,20170703933,Davidson,Not in City Limit,8/9/2017 3:15:00 PM,2,0,0,36.020440,-86.710500,NOLENSVILLE PKE,,,,427.00,Feet,South,BIENVILLE DR,,,,0.00,N,Not at Intersection, ,Non-Junction,None,,,         ,Jacob,Paul,Clear,Front to Rear,no,no,no,no,no,False
101725502,METROPOLITAN NASHVILLE POLICE DEPT,20170704190,Davidson,Nashville,8/9/2017 4:11:00 PM,2,0,0,36.095120,-86.762970,I 65,,,,0.00,,,,,,,78.70,N,Not at Intersection, ,Non-Junction,None,,,         ,Jacob,Paul,Clear,"Sideswipe, Same Direction",no,no,no,no,no,False
101725507,METROPOLITAN NASHVILLE POLICE DEPT,20170704835,Davidson,Nashville,8/9/2017 5:35:00 PM,2,1,0,36.109610,-86.727910,EAST THOMPSON LN,,,,72.00,Feet,North,BRILEY PKWYN,,,,0.00,N,Not at Intersection,N,Non-Junction,None,,,         ,Andrew,Swint,Clear,Front to Rear,no,no,no,no,yes,False
101725511,METROPOLITAN NASHVILLE POLICE DEPT,20170704804,Davidson,Nashville,8/9/2017 6:13:00 PM,2,0,0,36.151690,-86.677000,ROYAL PKWY,,,,0.00,,,ELM HILL PKE,,,,0.00,Y,Four-Way, ,Intersection,None,,,         ,Craig,Gentry,Clear,Angle,no,no,no,no,no,False
101725517,METROPOLITAN NASHVILLE POLICE DEPT,20170704710,Davidson,Nashville,8/9/2017 6:52:00 PM,3,2,0,36.102540,-86.713790,I 24,,,,0.00,,,,,,,54.40,N,Not at Intersection,N,Non-Junction,None,,,         ,David,Williford,Clear,Front to Rear,no,no,no,no,yes,False
101725523,METROPOLITAN NASHVILLE POLICE DEPT,20170704828,Davidson,Nashville,8/9/2017 7:41:00 PM,2,0,0,36.152170,-86.842910,CHARLOTTE AV,,,,200.00,Feet,West,46TH AVN,,,,0.00,N,Not at Intersection, ,Non-Junction,None,,,         ,Walter,Gray II,Clear,"Sideswipe, Same Direction",no,no,no,no,no,False
101725524,METROPOLITAN NASHVILLE POLICE DEPT,20170704663,Davidson,Nashville,8/9/2017 6:25:00 PM,2,0,0,36.038170,-86.784390,I65 S EXT RAMP,,,,0.00,Feet,East,I 65,,,,0.00,N,Not at Intersection, ,Non-Junction,None,,,         ,Jacob,Paul,Clear,Front to Rear,no,no,no,no,no,False
101725551,METROPOLITAN NASHVILLE POLICE DEPT,20170704787,Davidson,Nashville,8/9/2017 6:05:00 PM,2,0,0,36.219900,-86.693380,BRILEY PKWYS,,,,19.00,Feet,North,BRILEY PKWY S EXT RAMP,,,,0.00,N,Not at Intersection, ,Non-Junction,None,,,         ,John,Kelley,Clear,"Sideswipe, Same Direction",no,no,no,no,no,False
101725554,METROPOLITAN NASHVILLE POLICE DEPT,20170700667,Davidson,Madison,8/8/2017 6:29:00 PM,2,3,0,36.266580,-86.743160,OLD HICKORY BLVDW,,,,233.00,Feet,East,LINCOLN PK,,,,0.00,N,Not at Intersection,N,Non-Junction,None,,,         ,Brian,Theriac,Clear,Angle,no,no,no,no,no,False
101725557,METROPOLITAN NASHVILLE POLICE DEPT,20170704859,Davidson,Nashville,8/9/2017 4:59:00 PM,2,0,0,36.168630,-86.679970,MCGAVOCK PKE,,,,267.00,Feet,South,LEBANON PKE,,,,0.00,N,Not at Intersection, ,Non-Junction,None,,,         ,John,Daugherty,Clear,HeadOn,no,no,no,no,no,False
101725576,METROPOLITAN NASHVILLE POLICE DEPT,20170704645,Davidson,Nashville,8/9/2017 5:58:00 PM,2,0,0,36.129350,-86.695150,BRILEY PKWYN,,,,45.00,Feet,North,BRILEY PKWYS,,,,0.00,N,Not at Intersection,N,Non-Junction,None,,,         ,Dontaveous,Eubanks,Clear,Front to Rear,no,no,no,no,yes,False
101725577,METROPOLITAN NASHVILLE POLICE DEPT,20170704973,Davidson,Nashville,8/9/2017 6:51:00 PM,2,0,0,36.147980,-86.666300,DONELSON PKE,,,,300.00,Feet,South,ELM HILL PKE,,,,0.00,N,Not at Intersection, ,,None,,,         ,Jonathan,Cavezza,,,no,no,no,yes,no,False
101725592,METROPOLITAN NASHVILLE POLICE DEPT,20170704585,Davidson,Nashville,8/9/2017 6:00:00 PM,2,2,0,36.096160,-86.655620,RICE AV,,,,0.00,,,SMITH SPRINGS RD,,,,0.00,Y,T-Intersection,N,Intersection,None,,,         ,Tyler,Maupin,Clear,HeadOn,no,no,no,no,no,False
101725595,METROPOLITAN NASHVILLE POLICE DEPT,20170704405,Davidson,Nashville,8/9/2017 5:00:00 PM,2,0,0,36.108310,-86.769140,I 65,,,,0.00,,,,,,,79.60,N,Not at Intersection,N,Non-Junction,None,,,         ,William,Taylor,Clear,Front to Rear,no,no,no,no,no,False
101725601,METROPOLITAN NASHVILLE POLICE DEPT,20170704680,Davidson,Nashville,8/9/2017 6:34:00 PM,2,0,0,36.037610,-86.785120,OLD HICKORY BLVD,,,,0.00,,,I65 S ENT RAMP,,,,0.00,Y,Four-Way, ,Intersection-Related,None,,,         ,Tien,Nguyen,Clear,Front to Rear,no,no,no,no,no,False
101725615,METROPOLITAN NASHVILLE POLICE DEPT,20170705201,Davidson,Not in City Limit,8/9/2017 9:57:00 PM,1,0,0,36.095450,-86.937330,I 40,,,,0.00,,,,,,,197.80,N,Not at Intersection,N,Non-Junction,None,,,         ,Walter,Gray II,Clear,Not Collision with Motor Vehicle in Transport,no,no,no,no,no,False
101725635,METROPOLITAN NASHVILLE POLICE DEPT,20170705251,Davidson,Nashville,8/9/2017 10:15:00 PM,2,1,0,36.041200,-86.726670,OLD HICKORY BLVD,,,,243.00,Feet,North,WINDYPINE DR,,,,0.00,N,Not at Intersection,N,Non-Junction,None,,,         ,Allyson,Reis,Cloudy,"Sideswipe, Same Direction",no,no,no,no,no,False
101725639,METROPOLITAN NASHVILLE POLICE DEPT,20170705082,Davidson,Antioch,8/6/2017 12:00:00 AM,2,0,0,36.083240,-86.581190,WATERFORD WAY,,,,391.00,Feet,East,MILBRIDGE CT,,,,0.00,N,Not at Intersection, ,Non-Junction,None,,,         ,Pamela,Caulder,Clear,Rear to Side,no,no,no,no,no,False
101725646,METROPOLITAN NASHVILLE POLICE DEPT,20170705502,Davidson,Nashville,8/9/2017 11:35:00 PM,2,0,0,36.186760,-86.737400,CHAPEL AV,,,,0.00,Feet,East,BENJAMIN ST,,,,0.00,N,Not at Intersection, ,Non-Junction,None,,,         ,Christopher,Dameron,Clear,HeadOn,no,no,no,no,yes,False
101725657,METROPOLITAN NASHVILLE POLICE DEPT,20170705495,Davidson,Nashville,8/9/2017 11:30:00 PM,2,1,0,36.156450,-86.631310,I40 W EXT RAMP,,,,0.00,,,STEWARTS FERRY PKE,,,,0.00,Y,T-Intersection,N,Entrance/Exit Ramp Related,None,,,         ,Joseph,Zambardi,Clear,Front to Rear,no,no,no,no,no,False
101725693,METROPOLITAN NASHVILLE POLICE DEPT,20170705486,Davidson,Nashville,8/9/2017 12:00:00 AM,2,2,0,36.192710,-86.744370,DOUGLAS AV,,,,0.00,,,GALLATIN AV,,,,0.00,Y,Four-Way,N,Intersection,None,,,         ,Amanda,Hane,Clear,HeadOn,no,no,no,no,no,False
101725697,METROPOLITAN NASHVILLE POLICE DEPT,20170706117,Davidson,Nashville,8/10/2017 3:35:00 AM,2,0,0,36.201980,-86.593410,SCOTTS CREEK TRL,,,,212.00,Feet,South,GREER STATION DR,,,,0.00,N,Not at Intersection,N,Unknown,None,,,         ,Brett,Johns,Clear,Unknown,no,no,no,no,yes,False
101725704,METROPOLITAN NASHVILLE POLICE DEPT,2017-0705551,Davidson,Nashville,8/9/2017 11:55:00 PM,2,1,0,36.151760,-86.768630,2ND AVS,,,,0.00,,,I40 W EXT RAMP,,,,0.00,Y,OTHER,N,Intersection,None,,,         ,Austin,Bass,Clear,Angle,no,no,no,no,no,False
101725734,BERRY HILL POLICE DEPT,2017-2715,Davidson,Berry Hill,8/10/2017 3:50:00 AM,1,1,0,36.125080,-86.765880,BRANSFORD AV,,,,0.00,,,ROSEDALE AV,,,,0.00,Y,T-Intersection,N,Intersection,None,,,         ,Roy,Yoquelet,Cloudy,Not Collision with Motor Vehicle in Transport,no,no,no,no,no,False
101725741,METROPOLITAN NASHVILLE POLICE DEPT,20170703054,Davidson,Nashville,8/9/2017 9:48:00 AM,2,0,0,36.079600,-86.726320,NOLENSVILLE PKE,,,,0.00,,,HARDING PL,,,,0.00,Y,Four-Way, ,Intersection-Related,None,,,         ,Stephen,Soule,Clear,Front to Rear,no,no,no,no,no,False
101725743,METROPOLITAN NASHVILLE POLICE DEPT,20170703427,Davidson,Nashville,8/9/2017 11:49:00 AM,2,1,0,36.151800,-86.771250,LAFAYETTE ST,,,,0.00,,,4TH AVS,,,,0.00,Y,Four-Way,N,Intersection-Related,None,,,         ,Shawn,Taylor,Clear,Front to Rear,no,no,no,no,no,False
101725749,METROPOLITAN NASHVILLE POLICE DEPT,20170705570,Davidson,Nashville,8/9/2017 10:42:00 PM,2,0,0,36.084160,-86.705890,LINBAR DR,,,,10.00,Feet,West,HARDING PL,,,,0.00,N,Not at Intersection,N,Non-Junction,None,,,         ,Dezmond,Hughes,Clear,Front to Rear,no,no,no,no,yes,False
101725761,METROPOLITAN NASHVILLE POLICE DEPT,20170705887,Davidson,Nashville,8/10/2017 1:00:00 AM,1,1,0,36.060070,-86.741050,EDMONDSON,PIKE,US5242,5242,100.00,Feet,South,,,,,520.00,N,Not at Intersection,N,Non-Junction,None,,,         ,William,Hamblen,Clear,Not Collision with Motor Vehicle in Transport,no,no,no,no,yes,False
101725777,METROPOLITAN NASHVILLE POLICE DEPT,20170694528,Davidson,Nashville,8/6/2017 12:00:00 AM,1,2,0,36.228000,-86.778890,I 24,,,,0.00,,,,,,,44.40,N,Not at Intersection,Y,Entrance/Exit Ramp Related,None,,,         ,Donald,Davidson,Rain,Not Collision with Motor Vehicle in Transport,no,no,no,no,no,False
101725802,METROPOLITAN NASHVILLE POLICE DEPT,20170703804,Davidson,Nashville,8/9/2017 12:00:00 AM,2,1,0,36.169130,-86.681840,LEBANON PKE,,,,167.00,Feet,East,FAIRWAY DR,,,,0.00,N,Not at Intersection,N,Non-Junction,None,,,         ,Michael,Dance,Clear,Front to Rear,no,no,no,no,no,False
101725808,METROPOLITAN NASHVILLE POLICE DEPT,20170706642,Davidson,Nashville,8/10/2017 7:54:00 AM,2,0,0,36.107310,-86.768460,I 65,,,,0.00,,,,,,,79.50,N,Not at Intersection, ,Non-Junction,None,,,         ,Nathan,Kemp,Clear,Front to Rear,no,no,no,no,no,False
101725821,METROPOLITAN NASHVILLE POLICE DEPT,20170706668,Davidson,Nashville,8/10/2017 7:54:00 AM,2,0,0,36.230080,-86.724420,RICHMOND DR,,,,0.00,,,,,,,0.00,,, ,OtherLocation,None,,,         ,Richard,Conger,Clear,Rear to Side,no,no,no,yes,no,False
101725830,METROPOLITAN NASHVILLE POLICE DEPT,20170706559,Davidson,Nashville,8/10/2017 7:30:00 AM,2,0,0,36.090310,-86.626530,BELL RD,,,,11.00,Feet,West,SMITH SPRINGS RD,,,,0.00,N,Not at Intersection, ,Non-Junction,None,,,         ,Madison,Meiss,Clear,Angle,no,no,no,no,no,False
101725832,METROPOLITAN NASHVILLE POLICE DEPT,20170706705,Davidson,Nashville,8/10/2017 7:50:00 AM,2,0,0,36.121260,-86.783620,KNOX AV,,,,50.00,Feet,East,9TH AVS,,,,0.00,N,Not at Intersection, ,Non-Junction,None,,,         ,Russell,Freeman,Clear,Rear to Side,no,no,no,no,no,False
101725834,METROPOLITAN NASHVILLE POLICE DEPT,20170706541,Davidson,Nashville,8/10/2017 8:20:00 AM,2,0,0,36.142790,-86.682860,I 40,,,,0.00,,,,,,,215.70,N,Not at Intersection, ,Non-Junction,None,,,         ,FELIKS,ABRAHAMYAN,Cloudy,"Sideswipe, Same Direction",no,no,no,no,no,False
101725846,METROPOLITAN NASHVILLE POLICE DEPT,20170703745,Davidson,Nashville,8/9/2017 1:55:00 PM,2,1,0,36.174730,-86.614260,CENTRAL PKE,,,,0.00,,,DODSON CHAPEL RD,,,,0.00,Y,Four-Way,N,Intersection,None,,,         ,Cody,O'Quinn,Clear,Angle,no,no,no,no,no,False
101725848,METROPOLITAN NASHVILLE POLICE DEPT,20170706687,Davidson,Nashville,8/10/2017 8:00:00 AM,2,1,0,36.210170,-86.776010,I 65,,,,0.00,,,,,,,87.60,N,Not at Intersection,N,Non-Junction,None,,,         ,Ronald,Bright,Cloudy,Front to Rear,no,no,no,no,no,False
101725850,METROPOLITAN NASHVILLE POLICE DEPT,20170706826,Davidson,Nashville,8/10/2017 8:53:00 AM,2,0,0,36.139860,-86.818540,WEST END AV,,,,248.00,Feet,North,PARK DR,,,,0.00,N,Not at Intersection, ,Non-Junction,None,,,         ,Nathan,Kemp,Clear,Front to Rear,no,no,no,no,no,False
101725856,METROPOLITAN NASHVILLE POLICE DEPT,20170706656,Davidson,Nashville,8/10/2017 8:00:00 AM,2,3,0,36.043850,-86.744100,EDMONDSON PKE,,,,143.00,Feet,North,DERBY TRC,,,,0.00,N,Not at Intersection,N,Non-Junction,None,,,         ,Darrell,Osment,Cloudy,Front to Rear,no,no,no,no,no,False
101725870,METROPOLITAN NASHVILLE POLICE DEPT,20170706809,Davidson,Nashville,8/10/2017 8:48:00 AM,2,2,0,36.176810,-86.772150,I24 W EXT RAMP,,,,0.00,Feet,East,I 24,,,,0.00,N,Not at Intersection,N,Entrance/Exit Ramp Related,None,,,         ,Richard,Conger,Clear,Front to Rear,no,no,no,no,no,False
101725879,METROPOLITAN NASHVILLE POLICE DEPT,20170707843,Davidson,Nashville,8/10/2017 8:57:00 AM,2,0,0,36.091360,-86.828510,HARDING PL,,,,0.00,,,HILLSBORO PKE,,,,0.00,Y,Four-Way, ,Intersection-Related,None,,,         ,Phillip,Murphy,Cloudy,Front to Rear,no,no,no,no,no,False
101725881,METROPOLITAN NASHVILLE POLICE DEPT,20170702554,Davidson,Nashville,8/9/2017 6:41:00 AM,2,0,0,36.170140,-86.594600,I 40,,,,0.00,,,,,,,221.20,N,Not at Intersection,N,Non-Junction,None,,,         ,James,Curtis,Clear,Front to Rear,no,no,no,no,no,False
101725882,METROPOLITAN NASHVILLE POLICE DEPT,20170702644,Davidson,Nashville,8/9/2017 7:22:00 AM,2,0,0,36.168460,-86.600280,OLD HICKORY BLVD,,,,0.00,,,SELLS DR,,,,0.00,Y,T-Intersection,N,Intersection,None,,,         ,James,Curtis,Clear,Angle,no,no,no,no,no,False
101725883,METROPOLITAN NASHVILLE POLICE DEPT,20170703377,Davidson,Nashville,8/9/2017 11:49:00 AM,3,0,0,36.152870,-86.765270,I 40,,,,0.00,,,,,,,210.65,N,Not at Intersection, ,Non-Junction,None,,,         ,James,Curtis,Clear,Front to Rear,no,no,no,no,no,False
101725884,METROPOLITAN NASHVILLE POLICE DEPT,20170703197,Davidson,Nashville,8/9/2017 10:44:00 AM,2,0,0,36.171450,-86.675970,PARK DR,,,,0.00,,,CRUMP DR,,,,0.00,Y,T-Intersection, ,Intersection,None,,,         ,James,Curtis,Clear,"Sideswipe, Opposite Direction",no,no,no,no,yes,False
101725885,METROPOLITAN NASHVILLE POLICE DEPT,20170706536,Davidson,Nashville,8/10/2017 7:09:00 AM,2,0,0,36.190670,-86.604560,CHANDLER RD,,,,132.00,Feet,North,SUMMIT RUN PL,,,,0.00,N,Not at Intersection, ,Non-Junction,None,,,         ,James,Curtis,Cloudy,Front to Rear,no,no,no,no,no,False
101725886,METROPOLITAN NASHVILLE POLICE DEPT,20170706721,Davidson,Nashville,8/10/2017 8:08:00 AM,2,0,0,36.083400,-86.647110,MURFREESBORO PKE,,,,98.00,Feet,South,BROOKSBORO PL,,,,0.00,N,Not at Intersection, ,,None,,,         ,James,Curtis,,,no,no,no,no,no,False
101725899,BELLE MEADE POLICE DEPT,17-0235,Davidson,Belle Meade,8/9/2017 11:13:00 AM,2,2,0,36.109720,-86.856410,JACKSON BLVD,,,,0.00,,,BELLE MEADE BLVD,,,,0.00,Y,Four-Way,N,Intersection,None,,,         ,Wes,Bowker,Clear,Angle,no,no,no,no,no,False
101725907,METROPOLITAN NASHVILLE POLICE DEPT,20170706868,Davidson,Nashville,8/10/2017 8:33:00 AM,2,0,0,36.171500,-86.768840,JAMES ROBERTSON PKWY,,,,63.00,Feet,East,INTERSTATE DR,,,,0.00,N,Not at Intersection, ,Non-Junction,None,,,         ,Kevin,Johnson,Clear,Front to Rear,no,no,no,no,no,False
101725908,METROPOLITAN NASHVILLE POLICE DEPT,20170706987,Davidson,Nashville,8/10/2017 9:06:00 AM,2,0,0,36.194180,-86.776340,I 65,,,,0.00,,,,,,,86.45,N,Not at Intersection,Y,Non-Junction,None,,,         ,YUNUS,ADAK,Clear,"Sideswipe, Same Direction",no,no,no,no,yes,False
101725929,METROPOLITAN NASHVILLE POLICE DEPT,20170702791,Davidson,Nashville,8/8/2017 3:00:00 PM,2,0,0,36.159730,-86.799940,FISK ST,,,,0.00,,,PEARL ST,,,,0.00,Y,OTHER, ,Non-Junction,None,,,         ,Andrae,Starling,Clear,Front to Rear,no,no,no,no,no,False
101725930,METROPOLITAN NASHVILLE POLICE DEPT,20170706862,Davidson,Nashville,8/10/2017 9:03:00 AM,3,0,0,36.169450,-86.766710,I 24,,,,0.00,,,,,,,48.70,N,Not at Intersection,N,Non-Junction,None,,,         ,Frank,Campbell,Cloudy,Front to Rear,no,no,no,no,yes,False
101725931,METROPOLITAN NASHVILLE POLICE DEPT,20170707089,Davidson,Nashville,8/10/2017 10:16:00 AM,2,0,0,36.165270,-86.756550,DEW ST,,,,165.00,Feet,East,CAYCE PLACE PVTDR,,,,0.00,N,Not at Intersection, ,Non-Junction,None,,,         ,Richard,Conger,Clear,Angle,no,no,no,no,no,False
101725937,METROPOLITAN NASHVILLE POLICE DEPT,20170706621,Davidson,Nashville,8/10/2017 7:39:00 AM,2,0,0,36.167180,-86.765300,I 24,,,,0.00,,,,,,,48.90,N,Not at Intersection, ,,None,,,         ,Byron,Carter,,,no,no,no,no,no,False
101725942,METROPOLITAN NASHVILLE POLICE DEPT,20170707055,Davidson,Not in City Limit,8/10/2017 9:59:00 AM,2,0,0,36.276680,-86.799270,I 24,,,,0.00,,,,,,,40.60,N,Not at Intersection,N,Non-Junction,None,,,         ,James,Wray,Clear,Not Collision with Motor Vehicle in Transport,no,no,no,no,yes,False
101725988,METROPOLITAN NASHVILLE POLICE DEPT,20170707241,Davidson,Nashville,8/10/2017 11:29:00 AM,2,0,0,36.205890,-86.768610,E TRINITY LN,,,,0.00,,,DICKERSON PKE,,,,0.00,Y,Four-Way, ,Intersection,None,,,         ,Richard,Conger,Clear,"Sideswipe, Same Direction",no,no,no,no,no,False
101725990,METROPOLITAN NASHVILLE POLICE DEPT,20170707298,Davidson,Nashville,8/10/2017 11:54:00 AM,2,0,0,36.056610,-86.715810,NOLENSVILLE PKE,,,,236.00,Feet,North,APRIL LN,,,,0.00,N,Not at Intersection, ,Non-Junction,None,,,         ,Russell,Freeman,Clear,Front to Rear,no,no,no,no,no,False
101725992,METROPOLITAN NASHVILLE POLICE DEPT,20170707119,Davidson,Not in City Limit,8/10/2017 10:33:00 AM,2,0,0,35.996870,-86.689890,NOLENSVILLE PKE,,,,0.00,,,CONCORD RD,,,,0.00,Y,Four-Way,N,Intersection,None,,,         ,Darrell,Osment,Cloudy,Angle,no,no,no,no,no,False
101725999,METROPOLITAN NASHVILLE POLICE DEPT,20170707289,Davidson,Nashville,8/10/2017 11:49:00 AM,2,0,0,36.117920,-86.810020,GOLF CLUB LN,,,,0.00,,,HILLSBORO PKE,,,,0.00,Y,Four-Way, ,,None,,,         ,Shedie,Herbert III,,,no,no,no,no,no,False
101726001,METROPOLITAN NASHVILLE POLICE DEPT,20170707202,Davidson,Not in City Limit,8/10/2017 10:14:00 AM,2,0,0,36.331520,-86.901280,I 24,,,,0.00,,,,,,,33.00,N,Not at Intersection,N,Non-Junction,None,,,         ,James,Wray,Clear,Front to Rear,no,no,no,no,no,False
101726006,METROPOLITAN NASHVILLE POLICE DEPT,20170707165,Davidson,Nashville,8/10/2017 10:57:00 AM,2,1,0,36.269590,-86.755560,DICKERSON PKE,,,,129.00,Feet,North,OLD HICKORY BLVD,,,,0.00,N,Not at Intersection,N,Non-Junction,None,,,         ,Thomas,Odom,Clear,Angle,no,no,no,no,no,False
101726007,METROPOLITAN NASHVILLE POLICE DEPT,20170707096,Davidson,Nashville,8/10/2017 6:00:00 AM,2,1,0,36.052140,-86.644660,EAGLE VIEW BLVD,,,,79.00,Feet,East,BELL RD,,,,0.00,N,Not at Intersection,N,Non-Junction,None,,,         ,Thomas,Odom,Clear,Front to Rear,no,no,no,yes,no,False