master_record_number,agency,agency_tracking_number,county,city,collision_date,vehicles_involved,number_injured,number_dead,latitude,longitude,roadway_name,roadway_suffix,roadway_number,roadway_local_id,distance_from_reference,miles-feet_indicator,direction_from_reference,intersection_road_name,intersection_road_name_suffix,intersection_road_number,intersection_local_id,mile_marker,intersection_indicator,intersect_type,interchange_related_indicator,relation_to_junction,work_zone_type,construction_maintenance_zone,construction_maintenance_zone_location,fatal_case_number,officer_first_name,officer_last_name,weather_condition(s),manner_of_crash,pedestrian,bicycle,scooter,parking,hitrun,mou
101726654,METROPOLITAN NASHVILLE POLICE DEPT,20170709324,Davidson,Nashville,8/11/2017 1:15:00 AM,2,0,0,36.160590,-86.776920,4TH AVS,,,,176.00,Feet,South,BROADWAY,,,,0.00,N,Not at Intersection,N,Non-Junction,None,,,         ,Jeremy,King,Clear,Front to Rear,no,no,no,no,yes,False
101726658,METROPOLITAN NASHVILLE POLICE DEPT,20170709615,Davidson,Nashville,8/11/2017 3:47:00 AM,1,0,0,36.161630,-86.775750,BROADWAY,,,,73.00,Feet,East,3RD AVN,,,,0.00,N,Not at Intersection, ,,None,,,         ,Jeremy,King,,,no,no,no,no,no,False
101726707,METROPOLITAN NASHVILLE POLICE DEPT,2017-0702564,Davidson,Nashville,8/9/2017 6:44:00 AM,2,0,0,36.044770,-86.661530,CANE RIDGE RD,,,,0.00,,,BELL RD,,,,0.00,Y,Four-Way,N,Intersection,None,,,         ,William,Whitworth,Clear,Front to Rear,no,no,no,no,no,False
101726708,METROPOLITAN NASHVILLE POLICE DEPT,2017-0703172,Davidson,Nashville,8/9/2017 10:33:00 AM,3,0,0,36.124430,-86.739690,I 440,,,,0.00,,,,,,,6.85,N,Not at Intersection,N,Non-Junction,None,,,         ,William,Whitworth,Clear,"Sideswipe, Same Direction",no,no,no,no,no,False
101726709,METROPOLITAN NASHVILLE POLICE DEPT,2017-0703449,Davidson,Nashville,8/9/2017 12:09:00 PM,2,0,0,36.045940,-86.675270,BELL RD,,,,282.00,Feet,West,BLUE HOLE RD,,,,0.00,N,Not at Intersection, ,"Driveway, Alley Access, etc",None,,,         ,William,Whitworth,Clear,Angle,no,no,no,no,no,False
101726710,METROPOLITAN NASHVILLE POLICE DEPT,2017-0707140,Davidson,Nashville,8/10/2017 10:48:00 AM,2,0,0,36.081540,-86.714060,HARDING PL,,,,127.00,Feet,West,WHISPERING OAKS PL,,,,0.00,N,Not at Intersection, ,Non-Junction,None,,,         ,William,Whitworth,Clear,"Sideswipe, Same Direction",no,no,no,no,no,False
101726711,METROPOLITAN NASHVILLE POLICE DEPT,2017-0707468,Davidson,Nashville,8/10/2017 1:18:00 PM,2,2,0,36.079080,-86.644060,MURFREESBORO PKE,,,,218.00,Feet,East,EDGE O LAKE DR,,,,0.00,N,Not at Intersection,N,Non-Junction,None,,,         ,William,Whitworth,Clear,Front to Rear,no,no,no,no,no,False
101726749,METROPOLITAN NASHVILLE POLICE DEPT,20170709985,Davidson,Nashville,8/11/2017 6:55:00 AM,2,0,0,36.161110,-86.620840,I 40,,,,0.00,,,,,,,219.60,N,Not at Intersection,N,Non-Junction,None,,,         ,Michael,Dance,Clear,Front to Rear,no,no,no,no,no,False
101726757,METROPOLITAN NASHVILLE POLICE DEPT,20170710006,Davidson,Not in City Limit,8/11/2017 7:07:00 AM,2,0,0,36.293580,-86.810770,I 24,,,,0.00,,,,,,,39.25,N,Not at Intersection,N,Non-Junction,None,,,         ,Michael,McCord,Clear,Front to Rear,no,no,no,no,no,False
101726759,METROPOLITAN NASHVILLE POLICE DEPT,20170710047,Davidson,Nashville,8/10/2017 12:00:00 PM,2,0,0,36.177620,-86.797540,9TH AVN,,,,200.00,Feet,East,GARFIELD ST,,,,0.00,N,Not at Intersection,N,Non-Junction,None,,,         ,Chase,Burnett,Clear,"Sideswipe, Opposite Direction",no,no,no,no,yes,False
101726790,METROPOLITAN NASHVILLE POLICE DEPT,20170710129,Davidson,Not in City Limit,8/11/2017 7:50:00 AM,2,0,0,36.265860,-86.721310,PIMA RD,,,,113.00,Feet,East,GRAY AV,,,,0.00,N,Not at Intersection,N,Non-Junction,None,,,         ,Thomas,Odom,Clear,Front to Rear,no,no,no,no,yes,False
101726804,METROPOLITAN NASHVILLE POLICE DEPT,20170709968,Davidson,Nashville,8/11/2017 6:35:00 AM,2,0,0,36.248610,-86.715420,E PALESTINE AV,,,,42.00,Feet,East,ARGLE AV,,,,0.00,N,Not at Intersection,N,Non-Junction,None,,,         ,Brian,Otto,Clear,Angle,no,no,no,no,no,False
101726811,METROPOLITAN NASHVILLE POLICE DEPT,20170710169,Davidson,Nashville,8/11/2017 8:06:00 AM,2,0,0,36.161210,-86.792650,CHARLOTTE AV,,,,10.00,Feet,West,GEORGE L DAVIS BLVD,,,,0.00,N,Not at Intersection, ,,None,,,         ,Russell,Freeman,,,no,no,no,no,no,False
101726822,METROPOLITAN NASHVILLE POLICE DEPT,20170710178,Davidson,Nashville,8/11/2017 8:08:00 AM,2,0,0,36.169280,-86.606210,I 40,,,,0.00,,,,,,,220.55,N,Not at Intersection, ,Entrance/Exit Ramp Related,None,,,         ,Michael,Dance,Clear,"Sideswipe, Same Direction",no,no,no,no,no,False
101726841,METROPOLITAN NASHVILLE POLICE DEPT,20170710188,Davidson,Nashville,8/11/2017 8:20:00 AM,2,0,0,36.181400,-86.811680,DR D B TODD JR BLVD,,,,129.00,Feet,North,ST LOUIS ST,,,,0.00,N,Not at Intersection,N,Non-Junction,None,,,         ,Chase,Burnett,Clear,Front to Rear,no,no,no,no,no,False
101726866,METROPOLITAN NASHVILLE POLICE DEPT,20170710184,Davidson,Nashville,8/11/2017 7:50:00 AM,2,0,0,36.188530,-86.628860,LEBANON PKE,,,,174.00,Feet,East,HICKORY HILL LN,,,,0.00,N,Not at Intersection, ,Non-Junction,None,,,         ,James,Curtis,Clear,Front to Rear,no,no,no,no,no,False
101726879,METROPOLITAN NASHVILLE POLICE DEPT,20170710173,Davidson,Nashville,8/11/2017 8:05:00 AM,1,0,0,36.219900,-86.727600,GALLATIN PKE,,,,0.00,,,,,,,0.00,,, ,Non-Junction,None,,,         ,Richard,Conger,Clear,Not Collision with Motor Vehicle in Transport,no,no,no,yes,yes,False
101726885,METROPOLITAN NASHVILLE POLICE DEPT,20170709967,Davidson,Nashville,8/11/2017 6:45:00 AM,2,2,0,36.159920,-86.622750,I 40,,,,0.00,,,,,,,219.45,N,Not at Intersection,N,Non-Junction,None,,,         ,James,Curtis,Clear,Front to Rear,no,no,no,no,no,False
101726893,METROPOLITAN NASHVILLE POLICE DEPT,20170707031,Davidson,Nashville,8/9/2017 12:00:00 AM,1,0,1,36.067670,-86.925290,HICKS RD,,,,157.00,Feet,East,PATTEN LN,,,,0.00,N,Not at Intersection,N,Non-Junction,None,,,17-0579  ,Carey,Steel,Cloudy,Not Collision with Motor Vehicle in Transport,no,no,no,no,no,False
101726907,METROPOLITAN NASHVILLE POLICE DEPT,20170710279,Davidson,Not in City Limit,8/11/2017 8:46:00 AM,2,1,0,36.316530,-86.834550,I 24,,,,0.00,,,,,,,36.90,N,Not at Intersection,N,Non-Junction,None,,,         ,YUNUS,ADAK,Clear,Front to Rear,no,no,no,no,no,False
101726911,METROPOLITAN NASHVILLE POLICE DEPT,20170710403,Davidson,Nashville,8/11/2017 9:10:00 AM,2,0,0,36.127990,-86.695610,BRILEY PKWY,,,,0.00,,,KENTON PL,,,,0.00,Y,T-Intersection,N,Intersection,None,,,         ,Michael,Dance,Clear,Unknown,no,no,no,no,yes,False
101726950,METROPOLITAN NASHVILLE POLICE DEPT,20170710421,Davidson,Nashville,8/11/2017 9:03:00 AM,2,0,0,36.154050,-86.787590,13TH AVS,,,,11.00,Feet,North,DEMONBREUN ST,,,,0.00,N,Not at Intersection, ,Non-Junction,None,,,         ,Kevin,Johnson,Clear,Angle,no,no,no,no,no,False
101726975,METROPOLITAN NASHVILLE POLICE DEPT,20170710190,Davidson,Nashville,8/11/2017 8:19:00 AM,2,0,0,36.192760,-86.734600,STRAIGHTWAY AV,,,,443.00,Feet,West,SCOTT AV,,,,0.00,N,Not at Intersection, ,Non-Junction,None,,,         ,Anthony,Rizo,Clear,Angle,no,no,no,no,yes,False
101726979,METROPOLITAN NASHVILLE POLICE DEPT,20170702873,Davidson,Nashville,8/9/2017 8:50:00 AM,2,0,0,36.164950,-86.776090,CHURCH ST,,,,0.00,,,1ST AVN,,,,0.00,Y,Four-Way,N,Intersection,None,,,         ,Michael,Robinson,Clear,Front to Rear,no,no,no,no,yes,False
101726997,VANDERBILT UNIVERSITY POLICE,2017-0710166,Davidson,Nashville,8/11/2017 7:30:00 AM,2,0,0,36.142240,-86.800830,MEDICAL CENTER DR,,,,311.00,Feet,West,21ST AVS,,,,0.00,N,Not at Intersection,N,Non-Junction,None,,,         ,Casey,Campbell,Clear,"Sideswipe, Opposite Direction",no,no,no,yes,no,Campus
101726999,METROPOLITAN NASHVILLE POLICE DEPT,2017-0710126,Davidson,Not in City Limit,8/11/2017 7:56:00 AM,1,1,0,36.013386,-86.620660,,,I24,,0.00,,,OLD HICKORY,BLVD,SR171,,0.00,Y,Four-Way,Y,Entrance/Exit Ramp Related,None,,,         ,William,Whitworth,Cloudy,Not Collision with Motor Vehicle in Transport,no,no,no,no,no,False
101727028,METROPOLITAN NASHVILLE POLICE DEPT,20170710668,Davidson,Nashville,8/11/2017 11:17:00 AM,2,0,0,36.125630,-86.776890,FRANKLIN PKE,,,,211.00,Feet,South,CRAIGHEAD ST,,,,0.00,N,Not at Intersection, ,Non-Junction,Construction Zone,,,         ,Russell,Freeman,Clear,Other,no,no,no,no,no,False
101727029,METROPOLITAN NASHVILLE POLICE DEPT,20170710325,Davidson,Nashville,8/11/2017 9:12:00 AM,2,1,0,36.164650,-86.763320,I 24,,,,0.00,,,,,,,49.10,N,Not at Intersection,N,Non-Junction,None,,,         ,Richard,Conger,Clear,Angle,no,no,no,no,no,False
101727031,METROPOLITAN NASHVILLE POLICE DEPT,20170710554,Davidson,Nashville,8/11/2017 10:30:00 AM,2,0,0,36.152870,-86.842250,46TH AVN,,,,156.00,Feet,South,ALABAMA AV,,,,0.00,N,Not at Intersection, ,Non-Junction,None,,,         ,Michael,Pyle,Cloudy,Angle,no,no,no,no,no,False
101727051,METROPOLITAN NASHVILLE POLICE DEPT,20170710655,Davidson,Not in City Limit,8/11/2017 11:14:00 AM,2,0,0,36.267040,-86.695150,N DUPONT AV,,,,0.00,,,MAY DR,,,,0.00,Y,T-Intersection, ,Non-Junction,None,,,         ,Thomas,Odom,Clear,Angle,no,no,no,no,no,False
101727074,METROPOLITAN NASHVILLE POLICE DEPT,20170710542,Davidson,Nashville,8/11/2017 10:31:00 AM,2,0,0,36.153270,-86.769560,2ND AVS,,,,0.00,,,ASH ST,,,,0.00,Y,Four-Way, ,Intersection-Related,None,,,         ,Byron,Carter,Cloudy,Angle,no,no,no,no,no,False
101727080,METROPOLITAN NASHVILLE POLICE DEPT,20170710715,Davidson,Nashville,8/11/2017 11:42:00 AM,2,0,0,36.197010,-86.742060,GALLATIN AV,,,,0.00,Feet,,CAROLYN AV,,,,0.00,Y,T-Intersection, ,Intersection,None,,,         ,Richard,Conger,Clear,Angle,no,no,no,no,yes,False
101727108,METROPOLITAN NASHVILLE POLICE DEPT,20170710704,Davidson,Not in City Limit,8/11/2017 11:30:00 AM,2,0,0,36.272800,-86.710150,GALLATIN PKEN,,,,8.00,Feet,North,NESBITT LN,,,,0.00,N,Not at Intersection, ,Non-Junction,None,,,         ,Coleman,McKellar,Cloudy,Angle,no,no,no,no,no,False
101727123,METROPOLITAN NASHVILLE POLICE DEPT,20170710815,Davidson,Nashville,8/11/2017 12:22:00 PM,2,0,0,36.116670,-86.748140,NOLENSVILLE PKE,,,,67.00,Feet,North,JOYNER AV,,,,0.00,N,Not at Intersection,N,Non-Junction,None,,,         ,Brent,Bauer,Cloudy,Angle,no,no,no,no,no,False
101727134,METROPOLITAN NASHVILLE POLICE DEPT,20170710855,Davidson,Nashville,8/11/2017 12:40:00 PM,2,0,0,36.197820,-86.741620,GALLATIN PKE,,,,73.00,Feet,South,FAIRWIN AV,,,,0.00,N,Not at Intersection,N,Non-Junction,None,,,         ,Richard,Conger,Clear,Angle,no,no,no,no,no,False
101727187,METROPOLITAN NASHVILLE POLICE DEPT,20170710582,Davidson,Nashville,8/11/2017 10:43:00 AM,3,0,0,36.123490,-86.772880,I 65,,,,0.00,,,,,,,80.60,N,Not at Intersection, ,Non-Junction,None,,,         ,Nathan,Kemp,Clear,Not Collision with Motor Vehicle in Transport,no,no,no,no,no,False
101727188,METROPOLITAN NASHVILLE POLICE DEPT,20170710686,Davidson,Nashville,8/11/2017 11:30:00 AM,2,0,0,36.115990,-86.788070,I 440,,,,0.00,,,,,,,3.90,N,Not at Intersection,N,Non-Junction,None,,,         ,Nathan,Kemp,Clear,Front to Rear,no,no,no,no,no,False
101727189,METROPOLITAN NASHVILLE POLICE DEPT,20170710681,Davidson,Nashville,8/11/2017 11:24:00 AM,2,2,0,36.200320,-86.618600,LEBANON PKE,,,,0.00,,,HERMITAGE RD,,,,0.00,Y,T-Intersection,N,Intersection,None,,,         ,James,Curtis,Cloudy,Angle,no,no,no,no,no,False
101727193,METROPOLITAN NASHVILLE POLICE DEPT,20170710877,Davidson,Not in City Limit,8/11/2017 12:40:00 PM,2,0,0,36.044870,-86.956350,OLD HARDING PKE,,,,155.00,Feet,North,HIGHWAY 100,,,,0.00,N,Not at Intersection, ,Non-Junction,None,,,         ,Wesley,Tilley,Clear,Angle,no,no,no,no,no,False
101727235,METROPOLITAN NASHVILLE POLICE DEPT,20170710961,Davidson,Nashville,8/11/2017 1:13:00 PM,2,0,0,36.120490,-86.775150,FRANKLIN PKE,,,,0.00,Feet,East,KIRKWOOD AV,,,,0.00,N,Not at Intersection, ,Non-Junction,None,,,         ,Russell,Freeman,Clear,"Sideswipe, Same Direction",no,no,no,no,no,False
101727243,METROPOLITAN NASHVILLE POLICE DEPT,20170710962,Davidson,Not in City Limit,8/11/2017 1:18:00 PM,2,0,0,36.294840,-86.754150,CAMPBELL RD,,,,2497.00,Feet,West,BIRDWELL DR,,,,0.00,N,Not at Intersection,N,Non-Junction,None,,,         ,Thomas,Odom,Clear,"Sideswipe, Opposite Direction",no,no,no,no,yes,False
101727249,METROPOLITAN NASHVILLE POLICE DEPT,20170710922,Davidson,Nashville,8/11/2017 12:53:00 PM,2,0,0,36.191850,-86.781400,I 65,,,,0.00,,,,,,,86.25,N,Not at Intersection, ,Non-Junction,None,,,         ,Seth,Quiles,Cloudy,Front to Rear,no,no,no,no,no,False
101727257,METROPOLITAN NASHVILLE POLICE DEPT,20170710723,Davidson,Nashville,8/11/2017 11:30:00 AM,2,0,0,36.156550,-86.865860,ROBERTSON AV,,,,0.00,Feet,,STEVENSON ST,,,,0.00,Y,T-Intersection, ,Intersection,None,,,         ,Christopher,Royer,Clear,Front to Rear,no,no,no,no,no,False
101727286,METROPOLITAN NASHVILLE POLICE DEPT,20170710790,Davidson,Nashville,8/11/2017 12:10:00 PM,2,0,0,36.158850,-86.845060,MICHIGAN AV,,,,0.00,,,48TH AVN,,,,0.00,Y,Four-Way,N,Intersection,None,,,         ,Michael,Pyle,Cloudy,Angle,no,no,no,no,no,False
101727319,METROPOLITAN NASHVILLE POLICE DEPT,2017-0710830,Davidson,Nashville,8/11/2017 12:25:00 PM,2,0,0,36.139400,-86.729160,I 24,,,,0.00,,,,,,,51.50,N,Not at Intersection, ,Non-Junction,None,,,         ,William,Whitworth,Cloudy,"Sideswipe, Same Direction",no,no,no,no,no,False
101727338,METROPOLITAN NASHVILLE POLICE DEPT,20170710931,Davidson,Nashville,8/11/2017 1:00:00 PM,2,1,0,36.125870,-86.805050,SWEETBRIAR AV,,,,0.00,,,21ST AVS,,,,0.00,Y,T-Intersection,N,Intersection,None,,,         ,Shaquille,Graham,Clear,Front to Rear,no,no,no,no,no,False
101727339,METROPOLITAN NASHVILLE POLICE DEPT,20170711084,Davidson,Nashville,8/11/2017 2:16:00 PM,2,0,0,36.167880,-86.664030,LEBANON PKE,,,,0.00,,,OLD LEBANON PKE,,,,0.00,Y,T-Intersection, ,Intersection,None,,,         ,James,Curtis,Cloudy,Angle,no,no,no,no,no,False
101727377,VANDERBILT UNIVERSITY POLICE,2017-0707636,Davidson,Nashville,8/10/2017 1:45:00 PM,2,0,0,36.139460,-86.804340,CHILDRENS WAY,,,,0.00,,,,,,,0.00,,Not at Intersection,N,Non-Junction,None,,,         ,Casey,Campbell,Clear,"Sideswipe, Opposite Direction",no,no,no,yes,yes,Campus
101727399,METROPOLITAN NASHVILLE POLICE DEPT,20170711114,Davidson,Nashville,8/11/2017 2:30:00 PM,3,0,0,36.134200,-86.774730,I65 N EXT RAMP,,,,0.00,,,I 65,,,,0.00,Y,Four-Way,N,Intersection-Related,None,,,         ,Tien,Nguyen,Clear,Front to Rear,no,no,no,no,no,False
101727402,METROPOLITAN NASHVILLE POLICE DEPT,20170697365,Davidson,Nashville,8/7/2017 8:20:00 PM,1,0,0,36.143630,-86.701650,I40 E EXT RAMP,,,,0.00,Feet,East,I 40,,,,0.00,N,Not at Intersection,N,Non-Junction,None,,,         ,Johnathan,Pannell,Clear,Not Collision with Motor Vehicle in Transport,no,no,no,no,no,False
101727418,BERRY HILL POLICE DEPT,17-2728,Davidson,Berry Hill,8/11/2017 2:06:00 PM,2,0,0,36.124560,-86.776530,FRANKLIN PKE,,,,160.00,Feet,South,INVERNESS AV,,,,0.00,N,Not at Intersection,N,Non-Junction,None,,,         ,John,Gleixner,Clear,Front to Rear,no,no,no,no,no,False
101727467,METROPOLITAN NASHVILLE POLICE DEPT,20170711175,Davidson,Nashville,8/11/2017 2:30:00 PM,3,0,0,36.166120,-86.764440,I 24,,,,0.00,,,,,,,49.00,N,Not at Intersection, ,Non-Junction,None,,,         ,Phillip,Box,Cloudy,Front to Rear,no,no,no,no,no,False
101727482,METROPOLITAN NASHVILLE POLICE DEPT,20170711220,Davidson,Not in City Limit,8/11/2017 3:20:00 PM,2,2,0,36.346190,-86.873540,WHITES CREEK PKE,,,,454.00,Feet,East,GREENBRIER RD,,,,0.00,N,Not at Intersection,N,Non-Junction,None,,,         ,Timothy,Morgan,Cloudy,"Sideswipe, Opposite Direction",no,no,no,no,yes,False
101727486,METROPOLITAN NASHVILLE POLICE DEPT,20170710755,Davidson,Nashville,8/11/2017 12:45:00 PM,2,0,0,36.078380,-86.725970,NOLENSVILLE PKE,,,,458.00,Feet,South,HARDING PL,,,,0.00,N,Not at Intersection,N,Non-Junction,None,,,         ,Jessie,Meadows,Clear,"Sideswipe, Same Direction",no,no,no,no,yes,False
101727487,METROPOLITAN NASHVILLE POLICE DEPT,20170711046,Davidson,Nashville,8/11/2017 2:30:00 PM,2,0,0,36.134790,-86.726910,I24E,,,,635.00,Feet,West,I24 W ENT RAMP,,,,0.00,N,Not at Intersection, ,Non-Junction,None,,,         ,Jessie,Meadows,Clear,Front to Rear,no,no,no,no,no,False
101727488,METROPOLITAN NASHVILLE POLICE DEPT,20170711064,Davidson,Nashville,8/11/2017 2:30:00 PM,2,0,0,36.134790,-86.726910,I24E,,,,635.00,Feet,West,I24 W ENT RAMP,,,,0.00,N,Not at Intersection, ,Non-Junction,None,,,         ,Jessie,Meadows,Clear,Front to Rear,no,no,no,no,no,False
101727489,METROPOLITAN NASHVILLE POLICE DEPT,20170711235,Davidson,Nashville,8/11/2017 2:26:00 PM,2,0,0,36.104540,-86.811000,RICHARD JONES RD,,,,667.00,Feet,West,HILLMONT DR,,,,0.00,N,Not at Intersection, ,Non-Junction,None,,,         ,Tien,Nguyen,Clear,"Sideswipe, Same Direction",no,no,no,no,no,False
101727492,METROPOLITAN NASHVILLE POLICE DEPT,20170711182,Davidson,Nashville,8/11/2017 3:13:00 PM,3,2,0,36.151340,-86.842160,46TH AVN,,,,100.00,Feet,North,PARK AV,,,,0.00,N,Not at Intersection,N,Non-Junction,None,,,         ,Walter,Gray II,Cloudy,Front to Rear,no,no,no,no,no,False
101727516,METROPOLITAN NASHVILLE POLICE DEPT,20170711155,Davidson,Nashville,8/11/2017 12:00:00 AM,2,0,0,36.154100,-86.842080,BRILEY PKWY N ENT RAMP,,,,0.00,Feet,East,I 40,,,,0.00,N,Not at Intersection, ,,None,,,         ,Andrew,Brazee,,,no,no,no,no,no,False
101727525,METROPOLITAN NASHVILLE POLICE DEPT,20170711224,Davidson,Nashville,8/11/2017 3:25:00 PM,2,0,0,36.159730,-86.799940,FISK ST,,,,0.00,,,PEARL ST,,,,0.00,Y,Four-Way,N,Intersection,None,,,         ,Seth,Vaughn,Clear,"Sideswipe, Opposite Direction",no,no,no,no,no,False
101727535,METROPOLITAN NASHVILLE POLICE DEPT,20170711278,Davidson,Nashville,8/11/2017 3:14:00 PM,2,0,0,36.016670,-86.618410,FIRESTONE PKWY,,,,440.00,Feet,East,OLD HICKORY BLVD,,,,0.00,N,Not at Intersection, ,Non-Junction,None,,,         ,Patrick,Martin,Clear,Angle,no,no,no,no,no,False
101727539,METROPOLITAN NASHVILLE POLICE DEPT,20170711251,Davidson,Not in City Limit,8/11/2017 3:45:00 PM,2,0,0,36.319300,-86.888010,OLD CLARKSVILLE PKE,,,,0.00,Feet,,BIDWELL RD,,,,0.00,Y,T-Intersection, ,Intersection,None,,,         ,Roy,Sain Jr.,Clear,Angle,no,no,no,no,no,False
101727552,METROPOLITAN NASHVILLE POLICE DEPT,20170711229,Davidson,Nashville,8/11/2017 3:30:00 PM,2,0,0,36.155890,-86.628780,I 40,,,,0.00,,,,,,,219.00,N,Not at Intersection, ,,None,,,         ,Kimberly,Annson,,,no,no,no,no,no,False
101727554,METROPOLITAN NASHVILLE POLICE DEPT,20170711127,Davidson,Goodlettsville,8/11/2017 2:15:00 PM,2,0,0,36.289990,-86.723240,I 65,,,,0.00,,,,,,,94.20,N,Not at Intersection, ,Non-Junction,None,,,         ,Joel,Callies,Clear,"Sideswipe, Same Direction",no,no,no,no,no,False
101727556,METROPOLITAN NASHVILLE POLICE DEPT,20170711249,Davidson,Nashville,8/11/2017 3:40:00 PM,3,0,0,36.163390,-86.819710,28TH AVN,,,,309.00,Feet,South,ALBION ST,,,,0.00,N,Not at Intersection,N,Non-Junction,None,,,         ,Clayton,Lewis,Clear,Front to Rear,no,no,no,no,no,False
101727572,METROPOLITAN NASHVILLE POLICE DEPT,20170711398,Davidson,Nashville,8/11/2017 4:56:00 PM,4,0,0,36.120700,-86.807970,LOMBARDY AV,,,,0.00,,,HILLSBORO PKE,,,,0.00,Y,Four-Way, ,Intersection-Related,None,,,         ,Tien,Nguyen,Clear,"Sideswipe, Same Direction",no,no,no,no,no,False
101727579,METROPOLITAN NASHVILLE POLICE DEPT,20170711172,Davidson,Nashville,8/11/2017 3:05:00 PM,2,0,0,36.059550,-86.707570,PACKARD DR,,,,49.00,Feet,North,TUSCULUM RD,,,,0.00,N,Not at Intersection, ,Non-Junction,None,,,         ,Jessie,Meadows,Clear,Front to Rear,no,no,no,no,no,False
101727580,METROPOLITAN NASHVILLE POLICE DEPT,20170711217,Davidson,Nashville,8/11/2017 3:10:00 PM,2,0,0,36.059450,-86.707320,TUSCULUM RD,,,,66.00,Feet,East,PACKARD DR,,,,0.00,N,Not at Intersection,N,Non-Junction,None,,,         ,Jessie,Meadows,Clear,Angle,no,no,no,no,no,False
101727581,METROPOLITAN NASHVILLE POLICE DEPT,20170711165,Davidson,Nashville,8/11/2017 2:41:00 PM,2,0,0,36.111590,-86.745570,NOLENSVILLE PKE,,,,250.00,Feet,North,ELIZABETH ST,,,,0.00,N,Not at Intersection, ,Non-Junction,None,,,         ,Jacob,Paul,Clear,Angle,no,no,no,no,no,False
101727591,METROPOLITAN NASHVILLE POLICE DEPT,20170711151,Davidson,Nashville,8/11/2017 3:00:00 PM,2,0,0,36.252380,-86.733960,S GRAYCROFT AV,,,,159.00,Feet,North,FAIROAKS DR,,,,0.00,N,Not at Intersection,N,Non-Junction,None,,,         ,Douglas,Fowler,Clear,Front to Rear,no,no,no,no,no,False
101727637,METROPOLITAN NASHVILLE POLICE DEPT,20170711150,Davidson,Nashville,8/11/2017 3:00:00 PM,4,2,0,36.152000,-86.635050,I 40,,,,0.00,,,,,,,218.55,N,Not at Intersection,N,Non-Junction,None,,,         ,Tyler,Maupin,Cloudy,Front to Rear,no,no,no,no,no,False
101727640,METROPOLITAN NASHVILLE POLICE DEPT,20170711507,Davidson,Nashville,8/11/2017 2:15:00 PM,2,0,0,36.154340,-86.798960,19TH AVN,,,,0.00,,,CHURCH ST,,,,0.00,Y,Four-Way,N,Non-Junction,None,,,         ,Joseph,Patricio,Clear,Front to Rear,no,no,no,no,yes,False
101727643,METROPOLITAN NASHVILLE POLICE DEPT,20170711424,Davidson,Nashville,8/11/2017 4:45:00 PM,2,0,0,36.114180,-86.748360,CENTRAL AV,,,,0.00,,,GRANDVIEW AV,,,,0.00,Y,T-Intersection, ,Intersection-Related,None,,,         ,Bradley,Pope,Cloudy,Angle,no,no,no,no,yes,False
101727644,METROPOLITAN NASHVILLE POLICE DEPT,20170711347,Davidson,Nashville,8/11/2017 4:25:00 PM,2,2,0,36.215060,-86.594160,LEBANON PKE,,,,1035.00,Feet,East,ANDREW JACKSON PKWY,,,,0.00,N,Not at Intersection,N,Non-Junction,None,,,         ,Matthew,Turppa,Rain,Other,no,no,no,no,no,False
101727669,METROPOLITAN NASHVILLE POLICE DEPT,20170711340,Davidson,Nashville,8/11/2017 4:30:00 PM,2,0,0,36.184310,-86.734270,SCOTT AV,,,,72.00,Feet,North,FRANKLIN AV,,,,0.00,N,Not at Intersection, ,,None,,,         ,Benjamin,Williams,,,no,no,no,no,no,False
101727670,METROPOLITAN NASHVILLE POLICE DEPT,20170711126,Davidson,Nashville,8/11/2017 2:45:00 PM,2,0,0,36.037400,-86.786570,FRANKLIN PKE,,,,0.00,,,OLD HICKORY BLVD,,,,0.00,Y,Four-Way, ,Intersection-Related,None,,,         ,Jacob,Paul,Clear,Front to Rear,no,no,no,no,no,False
101727675,METROPOLITAN NASHVILLE POLICE DEPT,20170711460,Davidson,Nashville,8/11/2017 5:15:00 PM,2,0,0,36.186820,-86.775300,I 24,,,,0.00,,,,,,,47.10,N,Not at Intersection,N,Non-Junction,None,,,         ,Phillip,Box,Cloudy,Front to Rear,no,no,no,no,no,False
101727676,METROPOLITAN NASHVILLE POLICE DEPT,20170711489,Davidson,Nashville,8/11/2017 5:00:00 PM,1,0,0,36.208720,-86.770200,GRIZZARD AV,,,,810.00,Feet,West,DICKERSON PKE,,,,0.00,N,Not at Intersection, ,Non-Junction,None,,,         ,Amanda,Fox,Cloudy,Not Collision with Motor Vehicle in Transport,no,no,no,yes,yes,False
101727685,METROPOLITAN NASHVILLE POLICE DEPT,20170711435,Davidson,Nashville,8/11/2017 5:13:00 PM,4,0,0,36.176020,-86.780320,JEFFERSON ST,,,,600.00,Feet,West,OLDHAM ST PVTDR,,,,0.00,N,Not at Intersection, ,Non-Junction,None,,,         ,Jim,Crissman,Cloudy,Front to Rear,no,no,no,no,no,False
101727686,METROPOLITAN NASHVILLE POLICE DEPT,20170711439,Davidson,Nashville,8/11/2017 5:15:00 PM,2,0,0,36.150940,-86.804550,LOUISE AV,,,,0.00,,,ELLISTON PL,,,,0.00,Y,Four-Way,N,Intersection,None,,,         ,Allyson,Reis,Clear,Angle,no,no,no,no,no,Campus