master_record_number,agency,agency_tracking_number,county,city,collision_date,vehicles_involved,number_injured,number_dead,latitude,longitude,roadway_name,roadway_suffix,roadway_number,roadway_local_id,distance_from_reference,miles-feet_indicator,direction_from_reference,intersection_road_name,intersection_road_name_suffix,intersection_road_number,intersection_local_id,mile_marker,intersection_indicator,intersect_type,interchange_related_indicator,relation_to_junction,work_zone_type,construction_maintenance_zone,construction_maintenance_zone_location,fatal_case_number,officer_first_name,officer_last_name,weather_condition(s),manner_of_crash,pedestrian,bicycle,scooter,parking,hitrun,mou
101728522,METROPOLITAN NASHVILLE POLICE DEPT,20170713791,Davidson,Nashville,8/12/2017 1:30:00 PM,2,0,0,36.182780,-86.798590,I65 N EXT RAMP,,,,0.00,,,I 65,,,,0.00,Y,OTHER,Y,Entrance/Exit Ramp Related,None,,,         ,Landon,Bagwell,Clear,Other,no,no,no,no,yes,False
101728537,METROPOLITAN NASHVILLE POLICE DEPT,20170713692,Davidson,Nashville,8/12/2017 11:59:00 AM,2,0,0,36.130090,-86.727820,I24E,,,,0.00,,,I440 W ENT RAMP,,,,0.00,Y,OTHER,Y,Entrance/Exit Ramp Related,None,,,         ,David,Simmonds,Clear,"Sideswipe, Same Direction",no,no,no,no,yes,False
101728539,METROPOLITAN NASHVILLE POLICE DEPT,20170713687,Davidson,Nashville,8/12/2017 1:01:00 PM,2,0,0,36.195690,-86.619310,OLD HICKORY BLVD,,,,0.00,,,OLD HICKORY BLVD PVTDR,,,,0.00,Y,OTHER,N,"Driveway, Alley Access, etc",None,,,         ,Cassandra,Del Bosco,Clear,Angle,no,no,no,no,no,False
101728542,METROPOLITAN NASHVILLE POLICE DEPT,20170713743,Davidson,Nashville,8/12/2017 1:52:00 PM,2,0,0,36.238700,-86.754880,I 65,,,,0.00,,,,,,,90.10,N,Not at Intersection,N,Non-Junction,None,,,         ,Jeremy,Stricklin,Clear,HeadOn,no,no,no,no,no,False
101728551,GOODLETTSVILLE POLICE DEPT,17-28168,Davidson,Goodlettsville,8/12/2017 2:15:00 PM,2,1,0,36.313420,-86.698890,CONFERENCE DR,,,,441.00,Feet,South,WINDSOR GREEN BLVD,,,,0.00,N,Not at Intersection,N,Non-Junction,None,,,         ,David,Read,Cloudy,Front to Rear,no,no,no,no,no,False
101728565,METROPOLITAN NASHVILLE POLICE DEPT,20170713884,Davidson,Nashville,8/12/2017 2:49:00 PM,2,0,0,36.195350,-86.772190,DICKERSON PKE,,,,13.00,Feet,North,FERN AV,,,,0.00,N,Not at Intersection, ,Non-Junction,None,,,         ,Amanda,Fox,Clear,Front to Rear,no,no,no,no,yes,False
101728570,METROPOLITAN NASHVILLE POLICE DEPT,20170713752,Davidson,Nashville,8/12/2017 2:00:00 PM,2,0,0,36.187330,-86.794830,I 65,,,,0.00,,,,,,,85.40,N,Not at Intersection, ,Non-Junction,None,,,         ,Charles,Taylor,Clear,Angle,no,no,no,no,no,False
101728572,METROPOLITAN NASHVILLE POLICE DEPT,20170713673,Davidson,Nashville,8/12/2017 12:40:00 PM,1,0,0,36.252490,-86.829900,WHITES CREEK PKE,,,,0.00,,,BUENA VISTA PKE,,,,0.00,Y,OTHER,N,Non-Junction,None,,,         ,James,Wray,Clear,Not Collision with Motor Vehicle in Transport,no,no,no,yes,no,False
101728577,METROPOLITAN NASHVILLE POLICE DEPT,20170713868,Davidson,Nashville,8/12/2017 3:00:00 PM,2,0,0,36.214000,-86.797490,ADLAI ST,,,,332.00,Feet,North,GROVER ST,,,,0.00,N,Not at Intersection, ,Non-Junction,None,,,         ,Andrew,Delke,Clear,Front to Rear,no,no,no,no,no,False
101728608,METROPOLITAN NASHVILLE POLICE DEPT,20170713972,Davidson,Nashville,8/12/2017 3:58:00 PM,2,0,0,36.130910,-86.853440,TARGET PVTDR,,,,0.00,,,,,,,0.00,,,N,OtherLocation,None,,,         ,Jessica,Scott,Clear,Unknown,no,no,no,yes,yes,False
101728621,METROPOLITAN NASHVILLE POLICE DEPT,20170713788,Davidson,Nashville,8/12/2017 12:00:00 AM,2,1,0,36.070280,-86.722080,NOLENSVILLE PKE,,,,0.00,,,COTTON LN,,,,0.00,Y,T-Intersection,N,Intersection,None,,,         ,David,Robberson,Cloudy,Angle,no,no,no,no,no,False
101728628,METROPOLITAN NASHVILLE POLICE DEPT,20170713953,Davidson,Nashville,8/11/2017 10:45:00 PM,2,0,0,36.181700,-86.607240,OLD HICKORY BLVD,,,,299.00,Feet,East,FRIST BLVD,,,,0.00,N,Not at Intersection,N,Non-Junction,None,,,         ,Jonathon,Sheppard,Clear,"Sideswipe, Same Direction",no,no,no,no,yes,False
101728629,METROPOLITAN NASHVILLE POLICE DEPT,20170713998,Davidson,Nashville,8/12/2017 4:36:00 PM,2,0,0,36.240740,-86.757370,DICKERSON PKE,,,,0.00,,,BRILEY PKWY E EXT RAMP,,,,0.00,Y,T-Intersection, ,Intersection,None,,,         ,Christopher,Littles,Clear,Angle,no,no,no,no,no,False
101728633,GOODLETTSVILLE POLICE DEPT,17-28176,Davidson,Goodlettsville,8/12/2017 4:40:00 PM,2,0,0,36.303570,-86.702160,RIVERGATE PKWY,,,,215.00,Feet,North,WREN RD,,,,0.00,N,Not at Intersection,N,Non-Junction,None,,,         ,Ashley,Akers,Clear,Angle,no,no,no,no,no,False
101728640,METROPOLITAN NASHVILLE POLICE DEPT,20170713911,Davidson,Nashville,8/12/2017 3:45:00 PM,2,2,0,36.221520,-86.706040,PENNINGTON BEND RD,,,,1468.00,Feet,North,CEDARWOOD DR,,,,0.00,N,Not at Intersection,N,Non-Junction,None,,,         ,John,Kelley,Clear,Angle,no,no,no,no,no,False
101728646,METROPOLITAN NASHVILLE POLICE DEPT,20170713978,Davidson,Nashville,8/12/2017 3:00:00 PM,2,0,0,36.082760,-86.710220,HARDING PL,,,,87.00,Feet,East,TAMPA DR,,,,0.00,N,Not at Intersection,N,Non-Junction,None,,,         ,William,McDaniel,Clear,Angle,no,no,no,yes,no,False
101728667,METROPOLITAN NASHVILLE POLICE DEPT,20170713792,Davidson,Nashville,8/12/2017 2:42:00 PM,2,1,0,36.155060,-86.797540,18TH AVN,,,,11.00,Feet,North,CHURCH ST,,,,0.00,N,Not at Intersection,Y,Non-Junction,None,,,         ,Jacob,Paul,Clear,HeadOn,no,no,no,no,no,False
101728713,METROPOLITAN NASHVILLE POLICE DEPT,20170713945,Davidson,Nashville,8/12/2017 4:07:00 PM,2,1,0,36.063030,-86.677490,ANTIOCH PKE,,,,862.00,Feet,South,MILL CREEK BLUE HOLE GRNWY,,,,0.00,N,Not at Intersection,N,Non-Junction,None,,,         ,Marcus,Darden,Clear,Angle,no,no,no,no,no,False
101728714,METROPOLITAN NASHVILLE POLICE DEPT,20170713951,Davidson,Old Hickory,8/12/2017 1:32:00 PM,2,0,0,36.265790,-86.664300,ROBINSON RD,,,,135.00,Feet,North,INDUSTRIAL DR PVTDR,,,,0.00,N,Not at Intersection,N,Non-Junction,None,,,         ,Christopher,Littles,Clear,Front to Rear,no,no,no,no,yes,False
101728716,METROPOLITAN NASHVILLE POLICE DEPT,20170714091,Davidson,Nashville,8/12/2017 5:30:00 PM,2,0,0,36.106210,-86.673060,MURFREESBORO PKE,,,,0.00,,,DONELSON PKE,,,,0.00,Y,Four-Way, ,Intersection-Related,None,,,         ,Kimberly,Annson,Cloudy,Front to Rear,no,no,no,no,no,False
101728718,METROPOLITAN NASHVILLE POLICE DEPT,20170713958,Davidson,Nashville,8/12/2017 4:14:00 PM,3,2,0,36.140730,-86.732280,I 40,,,,0.00,,,,,,,213.00,N,Not at Intersection,N,Entrance/Exit Ramp Related,None,,,         ,Jonathan,Cavezza,Clear,Front to Rear,no,no,no,no,no,False
101728723,METROPOLITAN NASHVILLE POLICE DEPT,20170714118,Davidson,Nashville,8/12/2017 5:45:00 PM,2,3,0,36.221140,-86.804900,REVELS DR,,,,0.00,,,WHITES CREEK PKE,,,,0.00,Y,Four-Way,N,Intersection,None,,,         ,Brandon,Rardin,Clear,HeadOn,no,no,no,no,no,False
101728733,METROPOLITAN NASHVILLE POLICE DEPT,20170714045,Davidson,Nashville,8/12/2017 4:15:00 PM,2,0,0,36.100860,-86.675650,DONELSON PKE,,,,229.00,Feet,South,CITATION DR,,,,0.00,N,Not at Intersection,N,Non-Junction,None,,,         ,Nathaniel,Myers,Clear,"Sideswipe, Same Direction",no,no,no,no,no,False
101728734,METROPOLITAN NASHVILLE POLICE DEPT,20170714108,Davidson,Nashville,8/12/2017 5:38:00 PM,2,0,0,36.140730,-86.732280,I 40,,,,0.00,,,,,,,213.00,N,Not at Intersection, ,,None,,,         ,Jonathan,Cavezza,,,no,no,no,no,no,False
101728735,METROPOLITAN NASHVILLE POLICE DEPT,2017-0714187,Davidson,Nashville,8/12/2017 4:38:00 PM,2,0,0,36.215270,-86.589100,LEBANON PKE,,,,180.00,Feet,West,BIG HORN DR,,,,0.00,N,Not at Intersection, ,Non-Junction,None,,,         ,Sandra,Talavera,Clear,Front to Rear,no,no,no,no,no,False
101728737,METROPOLITAN NASHVILLE POLICE DEPT,20170714137,Davidson,Nashville,8/12/2017 12:00:00 AM,2,0,0,36.201770,-86.776600,I 65,,,,0.00,,,,,,,87.00,N,Not at Intersection, ,Non-Junction,None,,,         ,Gordon,Stovall,Clear,Front to Rear,no,no,no,no,no,False
101728763,METROPOLITAN NASHVILLE POLICE DEPT,20170713906,Davidson,Nashville,8/12/2017 3:40:00 PM,1,0,0,36.136810,-86.764380,MOORE AV,,,,0.00,,,RAINS AV,,,,0.00,Y,T-Intersection,N,Intersection,None,,,         ,Brian,Etchison,Clear,Not Collision with Motor Vehicle in Transport,no,no,no,no,no,False
101728770,METROPOLITAN NASHVILLE POLICE DEPT,20170714193,Davidson,Nashville,8/12/2017 4:00:00 PM,2,0,0,36.169540,-86.671600,LEBANON PKE,,,,0.00,,,BLUEFIELD AV,,,,0.00,Y,T-Intersection,Y,Intersection,None,,,         ,John,Kelley,Clear,"Sideswipe, Same Direction",no,no,no,no,yes,False
101728772,METROPOLITAN NASHVILLE POLICE DEPT,20170714051,Davidson,Nashville,8/12/2017 5:05:00 PM,2,0,0,36.151560,-86.793850,DIVISION ST,,,,179.00,Feet,East,18TH AVS,,,,0.00,N,Not at Intersection, ,Non-Junction,None,,,         ,Jacob,Paul,Clear,"Sideswipe, Same Direction",no,no,no,no,no,False
101728775,METROPOLITAN NASHVILLE POLICE DEPT,20170714352,Davidson,Nashville,8/12/2017 7:27:00 PM,2,0,0,36.140730,-86.732280,I 40,,,,0.00,,,,,,,213.00,N,Not at Intersection, ,,None,,,         ,Jonathan,Cavezza,,,no,no,no,no,no,False
101728854,METROPOLITAN NASHVILLE POLICE DEPT,20170714145,Davidson,Nashville,8/12/2017 6:07:00 PM,2,5,0,36.077420,-86.657890,OKEE TRL,,,,0.00,,,UNA ANTIOCH PKE,,,,0.00,Y,T-Intersection,N,Intersection,None,,,         ,Je-Marc,Sears,Clear,HeadOn,no,no,no,no,no,False
101728898,METROPOLITAN NASHVILLE POLICE DEPT,20170714655,Davidson,Not in City Limit,8/12/2017 9:17:00 PM,2,1,0,36.273990,-86.709980,GALLATIN PKEN,,,,72.00,Feet,South,OLD AMQUI RD,,,,0.00,N,Not at Intersection,N,Non-Junction,None,,,         ,Harold,Willmore IV,Clear,Front to Rear,no,no,no,no,no,False
101728899,METROPOLITAN NASHVILLE POLICE DEPT,20170714643,Davidson,Nashville,8/12/2017 9:00:00 PM,2,1,0,36.192610,-86.806730,10TH AVN,,,,397.00,Feet,South,GREAT CIRCLE RD,,,,0.00,N,Not at Intersection,N,Non-Junction,None,,,         ,Clayton,Lewis,Clear,Front to Rear,no,no,no,no,yes,False
101728902,METROPOLITAN NASHVILLE POLICE DEPT,20170714694,Davidson,Nashville,8/12/2017 9:33:00 PM,2,2,0,36.203160,-86.738750,GALLATIN PKE,,,,155.00,Feet,South,E TRINITY LN,,,,0.00,N,Not at Intersection,N,Non-Junction,None,,,         ,James,Smith,Clear,Front to Rear,no,no,no,no,no,False
101728927,METROPOLITAN NASHVILLE POLICE DEPT,20170714674,Davidson,Nashville,8/12/2017 9:20:00 PM,4,0,0,36.068810,-86.770190,I 65,,,,0.00,,,,,,,76.85,N,Not at Intersection,N,Non-Junction,Construction Zone,Laneclosure,Activity Area,         ,Allyson,Reis,Clear,Front to Rear,no,no,no,no,yes,False
101728929,METROPOLITAN NASHVILLE POLICE DEPT,20170714578,Davidson,Nashville,8/12/2017 8:50:00 PM,2,1,0,36.058950,-86.622070,MURFREESBORO PKE,,,,1742.00,Feet,South,MT VIEW RD,,,,0.00,N,Not at Intersection,N,Non-Junction,None,,,         ,Mary,Williams,Clear,"Sideswipe, Same Direction",no,no,no,no,yes,False
101728952,METROPOLITAN NASHVILLE POLICE DEPT,2017-0714771,Davidson,Nashville,8/12/2017 10:18:00 PM,2,0,0,36.149790,-86.815930,CENTENNIAL PARK PVTDR,,,,0.00,,North,,,SR,,0.00,,Not at Intersection, ,OtherLocation,None,,,         ,Bradley,Pope,Cloudy,Front to Rear,no,no,no,yes,yes,False
101728967,METROPOLITAN NASHVILLE POLICE DEPT,20170714903,Davidson,Nashville,8/12/2017 9:34:00 PM,2,0,0,36.202500,-86.606760,RACHELS PL,,,,94.00,Feet,East,ANDREW JACKSON PKWY,,,,0.00,N,Not at Intersection,N,Unknown,None,,,         ,Brett,Johns,Unknown,Unknown,no,no,no,no,yes,False
101728968,METROPOLITAN NASHVILLE POLICE DEPT,20170714468,Davidson,Nashville,8/12/2017 8:23:00 PM,1,2,0,36.056400,-86.665550,MT VIEW RD,,,,1692.00,Feet,East,HICKORY HOLLOW PKWY,,,,0.00,N,Not at Intersection,N,Non-Junction,None,,,         ,Patrick,Martin,Clear,Not Collision with Motor Vehicle in Transport,no,no,no,no,no,False
101728971,METROPOLITAN NASHVILLE POLICE DEPT,20170714507,Davidson,Nashville,8/12/2017 9:23:00 PM,2,0,0,36.160470,-86.778440,5TH AVS,,,,0.00,,,BROADWAY,,,,0.00,Y,Four-Way, ,Non-Junction,None,,,         ,Chad,Wilkinson,Clear,Angle,no,no,no,no,no,False
101729009,METROPOLITAN NASHVILLE POLICE DEPT,20170714930,Davidson,Nashville,8/12/2017 11:10:00 PM,2,0,0,36.058090,-86.716080,NOLENSVILLE PKE,,,,338.00,Feet,South,TUSCULUM RD,,,,0.00,N,Not at Intersection,N,Non-Junction,None,,,         ,Cody,Jaworski,Clear,Angle,no,no,no,no,yes,False
101729047,METROPOLITAN NASHVILLE POLICE DEPT,20170715196,Davidson,Nashville,8/13/2017 1:00:00 AM,1,0,0,36.150540,-86.869050,PATTON AV,,,,0.00,,,TWIN ST,,,,0.00,Y,T-Intersection,N,Intersection,None,,,         ,Ian,Ward,Clear,Not Collision with Motor Vehicle in Transport,no,no,no,no,no,False
101729090,METROPOLITAN NASHVILLE POLICE DEPT,20170715123,Davidson,Nashville,8/13/2017 12:58:00 AM,1,0,0,36.069670,-86.693760,HAYWOOD LN,,,,0.00,,,,,,,0.00,,Not at Intersection,N,Non-Junction,None,,,         ,Dezmond,Hughes,Clear,Not Collision with Motor Vehicle in Transport,no,no,no,yes,yes,False
101729113,METROPOLITAN NASHVILLE POLICE DEPT,20170715364,Davidson,Nashville,8/13/2017 3:17:00 AM,1,0,0,36.158790,-86.795260,MCMILLIN ST,,,,128.00,Feet,East,16TH AVN,,,,0.00,N,Not at Intersection,N,Non-Junction,None,,,         ,Nicholas,Smith,Clear,Not Collision with Motor Vehicle in Transport,no,no,no,no,yes,False
101729118,METROPOLITAN NASHVILLE POLICE DEPT,20170715412,Davidson,Nashville,8/13/2017 3:50:00 AM,2,0,0,36.081050,-86.726790,NOLENSVILLE PKE,,,,544.00,Feet,North,HARDING PL,,,,0.00,N,Not at Intersection,N,Non-Junction,None,,,         ,Jacob,West,Clear,Angle,no,no,no,no,no,False
101729121,METROPOLITAN NASHVILLE POLICE DEPT,20170715286,Davidson,Nashville,8/13/2017 2:26:00 AM,2,1,0,36.054410,-86.618630,MURFREESBORO,PIKE,,,0.00,,,MT. VIEW,RD,,,0.00,Y,Four-Way,Y,Intersection,None,,,         ,Kevin,Breeding,Clear,Angle,no,no,no,no,no,False
101729133,METROPOLITAN NASHVILLE POLICE DEPT,20170715519,Davidson,Nashville,8/13/2017 5:00:00 AM,2,1,0,36.244080,-86.747640,I 65,,,,0.00,,,,,,,90.65,N,Not at Intersection,N,Non-Junction,None,,,         ,Cheri,Cox,Clear,Front to Rear,no,no,no,no,no,False
101729149,METROPOLITAN NASHVILLE POLICE DEPT,20170715521,Davidson,Nashville,8/13/2017 4:55:00 AM,1,1,0,36.075930,-86.660000,UNA ANTIOCH PKE,,,,0.00,,,TREETOP DR,,,,0.00,Y,T-Intersection,N,Intersection-Related,None,,,         ,Daniel,Garrett,Clear,Not Collision with Motor Vehicle in Transport,no,no,no,no,yes,False
101729200,METROPOLITAN NASHVILLE POLICE DEPT,20170715716,Davidson,Nashville,8/13/2017 8:02:00 AM,2,0,0,36.130320,-86.899950,I40 W EXT RAMP,,,,0.00,,,I 40,,,,0.00,Y,Four-Way, ,Entrance/Exit Ramp Related,None,,,         ,Andrew,Maholland,Cloudy,Front to Rear,no,no,no,no,no,False
101729201,METROPOLITAN NASHVILLE POLICE DEPT,20170713782,Davidson,Not in City Limit,8/12/2017 2:35:00 PM,2,0,0,36.269270,-86.755820,OLD HICKORY BLVD,,,,24.00,Feet,West,DICKERSON PKE,,,,0.00,N,Not at Intersection, ,Non-Junction,None,,,         ,Brandon,Wood,Clear,Front to Rear,no,no,no,no,no,False
101729255,METROPOLITAN NASHVILLE POLICE DEPT,20170715795,Davidson,Nashville,8/13/2017 4:00:00 AM,2,0,0,36.189980,-86.722850,CAMPBELL ST,,,,219.00,Feet,South,CHASE AV,,,,0.00,N,Not at Intersection,N,Non-Junction,None,,,         ,Anthony,Rizo,Unknown,Angle,no,no,no,no,yes,False
101729313,METROPOLITAN NASHVILLE POLICE DEPT,20170715672,Davidson,Nashville,8/13/2017 1:41:00 AM,2,0,0,36.045720,-86.711460,OLD HICKORY BLVD,,,,0.00,,,,,,,0.00,,Not at Intersection,N,Non-Junction,None,,,         ,Robert,Erickson,Clear,Front to Rear,no,no,no,yes,yes,False
101729330,METROPOLITAN NASHVILLE POLICE DEPT,20170715908,Davidson,Nashville,8/13/2017 10:00:00 AM,2,0,0,36.182270,-86.607960,OLD HICKORY BLVD,,,,0.00,,,ANDREW JACKSON WAY,,,,0.00,Y,Four-Way, ,Intersection-Related,None,,,         ,Gregory,Lindstrom,Cloudy,Front to Rear,no,no,no,no,no,False
101729355,THP District 3 - Nashville,317047627,Davidson,Nashville,8/11/2017 5:45:00 PM,3,1,0,36.086860,-86.695950,S PERIMETER PARK DR,,,,0.00,,,HARDING PL,,,,0.00,Y,Four-Way,N,Non-Junction,None,,,         ,Christopher,Langley,,Angle,no,no,no,no,no,False
101729358,METROPOLITAN NASHVILLE POLICE DEPT,20170716014,Davidson,Nashville,8/13/2017 11:20:00 AM,1,1,0,36.172640,-86.799350,I65 N ENT RAMP,,,,0.00,Feet,East,I 40,,,,0.00,N,Not at Intersection,Y,Non-Junction,None,,,         ,YUNUS,ADAK,Clear,Not Collision with Motor Vehicle in Transport,no,no,no,no,no,False
101729386,METROPOLITAN NASHVILLE POLICE DEPT,20170715955,Davidson,Not in City Limit,8/13/2017 10:37:00 AM,2,1,0,35.993890,-86.686000,NOLENSVILLE RD,,,,573.00,Feet,North,OLD BURKITT RD,,,,0.00,N,Not at Intersection,N,Non-Junction,None,,,         ,Kevin,Crawford,Clear,Front to Rear,no,no,no,no,no,False
101729435,Nashville Airport Police,2017-02801,Davidson,Nashville,8/10/2017 11:59:00 AM,2,0,0,36.126300,-86.668823,TERMINAL,DR,,,0.10,Miles,East,DONELSON,PIKE,SR255,,0.00,N,Not at Intersection, ,AccelDecelLane,Work Zone,,,         ,Steve,Matheny,Clear,Front to Rear,no,no,no,no,no,False
101729459,METROPOLITAN NASHVILLE POLICE DEPT,20170716067,Davidson,Not in City Limit,8/13/2017 11:19:00 AM,2,1,0,35.995250,-86.687590,NOLENSVILLE RD,,,,119.00,Feet,South,PETTUS RD,,,,0.00,N,Not at Intersection,N,Non-Junction,None,,,         ,Blake,Lutz,Clear,Front to Rear,no,no,no,no,no,False
101729491,METROPOLITAN NASHVILLE POLICE DEPT,20170716094,Davidson,Nashville,8/13/2017 12:16:00 PM,3,0,0,36.041500,-86.726590,OLD HICKORY BLVD,,,,295.00,Feet,South,WINDYPINE DR,,,,0.00,N,Not at Intersection,N,Non-Junction,None,,,         ,Kevin,Crawford,Clear,Front to Rear,no,no,no,no,no,False
101729508,METROPOLITAN NASHVILLE POLICE DEPT,20170716057,Davidson,Nashville,8/13/2017 11:56:00 AM,2,1,0,36.202240,-86.621420,OLD HICKORY BLVD,,,,93.00,Feet,North,WRIGHT AV,,,,0.00,N,Not at Intersection,N,Non-Junction,None,,,         ,Gerry,Hutcheson,Clear,Angle,no,no,no,no,yes,False
101729510,METROPOLITAN NASHVILLE POLICE DEPT,20170716204,Davidson,Not in City Limit,8/13/2017 1:10:00 PM,2,0,0,36.078350,-86.950180,HIGHWAY 70S,,,,196.00,Feet,East,BELLEVUE CTR PVTDR,,,,0.00,N,Not at Intersection, ,Non-Junction,None,,,         ,Douglas,Atwood,Clear,Angle,no,no,no,yes,yes,False
101729511,METROPOLITAN NASHVILLE POLICE DEPT,2017-0707245,Davidson,Nashville,8/10/2017 11:28:00 AM,2,0,0,36.134180,-86.801190,21ST AVS,,,,0.00,,,MAGNOLIA BLVD,,,,0.00,Y,Four-Way,N,Intersection-Related,None,,,         ,Allen,Bates,Clear,Angle,no,no,no,no,no,Campus
101729518,BERRY HILL POLICE DEPT,17-2741,Davidson,Berry Hill,8/11/2017 4:00:00 PM,1,0,0,36.121330,-86.775720,FRANKLIN PKE,,,,90.00,Feet,West,KIRKWOOD AV,,,,0.00,N,Not at Intersection,N,Non-Junction,None,,,         ,Rick,Willliams,Clear,Not Collision with Motor Vehicle in Transport,no,no,no,yes,yes,False
101729542,METROPOLITAN NASHVILLE POLICE DEPT,20170716206,Davidson,Not in City Limit,8/13/2017 12:10:00 PM,2,0,0,36.266560,-86.756730,DICKERSON PKE,,,,139.00,Feet,South,DARBYTOWN DR,,,,0.00,N,Not at Intersection,N,Non-Junction,None,,,         ,Cyretha,Frazier,Cloudy,"Sideswipe, Same Direction",no,no,no,no,no,False
101729572,METROPOLITAN NASHVILLE POLICE DEPT,20170716295,Davidson,Nashville,8/12/2017 11:00:00 PM,2,0,0,36.079610,-86.721160,BROOKRIDGE TRL,,,,232.00,Feet,North,WALLACE RD,,,,0.00,N,Not at Intersection, ,Non-Junction,None,,,         ,Eric,Keller,Clear,Front to Rear,no,no,no,yes,no,False
101729584,METROPOLITAN NASHVILLE POLICE DEPT,20170716128,Davidson,Not in City Limit,8/13/2017 12:45:00 PM,2,2,0,36.265360,-86.711150,GALLATIN PKEN,,,,179.00,Feet,South,DULING AV,,,,0.00,N,Not at Intersection,N,Non-Junction,None,,,         ,Coleman,McKellar,Cloudy,Angle,no,no,no,no,no,False
101729611,METROPOLITAN NASHVILLE POLICE DEPT,20170716337,Davidson,Nashville,8/13/2017 2:55:00 PM,2,0,0,36.168430,-86.666040,LEBANON PKE,,,,271.00,Feet,East,J B ESTILLE DR,,,,0.00,N,Not at Intersection, ,Non-Junction,None,,,         ,John,Kelley,Clear,Front to Rear,no,no,no,no,no,False
101729612,METROPOLITAN NASHVILLE POLICE DEPT,20170716368,Davidson,Nashville,8/13/2017 3:00:00 PM,2,0,0,36.077550,-86.724750,WALLACE RD,,,,289.00,Feet,East,EDMONDSON PKE,,,,0.00,N,Not at Intersection, ,Non-Junction,None,,,         ,Eric,Keller,Clear,"Sideswipe, Opposite Direction",no,no,no,yes,yes,False
101729664,METROPOLITAN NASHVILLE POLICE DEPT,20170716272,Davidson,Nashville,8/13/2017 2:35:00 PM,2,0,0,36.086310,-86.729600,NOLENSVILLE PKE,,,,88.00,Feet,North,ELYSIAN FIELDS RD,,,,0.00,N,Not at Intersection, ,Non-Junction,None,,,         ,David,Robberson,Clear,Front to Rear,no,no,no,no,no,False
101729670,METROPOLITAN NASHVILLE POLICE DEPT,20170716211,Davidson,Not in City Limit,8/13/2017 1:36:00 PM,2,0,0,36.264210,-86.735070,OLD HICKORY BLVDW,,,,37.00,Feet,East,BOYDS HILLTOP DR,,,,0.00,N,Not at Intersection, ,Non-Junction,None,,,         ,Paul,Goebel,Clear,Front to Rear,no,no,no,no,no,False
101729674,METROPOLITAN NASHVILLE POLICE DEPT,20170716290,Davidson,Not in City Limit,8/13/2017 2:49:00 PM,2,0,0,36.295220,-86.811110,I 24,,,,0.00,,,,,,,39.10,N,Not at Intersection, ,,None,,,         ,Victor,Alexander,,,no,no,no,no,no,False
101729682,METROPOLITAN NASHVILLE POLICE DEPT,20170716411,Davidson,Nashville,8/13/2017 4:10:00 PM,3,0,0,36.107790,-86.676870,MURFREESBORO PKE,,,,0.00,,,DELL PKWY,,,,0.00,Y,T-Intersection,N,Intersection,None,,,         ,Mary,Williams,Clear,Other,no,no,no,no,no,False
101729696,METROPOLITAN NASHVILLE POLICE DEPT,20170716276,Davidson,Nashville,8/13/2017 2:45:00 PM,2,2,0,36.169540,-86.601040,I40 E EXT RAMP,,,,0.00,Feet,East,I 40,,,,0.00,N,Not at Intersection,N,Entrance/Exit Ramp Related,None,,,         ,Jefferson,Hughes,Clear,Front to Rear,no,no,no,no,no,False
101729711,METROPOLITAN NASHVILLE POLICE DEPT,20170716514,Davidson,Nashville,8/13/2017 3:30:00 PM,2,0,0,36.236050,-86.727610,BRILEY PKWYE,,,,110.00,Feet,South,BRILEY PKWYW,,,,0.00,N,Not at Intersection, ,Non-Junction,None,,,         ,Brittani,Campbell,Clear,"Sideswipe, Same Direction",no,no,no,no,no,False
101729736,METROPOLITAN NASHVILLE POLICE DEPT,20170716414,Davidson,Nashville,8/13/2017 4:14:00 PM,2,2,0,36.115700,-86.779190,I 440,,,,0.00,,,,,,,4.60,N,Not at Intersection,N,Non-Junction,None,,,         ,Joseph,Patricio,Clear,Front to Rear,no,no,no,no,no,False
101729758,METROPOLITAN NASHVILLE POLICE DEPT,20170716608,Davidson,Nashville,8/13/2017 6:01:00 PM,2,1,0,36.194890,-86.741950,CHESTER AV,,,,358.00,Feet,East,GALLATIN AV,,,,0.00,N,Not at Intersection,N,Non-Junction,None,,,         ,Steven,Frazier Jr.,Clear,Front to Rear,no,no,no,no,no,False
101729766,METROPOLITAN NASHVILLE POLICE DEPT,20170716409,Davidson,Nashville,8/13/2017 4:12:00 PM,2,2,0,36.207210,-86.791780,WHITES CREEK PKE,,,,85.00,Feet,North,W TRINITY LN,,,,0.00,N,Not at Intersection,N,Entrance/Exit Ramp Related,None,,,         ,Victor,Alexander,Clear,Angle,no,no,no,no,no,False
101729769,METROPOLITAN NASHVILLE POLICE DEPT,20170716624,Davidson,Nashville,8/13/2017 6:00:00 PM,2,0,0,36.202000,-86.739390,GALLATIN PKE,,,,0.00,,,DOZIER PL,,,,0.00,Y,T-Intersection, ,Intersection,None,,,         ,Phillip,Box,Cloudy,Angle,no,no,no,no,no,False
101729770,METROPOLITAN NASHVILLE POLICE DEPT,20170716663,Davidson,Nashville,8/13/2017 3:59:00 PM,2,0,0,36.154730,-86.791810,BROADWAY,,,,361.00,Feet,East,WEST END AV,,,,0.00,N,Not at Intersection, ,Non-Junction,None,,,         ,Brian,Woodard,Clear,Front to Rear,no,no,no,no,no,False