master_record_number,agency,agency_tracking_number,county,city,collision_date,vehicles_involved,number_injured,number_dead,latitude,longitude,roadway_name,roadway_suffix,roadway_number,roadway_local_id,distance_from_reference,miles-feet_indicator,direction_from_reference,intersection_road_name,intersection_road_name_suffix,intersection_road_number,intersection_local_id,mile_marker,intersection_indicator,intersect_type,interchange_related_indicator,relation_to_junction,work_zone_type,construction_maintenance_zone,construction_maintenance_zone_location,fatal_case_number,officer_first_name,officer_last_name,weather_condition(s),manner_of_crash,pedestrian,bicycle,scooter,parking,hitrun,mou
101729807,METROPOLITAN NASHVILLE POLICE DEPT,20170716594,Davidson,Nashville,8/13/2017 12:00:00 AM,1,1,0,36.038190,-86.740080,HIGHLAND WAY,,,,467.00,Feet,North,SHETLAND CT,,,,0.00,N,Not at Intersection,N,Non-Junction,None,,,         ,David,Robberson,Cloudy,Not Collision with Motor Vehicle in Transport,no,no,no,no,yes,False
101729830,METROPOLITAN NASHVILLE POLICE DEPT,20170716861,Davidson,Nashville,8/13/2017 8:00:00 PM,2,1,0,36.142300,-86.742830,MURFREESBORO PKE,,,,0.00,,,POLK AV,,,,0.00,Y,T-Intersection,Y,Intersection-Related,None,,,         ,Andrew,Swint,Clear,Front to Rear,no,no,no,no,no,False
101729834,METROPOLITAN NASHVILLE POLICE DEPT,20170716840,Davidson,Nashville,8/13/2017 7:50:00 PM,2,1,0,36.071230,-86.684190,ANTIOCH PKE,,,,0.00,,,HAYSTACK LN,,,,0.00,Y,T-Intersection,N,Non-Junction,None,,,         ,Eric,Keller,Clear,Angle,no,no,no,no,no,False
101729835,METROPOLITAN NASHVILLE POLICE DEPT,20170716938,Davidson,Not in City Limit,8/13/2017 8:27:00 PM,2,0,0,36.045060,-86.950400,TEMPLE RD,,,,155.00,Feet,South,HIGHWAY 100,,,,0.00,N,Not at Intersection, ,Non-Junction,None,,,         ,Adam,Reese,Rain,Front to Rear,no,no,no,no,no,False
101729897,METROPOLITAN NASHVILLE POLICE DEPT,20170717092,Davidson,Nashville,8/13/2017 9:00:00 PM,2,0,0,36.099020,-86.714920,ANTIOCH PKE PVTDR,,,,0.00,,,ANTIOCH PKE,,,,0.00,Y,OTHER,N,OtherLocation,None,,,         ,Aimee,Ortiz,Rain,"Sideswipe, Same Direction",no,no,no,no,yes,False
101729911,METROPOLITAN NASHVILLE POLICE DEPT,20170717180,Davidson,Nashville,8/13/2017 9:45:00 PM,2,0,0,36.163860,-86.794180,14TH AVN,,,,0.00,Feet,,JO JOHNSTON AV,,,,0.00,Y,Four-Way,N,Intersection-Related,None,,,         ,Allyson,Reis,Clear,Angle,no,no,no,no,no,False
101729924,METROPOLITAN NASHVILLE POLICE DEPT,20170716927,Davidson,Nashville,8/13/2017 5:00:00 PM,1,0,0,36.216100,-86.585410,LEBANON PKE,,,,221.00,Feet,East,LADY NASHVILLE DR,,,,0.00,N,Not at Intersection, ,Non-Junction,None,,,         ,Matthew,Turppa,Cloudy,Not Collision with Motor Vehicle in Transport,no,no,no,yes,yes,False
101729939,METROPOLITAN NASHVILLE POLICE DEPT,20170717227,Davidson,Nashville,8/13/2017 10:45:00 PM,2,2,0,36.240800,-86.750180,BRILEY PKWY W EXT RAMP,,,,0.00,Feet,East,I 65,,,,0.00,N,Not at Intersection,N,Entrance/Exit Ramp Related,None,,,         ,Craig,Amabile,Rain,Front to Rear,no,no,no,no,yes,False
101729944,METROPOLITAN NASHVILLE POLICE DEPT,20170717340,Davidson,Nashville,8/13/2017 11:50:00 PM,2,1,0,36.160760,-86.793690,CHARLOTTE AV,,,,0.00,,,14TH AVN,,,,0.00,Y,Four-Way,N,Intersection,None,,,         ,Nicholas,Smith,Rain,Angle,no,no,no,no,no,False
101729965,METROPOLITAN NASHVILLE POLICE DEPT,20170717427,Davidson,Nashville,8/14/2017 12:00:00 AM,2,0,0,36.150610,-86.796180,19TH AVS,,,,141.00,Feet,North,DIVISION ST,,,,0.00,N,Not at Intersection,N,Non-Junction,None,,,         ,Akira,McSwain,Clear,Angle,no,no,no,yes,yes,False
101729996,METROPOLITAN NASHVILLE POLICE DEPT,20170717687,Davidson,Nashville,8/14/2017 12:30:00 AM,2,0,0,36.154320,-86.742130,LEBANON PKE,,,,0.00,,,FESSLERS LN,,,,0.00,Y,T-Intersection, ,,None,,,         ,Daniel,Caruth,,,no,no,no,no,no,False
101730004,METROPOLITAN NASHVILLE POLICE DEPT,20170717351,Davidson,Nashville,8/13/2017 11:15:00 PM,2,0,0,36.158070,-86.776850,5TH AVS,,,,169.00,Feet,South,DEMONBREUN ST,,,,0.00,N,Not at Intersection, ,,None,,,         ,Paxton,Montgomery,,,no,no,no,no,no,False
101730014,METROPOLITAN NASHVILLE POLICE DEPT,20170717247,Davidson,Nashville,8/13/2017 8:45:00 PM,2,0,0,36.186360,-86.818780,CLARKSVILLE PKE,,,,0.00,Feet,,26TH AVN,,,,0.00,Y,Four-Way,N,Intersection-Related,None,,,         ,Charles,Duke,Clear,"Sideswipe, Opposite Direction",no,no,no,no,yes,False
101730020,METROPOLITAN NASHVILLE POLICE DEPT,20170717511,Davidson,Nashville,8/14/2017 1:06:00 AM,1,0,0,36.210920,-86.599680,ANDREW JACKSON PKWY,,,,198.00,Feet,East,ALBANY DR,,,,0.00,N,Not at Intersection,N,Non-Junction,None,,,         ,Brett,Johns,Clear,Not Collision with Motor Vehicle in Transport,no,no,no,no,no,False
101730059,METROPOLITAN NASHVILLE POLICE DEPT,20170718065,Davidson,Nashville,8/14/2017 5:50:00 AM,2,0,0,36.212950,-86.775660,I 65,,,,0.00,,,,,,,87.80,N,Not at Intersection, ,Non-Junction,None,,,         ,James,Murphy,Cloudy,Front to Rear,no,no,no,no,no,False
101730070,METROPOLITAN NASHVILLE POLICE DEPT,20170717986,Davidson,Nashville,8/14/2017 5:30:00 AM,2,2,0,36.045600,-86.658470,BELL RD,,,,0.00,,,I24 W ENT RAMP,,,,0.00,Y,T-Intersection,Y,Intersection,None,,,         ,Daniel,Garrett,Clear,Angle,no,no,no,no,no,False
101730113,METROPOLITAN NASHVILLE POLICE DEPT,20170718211,Davidson,Nashville,8/14/2017 7:19:00 AM,2,0,0,36.183940,-86.790450,3RD AVN,,,,271.00,Feet,North,GARFIELD ST,,,,0.00,N,Not at Intersection, ,Non-Junction,None,,,         ,YUNUS,ADAK,Rain,Front to Rear,no,no,no,no,no,False
101730116,METROPOLITAN NASHVILLE POLICE DEPT,20170718153,Davidson,Nashville,8/14/2017 6:53:00 AM,2,0,0,36.089070,-86.649990,MURFREESBORO PKE,,,,0.00,,,RANSOM PL,,,,0.00,Y,T-Intersection, ,Intersection,None,,,         ,Michael,Dance,Rain,Front to Rear,no,no,no,no,no,False
101730125,METROPOLITAN NASHVILLE POLICE DEPT,20170718169,Davidson,Nashville,8/14/2017 6:55:00 AM,1,0,0,36.098600,-86.815080,OVERHILL DR,,,,268.00,Feet,East,HOOD AV,,,,0.00,N,Not at Intersection,N,Non-Junction,None,,,         ,Randall,Ward,Rain,Not Collision with Motor Vehicle in Transport,no,no,no,no,no,False
101730141,GOODLETTSVILLE POLICE DEPT,17-28366,Davidson,Goodlettsville,8/14/2017 7:30:00 AM,2,0,0,36.326380,-86.700450,LONG HOLLOW PKE,,,,65.00,Feet,North,NORTHCREEK BLVD,,,,0.00,N,Not at Intersection, ,Non-Junction,None,,,         ,John,Spencer,Rain,Front to Rear,no,no,no,no,no,False
101730142,METROPOLITAN NASHVILLE POLICE DEPT,20170718339,Davidson,Nashville,8/14/2017 7:46:00 AM,2,0,0,36.140400,-86.814960,ORLEANS DR,,,,0.00,,,32ND AVS,,,,0.00,Y,T-Intersection, ,Intersection,None,,,         ,Nathan,Kemp,Rain,Angle,no,no,no,no,no,Campus
101730144,GOODLETTSVILLE POLICE DEPT,17-27747,Davidson,Goodlettsville,8/9/2017 12:17:00 PM,1,0,0,36.312323,-86.672916,VIETNAM VETERANS BLVD,,SR386,BYPASS,1250.00,Feet,South,,,,,1.00,N,Not at Intersection,N,Non-Junction,None,,,         ,John,Spencer,Clear,Not Collision with Motor Vehicle in Transport,no,no,no,no,no,False
101730154,METROPOLITAN NASHVILLE POLICE DEPT,2017-0718244,Davidson,Nashville,8/14/2017 7:19:00 AM,2,0,0,36.057260,-86.668180,MT VIEW RD,,,,826.00,Feet,South,HICKORY HOLLOW PKWY,,,,0.00,N,Not at Intersection, ,Non-Junction,None,,,         ,Stanley,Collins,Rain,Front to Rear,no,no,no,no,no,False
101730156,METROPOLITAN NASHVILLE POLICE DEPT,20170718272,Davidson,Nashville,8/14/2017 7:45:00 AM,2,0,0,36.172490,-86.727040,HUNTLEIGH DR,,,,126.00,Feet,West,RIVERSIDE DR,,,,0.00,N,Not at Intersection, ,Non-Junction,None,,,         ,Michael,Thompson,Rain,Front to Rear,no,no,no,no,no,False
101730164,METROPOLITAN NASHVILLE POLICE DEPT,20170718289,Davidson,Nashville,8/14/2017 7:50:00 AM,2,0,0,36.155030,-86.788240,13TH AVS,,,,34.00,Feet,North,MCGAVOCK ST,,,,0.00,N,Not at Intersection, ,OtherLocation,None,,,         ,Shawn,Taylor,Rain,"Sideswipe, Same Direction",no,no,no,no,no,False
101730165,METROPOLITAN NASHVILLE POLICE DEPT,20170718237,Davidson,Nashville,8/14/2017 7:27:00 AM,2,1,0,36.134730,-86.723590,MURFREESBORO PKE,,,,580.00,Feet,East,SPENCE LN,,,,0.00,N,Not at Intersection,N,Non-Junction,None,,,         ,Michael,Dance,Rain,"Sideswipe, Same Direction",no,no,no,no,yes,False
101730172,METROPOLITAN NASHVILLE POLICE DEPT,20170718384,Davidson,Nashville,8/14/2017 8:32:00 AM,2,0,0,36.244420,-86.782580,BRICK CHURCH LN,,,,0.00,,,BRILEY PARK BLVDN,,,,0.00,Y,Four-Way,N,Intersection-Related,None,,,         ,Thomas,Odom,Rain,Angle,no,no,no,no,no,False
101730173,METROPOLITAN NASHVILLE POLICE DEPT,20170718421,Davidson,Nashville,8/14/2017 8:56:00 AM,2,0,0,36.107170,-86.768720,I 65,,,,0.00,,,,,,,79.50,N,Not at Intersection,N,Non-Junction,None,,,         ,Nathan,Kemp,Rain,Front to Rear,no,no,no,no,no,False
101730174,METROPOLITAN NASHVILLE POLICE DEPT,20170718359,Davidson,Nashville,8/14/2017 7:59:00 AM,2,0,0,36.181200,-86.800170,I 65,,,,0.00,,,,,,,85.10,N,Not at Intersection, ,,None,,,         ,Garren,Hoskins,,,no,no,no,no,no,False
101730187,METROPOLITAN NASHVILLE POLICE DEPT,20170718400,Davidson,Nashville,8/14/2017 8:40:00 AM,2,0,0,36.111160,-86.755230,SIDCO DR,,,,0.00,,,THOMPSON LN,,,,0.00,Y,T-Intersection, ,Intersection,None,,,         ,Randall,Ward,Rain,Angle,no,no,no,no,no,False
101730188,METROPOLITAN NASHVILLE POLICE DEPT,2017-0718136,Davidson,Nashville,8/14/2017 6:45:00 AM,2,1,0,36.084160,-86.705890,HARDING PL,,,,0.00,Feet,,LINBAR DR,,,,0.00,Y,Four-Way,N,Non-Junction,None,,,         ,William,Whitworth,Cloudy,Front to Rear,no,no,no,no,yes,False
101730192,METROPOLITAN NASHVILLE POLICE DEPT,20170718334,Davidson,Nashville,8/14/2017 7:27:00 AM,2,1,0,36.161440,-86.595500,BELL RD,,,,483.00,Feet,East,OLD HICKORY BLVD,,,,0.00,N,Not at Intersection,N,Non-Junction,None,,,         ,Michael,Dance,Rain,Front to Rear,no,no,no,no,no,False
101730207,METROPOLITAN NASHVILLE POLICE DEPT,20170718255,Davidson,Nashville,8/14/2017 7:39:00 AM,2,0,0,36.077120,-86.766940,I65 S ENT RAMP,,,,0.00,Feet,East,I 65,,,,0.00,N,Not at Intersection, ,Non-Junction,None,,,         ,Sean,Williams,Rain,Front to Rear,no,no,no,no,no,False
101730209,METROPOLITAN NASHVILLE POLICE DEPT,20170683289,Davidson,Nashville,8/2/2017 11:41:00 PM,3,1,1,36.173810,-86.811820,22ND AVN,,,,300.00,Feet,South,FORMOSA ST,,,,0.00,N,Not at Intersection,N,Non-Junction,None,,,17-0559  ,Donald,Davidson,Clear,Not Collision with Motor Vehicle in Transport,yes,no,no,no,no,False
101730216,METROPOLITAN NASHVILLE POLICE DEPT,20170718510,Davidson,Nashville,8/14/2017 9:29:00 AM,2,0,0,36.137570,-86.800760,WEDGEWOOD AV,,,,0.00,,,21ST AVS,,,,0.00,Y,Four-Way,N,Intersection,None,,,         ,Curtis,Rich,Rain,Angle,no,no,no,no,no,Campus
101730217,METROPOLITAN NASHVILLE POLICE DEPT,20170718316,Davidson,Nashville,8/14/2017 8:07:00 AM,3,1,0,36.183740,-86.747720,EASTLAND AV,,,,195.00,Feet,East,GALLATIN AV,,,,0.00,N,Not at Intersection,N,Non-Junction,None,,,         ,Richard,Conger,Rain,Angle,no,no,no,no,no,False
101730218,METROPOLITAN NASHVILLE POLICE DEPT,20170718403,Davidson,Nashville,8/14/2017 8:46:00 AM,2,1,0,36.200090,-86.751640,ELLINGTON PKWY,,,,100.00,Feet,North,CHICKASAW AV,,,,0.00,N,Not at Intersection,N,Non-Junction,None,,,         ,Richard,Conger,Rain,Front to Rear,no,no,no,no,no,False
101730222,METROPOLITAN NASHVILLE POLICE DEPT,20170718532,Davidson,Nashville,8/14/2017 7:49:00 AM,2,0,0,36.117910,-86.631180,BELL RD,,,,104.00,Feet,South,HERON POINTE DR,,,,0.00,N,Not at Intersection, ,Non-Junction,None,,,         ,Michael,Dance,Rain,Front to Rear,no,no,no,no,no,False
101730224,METROPOLITAN NASHVILLE POLICE DEPT,20170718503,Davidson,Nashville,8/14/2017 8:55:00 AM,1,0,0,36.233410,-86.818850,BRILEY PKWYE,,,,65.00,Feet,East,BRILEY PKWY E EXT RAMP,,,,0.00,N,Not at Intersection,N,Non-Junction,None,,,         ,Ernie,Wilson,Rain,Not Collision with Motor Vehicle in Transport,no,no,no,no,no,False
101730225,METROPOLITAN NASHVILLE POLICE DEPT,20170718267,Davidson,Nashville,8/14/2017 7:30:00 AM,2,0,0,36.143710,-86.689100,I 40,,,,0.00,,,,,,,215.35,N,Not at Intersection,N,Entrance/Exit Ramp Related,None,,,         ,Gregory,Lindstrom,Rain,Angle,no,no,no,no,no,False
101730226,METROPOLITAN NASHVILLE POLICE DEPT,20170718279,Davidson,Nashville,8/14/2017 7:52:00 AM,2,0,0,36.047990,-86.663310,I 24,,,,0.00,,,,,,,59.10,N,Not at Intersection,N,Non-Junction,None,,,         ,Blake,Lutz,Rain,Front to Rear,no,no,no,no,no,False
101730227,METROPOLITAN NASHVILLE POLICE DEPT,20170718410,Davidson,Nashville,8/14/2017 8:51:00 AM,2,1,0,36.070850,-86.635060,MURFREESBORO PKE,,,,500.00,Feet,South,BELL RD,,,,0.00,N,Not at Intersection,N,Non-Junction,None,,,         ,Blake,Lutz,Rain,Angle,no,no,no,no,no,False
101730231,METROPOLITAN NASHVILLE POLICE DEPT,20170718446,Davidson,Nashville,8/14/2017 8:55:00 AM,1,0,0,36.159290,-86.775290,ALMOND ST,,,,0.00,,,DEMONBREUN ST,,,,0.00,Y,T-Intersection,N,Non-Junction,Construction Zone,Work On Shoulder Or Median,Unknown,         ,Amery,Milligan,Cloudy,Not Collision with Motor Vehicle in Transport,no,no,no,no,yes,False
101730233,METROPOLITAN NASHVILLE POLICE DEPT,20170718399,Davidson,Nashville,8/14/2017 8:44:00 AM,3,1,0,36.082560,-86.697760,I 24,,,,0.00,,,,,,,56.00,N,Not at Intersection,N,Entrance/Exit Ramp Related,None,,,         ,Roy,McElwee,Rain,Front to Rear,no,no,no,no,no,False
101730238,METROPOLITAN NASHVILLE POLICE DEPT,20170718335,Davidson,Nashville,8/14/2017 6:55:00 AM,2,0,0,36.155730,-86.789150,I 40,,,,0.00,,,,,,,209.15,N,Not at Intersection,N,Non-Junction,None,,,         ,William,Gibbs,Cloudy,Front to Rear,no,no,no,no,no,False
101730245,METROPOLITAN NASHVILLE POLICE DEPT,2017-0718368,Davidson,Antioch,8/14/2017 8:18:00 AM,2,0,0,36.068642,-86.585258,SMITH SPRINGS,PKWY,,,45.00,Feet,North,HOBSON,PIKE,SR171,,0.00,N,Not at Intersection,N,Non-Junction,None,,,         ,William,Whitworth,Rain,"Sideswipe, Opposite Direction",no,no,no,no,no,False
101730257,METROPOLITAN NASHVILLE POLICE DEPT,20170718373,Davidson,Nashville,8/14/2017 8:32:00 AM,3,1,0,36.086880,-86.693720,HARDING PL,,,,500.00,Feet,West,METROPLEX DR,,,,0.00,N,Not at Intersection,N,Non-Junction,None,,,         ,Caleb,Jernigan,Cloudy,Angle,no,no,no,no,yes,False
101730263,METROPOLITAN NASHVILLE POLICE DEPT,2017-0718199,Davidson,Nashville,8/14/2017 7:08:00 AM,2,0,0,36.056780,-86.667840,MT VIEW RD,,,,1021.00,Feet,South,HICKORY HOLLOW PKWY,,,,0.00,N,Not at Intersection,N,Non-Junction,None,,,         ,Roderic,Williams,Rain,Front to Rear,no,no,no,no,no,False
101730274,METROPOLITAN NASHVILLE POLICE DEPT,20170718148,Davidson,Nashville,8/14/2017 6:43:00 AM,1,0,0,36.207440,-86.610280,HIGHLAND VIEW DR,,,,0.00,,,MCKENDREE CIR,,,,0.00,Y,OTHER,N,Non-Junction,None,,,         ,James,Curtis,Cloudy,Not Collision with Motor Vehicle in Transport,no,no,no,no,no,False
101730275,METROPOLITAN NASHVILLE POLICE DEPT,20170718288,Davidson,Nashville,8/14/2017 7:53:00 AM,2,0,0,36.167880,-86.664030,LEBANON PKE,,,,0.00,,,OLD LEBANON PKE,,,,0.00,Y,T-Intersection,N,Intersection,None,,,         ,James,Curtis,Rain,Angle,no,no,no,no,no,False
101730276,METROPOLITAN NASHVILLE POLICE DEPT,20170718539,Davidson,Nashville,8/14/2017 9:26:00 AM,1,0,0,36.229380,-86.589260,SAUNDERSVILLE RD,,,,0.00,,,TETON DR,,,,0.00,Y,T-Intersection,N,Intersection-Related,None,,,         ,James,Curtis,Rain,Not Collision with Motor Vehicle in Transport,no,no,no,no,no,False
101730281,METROPOLITAN NASHVILLE POLICE DEPT,20170718768,Davidson,Nashville,8/14/2017 11:38:00 AM,2,0,0,36.147890,-86.807970,ELLISTON PL,,,,108.00,Feet,South,REIDHURST AV,,,,0.00,N,Not at Intersection,N,Non-Junction,None,,,         ,Nathan,Kemp,Rain,Front to Rear,no,no,no,no,no,Campus
101730282,METROPOLITAN NASHVILLE POLICE DEPT,20170718571,Davidson,Nashville,8/14/2017 7:12:00 AM,2,1,0,36.044850,-86.650350,CROSSINGS BLVD,,,,300.00,Feet,East,HICKORY HOLLOW PKWY,,,,0.00,N,Not at Intersection,N,Non-Junction,None,,,         ,Caleb,Jernigan,Rain,Front to Rear,no,no,no,no,no,False
101730295,METROPOLITAN NASHVILLE POLICE DEPT,2017-0718521,Davidson,Nashville,8/14/2017 7:53:00 AM,2,0,0,36.066310,-86.717770,NOLENSVILLE PKE,,,,139.00,Feet,South,NORTHCREST DR,,,,0.00,N,Not at Intersection, ,Non-Junction,None,,,         ,Stanley,Collins,Rain,Angle,no,no,no,no,no,False
101730305,METROPOLITAN NASHVILLE POLICE DEPT,20170718622,Davidson,Nashville,8/14/2017 10:33:00 AM,3,0,0,36.158190,-86.772140,KOREAN VETERANS BLVD,,,,84.00,Feet,West,HERMITAGE AV,,,,0.00,N,Not at Intersection,N,Non-Junction,None,,,         ,Kevin,Johnson,Rain,Front to Rear,no,no,no,no,yes,False
101730306,METROPOLITAN NASHVILLE POLICE DEPT,20170718225,Davidson,Not in City Limit,8/14/2017 7:25:00 AM,2,0,0,36.323310,-86.863740,I 24,,,,0.00,,,,,,,35.20,N,Not at Intersection, ,Non-Junction,None,,,         ,Carlos,angulo,Rain,Front to Rear,no,no,no,no,no,False
101730307,BELLE MEADE POLICE DEPT,17-0240,Davidson,Belle Meade,8/14/2017 8:50:00 AM,2,0,0,36.122800,-86.850620,HARDING PKE,,,,271.00,Feet,East,LYNNWOOD BLVD,,,,0.00,N,Not at Intersection, ,Non-Junction,None,,,         ,Dale,Corter,Rain,Front to Rear,no,no,no,no,no,False
101730308,METROPOLITAN NASHVILLE POLICE DEPT,2017-0718781,Davidson,Nashville,8/14/2017 11:49:00 AM,1,1,0,36.055900,-86.675340,I 24,,,,0.00,,,,,,,58.20,N,Not at Intersection,N,Non-Junction,None,,,         ,William,Whitworth,Rain,Not Collision with Motor Vehicle in Transport,no,no,no,no,no,False
101730313,METROPOLITAN NASHVILLE POLICE DEPT,20170718183,Davidson,Nashville,8/14/2017 7:05:00 AM,2,0,0,36.160760,-86.793690,CHARLOTTE AV,,,,0.00,,,14TH AVN,,,,0.00,Y,Four-Way, ,Non-Junction,None,,,         ,Isaac,Wood,Rain,"Sideswipe, Same Direction",no,no,no,no,no,False
101730321,METROPOLITAN NASHVILLE POLICE DEPT,20170718886,Davidson,Nashville,8/14/2017 12:32:00 PM,1,0,0,36.153670,-86.763250,I 40,,,,0.00,,,,,,,210.80,N,Not at Intersection,N,Non-Junction,None,,,         ,Michael,Dance,Cloudy,Not Collision with Motor Vehicle in Transport,no,no,no,no,no,False
101730337,THP District 3 - Nashville,317048087,Davidson,Not in City Limit,8/14/2017 9:30:00 AM,2,0,0,36.020540,-86.627620,I 24,,,,0.00,,,,,,,62.00,N,Not at Intersection, ,Non-Junction,None,,,         ,Kenneth,Suggs,Rain,"Sideswipe, Same Direction",no,no,no,no,no,False
101730341,METROPOLITAN NASHVILLE POLICE DEPT,2017-0718691,Davidson,Nashville,8/14/2017 11:02:00 AM,2,0,0,36.206890,-86.777870,BRICK CHURCH PKE,,,,98.00,Feet,North,W TRINITY LN,,,,0.00,N,Not at Intersection, ,Non-Junction,None,,,         ,William,Caillouette,Rain,"Sideswipe, Same Direction",no,no,no,no,no,False
101730342,METROPOLITAN NASHVILLE POLICE DEPT,20170717367,Davidson,Nashville,8/13/2017 11:45:00 PM,2,0,0,36.154000,-86.758470,I 40,,,,0.00,,,,,,,211.10,N,Not at Intersection,N,Non-Junction,None,,,         ,David,Smith,Cloudy,"Sideswipe, Same Direction",no,no,no,no,no,False
101730344,METROPOLITAN NASHVILLE POLICE DEPT,20170718181,Davidson,Nashville,8/14/2017 7:05:00 AM,2,2,0,36.146790,-86.766630,MILDRED SHUTE AV,,,,0.00,,,3RD AVS,,,,0.00,Y,Four-Way,N,Intersection,None,,,         ,Shelby,Hughes,Rain,Angle,no,no,no,no,no,False
101730352,METROPOLITAN NASHVILLE POLICE DEPT,20170718737,Davidson,Nashville,8/14/2017 11:26:00 AM,2,1,0,36.255630,-86.707270,NEELYS BEND RD,,,,0.00,,,IDLEWILD AV,,,,0.00,Y,Four-Way,N,Intersection,None,,,         ,Thomas,Odom,Rain,Angle,no,no,no,no,no,False
101730353,METROPOLITAN NASHVILLE POLICE DEPT,20170718943,Davidson,Nashville,8/14/2017 12:52:00 PM,1,1,0,36.238430,-86.783750,I24 W ENT RAMP,,,,176.00,Feet,West,I 24,,,,0.00,N,Not at Intersection,Y,Entrance/Exit Ramp Related,None,,,         ,Thomas,Odom,Rain,Not Collision with Motor Vehicle in Transport,no,no,no,no,no,False
101730354,METROPOLITAN NASHVILLE POLICE DEPT,20170718970,Davidson,Nashville,8/14/2017 12:55:00 PM,2,0,0,36.155800,-86.803880,MURPHY AV,,,,70.00,Feet,West,ARENA AV,,,,0.00,N,Not at Intersection, ,"Driveway, Alley Access, etc",None,,,         ,Nathan,Kemp,Clear,"Sideswipe, Same Direction",no,no,no,no,no,False
101730357,METROPOLITAN NASHVILLE POLICE DEPT,20170718904,Davidson,Nashville,8/14/2017 12:41:00 PM,1,0,0,36.207090,-86.722860,RIVERSIDE DR,,,,138.00,Feet,South,KIRKLAND AV,,,,0.00,N,Not at Intersection,N,Non-Junction,None,,,         ,Richard,Conger,Cloudy,Not Collision with Motor Vehicle in Transport,no,no,no,no,no,False
101730362,METROPOLITAN NASHVILLE POLICE DEPT,20170718963,Davidson,Nashville,8/14/2017 12:55:00 PM,2,0,0,36.135800,-86.725040,MURFREESBORO PKE,,,,0.00,,,SPENCE LN,,,,0.00,Y,Four-Way, ,Intersection-Related,None,,,         ,James,Curtis,Cloudy,"Sideswipe, Same Direction",no,no,no,no,yes,False
101730380,METROPOLITAN NASHVILLE POLICE DEPT,20170718807,Davidson,Nashville,8/14/2017 10:45:00 AM,2,0,0,36.231170,-86.813310,WHITES CREEK PKE,,,,836.00,Feet,South,BRILEY PKWY E ENT RAMP,,,,0.00,N,Not at Intersection,N,OtherLocation,None,,,         ,Ernie,Wilson,Rain,"Sideswipe, Same Direction",no,no,no,yes,yes,False
101730399,GOODLETTSVILLE POLICE DEPT,17-28394,Davidson,Goodlettsville,8/14/2017 12:01:00 PM,3,0,0,36.322360,-86.713320,N MAIN ST,,,,36.00,Feet,North,LONG HOLLOW PKE,,,,0.00,N,Not at Intersection,N,Non-Junction,None,,,         ,John,Spencer,Rain,Front to Rear,no,no,no,no,yes,False
101730400,METROPOLITAN NASHVILLE POLICE DEPT,20170718216,Davidson,Nashville,8/14/2017 7:21:00 AM,1,1,0,36.179920,-86.643880,LEBANON PKE,,,,0.00,,,DANYACREST DR,,,,0.00,Y,T-Intersection,N,Intersection-Related,None,,,         ,James,Curtis,Rain,Not Collision with Motor Vehicle in Transport,no,yes,no,no,no,False
101730401,METROPOLITAN NASHVILLE POLICE DEPT,20170718872,Davidson,Nashville,8/14/2017 12:15:00 PM,2,0,0,36.168860,-86.783840,5TH AVN,,,,0.00,,,JAMES ROBERTSON PKWY,,,,0.00,Y,Four-Way, ,Non-Junction,None,,,         ,William,Gibbs,Rain,Angle,no,no,no,no,no,False
101730406,METROPOLITAN NASHVILLE POLICE DEPT,20170718997,Davidson,Nashville,8/14/2017 1:15:00 PM,2,0,0,36.158610,-86.798650,CHARLOTTE AV,,,,134.00,Feet,East,FISK ST,,,,0.00,N,Not at Intersection, ,Non-Junction,None,,,         ,Kevin,Frei,Cloudy,Angle,no,no,no,no,no,False
101730407,METROPOLITAN NASHVILLE POLICE DEPT,20170718927,Davidson,Nashville,8/14/2017 12:40:00 PM,1,0,0,36.236920,-86.786190,I 24,,,,0.00,,,,,,,43.60,N,Not at Intersection, ,Non-Junction,None,,,         ,Garren,Hoskins,Cloudy,Not Collision with Motor Vehicle in Transport,no,no,no,no,no,False
101730413,METROPOLITAN NASHVILLE POLICE DEPT,20170718984,Davidson,Nashville,8/14/2017 1:06:00 PM,2,0,0,36.151560,-86.798950,WEST END AV,,,,200.00,Feet,West,LYLE AV,,,,0.00,N,Not at Intersection, ,Non-Junction,None,,,         ,Shaquille,Graham,Cloudy,Front to Rear,no,no,no,no,no,False
101730416,METROPOLITAN NASHVILLE POLICE DEPT,20170718508,Davidson,Nashville,8/14/2017 9:41:00 AM,4,0,0,36.202960,-86.776850,I 65,,,,0.00,,,,,,,87.10,N,Not at Intersection,N,Non-Junction,None,,,         ,James,Wray,Rain,Front to Rear,no,no,no,no,no,False
101730417,METROPOLITAN NASHVILLE POLICE DEPT,2017-0718306,Davidson,Nashville,8/14/2017 7:10:00 AM,3,0,0,36.056780,-86.667840,MT VIEW RD,,,,1021.00,Feet,South,HICKORY HOLLOW PKWY,,,,0.00,N,Not at Intersection,N,Non-Junction,None,,,         ,Roderic,Williams,Rain,Front to Rear,no,no,no,no,yes,False
101730419,METROPOLITAN NASHVILLE POLICE DEPT,20170719111,Davidson,Not in City Limit,8/14/2017 2:14:00 PM,1,0,0,36.104490,-86.931590,I 40,,,,0.00,,,,,,,198.60,N,Not at Intersection,N,Non-Junction,None,,,         ,Adam,Reese,Rain,Not Collision with Motor Vehicle in Transport,no,no,no,no,no,False