master_record_number,agency,agency_tracking_number,county,city,collision_date,vehicles_involved,number_injured,number_dead,latitude,longitude,roadway_name,roadway_suffix,roadway_number,roadway_local_id,distance_from_reference,miles-feet_indicator,direction_from_reference,intersection_road_name,intersection_road_name_suffix,intersection_road_number,intersection_local_id,mile_marker,intersection_indicator,intersect_type,interchange_related_indicator,relation_to_junction,work_zone_type,construction_maintenance_zone,construction_maintenance_zone_location,fatal_case_number,officer_first_name,officer_last_name,weather_condition(s),manner_of_crash,pedestrian,bicycle,scooter,parking,hitrun,mou
101730440,METROPOLITAN NASHVILLE POLICE DEPT,20170719023,Davidson,Nashville,8/14/2017 12:00:00 AM,1,0,0,36.232410,-86.826110,BRILEY PKWYW,,,,269.00,Feet,West,BRILEY PKWYE,,,,0.00,N,Not at Intersection,N,Non-Junction,None,,,         ,Isaac,Wood,Rain,Not Collision with Motor Vehicle in Transport,no,no,no,no,yes,False
101730441,METROPOLITAN NASHVILLE POLICE DEPT,20170719057,Davidson,Nashville,8/14/2017 1:40:00 PM,2,0,0,36.080100,-86.758480,TROUSDALE DR,,,,180.00,Feet,North,RICHMAR DR,,,,0.00,N,Not at Intersection,N,Non-Junction,None,,,         ,Devonte,Coleman,Rain,Angle,no,no,no,no,yes,False
101730442,METROPOLITAN NASHVILLE POLICE DEPT,20170719066,Davidson,Nashville,8/14/2017 1:50:00 PM,2,0,0,36.130240,-86.755100,NOLENSVILLE PKE,,,,0.00,,,POLK AV,,,,0.00,Y,T-Intersection, ,Intersection-Related,None,,,         ,David,Smith,Rain,Front to Rear,no,no,no,no,no,False
101730500,METROPOLITAN NASHVILLE POLICE DEPT,2017-0718391,Davidson,Nashville,8/14/2017 7:30:00 AM,2,0,0,36.121150,-86.727210,I 24,,,,0.00,,,,,,,52.85,N,Not at Intersection, ,Non-Junction,None,,,         ,Shelby,Hughes,Rain,Front to Rear,no,no,no,no,no,False
101730502,METROPOLITAN NASHVILLE POLICE DEPT,20170719131,Davidson,Nashville,8/14/2017 2:32:00 PM,2,1,0,36.198680,-86.776990,BRICK CHURCH PKE,,,,204.00,Feet,North,WEAKLEY AV,,,,0.00,N,Not at Intersection,N,Non-Junction,None,,,         ,Michael,McCord,Rain,Front to Rear,no,no,no,no,no,False
101730511,METROPOLITAN NASHVILLE POLICE DEPT,20170719154,Davidson,Nashville,8/14/2017 12:00:00 AM,2,0,0,36.205590,-86.776580,I 65,,,,0.00,,,,,,,87.25,N,Not at Intersection, ,Non-Junction,None,,,         ,Melvin,Taylor,Rain,"Sideswipe, Same Direction",no,no,no,no,no,False
101730518,METROPOLITAN NASHVILLE POLICE DEPT,20170719165,Davidson,Nashville,8/14/2017 2:52:00 PM,3,0,0,36.143590,-86.816230,31ST AVN,,,,0.00,,,HEDRICK ST,,,,0.00,Y,T-Intersection,N,Intersection-Related,None,,,         ,Tien,Nguyen,Rain,Angle,no,no,no,no,no,Campus
101730527,METROPOLITAN NASHVILLE POLICE DEPT,20170719233,Davidson,Nashville,8/14/2017 3:15:00 PM,2,1,0,36.098660,-86.710060,I 24,,,,0.00,,,,,,,54.70,N,Not at Intersection,N,Non-Junction,None,,,         ,Benny,Pittman,Rain,Front to Rear,no,no,no,no,yes,False
101730533,METROPOLITAN NASHVILLE POLICE DEPT,20170719187,Davidson,Nashville,8/14/2017 2:45:00 PM,2,0,0,36.176910,-86.774580,N 1ST ST,,,,0.00,,,SPRING ST,,,,0.00,Y,Four-Way, ,Intersection,None,,,         ,David,Snowden,Cloudy,Front to Rear,no,no,no,no,no,False
101730534,BERRY HILL POLICE DEPT,17-2757,Davidson,Berry Hill,8/14/2017 3:10:00 PM,2,0,0,36.119670,-86.770890,BERRY RD,,,,127.00,Feet,West,FESSEY PARK RD,,,,0.00,N,Not at Intersection, ,Non-Junction,None,,,         ,John,Gleixner,Cloudy,Angle,no,no,no,no,no,False
101730542,METROPOLITAN NASHVILLE POLICE DEPT,20170719196,Davidson,Nashville,8/14/2017 3:00:00 PM,2,1,0,36.100200,-86.761040,POWELL AV,,,,161.00,Feet,South,POWELL AV EXT RAMP,,,,0.00,N,Not at Intersection,N,Non-Junction,None,,,         ,Trenton,Searcy,Cloudy,Front to Rear,no,no,no,no,no,False
101730543,METROPOLITAN NASHVILLE POLICE DEPT,20170719304,Davidson,Nashville,8/14/2017 3:40:00 PM,2,0,0,36.037710,-86.784820,OLD HICKORY BLVD,,,,0.00,,,I65 S EXT RAMP,,,,0.00,Y,OTHER, ,Non-Junction,None,,,         ,Ryan,Storm,Rain,Front to Rear,no,no,no,no,no,False
101730571,METROPOLITAN NASHVILLE POLICE DEPT,2017-0719027,Davidson,Nashville,8/14/2017 1:26:00 PM,2,2,0,36.033340,-86.641900,I 24,,,,0.00,,,,,,,60.70,N,Not at Intersection,N,Non-Junction,None,,,         ,William,Whitworth,Rain,Front to Rear,no,no,no,no,no,False
101730572,METROPOLITAN NASHVILLE POLICE DEPT,2017-0719126,Davidson,Antioch,8/14/2017 2:31:00 PM,2,0,0,36.030531,-86.612475,OLD HICKORY,BLVD,SR171,,110.00,Feet,North,LOGISTICS,WAY,,,0.00,N,Not at Intersection,N,Non-Junction,None,,,         ,William,Whitworth,Rain,Angle,no,no,no,no,no,False
101730573,METROPOLITAN NASHVILLE POLICE DEPT,20170719367,Davidson,Nashville,8/14/2017 3:21:00 PM,2,0,0,36.163000,-86.761490,I 24,,,,0.00,,,,,,,49.25,N,Not at Intersection, ,Non-Junction,None,,,         ,Michael,Moss,Rain,Front to Rear,no,no,no,no,yes,False
101730574,METROPOLITAN NASHVILLE POLICE DEPT,20170719375,Davidson,Nashville,8/14/2017 3:05:00 PM,2,0,0,36.146750,-86.792520,MUSIC SQS,,,,0.00,,,MUSIC SQE,,,,0.00,Y,T-Intersection, ,Intersection-Related,None,,,         ,Tien,Nguyen,Rain,"Sideswipe, Same Direction",no,no,no,no,no,False
101730588,METROPOLITAN NASHVILLE POLICE DEPT,20170719242,Davidson,Nashville,8/14/2017 3:15:00 PM,2,0,0,36.158290,-86.771890,KOREAN VETERANS BLVD,,,,0.00,,,HERMITAGE AV,,,,0.00,Y,Four-Way, ,Intersection,None,,,         ,Michael,Douglas,Rain,"Sideswipe, Same Direction",no,no,no,no,no,False
101730589,METROPOLITAN NASHVILLE POLICE DEPT,20170719275,Davidson,Nashville,8/14/2017 3:09:00 PM,2,0,0,36.241980,-86.756790,DICKERSON PKE ENT RAMP,,,,0.00,Feet,East,DICKERSON PKE,,,,0.00,N,Not at Intersection, ,Entrance/Exit Ramp Related,None,,,         ,Rodney,Phipps,Rain,Front to Rear,no,no,no,no,no,False
101730590,METROPOLITAN NASHVILLE POLICE DEPT,20170719160,Davidson,Nashville,8/14/2017 2:24:00 PM,2,0,0,36.157610,-86.790530,I 40,,,,0.00,,,,,,,209.00,N,Not at Intersection,Y,Non-Junction,None,,,         ,Deandera,Payne,Rain,Front to Rear,no,no,no,no,no,False
101730597,METROPOLITAN NASHVILLE POLICE DEPT,20170719320,Davidson,Nashville,8/14/2017 3:13:00 PM,2,1,0,36.068940,-86.680550,RICHARDS RD,,,,193.00,Feet,East,CUMMINGS PARK DR,,,,0.00,N,Not at Intersection,N,Non-Junction,None,,,         ,Nathaniel,Myers,Rain,Angle,no,no,no,no,no,False
101730598,METROPOLITAN NASHVILLE POLICE DEPT,2017-0718485,Davidson,Nashville,8/14/2017 8:23:00 AM,2,0,0,36.110940,-86.745220,THOMPSON LN,,,,0.00,,,NOLENSVILLE PKE,,,,0.00,Y,Four-Way, ,Intersection,None,,,         ,Shelby,Hughes,Rain,Front to Rear,no,no,no,no,no,False
101730602,METROPOLITAN NASHVILLE POLICE DEPT,20170719479,Davidson,Nashville,8/14/2017 4:24:00 PM,2,0,0,36.124580,-86.806840,I440 W ENT RAMP,,,,0.00,,,I 440,,,,0.00,Y,Y-Intersection, ,,None,,,         ,Russell,Freeman,,,no,no,no,no,no,False
101730603,METROPOLITAN NASHVILLE POLICE DEPT,20170719475,Davidson,Nashville,8/14/2017 4:31:00 PM,2,0,0,36.155970,-86.808710,CHARLOTTE AV,,,,0.00,,,23RD AVN,,,,0.00,Y,T-Intersection, ,Intersection-Related,None,,,         ,Tien,Nguyen,Rain,Angle,no,no,no,no,no,False
101730605,METROPOLITAN NASHVILLE POLICE DEPT,20170719154,Davidson,Nashville,8/14/2017 12:00:00 AM,3,0,0,36.203000,-86.777170,BRICK CHURCH PKE,,,,239.00,Feet,South,I65 S ENT RAMP,,,,0.00,N,Not at Intersection, ,Non-Junction,None,,,         ,Melvin,Taylor,Cloudy,Front to Rear,no,no,no,no,no,False
101730610,METROPOLITAN NASHVILLE POLICE DEPT,20170719404,Davidson,Nashville,8/14/2017 4:00:00 PM,2,0,0,36.155040,-86.627080,STEWARTS FERRY PKE,,,,0.00,,,I40 E EXT RAMP,,,,0.00,Y,OTHER, ,Non-Junction,None,,,         ,Michael,Apsey,Rain,Front to Rear,no,no,no,no,no,False
101730611,METROPOLITAN NASHVILLE POLICE DEPT,20170719334,Davidson,Nashville,8/14/2017 3:05:00 PM,2,0,0,36.197390,-86.775760,I 65,,,,0.00,,,,,,,86.70,N,Not at Intersection, ,Non-Junction,None,,,         ,Christopher,Valdez,Cloudy,Angle,no,no,no,no,no,False
101730612,METROPOLITAN NASHVILLE POLICE DEPT,20170719294,Davidson,Nashville,8/14/2017 3:30:00 PM,3,0,0,36.140320,-86.730960,I 40,,,,0.00,,,,,,,212.90,N,Not at Intersection,N,Non-Junction,None,,,         ,Johnathan,Pannell,Rain,Front to Rear,no,no,no,no,no,False
101730624,METROPOLITAN NASHVILLE POLICE DEPT,20170719198,Davidson,Goodlettsville,8/14/2017 3:03:00 PM,3,1,0,36.290760,-86.737760,DICKERSON PKES,,,,500.00,Feet,East,WEEPING WILLOW WAY,,,,0.00,N,Not at Intersection,N,Non-Junction,None,,,         ,Christopher,Littles,Rain,Front to Rear,no,no,no,no,no,False
101730625,METROPOLITAN NASHVILLE POLICE DEPT,20170719394,Davidson,Nashville,8/14/2017 3:50:00 PM,2,0,0,36.129350,-86.816670,I 440,,,,0.00,,,,,,,2.05,N,Not at Intersection, ,,None,,,         ,Barrett,Teague,,,no,no,no,no,no,False
101730630,METROPOLITAN NASHVILLE POLICE DEPT,20170719274,Davidson,Nashville,8/14/2017 3:35:00 PM,2,0,0,36.175400,-86.774390,N 1ST ST,,,,367.00,Feet,North,OLDHAM ST,,,,0.00,N,Not at Intersection,N,Non-Junction,None,,,         ,Deandera,Payne,Rain,Angle,no,no,no,no,no,False
101730632,METROPOLITAN NASHVILLE POLICE DEPT,20170718969,Davidson,Nashville,8/14/2017 1:00:00 PM,2,0,0,36.068820,-86.683580,ANTIOCH PKE,,,,133.00,Feet,South,RICHARDS RD,,,,0.00,N,Not at Intersection, ,Non-Junction,None,,,         ,Jessie,Meadows,Rain,Angle,no,no,no,no,no,False
101730633,METROPOLITAN NASHVILLE POLICE DEPT,20170719595,Davidson,Nashville,8/14/2017 3:30:00 PM,2,0,0,36.110930,-86.722630,I 24,,,,0.00,,,,,,,53.60,N,Not at Intersection, ,Non-Junction,None,,,         ,Jessie,Meadows,Rain,Front to Rear,no,no,no,no,no,False
101730634,METROPOLITAN NASHVILLE POLICE DEPT,20170719491,Davidson,Nashville,8/14/2017 4:15:00 PM,1,0,0,36.123370,-86.773120,I 65,,,,0.00,,,,,,,80.60,N,Not at Intersection,N,Non-Junction,None,,,         ,Trenton,Searcy,Cloudy,Not Collision with Motor Vehicle in Transport,no,no,no,no,no,False
101730636,METROPOLITAN NASHVILLE POLICE DEPT,20170719551,Davidson,Not in City Limit,8/14/2017 12:00:00 AM,2,0,0,36.268620,-86.710690,GALLATIN PKEN,,,,45.00,Feet,North,LOVELL ST,,,,0.00,N,Not at Intersection,N,Non-Junction,None,,,         ,Bradley,Fort,Rain,Front to Rear,no,no,no,no,yes,False
101730638,METROPOLITAN NASHVILLE POLICE DEPT,20170719524,Davidson,Antioch,8/14/2017 3:57:00 PM,2,2,0,36.035890,-86.611160,OLD HICKORY BLVD,,,,0.00,,,HOBSON PKE,,,,0.00,Y,OTHER,N,Non-Junction,None,,,         ,Colin,Feeney,Rain,Front to Rear,no,no,no,no,no,False
101730639,METROPOLITAN NASHVILLE POLICE DEPT,20170719547,Davidson,Nashville,8/14/2017 3:05:00 PM,1,1,0,36.150550,-86.856290,CHARLOTTE PKE,,,,332.00,Feet,East,ORLANDO AV,,,,0.00,N,Not at Intersection,N,Non-Junction,None,,,         ,Ethan,Usherwood,Rain,Not Collision with Motor Vehicle in Transport,yes,no,no,no,no,False
101730640,METROPOLITAN NASHVILLE POLICE DEPT,20170719428,Davidson,Nashville,8/14/2017 4:00:00 PM,1,0,0,36.119350,-86.773700,I 65,,,,0.00,,,,,,,80.40,N,Not at Intersection,N,Non-Junction,None,,,         ,William,Taylor,Cloudy,Not Collision with Motor Vehicle in Transport,no,no,no,no,no,False
101730644,METROPOLITAN NASHVILLE POLICE DEPT,20170719514,Davidson,Nashville,8/14/2017 3:54:00 PM,2,0,0,36.078860,-86.728500,HARDING PL,,,,700.00,Feet,West,NOLENSVILLE PKE,,,,0.00,N,Not at Intersection,N,Non-Junction,None,,,         ,Ryan,Storm,Rain,"Sideswipe, Opposite Direction",no,no,no,no,yes,False
101730646,THP District 3 - Nashville,317048109,Davidson,Nashville,8/14/2017 12:30:00 PM,2,0,0,36.202910,-86.689800,OPRY MILLS DR,,,,0.00,,,,,,,0.00,,, ,Non-Junction,None,,,         ,Charles,Cooper,Rain,"Sideswipe, Same Direction",no,no,no,yes,no,False
101730656,METROPOLITAN NASHVILLE POLICE DEPT,20170719572,Davidson,Nashville,8/14/2017 3:18:00 PM,2,0,0,36.120530,-86.750020,NOLENSVILLE PKE,,,,0.00,,,I440 E ENT RAMP,,,,0.00,Y,Four-Way, ,Intersection-Related,None,,,         ,Tien,Nguyen,Rain,"Sideswipe, Same Direction",no,no,no,no,no,False
101730663,METROPOLITAN NASHVILLE POLICE DEPT,20170719656,Davidson,Nashville,8/14/2017 12:00:00 AM,1,0,0,36.161200,-86.793300,I 40,,,,0.00,,,,,,,208.70,N,Not at Intersection,N,Non-Junction,None,,,         ,Melvin,Taylor,Rain,Not Collision with Motor Vehicle in Transport,no,no,no,no,no,False
101730664,METROPOLITAN NASHVILLE POLICE DEPT,20170719253,Davidson,Nashville,8/14/2017 3:26:00 PM,3,0,0,36.172120,-86.790660,ROSA L PARKS BLVD,,,,300.00,Feet,East,9TH AVN,,,,0.00,N,Not at Intersection,N,Non-Junction,None,,,         ,Wesley,Henderson,Cloudy,Front to Rear,no,no,no,no,no,False
101730665,METROPOLITAN NASHVILLE POLICE DEPT,20170719589,Davidson,Nashville,8/14/2017 5:11:00 PM,2,0,0,36.171580,-86.762200,S 6TH ST,,,,0.00,,,RUSSELL ST,,,,0.00,Y,Four-Way,N,Intersection,None,,,         ,Michael,Moss,Rain,Angle,no,no,no,no,no,False
101730666,METROPOLITAN NASHVILLE POLICE DEPT,20170719508,Davidson,Nashville,8/14/2017 4:51:00 PM,2,1,0,36.074660,-86.692910,I 24,,,,0.00,,,,,,,56.60,N,Not at Intersection,N,Non-Junction,None,,,         ,David,Williford,Cloudy,"Sideswipe, Same Direction",no,no,no,no,no,False
101730667,METROPOLITAN NASHVILLE POLICE DEPT,20170719618,Davidson,Nashville,8/14/2017 4:00:00 PM,2,0,0,36.067410,-86.631250,MURFREESBORO PKE,,,,0.00,,,FOREST VIEW DR,,,,0.00,Y,Four-Way, ,,None,,,         ,Candice,Soper,,,no,no,no,no,no,False
101730675,METROPOLITAN NASHVILLE POLICE DEPT,20170719325,Davidson,Nashville,8/14/2017 3:50:00 PM,2,1,0,36.213240,-86.825530,TUCKER RD,,,,0.00,Feet,,W HAMILTON AV,,,,0.00,Y,Four-Way,Y,Non-Junction,None,,,         ,Nopel,Stella,Rain,Angle,no,no,no,no,no,False
101730679,METROPOLITAN NASHVILLE POLICE DEPT,2017-0719531,Davidson,Nashville,8/14/2017 4:14:00 PM,2,0,0,36.084760,-86.733880,ELYSIAN FIELDS RD,,,,0.00,,,LYNN DR,,,,0.00,Y,Four-Way, ,Intersection,None,,,         ,William,King,Cloudy,Front to Rear,no,no,no,no,no,False
101730680,METROPOLITAN NASHVILLE POLICE DEPT,20170719674,Davidson,Nashville,8/14/2017 5:54:00 PM,1,1,0,36.205940,-86.776540,I 65,,,,0.00,,,,,,,87.30,N,Not at Intersection,N,Non-Junction,None,,,         ,Brandon,Rardin,Rain,Not Collision with Motor Vehicle in Transport,no,no,no,no,no,False
101730684,METROPOLITAN NASHVILLE POLICE DEPT,20170719696,Davidson,Nashville,8/14/2017 5:55:00 PM,3,0,0,36.119480,-86.802150,I 440,,,,0.00,,,,,,,3.00,N,Not at Intersection,N,Non-Junction,None,,,         ,Ryan,Storm,Cloudy,Front to Rear,no,no,no,no,yes,False
101730691,METROPOLITAN NASHVILLE POLICE DEPT,20170719642,Davidson,Nashville,8/14/2017 4:10:00 PM,2,0,0,36.065610,-86.680190,ANTIOCH PKE,,,,30.00,Feet,West,REEVES RD,,,,0.00,N,Not at Intersection,N,Non-Junction,None,,,         ,Eric,Keller,Rain,Angle,no,no,no,no,no,False
101730704,METROPOLITAN NASHVILLE POLICE DEPT,20170719453,Davidson,Old Hickory,8/14/2017 12:00:00 AM,2,0,0,36.260235,-86.652817,1311 9TH,ST,,,0.01,Feet,East,,,,,0.01,N,Not at Intersection,N,OtherLocation,None,,,         ,Codey,Mullins,Cloudy,Unknown,no,no,no,yes,yes,False
101730709,METROPOLITAN NASHVILLE POLICE DEPT,20170719703,Davidson,Nashville,8/14/2017 6:02:00 PM,2,1,0,36.055400,-86.696670,TUSCULUM RD,,,,0.00,,,OLD TUSCULUM RD,,,,0.00,Y,T-Intersection,Y,Intersection,None,,,         ,Benny,Pittman,Rain,"Sideswipe, Same Direction",no,no,no,no,no,False
101730710,METROPOLITAN NASHVILLE POLICE DEPT,20170719749,Davidson,Nashville,8/14/2017 6:01:00 PM,2,0,0,36.084290,-86.761740,SIDCO DR,,,,223.00,Feet,South,ELYSIAN FIELDS RD,,,,0.00,N,Not at Intersection, ,Non-Junction,None,,,         ,Trenton,Searcy,Cloudy,Angle,no,no,no,no,no,False
101730714,METROPOLITAN NASHVILLE POLICE DEPT,20170714081,Davidson,Nashville,8/12/2017 12:00:00 AM,2,2,0,36.174520,-86.797200,ARTHUR AV,,,,169.00,Feet,West,MONROE ST,,,,0.00,N,Not at Intersection,N,Non-Junction,None,,,         ,Frederick,Ware,Clear,Front to Rear,no,no,no,no,yes,False
101730715,METROPOLITAN NASHVILLE POLICE DEPT,20170719616,Davidson,Nashville,8/14/2017 12:00:00 AM,2,0,0,36.170250,-86.797940,I 40,,,,0.00,,,,,,,208.00,N,Not at Intersection, ,Non-Junction,None,,,         ,Frederick,Ware,Rain,Angle,no,no,no,no,no,False
101730726,METROPOLITAN NASHVILLE POLICE DEPT,20170719506,Davidson,Nashville,8/14/2017 1:31:00 PM,2,0,0,36.159000,-86.814980,26TH AVN,,,,228.00,Feet,North,CLIFTON AV,,,,0.00,N,Not at Intersection, ,Non-Junction,None,,,         ,Samuel,Galluzzi,Rain,"Sideswipe, Same Direction",no,no,no,no,no,False
101730730,METROPOLITAN NASHVILLE POLICE DEPT,20170719765,Davidson,Nashville,8/14/2017 6:38:00 PM,2,0,0,36.106540,-86.764560,POWELL AV,,,,0.00,,,POWELL PL,,,,0.00,Y,OTHER,N,OtherLocation,None,,,         ,Tien,Nguyen,Cloudy,Unknown,no,no,no,yes,yes,False
101730734,METROPOLITAN NASHVILLE POLICE DEPT,20170719302,Davidson,Nashville,8/14/2017 3:20:00 PM,2,0,0,36.169480,-86.606550,I40 E EXT RAMP,,,,0.00,Feet,East,I 40,,,,0.00,N,Not at Intersection,N,Non-Junction,None,,,         ,Jefferson,Hughes,Rain,Rear to Rear,no,no,no,no,no,False
101730736,METROPOLITAN NASHVILLE POLICE DEPT,20170719267,Davidson,Nashville,8/14/2017 3:28:00 PM,4,1,0,36.101790,-86.870440,HARDING PKE,,,,154.00,Feet,South,HARDING PL,,,,0.00,N,Not at Intersection,N,Non-Junction,None,,,         ,Walter,Gray II,Cloudy,Front to Rear,no,no,no,no,no,False
101730740,METROPOLITAN NASHVILLE POLICE DEPT,20170719050,Davidson,Nashville,8/14/2017 1:32:00 PM,2,0,0,36.133730,-86.722790,PLUS PARK BLVD,,,,125.00,Feet,South,MURFREESBORO PKE,,,,0.00,N,Not at Intersection, ,Non-Junction,None,,,         ,Jessie,Meadows,Rain,"Sideswipe, Same Direction",no,no,no,no,no,False
101730741,METROPOLITAN NASHVILLE POLICE DEPT,20170719255,Davidson,Nashville,8/14/2017 3:27:00 PM,2,1,0,36.073560,-86.692240,I 24,,,,0.00,,,,,,,56.70,N,Not at Intersection,N,Non-Junction,None,,,         ,David,Williford,Rain,"Sideswipe, Same Direction",no,no,no,no,no,False
101730742,METROPOLITAN NASHVILLE POLICE DEPT,20170719123,Davidson,Nashville,8/14/2017 2:02:00 PM,2,0,0,36.091710,-86.711110,JESSIE DR,,,,82.00,Feet,West,JASMIN DR,,,,0.00,N,Not at Intersection,N,Non-Junction,None,,,         ,Jessie,Meadows,Rain,Angle,no,no,no,no,no,False
101730743,METROPOLITAN NASHVILLE POLICE DEPT,20170719213,Davidson,Nashville,8/14/2017 3:10:00 PM,1,0,0,36.098190,-86.709670,I 24,,,,0.00,,,,,,,54.70,N,Not at Intersection, ,Non-Junction,None,,,         ,Jessie,Meadows,Rain,Not Collision with Motor Vehicle in Transport,no,no,no,no,no,False
101730744,METROPOLITAN NASHVILLE POLICE DEPT,20170719269,Davidson,Nashville,8/14/2017 3:35:00 PM,2,0,0,36.098190,-86.709670,I 24,,,,0.00,,,,,,,54.70,N,Not at Intersection, ,Non-Junction,None,,,         ,Jessie,Meadows,Rain,Front to Rear,no,no,no,no,no,False
101730745,METROPOLITAN NASHVILLE POLICE DEPT,20170719270,Davidson,Nashville,8/14/2017 3:39:00 PM,2,0,0,36.098190,-86.709670,I 24,,,,0.00,,,,,,,54.70,N,Not at Intersection,N,Non-Junction,None,,,         ,Jessie,Meadows,Rain,Front to Rear,no,no,no,no,no,False
101730746,METROPOLITAN NASHVILLE POLICE DEPT,20170719338,Davidson,Nashville,8/14/2017 3:50:00 PM,2,0,0,36.097280,-86.709200,I 24,,,,0.00,,,,,,,54.80,N,Not at Intersection, ,,None,,,         ,Jessie,Meadows,,,no,no,no,no,no,False
101730747,METROPOLITAN NASHVILLE POLICE DEPT,20170719767,Davidson,Nashville,8/14/2017 6:41:00 PM,3,0,0,36.045740,-86.674350,BELL RD,,,,0.00,Feet,,BLUE HOLE RD,,,,0.00,Y,Four-Way,N,Intersection,None,,,         ,Nathaniel,Myers,Cloudy,Angle,no,no,no,no,yes,False
101730748,METROPOLITAN NASHVILLE POLICE DEPT,20170719436,Davidson,Nashville,8/14/2017 3:35:00 PM,2,0,0,36.097280,-86.709200,I 24,,,,0.00,,,,,,,54.80,N,Not at Intersection,N,Non-Junction,None,,,         ,Jessie,Meadows,Rain,Front to Rear,no,no,no,no,no,False
101730749,METROPOLITAN NASHVILLE POLICE DEPT,20170719440,Davidson,Nashville,8/14/2017 3:39:00 PM,2,0,0,36.097280,-86.709200,I 24,,,,0.00,,,,,,,54.80,N,Not at Intersection,N,Non-Junction,None,,,         ,Jessie,Meadows,Rain,Front to Rear,no,no,no,no,yes,False
101730751,METROPOLITAN NASHVILLE POLICE DEPT,20170719797,Davidson,Nashville,8/14/2017 7:00:00 PM,2,1,0,36.239830,-86.774540,BRILEY PKWYW,,,,250.00,Feet,South,AUSTIN LN,,,,0.00,N,Not at Intersection,N,Non-Junction,None,,,         ,Samuel,Miller,Rain,Front to Rear,no,no,no,no,yes,False
101730764,METROPOLITAN NASHVILLE POLICE DEPT,20170719672,Davidson,Nashville,8/14/2017 5:52:00 PM,1,1,0,36.161350,-86.597130,OLD HICKORY BLVD,,,,4.00,Feet,North,BELL RD,,,,0.00,N,Not at Intersection,N,Non-Junction,None,,,         ,Joao,Pinho,Rain,Not Collision with Motor Vehicle in Transport,no,no,no,no,no,False
101730765,METROPOLITAN NASHVILLE POLICE DEPT,20170719785,Davidson,Nashville,8/14/2017 5:40:00 PM,2,0,0,36.135870,-86.726730,I 24,,,,0.00,,,,,,,52.20,N,Not at Intersection, ,Non-Junction,None,,,         ,Benjamin,Froehlich,Rain,Front to Rear,no,no,no,no,no,False
101730767,METROPOLITAN NASHVILLE POLICE DEPT,20170719859,Davidson,Nashville,8/14/2017 12:00:00 AM,2,0,0,36.081890,-86.697350,I 24,,,,0.00,,,,,,,56.05,N,Not at Intersection, ,,None,,,         ,Nathaniel,Myers,,,no,no,no,no,no,False
101730768,METROPOLITAN NASHVILLE POLICE DEPT,20170719793,Davidson,Nashville,8/14/2017 6:46:00 PM,1,0,0,36.120210,-86.773880,I440 ENT RAMP,,,,0.00,Feet,East,I 65,,,,0.00,N,Not at Intersection, ,Non-Junction,None,,,         ,Trenton,Searcy,Cloudy,Not Collision with Motor Vehicle in Transport,no,no,no,no,no,False
101730777,METROPOLITAN NASHVILLE POLICE DEPT,2017-0719625,Davidson,Nashville,8/14/2017 5:33:00 PM,2,0,0,36.153130,-86.772080,4TH AVS,,,,66.00,Feet,South,ELM ST,,,,0.00,N,Not at Intersection, ,Non-Junction,None,,,         ,Pedro,Rivera Chaparro,Rain,Angle,no,no,no,no,no,False
101730785,METROPOLITAN NASHVILLE POLICE DEPT,20170719839,Davidson,Nashville,8/14/2017 7:24:00 PM,2,0,0,36.124250,-86.744840,I 440,,,,0.00,,,,,,,6.55,N,Not at Intersection,Y,Non-Junction,None,,,         ,Benjamin,Froehlich,Rain,"Sideswipe, Same Direction",no,no,no,no,no,False
101730804,METROPOLITAN NASHVILLE POLICE DEPT,20170719265,Davidson,Nashville,8/14/2017 3:30:00 PM,2,0,0,36.106210,-86.673060,MURFREESBORO PKE,,,,0.00,,,DONELSON PKE,,,,0.00,Y,Four-Way,N,Intersection,None,,,         ,John,Joyce,Cloudy,Front to Rear,no,no,no,no,no,False
101730807,METROPOLITAN NASHVILLE POLICE DEPT,20170719671,Davidson,Nashville,8/14/2017 5:51:00 PM,2,3,0,36.101190,-86.821330,HOBBS RD,,,,50.00,Feet,East,STAMMER PL,,,,0.00,N,Not at Intersection,N,Non-Junction,None,,,         ,Walter,Gray II,Rain,Front to Rear,no,no,no,no,no,False
101730811,METROPOLITAN NASHVILLE POLICE DEPT,20170719947,Davidson,Nashville,8/14/2017 3:05:00 PM,2,0,0,36.072880,-86.625010,KINWOOD DR,,,,255.00,Feet,North,FOREST VIEW DR,,,,0.00,N,Not at Intersection,N,Non-Junction,None,,,         ,Benny,Pittman,Rain,Front to Rear,no,no,no,no,yes,False
101730813,METROPOLITAN NASHVILLE POLICE DEPT,2017-0719914,Davidson,Nashville,8/14/2017 4:35:00 PM,2,0,0,36.199730,-86.592210,CHANDLER RD,,,,49.00,Feet,West,TULIP GROVE RD,,,,0.00,N,Not at Intersection, ,,None,,,         ,Sandra,Talavera,,,no,no,no,no,no,False
101730840,METROPOLITAN NASHVILLE POLICE DEPT,20170719825,Davidson,Nashville,8/14/2017 7:15:00 PM,1,1,0,36.143470,-86.776510,FORT NEGLEY BLVD,,,,450.00,Feet,East,BASS ST,,,,0.00,N,Not at Intersection,N,Non-Junction,None,,,         ,Tien,Nguyen,Cloudy,Not Collision with Motor Vehicle in Transport,no,no,no,no,yes,False
101730842,METROPOLITAN NASHVILLE POLICE DEPT,20170719966,Davidson,Nashville,8/14/2017 5:45:00 PM,2,0,0,36.072810,-86.692050,I 24,,,,0.00,,,,,,,56.70,N,Not at Intersection, ,Non-Junction,None,,,         ,Eric,Keller,Rain,Front to Rear,no,no,no,no,yes,False