master_record_number,agency,agency_tracking_number,county,city,collision_date,vehicles_involved,number_injured,number_dead,latitude,longitude,roadway_name,roadway_suffix,roadway_number,roadway_local_id,distance_from_reference,miles-feet_indicator,direction_from_reference,intersection_road_name,intersection_road_name_suffix,intersection_road_number,intersection_local_id,mile_marker,intersection_indicator,intersect_type,interchange_related_indicator,relation_to_junction,work_zone_type,construction_maintenance_zone,construction_maintenance_zone_location,fatal_case_number,officer_first_name,officer_last_name,weather_condition(s),manner_of_crash,pedestrian,bicycle,scooter,parking,hitrun,mou
101730850,METROPOLITAN NASHVILLE POLICE DEPT,20170719734,Davidson,Nashville,8/14/2017 6:15:00 PM,3,1,0,36.101160,-86.821000,HOBBS RD,,,,150.00,Feet,East,STAMMER PL,,,,0.00,N,Not at Intersection,N,Non-Junction,None,,,         ,Walter,Gray II,Cloudy,Front to Rear,no,no,no,no,no,False
101730857,BERRY HILL POLICE DEPT,17-2759,Davidson,Berry Hill,8/14/2017 12:00:00 AM,2,0,0,36.123900,-86.773620,WHITE AV,,,,464.00,Feet,North,WESTWOOD DR,,,,0.00,N,Not at Intersection, ,Non-Junction,None,,,         ,John,Gleixner,Cloudy,Angle,no,no,no,yes,no,False
101730863,METROPOLITAN NASHVILLE POLICE DEPT,20170719629,Davidson,Nashville,8/14/2017 5:30:00 PM,2,0,0,36.140210,-86.730500,I 40,,,,0.00,,,,,,,212.90,N,Not at Intersection, ,Non-Junction,None,,,         ,Johnathan,Pannell,Rain,Front to Rear,no,no,no,no,no,False
101730869,METROPOLITAN NASHVILLE POLICE DEPT,20170719139,Davidson,Nashville,8/14/2017 2:43:00 PM,2,0,0,36.141690,-86.713530,I 40,,,,0.00,,,,,,,214.00,N,Not at Intersection,N,Non-Junction,None,,,         ,Dontaveous,Eubanks,Rain,Front to Rear,no,no,no,no,no,False
101730870,METROPOLITAN NASHVILLE POLICE DEPT,20170719585,Davidson,Nashville,8/14/2017 5:19:00 PM,2,4,0,36.217360,-86.699360,OUTLET CENTER DR,,,,35.00,Feet,North,MCGAVOCK PKE,,,,0.00,N,Not at Intersection,N,Non-Junction,None,,,         ,Samuel,Sundra,Rain,Angle,no,no,no,no,no,False
101730872,BELLE MEADE POLICE DEPT,17-0242,Davidson,Belle Meade,8/14/2017 5:55:00 PM,2,0,0,36.090580,-86.859960,TYNE BLVD,,,,0.00,,,BELLE MEADE BLVD,,,,0.00,Y,T-Intersection, ,Intersection,None,,,         ,Charles,Williams,Clear,Front to Rear,no,no,no,no,no,False
101730873,METROPOLITAN NASHVILLE POLICE DEPT,20170720102,Davidson,Hermitage,8/14/2017 6:54:00 PM,2,0,0,36.169052,-86.572857,,,I222,,0.01,Feet,West,,,,,222.40,N,Not at Intersection,N,Non-Junction,None,,,         ,Codey,Mullins,Rain,"Sideswipe, Same Direction",no,no,no,no,no,False
101730874,METROPOLITAN NASHVILLE POLICE DEPT,20170719604,Davidson,Nashville,8/14/2017 5:12:00 PM,3,0,0,36.048240,-86.866140,OLD HICKORY BLVD,,,,50.00,Feet,East,CHICKERING WOOD DR,,,,0.00,N,Not at Intersection,N,Non-Junction,None,,,         ,Walter,Gray II,Rain,Front to Rear,no,no,no,no,no,False
101730910,METROPOLITAN NASHVILLE POLICE DEPT,20170720116,Davidson,Nashville,8/14/2017 5:15:00 PM,2,0,0,36.033710,-86.671650,HICKORY PARK DR,,,,0.00,,,SHIRE DR,,,,0.00,Y,T-Intersection, ,Intersection,None,,,         ,Nathaniel,Myers,Cloudy,Angle,no,no,no,no,no,False
101730911,METROPOLITAN NASHVILLE POLICE DEPT,20170720120,Davidson,Nashville,8/14/2017 9:05:00 PM,2,1,0,36.069820,-86.689950,I 24,,,,0.00,,,,,,,57.00,N,Not at Intersection,N,Non-Junction,None,,,         ,Nathaniel,Myers,Cloudy,Unknown,no,no,no,no,yes,False
101730913,METROPOLITAN NASHVILLE POLICE DEPT,20170714719,Davidson,Nashville,8/12/2017 9:42:00 PM,2,0,0,36.168860,-86.783840,5TH AVN,,,,0.00,,,JAMES ROBERTSON PKWY,,,,0.00,Y,Four-Way, ,Intersection-Related,None,,,         ,John,Anderson,Clear,Front to Rear,no,no,no,no,no,False
101730914,METROPOLITAN NASHVILLE POLICE DEPT,20170720123,Davidson,Nashville,8/14/2017 9:10:00 PM,2,3,0,36.165040,-86.697810,LEBANON PKE,,,,305.00,Feet,West,DONELSON HILLS DR,,,,0.00,N,Not at Intersection,N,Non-Junction,None,,,         ,Johnathan,Pannell,Rain,HeadOn,no,no,no,no,no,False
101730916,METROPOLITAN NASHVILLE POLICE DEPT,20170719373,Davidson,Nashville,8/14/2017 3:59:00 PM,2,2,0,36.159760,-86.703500,LEBANON PKE,,,,219.00,Feet,West,QUINN CIR,,,,0.00,N,Not at Intersection,N,Non-Junction,None,,,         ,John,Daugherty,Rain,HeadOn,no,no,no,no,no,False
101730917,METROPOLITAN NASHVILLE POLICE DEPT,20170719979,Davidson,Nashville,8/14/2017 8:15:00 PM,2,3,0,36.150920,-86.750480,I 40,,,,0.00,,,,,,,211.60,N,Not at Intersection,N,Non-Junction,None,,,         ,John,Daugherty,Rain,"Sideswipe, Same Direction",no,no,no,no,no,False
101730925,METROPOLITAN NASHVILLE POLICE DEPT,20170720296,Davidson,Nashville,8/14/2017 10:07:00 PM,2,0,0,36.200390,-86.776410,I 65,,,,0.00,,,,,,,86.90,N,Not at Intersection,N,Entrance/Exit Ramp Related,None,,,         ,Wallis,Massey,Rain,"Sideswipe, Same Direction",no,no,no,no,yes,False
101730947,METROPOLITAN NASHVILLE POLICE DEPT,20170720522,Davidson,Nashville,8/14/2017 11:00:00 PM,2,2,0,36.101270,-86.721780,ANTIOCH PKE,,,,0.00,,,GLENCLIFF RD,,,,0.00,Y,Four-Way,N,Intersection,None,,,         ,Brenda,Navarro,Cloudy,Front to Rear,no,no,no,no,yes,False
101730948,METROPOLITAN NASHVILLE POLICE DEPT,20170720403,Davidson,Nashville,8/14/2017 11:39:00 PM,2,0,0,36.167010,-86.763730,S 4TH ST,,,,0.00,,,SHELBY AV,,,,0.00,Y,Four-Way,Y,Intersection,None,,,         ,Ky,Luu,Clear,Angle,no,no,no,no,no,False
101730951,METROPOLITAN NASHVILLE POLICE DEPT,20170720578,Davidson,Nashville,8/14/2017 10:00:00 PM,1,1,0,36.123880,-86.706760,VULTEE BLVD,,,,213.00,Feet,East,MURFREESBORO PKE,,,,0.00,N,Not at Intersection,N,Non-Junction,None,,,         ,Jason,Hees,Rain,Not Collision with Motor Vehicle in Transport,no,no,no,no,no,False
101730958,METROPOLITAN NASHVILLE POLICE DEPT,20170720660,Davidson,Nashville,8/15/2017 12:30:00 AM,1,0,0,36.093860,-86.706430,I 24,,,,0.00,,,,,,,55.05,N,Not at Intersection, ,Non-Junction,None,,,         ,Gary,Peters,Clear,Not Collision with Motor Vehicle in Transport,no,no,no,no,no,False
101730959,METROPOLITAN NASHVILLE POLICE DEPT,20170720750,Davidson,Nashville,8/15/2017 1:20:00 AM,2,0,0,36.102370,-86.713600,I 24,,,,0.00,,,,,,,54.40,N,Not at Intersection, ,Non-Junction,None,,,         ,Justin,McCormick,Clear,Front to Rear,no,no,no,no,yes,False
101730965,METROPOLITAN NASHVILLE POLICE DEPT,20170720656,Davidson,Nashville,8/15/2017 1:06:00 AM,1,0,0,36.094700,-86.707110,I 24,,,,0.00,,,,,,,55.00,N,Not at Intersection, ,Non-Junction,None,,,         ,Christopher,Holden,Clear,Not Collision with Motor Vehicle in Transport,no,no,no,no,no,False
101730966,METROPOLITAN NASHVILLE POLICE DEPT,20170720716,Davidson,Nashville,8/15/2017 12:30:00 AM,1,0,0,36.091340,-86.704380,I 24,,,,0.00,,,,,,,55.30,N,Not at Intersection, ,Non-Junction,None,,,         ,Gary,Peters,Clear,Not Collision with Motor Vehicle in Transport,no,no,no,no,no,False
101730969,Nashville Airport Police,2017-02829,Davidson,Nashville,8/11/2017 10:00:00 PM,2,0,0,36.136200,-86.667910,TERMINAL DR,,,,0.00,,,,,,,0.00,,Not at Intersection, ,OtherLocation,None,,,         ,Dalton,Engstrom,Clear,Angle,no,no,no,yes,no,False
101730973,METROPOLITAN NASHVILLE POLICE DEPT,20170720593,Davidson,Nashville,8/15/2017 12:21:00 AM,1,1,0,36.094700,-86.707110,I 24,,,,0.00,,,,,,,55.00,N,Not at Intersection,N,Non-Junction,None,,,         ,Zachary,Goodall,Clear,Not Collision with Motor Vehicle in Transport,no,no,no,no,yes,False
101730975,METROPOLITAN NASHVILLE POLICE DEPT,20170720748,Davidson,Nashville,8/15/2017 1:43:00 AM,1,0,0,36.154590,-86.788840,I40 E ENT RAMP,,,,0.00,Feet,East,I 40,,,,0.00,N,Not at Intersection,N,Entrance/Exit Ramp Related,None,,,         ,Kevin,McGinniss,Cloudy,Not Collision with Motor Vehicle in Transport,no,no,no,no,no,False
101730978,Nashville Airport Police,2016-02869,Davidson,Nashville,8/14/2017 12:00:00 AM,2,1,0,36.132360,-86.665300,TERMINAL DR,,,,391.00,Feet,South,BNA DR,,,,0.00,N,Not at Intersection,Y,Non-Junction,Construction Zone,Other,Transition Area,         ,William,Green,Clear,"Sideswipe, Same Direction",no,no,no,no,no,False
101731045,METROPOLITAN NASHVILLE POLICE DEPT,20170721413,Davidson,Madison,8/15/2017 6:19:00 AM,2,1,0,36.264100,-86.724130,OLD HICKORY BLVDW,,,,0.00,,,HERITAGE DR,,,,0.00,Y,T-Intersection,N,Intersection-Related,None,,,         ,Jack,Crouch,Cloudy,Angle,no,no,no,no,yes,False
101731048,METROPOLITAN NASHVILLE POLICE DEPT,20170721418,Davidson,Nashville,8/15/2017 6:24:00 AM,2,1,0,36.045480,-86.647290,CROSSINGS BLVD,,,,0.00,,,MT VIEW RD,,,,0.00,Y,Four-Way,Y,Intersection,None,,,         ,Kevin,Breeding,Cloudy,Front to Rear,no,no,no,no,no,False
101731073,METROPOLITAN NASHVILLE POLICE DEPT,20170721391,Davidson,Nashville,8/15/2017 6:06:00 AM,3,0,0,36.203780,-86.776790,I 65,,,,0.00,,,,,,,87.15,N,Not at Intersection, ,Non-Junction,None,,,         ,Charles,Duke,Clear,Front to Rear,no,no,no,no,no,False
101731080,METROPOLITAN NASHVILLE POLICE DEPT,20170721494,Davidson,Nashville,8/15/2017 7:14:00 AM,2,0,0,36.153270,-86.755770,I 40,,,,0.00,,,,,,,211.25,N,Not at Intersection, ,Non-Junction,None,,,         ,Michael,Dance,Clear,"Sideswipe, Same Direction",no,no,no,no,no,False
101731097,METROPOLITAN NASHVILLE POLICE DEPT,20170721591,Davidson,Belle Meade,8/15/2017 7:55:00 AM,2,0,0,36.115120,-86.862030,DAVIDSON RD,,,,229.00,Feet,East,POST RD,,,,0.00,N,Not at Intersection, ,Non-Junction,None,,,         ,Curtis,Rich,Cloudy,Front to Rear,no,no,no,no,no,False
101731114,METROPOLITAN NASHVILLE POLICE DEPT,20170721568,Davidson,Nashville,8/15/2017 7:44:00 AM,2,1,0,36.143400,-86.686990,I 40,,,,0.00,,,,,,,215.45,N,Not at Intersection,N,Non-Junction,None,,,         ,James,Curtis,Cloudy,Front to Rear,no,no,no,no,no,False
101731116,METROPOLITAN NASHVILLE POLICE DEPT,20170721460,Davidson,Not in City Limit,8/15/2017 6:20:00 AM,3,0,0,36.306460,-86.817840,I 24,,,,0.00,,,,,,,38.25,N,Not at Intersection,N,Non-Junction,None,,,         ,Brandon,Evans,Cloudy,Front to Rear,no,no,no,no,no,False
101731117,METROPOLITAN NASHVILLE POLICE DEPT,20170721557,Davidson,Nashville,8/15/2017 7:37:00 AM,2,1,0,36.238130,-86.782910,BRILEY PKWYE,,,,0.00,,,I24 W EXT RAMP,,,,0.00,Y,OTHER,Y,Entrance/Exit Ramp Related,None,,,         ,Thomas,Odom,Cloudy,Angle,no,no,no,no,no,False
101731118,METROPOLITAN NASHVILLE POLICE DEPT,20170721699,Davidson,Nashville,8/15/2017 8:05:00 AM,2,0,0,36.066080,-86.774230,FRANKLIN PKE,,,,80.00,Feet,South,HOGAN RD,,,,0.00,N,Not at Intersection,N,Non-Junction,None,,,         ,Nathan,Kemp,Clear,Front to Rear,no,no,no,no,yes,False
101731131,METROPOLITAN NASHVILLE POLICE DEPT,20170721674,Davidson,Nashville,8/15/2017 8:37:00 AM,2,0,0,36.112200,-86.723070,I 24,,,,0.00,,,,,,,53.50,N,Not at Intersection, ,Entrance/Exit Ramp Related,None,,,         ,Stephen,Soule,Cloudy,Front to Rear,no,no,no,no,no,False
101731160,METROPOLITAN NASHVILLE POLICE DEPT,20170721923,Davidson,Nashville,8/15/2017 9:06:00 AM,2,0,0,36.041710,-86.748380,OLD HICKORY BLVD,,,,80.00,Feet,East,COPPERFIELD WAY,,,,0.00,N,Not at Intersection,N,Non-Junction,None,,,         ,Nathan,Kemp,Clear,Front to Rear,no,no,no,no,no,False
101731165,METROPOLITAN NASHVILLE POLICE DEPT,20170718985,Davidson,Nashville,8/14/2017 1:09:00 PM,2,0,0,36.154320,-86.742130,LEBANON PKE,,,,0.00,,,FESSLERS LN,,,,0.00,Y,T-Intersection, ,Intersection,None,,,         ,Kevin,Coleman,Rain,Front to Rear,no,no,no,no,no,False
101731170,METROPOLITAN NASHVILLE POLICE DEPT,20170721819,Davidson,Nashville,8/15/2017 9:20:00 AM,2,0,0,36.074440,-86.638610,MURFREESBORO PKE,,,,19.00,Feet,South,RURAL HILL RD,,,,0.00,N,Not at Intersection, ,Non-Junction,None,,,         ,Madison,Meiss,Cloudy,Angle,no,no,no,no,no,False
101731183,METROPOLITAN NASHVILLE POLICE DEPT,20170721976,Davidson,Nashville,8/15/2017 9:00:00 AM,2,0,0,36.225620,-86.830470,FARMVIEW DR,,,,727.00,Feet,West,BUENAVIEW CT,,,,0.00,N,Not at Intersection, ,Non-Junction,None,,,         ,Brandon,Evans,Cloudy,"Sideswipe, Opposite Direction",no,no,no,no,no,False
101731184,METROPOLITAN NASHVILLE POLICE DEPT,20170721915,Davidson,Nashville,8/15/2017 9:30:00 AM,2,0,0,36.199720,-86.809500,MAINSTREAM DR,,,,485.00,Feet,West,GREAT CIRCLE RD,,,,0.00,N,Not at Intersection, ,"Driveway, Alley Access, etc",None,,,         ,Joshua,Baker,Clear,Angle,no,no,no,no,no,False
101731185,METROPOLITAN NASHVILLE POLICE DEPT,20170721757,Davidson,Nashville,8/15/2017 8:39:00 AM,2,0,0,36.039820,-86.740870,OLD HICKORY BLVD,,,,503.00,Feet,West,HIGHLAND WAY,,,,0.00,N,Not at Intersection, ,Non-Junction,None,,,         ,Phillip,Murphy,Cloudy,Front to Rear,no,no,no,no,no,False
101731214,METROPOLITAN NASHVILLE POLICE DEPT,20170722049,Davidson,Nashville,8/15/2017 10:30:00 AM,2,1,0,36.077790,-86.765950,I 65,,,,0.00,,,,,,,77.50,N,Not at Intersection,N,Non-Junction,None,,,         ,Nathan,Kemp,Clear,Not Collision with Motor Vehicle in Transport,no,no,no,no,no,False
101731224,METROPOLITAN NASHVILLE POLICE DEPT,20170722132,Davidson,Nashville,8/15/2017 10:52:00 AM,1,0,0,36.240560,-86.751750,I 65,,,,0.00,,,,,,,90.35,N,Not at Intersection, ,Non-Junction,None,,,         ,Thomas,Odom,Clear,Not Collision with Motor Vehicle in Transport,no,no,no,no,no,False
101731227,METROPOLITAN NASHVILLE POLICE DEPT,20170721457,Davidson,Nashville,8/15/2017 6:56:00 AM,2,0,0,36.152650,-86.689990,ELM HILL PKE,,,,163.00,Feet,East,ELM HILL PKE WB EXT RAMP,,,,0.00,N,Not at Intersection, ,,None,,,         ,James,Curtis,,,no,no,no,no,no,False
101731228,METROPOLITAN NASHVILLE POLICE DEPT,20170721784,Davidson,Nashville,8/15/2017 8:47:00 AM,2,0,0,36.065570,-86.738390,EDMONDSON PKE,,,,197.00,Feet,South,WHITFIELD PARK PVTDR,,,,0.00,N,Not at Intersection, ,"Driveway, Alley Access, etc",None,,,         ,Phillip,Murphy,Cloudy,Front to Rear,no,no,no,no,no,False
101731229,METROPOLITAN NASHVILLE POLICE DEPT,20170721725,Davidson,Nashville,8/15/2017 8:34:00 AM,2,0,0,36.151510,-86.767640,1ST AVS,,,,0.00,Feet,East,CARROLL ST,,,,0.00,N,Not at Intersection,N,Non-Junction,None,,,         ,James,Curtis,Cloudy,"Sideswipe, Opposite Direction",no,no,no,no,no,False
101731235,METROPOLITAN NASHVILLE POLICE DEPT,2017 0722145,Davidson,Nashville,8/15/2017 10:45:00 AM,2,0,0,36.121670,-86.807720,SHARON HILL CIR,,,,104.00,Feet,West,I440 E ENT RAMP,,,,0.00,N,Not at Intersection,N,Non-Junction,None,,,         ,Paul,Junkmann,Cloudy,Front to Rear,no,no,no,no,no,False
101731250,METROPOLITAN NASHVILLE POLICE DEPT,20170722207,Davidson,Nashville,8/15/2017 11:24:00 AM,2,1,0,36.157840,-86.850200,52ND AVN,,,,95.00,Feet,North,ILLINOIS AV,,,,0.00,N,Not at Intersection,N,Non-Junction,None,,,         ,Curtis,Rich,Cloudy,Angle,no,no,no,no,no,False
101731260,METROPOLITAN NASHVILLE POLICE DEPT,20170721911,Davidson,Nashville,8/15/2017 9:36:00 AM,3,3,0,36.145950,-86.666600,ROYAL PKWY,,,,0.00,,,DONELSON PKE,,,,0.00,Y,Four-Way,N,Intersection,None,,,         ,Michael,Dance,Clear,Angle,no,no,no,no,no,False
101731261,METROPOLITAN NASHVILLE POLICE DEPT,20170722361,Davidson,Not in City Limit,8/15/2017 12:19:00 PM,2,0,0,36.076890,-86.945220,HIGHWAY 70S,,,,0.00,,,SAWYER BROWN RD,,,,0.00,Y,Four-Way, ,,None,,,         ,Curtis,Rich,,,no,no,no,no,no,False
101731278,METROPOLITAN NASHVILLE POLICE DEPT,20170721989,Davidson,Nashville,8/15/2017 9:55:00 AM,2,1,0,36.082680,-86.765110,HARDING PL,,,,0.00,,,I65 S ENT RAMP,,,,0.00,Y,OTHER,Y,Intersection,None,,,         ,Earl,Davis,Clear,Front to Rear,no,no,no,no,no,False
101731283,METROPOLITAN NASHVILLE POLICE DEPT,20170721559,Davidson,Nashville,8/15/2017 7:36:00 AM,3,0,0,36.043140,-86.640320,MT VIEW RD,,,,154.00,Feet,East,BABY RUTH LN,,,,0.00,N,Not at Intersection,N,Non-Junction,None,,,         ,Thomas,White,Cloudy,Front to Rear,no,no,no,no,yes,False
101731289,METROPOLITAN NASHVILLE POLICE DEPT,20170722270,Davidson,Nashville,8/15/2017 11:40:00 AM,2,3,0,36.041140,-86.776210,BRENTWOOD TRC,,,,0.00,Feet,,BRENTWOOD COMMONS WAY,,,,0.00,Y,Four-Way,N,Intersection-Related,None,,,         ,Devonte,Coleman,Clear,Front to Rear,no,no,no,no,no,False
101731291,METROPOLITAN NASHVILLE POLICE DEPT,2017721696,Davidson,Nashville,8/15/2017 7:35:00 AM,2,0,0,36.037400,-86.786570,FRANKLIN PKE,,,,0.00,,,OLD HICKORY BLVD,,,,0.00,Y,Four-Way, ,,None,,,         ,Erik,Wagner,,,no,no,no,no,no,False
101731292,METROPOLITAN NASHVILLE POLICE DEPT,2017721891,Davidson,Nashville,8/15/2017 9:22:00 AM,2,0,0,36.147430,-86.777320,I40 W ENT RAMP,,,,0.00,Feet,East,I65 S ENT RAMP,,,,0.00,N,Not at Intersection, ,Entrance/Exit Ramp Related,None,,,         ,Erik,Wagner,Cloudy,Front to Rear,no,no,no,no,no,False
101731294,Nashville Airport Police,1717-2872,Davidson,Nashville,8/15/2017 11:30:00 AM,2,0,0,36.126960,-86.694130,INTERNATIONAL PLZ,,,,0.00,Feet,,CONNECTING ROAD,,,,0.00,Y,OTHER, ,Non-Junction,None,,,         ,Phillip,Schmidt,Clear,"Sideswipe, Same Direction",no,no,no,yes,no,False
101731302,Nashville Airport Police,2017-02702,Davidson,Nashville,8/4/2017 8:07:00 AM,2,0,0,36.139830,-86.666320,DONELSON PKE,,,,0.00,,,I40 E ENT RAMP,,,,0.00,Y,OTHER, ,OtherLocation,None,,,         ,Robbie,Keeler,Rain,"Sideswipe, Same Direction",no,no,no,yes,no,False
101731324,METROPOLITAN NASHVILLE POLICE DEPT,20170722315,Davidson,Not in City Limit,8/15/2017 12:03:00 PM,1,1,0,36.284200,-86.700920,GLOBE PL,,,,0.00,,,AURORA AV,,,,0.00,Y,T-Intersection,N,Non-Junction,None,,,         ,Thomas,Odom,Clear,Not Collision with Motor Vehicle in Transport,no,no,no,no,no,False
101731345,METROPOLITAN NASHVILLE POLICE DEPT,20170722346,Davidson,Nashville,8/15/2017 12:09:00 PM,2,0,0,36.111210,-86.811310,GRAYBAR LN,,,,0.00,,,HILLSBORO PKE,,,,0.00,Y,T-Intersection,N,Intersection,None,,,         ,Nathan,Kemp,Clear,Angle,no,no,no,no,no,False
101731346,METROPOLITAN NASHVILLE POLICE DEPT,20170722454,Davidson,Nashville,8/15/2017 12:56:00 PM,1,1,0,36.117760,-86.771090,I65 N ENT RAMP,,,,0.00,Feet,East,I 440,,,,0.00,N,Not at Intersection,N,Non-Junction,None,,,         ,Nathan,Kemp,Clear,Not Collision with Motor Vehicle in Transport,no,no,no,no,no,False
101731363,VANDERBILT UNIVERSITY POLICE,17-0722334,Davidson,Nashville,8/15/2017 8:15:00 AM,2,0,0,36.144810,-86.798140,EDGEHILL AV,,,,0.00,,,,,,,0.00,,, ,Non-Junction,None,,,         ,William,Gladu,Clear,"Sideswipe, Same Direction",no,no,no,yes,no,Campus
101731364,METROPOLITAN NASHVILLE POLICE DEPT,20170722484,Davidson,Nashville,8/15/2017 1:05:00 PM,2,0,0,36.165200,-86.777300,2ND AVN,,,,0.00,,,BANK ST,,,,0.00,Y,OTHER, ,Non-Junction,None,,,         ,Seth,Quiles,Clear,"Sideswipe, Same Direction",no,no,no,no,no,False
101731389,METROPOLITAN NASHVILLE POLICE DEPT,20170722541,Davidson,Nashville,8/15/2017 12:56:00 PM,2,1,0,36.122400,-86.773280,I440 ENT RAMP,,,,0.00,,,I 65,,,,0.00,Y,Y-Intersection,N,Entrance/Exit Ramp Related,None,,,         ,Russell,Freeman,Clear,"Sideswipe, Same Direction",no,no,no,no,yes,False
101731393,METROPOLITAN NASHVILLE POLICE DEPT,20170722598,Davidson,Nashville,8/15/2017 2:00:00 PM,2,0,0,36.144930,-86.766660,4TH AVS,,,,0.00,,,CHESTNUT ST,,,,0.00,Y,OTHER, ,,None,,,         ,Citlaly,Juarez,,,no,no,no,no,no,False
101731396,METROPOLITAN NASHVILLE POLICE DEPT,20170722347,Davidson,Nashville,8/15/2017 12:11:00 PM,2,0,0,36.140250,-86.722240,I 40,,,,0.00,,,,,,,213.50,N,Not at Intersection,N,Non-Junction,None,,,         ,Tyler,Adcock,Cloudy,"Sideswipe, Same Direction",no,no,no,no,no,False
101731397,METROPOLITAN NASHVILLE POLICE DEPT,20170722621,Davidson,Madison,8/15/2017 1:57:00 PM,2,0,0,36.264070,-86.690290,STATE RT 45,,,,0.00,,,MYATT DR,,,,0.00,Y,Four-Way, ,Intersection,None,,,         ,Thomas,Odom,Clear,Angle,no,no,no,no,no,False
101731407,METROPOLITAN NASHVILLE POLICE DEPT,20170722525,Davidson,Nashville,8/15/2017 1:17:00 PM,2,1,0,36.151350,-86.768790,I 40,,,,0.00,,,,,,,210.50,N,Not at Intersection,N,Non-Junction,None,,,         ,Michael,Dance,Clear,Front to Rear,no,no,no,no,no,False
101731412,METROPOLITAN NASHVILLE POLICE DEPT,20170722559,Davidson,Nashville,8/15/2017 1:18:00 PM,2,0,0,36.141400,-86.715260,I 40,,,,0.00,,,,,,,213.90,N,Not at Intersection, ,Non-Junction,None,,,         ,Jed,Baldoni,Clear,Angle,no,no,no,no,no,False
101731417,METROPOLITAN NASHVILLE POLICE DEPT,2017-0722561,Davidson,Nashville,8/15/2017 1:15:00 PM,2,1,0,36.110940,-86.745220,NOLENSVILLE PKE,,,,0.00,,,THOMPSON LN,,,,0.00,Y,Four-Way,N,Intersection,None,,,         ,William,Whitworth,Clear,Front to Rear,no,no,no,no,yes,False
101731428,METROPOLITAN NASHVILLE POLICE DEPT,20170722642,Davidson,Nashville,8/15/2017 1:57:00 PM,2,0,0,36.191870,-86.780970,I 65,,,,0.00,,,,,,,86.25,N,Not at Intersection,Y,Entrance/Exit Ramp Related,None,,,         ,Michael,McCord,Cloudy,"Sideswipe, Same Direction",no,no,no,no,yes,False
101731478,METROPOLITAN NASHVILLE POLICE DEPT,20170722647,Davidson,Nashville,8/15/2017 12:00:00 AM,2,0,0,36.158890,-86.782110,8TH AVS,,,,0.00,,,BROADWAY,,,,0.00,Y,Four-Way, ,Intersection-Related,None,,,         ,Amery,Milligan,Clear,"Sideswipe, Same Direction",no,no,no,no,no,False
101731488,METROPOLITAN NASHVILLE POLICE DEPT,20170722711,Davidson,Nashville,8/15/2017 2:38:00 PM,3,1,0,36.188780,-86.798540,ROSA L PARKS BLVD,,,,314.00,Feet,North,DOMINICAN DR,,,,0.00,N,Not at Intersection,N,Non-Junction,None,,,         ,Kevin,Reynolds,Clear,Front to Rear,no,no,no,no,no,False
101731491,METROPOLITAN NASHVILLE POLICE DEPT,20170722737,Davidson,Nashville,8/15/2017 12:00:00 AM,2,0,0,36.160010,-86.796530,16TH AVN,,,,150.00,Feet,South,CAPITOL PT,,,,0.00,N,Not at Intersection, ,Non-Junction,None,,,         ,Melvin,Taylor,Clear,Front to Rear,no,no,no,no,yes,False
101731518,METROPOLITAN NASHVILLE POLICE DEPT,20170722713,Davidson,Nashville,8/15/2017 2:37:00 PM,1,0,0,36.107550,-86.807850,GLEN ECHO RD,,,,0.00,,,HILLMONT DR,,,,0.00,Y,OTHER, ,Non-Junction,None,,,         ,Tien,Nguyen,Clear,Not Collision with Motor Vehicle in Transport,no,no,no,no,no,False
101731522,METROPOLITAN NASHVILLE POLICE DEPT,20170722313,Davidson,Nashville,8/15/2017 12:02:00 PM,2,2,0,36.090330,-86.626500,BELL RD,,,,0.00,,,SMITH SPRINGS RD,,,,0.00,Y,Four-Way,N,Intersection-Related,None,,,         ,James,Curtis,Cloudy,Front to Rear,no,no,no,no,yes,False
101731529,METROPOLITAN NASHVILLE POLICE DEPT,20170722732,Davidson,Nashville,8/15/2017 2:53:00 PM,2,2,0,36.044800,-86.662140,BELL RD,,,,183.00,Feet,West,CANE RIDGE RD,,,,0.00,N,Not at Intersection,N,Non-Junction,None,,,         ,Nakia,Reid,Clear,"Sideswipe, Same Direction",no,no,no,no,no,False
101731546,METROPOLITAN NASHVILLE POLICE DEPT,20170722896,Davidson,Nashville,8/15/2017 4:03:00 PM,1,0,0,36.195820,-86.733510,CAHAL AV,,,,256.00,Feet,West,SCOTT AV,,,,0.00,N,Not at Intersection,N,Non-Junction,None,,,         ,James,Smith,Clear,Not Collision with Motor Vehicle in Transport,no,no,no,no,yes,False
101731550,METROPOLITAN NASHVILLE POLICE DEPT,20170722823,Davidson,Nashville,8/15/2017 3:30:00 PM,2,1,0,36.134280,-86.774730,WEDGEWOOD AV,,,,0.00,,,I65 N ENT RAMP,,,,0.00,Y,Four-Way,N,Intersection,None,,,         ,Hillary,Sherman,Clear,Angle,no,no,no,no,no,False
101731572,METROPOLITAN NASHVILLE POLICE DEPT,20170722768,Davidson,Nashville,8/15/2017 3:11:00 PM,2,1,0,36.113820,-86.809210,WOODMONT BLVD,,,,0.00,,,GOLF CLUB LN,,,,0.00,Y,Four-Way,N,Intersection,None,,,         ,Brian,Etchison,Cloudy,Angle,no,no,no,no,no,False