master_record_number,agency,agency_tracking_number,county,city,collision_date,vehicles_involved,number_injured,number_dead,latitude,longitude,roadway_name,roadway_suffix,roadway_number,roadway_local_id,distance_from_reference,miles-feet_indicator,direction_from_reference,intersection_road_name,intersection_road_name_suffix,intersection_road_number,intersection_local_id,mile_marker,intersection_indicator,intersect_type,interchange_related_indicator,relation_to_junction,work_zone_type,construction_maintenance_zone,construction_maintenance_zone_location,fatal_case_number,officer_first_name,officer_last_name,weather_condition(s),manner_of_crash,pedestrian,bicycle,scooter,parking,hitrun,mou
101731576,METROPOLITAN NASHVILLE POLICE DEPT,20170722930,Davidson,Nashville,8/15/2017 4:19:00 PM,2,1,0,36.079030,-86.727990,HARDING PL,,,,536.00,Feet,West,COVENTRY DR,,,,0.00,N,Not at Intersection,N,Non-Junction,None,,,         ,Tien,Nguyen,Clear,Front to Rear,no,no,no,no,no,False
101731579,METROPOLITAN NASHVILLE POLICE DEPT,20170722985,Davidson,Nashville,8/15/2017 4:26:00 PM,2,0,0,36.249090,-86.717850,E PALESTINE AV,,,,472.00,Feet,East,GALLATIN PKES,,,,0.00,N,Not at Intersection, ,Non-Junction,None,,,         ,Samuel,Miller,Cloudy,Front to Rear,no,no,no,no,no,False
101731590,METROPOLITAN NASHVILLE POLICE DEPT,20170722720,Davidson,Nashville,8/15/2017 2:42:00 PM,2,0,0,36.176960,-86.751430,S 10TH ST,,,,0.00,,,WOODLAND ST,,,,0.00,Y,Four-Way,N,Intersection,None,,,         ,Steven,Frazier Jr.,Clear,Angle,no,no,no,no,no,False
101731596,METROPOLITAN NASHVILLE POLICE DEPT,20170722913,Davidson,Nashville,8/15/2017 4:10:00 PM,2,0,0,36.108450,-86.811250,GLEN ECHO RD,,,,270.00,Feet,East,HILLSBORO PKE,,,,0.00,N,Not at Intersection, ,Non-Junction,None,,,         ,William,Taylor,Clear,"Sideswipe, Same Direction",no,no,no,no,no,False
101731602,METROPOLITAN NASHVILLE POLICE DEPT,20170722880,Davidson,Nashville,8/15/2017 3:45:00 PM,2,0,0,36.136140,-86.746810,FESSLERS LN,,,,286.00,Feet,South,WOODYCREST AV,,,,0.00,N,Not at Intersection,N,Non-Junction,None,,,         ,Travis,Martin,Clear,"Sideswipe, Same Direction",no,no,no,no,yes,False
101731607,METROPOLITAN NASHVILLE POLICE DEPT,20170722910,Davidson,Nashville,8/15/2017 4:13:00 PM,2,0,0,36.176410,-86.751550,S 10TH ST,,,,201.00,Feet,South,WOODLAND ST,,,,0.00,N,Not at Intersection, ,,None,,,         ,Steven,Frazier Jr.,,,no,no,no,no,no,False
101731608,METROPOLITAN NASHVILLE POLICE DEPT,20170722847,Davidson,Nashville,8/15/2017 3:35:00 PM,3,2,0,36.145500,-86.811450,WEST END AV,,,,0.00,,,27TH AVN,,,,0.00,Y,T-Intersection,N,Intersection,None,,,         ,Bradley,Pope,Cloudy,Angle,no,no,no,no,no,Campus
101731613,METROPOLITAN NASHVILLE POLICE DEPT,20170723022,Davidson,Nashville,8/15/2017 4:50:00 PM,2,0,0,36.206690,-86.778870,W TRINITY LN,,,,129.00,Feet,West,HAMPTON ST,,,,0.00,N,Not at Intersection, ,Non-Junction,None,,,         ,Seth,Vaughn,Clear,Angle,no,no,no,no,no,False
101731618,METROPOLITAN NASHVILLE POLICE DEPT,20170723082,Davidson,Nashville,8/15/2017 4:10:00 PM,2,0,0,36.115890,-86.795480,I 440,,,,0.00,,,,,,,3.65,N,Not at Intersection, ,,None,,,         ,Hillary,Sherman,,,no,no,no,no,no,False
101731620,METROPOLITAN NASHVILLE POLICE DEPT,20170722933,Davidson,Nashville,8/15/2017 4:19:00 PM,3,3,0,36.131150,-86.726980,I24E,,,,326.00,Feet,North,I24 W ENT RAMP,,,,0.00,N,Not at Intersection,N,Non-Junction,None,,,         ,Andrew,Mullen,Clear,Front to Rear,no,no,no,no,no,False
101731622,METROPOLITAN NASHVILLE POLICE DEPT,20170723088,Davidson,Nashville,8/15/2017 5:15:00 PM,2,0,0,36.128990,-86.816130,I 440,,,,0.00,,,,,,,2.10,N,Not at Intersection,N,Non-Junction,None,,,         ,Eric,Burford,Clear,Front to Rear,no,no,no,no,yes,False
101731626,METROPOLITAN NASHVILLE POLICE DEPT,20170723073,Davidson,Nashville,8/15/2017 5:29:00 PM,2,1,0,36.142650,-86.683120,I 40,,,,0.00,,,,,,,215.70,N,Not at Intersection,N,Non-Junction,None,,,         ,Patrick,Taylor,Clear,Front to Rear,no,no,no,no,no,False
101731628,METROPOLITAN NASHVILLE POLICE DEPT,20170723036,Davidson,Nashville,8/15/2017 5:09:00 PM,2,0,0,36.154110,-86.836810,I 40,,,,0.00,,,,,,,205.10,N,Not at Intersection,N,Non-Junction,None,,,         ,Kevin,Clausius,Clear,Front to Rear,no,no,no,no,no,False
101731637,METROPOLITAN NASHVILLE POLICE DEPT,20170722916,Davidson,Nashville,8/15/2017 4:02:00 PM,2,0,0,36.152920,-86.765560,I 40,,,,0.00,,,,,,,210.65,N,Not at Intersection, ,Non-Junction,None,,,         ,Deandera,Payne,Clear,"Sideswipe, Same Direction",no,no,no,no,no,False
101731642,METROPOLITAN NASHVILLE POLICE DEPT,20170722756,Davidson,Nashville,8/15/2017 2:15:00 PM,2,0,0,36.148870,-86.774690,I 40,,,,0.00,,,,,,,210.15,N,Not at Intersection, ,Entrance/Exit Ramp Related,None,,,         ,Brian,Etchison,Cloudy,"Sideswipe, Same Direction",no,no,no,no,no,False
101731644,METROPOLITAN NASHVILLE POLICE DEPT,20170723189,Davidson,Nashville,8/15/2017 5:50:00 PM,2,0,0,36.147070,-86.765550,2ND AVS,,,,0.00,Feet,,MILDRED SHUTE AV,,,,0.00,Y,Four-Way, ,Intersection-Related,None,,,         ,Andrew,Swint,Clear,Angle,no,no,no,no,no,False
101731645,METROPOLITAN NASHVILLE POLICE DEPT,20170722657,Davidson,Nashville,8/15/2017 2:30:00 PM,2,0,0,36.051200,-86.673220,BLUE HOLE RD,,,,159.00,Feet,North,TIMBERLAKE WAY,,,,0.00,N,Not at Intersection, ,Non-Junction,None,,,         ,Jessie,Meadows,Clear,Front to Rear,no,no,no,no,no,False
101731646,METROPOLITAN NASHVILLE POLICE DEPT,20170722876,Davidson,Nashville,8/15/2017 4:30:00 PM,2,2,0,36.123560,-86.748460,I 440,,,,0.00,,,,,,,6.45,N,Not at Intersection,N,Non-Junction,None,,,         ,Jessie,Meadows,Clear,Front to Rear,no,no,no,no,no,False
101731647,METROPOLITAN NASHVILLE POLICE DEPT,20170722947,Davidson,Nashville,8/15/2017 5:40:00 PM,3,0,0,36.124560,-86.736050,I 440,,,,0.00,,,,,,,7.05,N,Not at Intersection,N,Non-Junction,None,,,         ,Jessie,Meadows,Clear,Front to Rear,no,no,no,no,no,False
101731648,METROPOLITAN NASHVILLE POLICE DEPT,20170723118,Davidson,Nashville,8/15/2017 6:00:00 PM,2,0,0,36.124950,-86.734350,I 440,,,,0.00,,,,,,,7.15,N,Not at Intersection, ,Non-Junction,None,,,         ,Jessie,Meadows,Clear,Front to Rear,no,no,no,no,no,False
101731649,METROPOLITAN NASHVILLE POLICE DEPT,20170723070,Davidson,Nashville,8/15/2017 5:05:00 PM,2,0,0,36.106450,-86.672910,DONELSON PKE,,,,96.00,Feet,North,MURFREESBORO PKE,,,,0.00,N,Not at Intersection, ,Non-Junction,None,,,         ,Marcus,Darden,Clear,"Sideswipe, Same Direction",no,no,no,no,no,False
101731653,METROPOLITAN NASHVILLE POLICE DEPT,20170722883,Davidson,Nashville,8/15/2017 3:55:00 PM,2,0,0,36.144540,-86.822490,I 440,,,,0.00,,,,,,,1.10,N,Not at Intersection, ,,None,,,         ,Barrett,Teague,,,no,no,no,no,no,False
101731654,VANDERBILT UNIVERSITY POLICE,2017-0723165,Davidson,Nashville,8/15/2017 12:00:00 AM,2,0,0,36.143860,-86.810420,28TH AVS,,,,0.00,,,,,,,0.00,,, ,Non-Junction,None,,,         ,Robert,Skucy,Cloudy,Other,no,no,no,yes,yes,Campus
101731658,METROPOLITAN NASHVILLE POLICE DEPT,20170723217,Davidson,Nashville,8/15/2017 4:14:00 PM,2,0,0,36.151650,-86.793710,DIVISION ST,,,,233.00,Feet,West,17TH AVS,,,,0.00,N,Not at Intersection,N,Non-Junction,None,,,         ,Tien,Nguyen,Clear,"Sideswipe, Same Direction",no,no,no,no,no,False
101731661,METROPOLITAN NASHVILLE POLICE DEPT,20170723119,Davidson,Nashville,8/15/2017 5:40:00 PM,2,0,0,36.159190,-86.822150,I 40,,,,0.00,,,,,,,205.95,N,Not at Intersection, ,,None,,,         ,Barrett,Teague,,,no,no,no,no,no,False
101731662,METROPOLITAN NASHVILLE POLICE DEPT,20170723055,Davidson,Nashville,8/15/2017 4:45:00 PM,2,1,0,36.169870,-86.673640,LEBANON PKE,,,,0.00,,,SHADY GROVE RD,,,,0.00,Y,T-Intersection,Y,Intersection,None,,,         ,John,Kelley,Clear,Front to Rear,no,no,no,no,yes,False
101731663,METROPOLITAN NASHVILLE POLICE DEPT,20170723094,Davidson,Nashville,8/15/2017 2:20:00 PM,2,0,0,36.187540,-86.672420,MEADOWOOD DR,,,,80.00,Feet,East,CRESTDALE DR,,,,0.00,N,Not at Intersection, ,Non-Junction,None,,,         ,John,Kelley,Clear,Angle,no,no,no,no,no,False
101731664,METROPOLITAN NASHVILLE POLICE DEPT,20170722990,Davidson,Nashville,8/15/2017 12:00:00 AM,1,0,0,36.172480,-86.807430,KNOWLES ST,,,,122.00,Feet,East,DR D B TODD JR BLVD,,,,0.00,N,Not at Intersection, ,Non-Junction,None,,,         ,Melvin,Taylor,Clear,Not Collision with Motor Vehicle in Transport,no,no,no,no,no,False
101731669,METROPOLITAN NASHVILLE POLICE DEPT,20170723168,Davidson,Nashville,8/15/2017 6:11:00 PM,2,0,0,36.116160,-86.797010,I 440,,,,0.00,,,,,,,3.60,N,Not at Intersection,N,Non-Junction,None,,,         ,Edin,Plancic,Clear,Front to Rear,no,no,no,no,no,False
101731670,METROPOLITAN NASHVILLE POLICE DEPT,20170723084,Davidson,Nashville,8/15/2017 5:29:00 PM,2,0,0,36.045260,-86.717040,OLD HICKORY BLVD,,,,0.00,,,HICKORY PLZ,,,,0.00,Y,Four-Way, ,Intersection-Related,None,,,         ,Tien,Nguyen,Clear,"Sideswipe, Same Direction",no,no,no,no,no,False
101731675,METROPOLITAN NASHVILLE POLICE DEPT,2017-0723085,Davidson,Nashville,8/15/2017 5:09:00 PM,2,0,0,36.154270,-86.848670,DELAWARE AV,,,,0.00,,,51ST AVN,,,,0.00,Y,Four-Way,N,Intersection,None,,,         ,Ryan,Allen,Clear,Front to Rear,no,no,no,no,no,False
101731681,METROPOLITAN NASHVILLE POLICE DEPT,20170723149,Davidson,Nashville,8/15/2017 6:05:00 PM,3,0,0,36.074020,-86.923300,HIGHWAY 70S,,,,0.00,,,OLD HARDING PKE RAMP,,,,0.00,Y,T-Intersection,N,Intersection,None,,,         ,Adam,Reese,Clear,Front to Rear,no,no,no,no,yes,False
101731705,METROPOLITAN NASHVILLE POLICE DEPT,20170722875,Davidson,Nashville,8/15/2017 3:58:00 PM,2,2,0,36.152320,-86.838530,CHARLOTTE AV,,,,50.00,Feet,West,43RD AVN,,,,0.00,N,Not at Intersection,N,Non-Junction,None,,,         ,Walter,Gray II,Cloudy,Front to Rear,no,no,no,no,no,False
101731708,METROPOLITAN NASHVILLE POLICE DEPT,20170723241,Davidson,Nashville,8/15/2017 6:06:00 PM,2,0,0,36.050190,-86.607310,PIN HOOK RD,,,,345.00,Feet,West,GROVEDALE TRC,,,,0.00,N,Not at Intersection, ,Non-Junction,None,,,         ,Je-Marc,Sears,Clear,Front to Rear,no,no,no,no,no,False
101731713,METROPOLITAN NASHVILLE POLICE DEPT,20170723312,Davidson,Not in City Limit,8/15/2017 6:48:00 PM,2,0,0,36.264160,-86.735600,I65 N EXT RAMP,,,,0.00,,,OLD HICKORY BLVDW,,,,0.00,Y,T-Intersection, ,,None,,,         ,Christopher,Littles,,,no,no,no,no,no,False
101731715,METROPOLITAN NASHVILLE POLICE DEPT,20170723250,Davidson,Not in City Limit,8/15/2017 6:49:00 PM,2,1,0,36.063620,-86.940880,HARPETH PKWYW,,,,0.00,,,OLD HARDING PKE,,,,0.00,Y,T-Intersection,N,Intersection,None,,,         ,Ethan,Usherwood,Clear,Angle,no,no,no,no,no,False
101731717,METROPOLITAN NASHVILLE POLICE DEPT,20170723143,Davidson,Not in City Limit,8/15/2017 6:01:00 PM,2,0,0,36.264090,-86.690520,STATE RT 45,,,,50.00,Feet,West,MYATT DR,,,,0.00,N,Not at Intersection,N,Non-Junction,None,,,         ,Samuel,Miller,Clear,Front to Rear,no,no,no,no,yes,False
101731718,METROPOLITAN NASHVILLE POLICE DEPT,20170723237,Davidson,Nashville,8/15/2017 6:34:00 PM,2,0,0,36.252170,-86.693620,NEELYS BEND RD,,,,89.00,Feet,East,RANDY RD,,,,0.00,N,Not at Intersection,N,Entrance/Exit Ramp Related,None,,,         ,Johnathon,Birdwell,Clear,Front to Rear,no,no,no,no,no,False
101731719,METROPOLITAN NASHVILLE POLICE DEPT,20170723152,Davidson,Not in City Limit,8/15/2017 6:09:00 PM,1,1,0,36.280370,-86.749480,DICKERSON PKE,,,,1121.00,Feet,North,NESBITT DR,,,,0.00,N,Not at Intersection,N,Unknown,None,,,         ,Rodney,Phipps,Clear,Not Collision with Motor Vehicle in Transport,yes,no,no,yes,no,False
101731724,METROPOLITAN NASHVILLE POLICE DEPT,20170723186,Davidson,Nashville,8/15/2017 6:10:00 PM,2,0,0,36.192450,-86.616130,HERMITAGE MARKETPLACE PVTDR,,,,13.00,Feet,East,OLD HICKORY BLVD,,,,0.00,N,Not at Intersection,N,OtherLocation,None,,,         ,Johnathan,Pannell,Clear,Front to Rear,no,no,no,no,yes,False
101731741,METROPOLITAN NASHVILLE POLICE DEPT,20170723410,Davidson,Old Hickory,8/15/2017 6:09:00 PM,2,0,0,36.255567,-86.653609,ROBINSON,RD,,,0.01,Feet,South,MERRITT,ST,,,0.00,N,Not at Intersection,N,Non-Junction,None,,,         ,Codey,Mullins,Clear,"Sideswipe, Same Direction",no,no,no,no,yes,False
101731787,METROPOLITAN NASHVILLE POLICE DEPT,20170723375,Davidson,Nashville,8/15/2017 12:00:00 AM,2,0,0,36.228810,-86.789970,ALDRICH LN,,,,510.00,Feet,South,CORNISH DR,,,,0.00,N,Not at Intersection, ,Non-Junction,None,,,         ,Melvin,Taylor,Clear,Front to Rear,no,no,no,no,no,False
101731789,METROPOLITAN NASHVILLE POLICE DEPT,20170723154,Davidson,Nashville,8/15/2017 5:15:00 PM,2,0,0,36.040030,-86.780830,OLD HICKORY BLVD,,,,0.00,,,I65 N EXT RAMP,,,,0.00,Y,Y-Intersection, ,Non-Junction,None,,,         ,David,Robberson,Clear,Angle,no,no,no,no,no,False
101731800,METROPOLITAN NASHVILLE POLICE DEPT,20170723481,Davidson,Nashville,8/15/2017 12:00:00 AM,2,0,0,36.253390,-86.739130,I 65,,,,0.00,,,,,,,91.45,N,Not at Intersection,N,Non-Junction,None,,,         ,Samuel,Miller,Clear,Angle,no,no,no,no,yes,False
101731813,METROPOLITAN NASHVILLE POLICE DEPT,20170722987,Davidson,Nashville,8/15/2017 4:45:00 PM,2,1,0,36.152140,-86.792370,DIVISION ST,,,,155.00,Feet,East,MUSIC SQW,,,,0.00,N,Not at Intersection,N,Non-Junction,None,,,         ,John,Stanfield,Cloudy,Front to Rear,no,no,no,no,no,False
101731841,METROPOLITAN NASHVILLE POLICE DEPT,20170723509,Davidson,Not in City Limit,8/15/2017 8:26:00 PM,2,0,0,36.263180,-86.713090,OLD HICKORY BLVDW,,,,0.00,Feet,East,OLD TIME VILLAGE PVTDR,,,,0.00,N,Not at Intersection, ,Non-Junction,None,,,         ,Cecilia,Gomez,Clear,Angle,no,no,no,no,no,False
101731844,METROPOLITAN NASHVILLE POLICE DEPT,20170723535,Davidson,Nashville,8/15/2017 8:38:00 PM,2,0,0,36.124890,-86.847770,HARDING PKE,,,,50.00,Feet,West,WHITE BRIDGE PKE,,,,0.00,N,Not at Intersection,N,Non-Junction,None,,,         ,Walter,Gray II,Cloudy,HeadOn,no,no,no,no,no,False
101731857,METROPOLITAN NASHVILLE POLICE DEPT,20170723684,Davidson,Nashville,8/15/2017 9:20:00 PM,2,1,0,36.167490,-86.820670,28TH AVN,,,,109.00,Feet,South,JEFFERSON ST,,,,0.00,N,Not at Intersection,Y,Non-Junction,None,,,         ,Kevin,Reynolds,Clear,Angle,no,no,no,no,no,False
101731874,METROPOLITAN NASHVILLE POLICE DEPT,20170723433,Davidson,Nashville,8/15/2017 5:15:00 PM,2,0,0,36.074370,-86.629270,ANDERSON RD,,,,98.00,Feet,East,FOREST TRACE DR,,,,0.00,N,Not at Intersection,N,Non-Junction,None,,,         ,Jedidayah,Merriweather,Clear,Front to Rear,no,no,no,no,yes,False
101731894,METROPOLITAN NASHVILLE POLICE DEPT,20170715158,Davidson,Nashville,8/13/2017 12:57:00 AM,2,0,0,36.111980,-86.918680,STONECREST WAY,,,,0.00,,,,,,,0.00,,, ,Non-Junction,None,,,         ,Albert,Wilson,Clear,Front to Rear,no,no,no,yes,yes,False
101731897,METROPOLITAN NASHVILLE POLICE DEPT,2017-0723626,Davidson,Nashville,8/15/2017 6:22:00 PM,2,0,0,36.200870,-86.591750,TULIP GROVE RD,,,,0.00,,,BROOKSIDE WOODS BLVD,,,,0.00,Y,T-Intersection,N,Intersection-Related,None,,,         ,Sandra,Talavera,Clear,Angle,no,no,no,no,yes,False
101731913,Nashville Airport Police,2017-02870,Davidson,Nashville,8/14/2017 3:00:00 PM,2,0,0,36.133410,-86.665080,BNA DR,,,,0.00,Feet,,TERMINAL DR,,,,0.00,Y,OTHER, ,Unknown,None,,,         ,Zak,Soulliere,Unknown,Unknown,no,no,no,yes,yes,False
101731915,METROPOLITAN NASHVILLE POLICE DEPT,20170723963,Davidson,Antioch,8/15/2017 11:19:00 PM,1,1,0,36.042410,-86.607310,HOBSON PKE,,,,275.00,Feet,West,MURFREESBORO PKE,,,,0.00,N,Not at Intersection,N,Non-Junction,None,,,         ,William,Williams,Clear,Not Collision with Motor Vehicle in Transport,no,no,no,no,no,False
101731937,METROPOLITAN NASHVILLE POLICE DEPT,20170724519,Davidson,Nashville,8/16/2017 1:49:00 AM,2,0,0,36.053100,-86.714860,NOLENSVILLE PKE,,,,206.00,Feet,South,BREWER DR,,,,0.00,N,Not at Intersection,N,Non-Junction,None,,,         ,Cody,Jaworski,Rain,Angle,no,no,no,yes,yes,False
101731983,METROPOLITAN NASHVILLE POLICE DEPT,2017723986,Davidson,Nashville,8/15/2017 10:10:00 PM,2,0,0,36.176170,-86.785410,3RD AVN,,,,60.00,Feet,North,MADISON ST RAMP,,,,0.00,N,Not at Intersection, ,Non-Junction,None,,,         ,Trevor,Taylor,Unknown,"Sideswipe, Opposite Direction",no,no,no,yes,yes,False
101731986,METROPOLITAN NASHVILLE POLICE DEPT,20170724916,Davidson,Nashville,8/16/2017 4:30:00 AM,2,0,0,36.065940,-86.686070,I 24,,,,0.00,,,,,,,57.30,N,Not at Intersection,N,Non-Junction,None,,,         ,Clifton,Knight,Cloudy,Angle,no,no,no,no,yes,False
101732003,GOODLETTSVILLE POLICE DEPT,17-28308,Davidson,Goodlettsville,8/13/2017 4:43:00 PM,2,0,0,36.318300,-86.700530,CONFERENCE DR,,,,0.00,,,NORTHCREEK BLVD,,,,0.00,Y,T-Intersection,Y,Intersection,None,,,         ,Joseph,Waldron,Cloudy,Angle,no,no,no,no,no,False
101732010,METROPOLITAN NASHVILLE POLICE DEPT,20170725053,Davidson,Nashville,8/16/2017 5:50:00 AM,2,0,0,36.093420,-86.736270,NOLENSVILLE PKE,,,,0.00,Feet,,NATCHEZ CT,,,,0.00,Y,Four-Way,N,Intersection,None,,,         ,Brenda,Navarro,Rain,Angle,no,no,no,no,no,False
101732013,METROPOLITAN NASHVILLE POLICE DEPT,20170725124,Davidson,Not in City Limit,8/16/2017 6:30:00 AM,1,1,0,36.031230,-86.994190,HIGHWAY 100,,,,786.00,Feet,West,OLD HARDING PKE,,,,0.00,N,Not at Intersection,N,Non-Junction,None,,,         ,Curtis,Rich,Rain,Not Collision with Motor Vehicle in Transport,no,no,no,no,no,False
101732019,GOODLETTSVILLE POLICE DEPT,17-28616,Davidson,Goodlettsville,8/16/2017 6:00:00 AM,2,0,0,36.320870,-86.703750,I 65,,,,0.00,,,,,,,96.80,N,Not at Intersection, ,Non-Junction,None,,,         ,George,Forbes,Cloudy,"Sideswipe, Same Direction",no,no,no,no,no,False
101732026,METROPOLITAN NASHVILLE POLICE DEPT,20170725153,Davidson,Not in City Limit,8/16/2017 6:44:00 AM,2,0,0,36.286030,-86.808830,I 24,,,,0.00,,,,,,,39.80,N,Not at Intersection, ,Non-Junction,None,,,         ,Michael,McCord,Cloudy,Front to Rear,no,no,no,no,no,False
101732029,METROPOLITAN NASHVILLE POLICE DEPT,20170725122,Davidson,Nashville,8/16/2017 6:33:00 AM,2,0,0,36.085700,-86.700000,I 24,,,,0.00,,,,,,,55.75,N,Not at Intersection,N,Non-Junction,None,,,         ,Justin,McCormick,Rain,Angle,no,no,no,no,no,False
101732032,METROPOLITAN NASHVILLE POLICE DEPT,20170725203,Davidson,Nashville,8/16/2017 7:18:00 AM,1,0,0,36.196260,-86.687630,BRILEY PKWYN,,,,140.00,Feet,North,BRILEY PKWY N EXT RAMP,,,,0.00,N,Not at Intersection,N,Non-Junction,None,,,         ,Tyler,Adcock,Rain,Not Collision with Motor Vehicle in Transport,no,no,no,no,no,False
101732041,METROPOLITAN NASHVILLE POLICE DEPT,20170725186,Davidson,Nashville,8/16/2017 7:00:00 AM,2,0,0,36.081190,-86.611230,CASTLEGATE DR,,,,0.00,,,NAUTILUS DR,,,,0.00,Y,T-Intersection,N,Intersection-Related,None,,,         ,Brian,Ewing,Rain,Angle,no,no,no,no,no,False
101732045,METROPOLITAN NASHVILLE POLICE DEPT,20170725149,Davidson,Nashville,8/16/2017 6:39:00 AM,3,0,0,36.141090,-86.661690,I 40,,,,0.00,,,,,,,218.00,N,Not at Intersection,N,Non-Junction,None,,,         ,Michael,Dance,Rain,Front to Rear,no,no,no,no,yes,False
101732047,METROPOLITAN NASHVILLE POLICE DEPT,20170725268,Davidson,Nashville,8/16/2017 8:00:00 AM,2,0,0,36.171270,-86.870980,CENTENNIAL BLVD,,,,0.00,,,BRILEY PKWY S EXT RAMP,,,,0.00,Y,T-Intersection, ,Intersection,None,,,         ,Curtis,Rich,Rain,Front to Rear,no,no,no,no,no,False
101732048,METROPOLITAN NASHVILLE POLICE DEPT,20170725295,Davidson,Nashville,8/16/2017 7:15:00 AM,2,0,0,36.078640,-86.758690,TROUSDALE DR,,,,300.00,Feet,North,BRIARWOOD DR,,,,0.00,N,Not at Intersection, ,Non-Junction,None,,,         ,Randall,Combs,Rain,"Sideswipe, Same Direction",no,no,no,no,yes,False
101732049,METROPOLITAN NASHVILLE POLICE DEPT,20170725252,Davidson,Nashville,8/16/2017 7:41:00 AM,2,0,0,36.070890,-86.730540,WHISPERING HILLS DR,,,,66.00,Feet,North,ADAMWOOD DR,,,,0.00,N,Not at Intersection,N,Non-Junction,None,,,         ,Devonte,Coleman,Rain,Front to Rear,no,no,no,no,no,False
101732052,METROPOLITAN NASHVILLE POLICE DEPT,20170725194,Davidson,Nashville,8/16/2017 7:11:00 AM,2,1,0,36.091780,-86.704470,I 24,,,,0.00,,,,,,,55.25,N,Not at Intersection,N,Non-Junction,None,,,         ,Michael,Dudley,Rain,Front to Rear,no,no,no,no,yes,False
101732055,METROPOLITAN NASHVILLE POLICE DEPT,20170725304,Davidson,Nashville,8/16/2017 8:04:00 AM,2,1,0,36.188920,-86.746110,GALLATIN AV,,,,130.00,Feet,South,SHARPE AV,,,,0.00,N,Not at Intersection,N,Non-Junction,None,,,         ,Richard,Conger,Cloudy,Front to Rear,no,no,no,no,no,False
101732070,METROPOLITAN NASHVILLE POLICE DEPT,2017-0725439,Davidson,Nashville,8/16/2017 8:15:00 AM,2,1,0,36.141910,-86.665690,I40 W EXT RAMP,,,,0.00,Feet,East,I 40,,,,0.00,N,Not at Intersection,Y,Entrance/Exit Ramp Related,None,,,         ,John,Nicholson,Rain,Front to Rear,no,no,no,no,no,False
101732071,METROPOLITAN NASHVILLE POLICE DEPT,20170725243,Davidson,Antioch,8/16/2017 7:35:00 AM,2,2,0,36.009380,-86.615140,I 24,,,,0.00,,,,,,,63.00,N,Not at Intersection,N,Non-Junction,None,,,         ,Thomas,White,Rain,Front to Rear,no,no,no,no,no,False
101732072,METROPOLITAN NASHVILLE POLICE DEPT,20170725468,Davidson,Nashville,8/16/2017 8:55:00 AM,2,0,0,36.153070,-86.848830,I40 E EXT RAMP,,,,66.00,Feet,West,ALABAMA AV,,,,0.00,N,Not at Intersection, ,Non-Junction,None,,,         ,Curtis,Rich,Cloudy,Front to Rear,no,no,no,no,no,False
101732079,METROPOLITAN NASHVILLE POLICE DEPT,20170725270,Davidson,Nashville,8/16/2017 7:45:00 AM,2,0,0,36.119240,-86.758670,MELROSE AV,,,,65.00,Feet,East,FOUR FORTY CENTER PVTDR,,,,0.00,N,Not at Intersection,N,Non-Junction,None,,,         ,Randall,Ward,Cloudy,Front to Rear,no,no,no,no,no,False
101732080,METROPOLITAN NASHVILLE POLICE DEPT,20170725148,Davidson,Nashville,8/16/2017 6:32:00 AM,1,0,0,36.242210,-86.773120,MASONWOOD DR,,,,51.00,Feet,East,MOOREWOOD DR,,,,0.00,N,Not at Intersection, ,Non-Junction,None,,,         ,Thomas,Odom,Rain,Not Collision with Motor Vehicle in Transport,no,no,no,no,no,False
101732081,METROPOLITAN NASHVILLE POLICE DEPT,20170725266,Davidson,Nashville,8/16/2017 7:51:00 AM,3,1,0,36.232640,-86.781440,EWING LN,,,,0.00,,,BRICK CHURCH PKE,,,,0.00,Y,Four-Way,N,Intersection,None,,,         ,Thomas,Odom,Rain,Front to Rear,no,no,no,no,no,False
101732082,METROPOLITAN NASHVILLE POLICE DEPT,20170725461,Davidson,Goodlettsville,8/16/2017 8:59:00 AM,2,1,0,36.301530,-86.691820,TWIN HILLS DR,,,,0.00,,,RIVERGATE MARKETPLACE PVTDR,,,,0.00,Y,Four-Way,N,Intersection,None,,,         ,Thomas,Odom,Rain,Angle,no,no,no,no,yes,False
101732085,GOODLETTSVILLE POLICE DEPT,17-28621,Davidson,Goodlettsville,8/16/2017 7:45:00 AM,2,0,0,36.307480,-86.695270,VIETNAM VETERANS BLVD SB RAMP,,,,0.00,Feet,East,CONFERENCE DR,,,,0.00,N,Not at Intersection,N,Non-Junction,None,,,         ,George,Forbes,Rain,Front to Rear,no,no,no,no,yes,False
101732096,METROPOLITAN NASHVILLE POLICE DEPT,20170725525,Davidson,Nashville,8/16/2017 9:00:00 AM,1,1,0,36.101230,-86.740250,NOLENSVILLE PKE,,,,45.00,Feet,South,MCCLELLAN AV,,,,0.00,N,Not at Intersection,N,Non-Junction,None,,,         ,Earl,Davis,Rain,Not Collision with Motor Vehicle in Transport,no,no,no,no,no,False
101732099,METROPOLITAN NASHVILLE POLICE DEPT,20170725458,Davidson,Nashville,8/16/2017 8:02:00 AM,2,0,0,36.139510,-86.700310,KAREN DR,,,,0.00,,,BRILEY PKWY,,,,0.00,Y,Four-Way,N,Intersection,None,,,         ,Michael,Dance,Clear,Front to Rear,no,no,no,no,yes,False
101732102,METROPOLITAN NASHVILLE POLICE DEPT,20170725358,Davidson,Nashville,8/16/2017 8:15:00 AM,3,1,0,36.161660,-86.802640,DR D B TODD JR BLVD,,,,64.00,Feet,West,18TH AVN,,,,0.00,N,Not at Intersection,N,Non-Junction,None,,,         ,Isaac,Wood,Rain,Front to Rear,no,no,no,no,no,False