master_record_number,agency,agency_tracking_number,county,city,collision_date,vehicles_involved,number_injured,number_dead,latitude,longitude,roadway_name,roadway_suffix,roadway_number,roadway_local_id,distance_from_reference,miles-feet_indicator,direction_from_reference,intersection_road_name,intersection_road_name_suffix,intersection_road_number,intersection_local_id,mile_marker,intersection_indicator,intersect_type,interchange_related_indicator,relation_to_junction,work_zone_type,construction_maintenance_zone,construction_maintenance_zone_location,fatal_case_number,officer_first_name,officer_last_name,weather_condition(s),manner_of_crash,pedestrian,bicycle,scooter,parking,hitrun,mou
101735026,METROPOLITAN NASHVILLE POLICE DEPT,20170735172,Davidson,Nashville,8/19/2017 1:02:00 AM,2,0,0,36.153380,-86.766670,LINDSLEY AV,,,,113.00,Feet,West,UNIVERSITY ST,,,,0.00,N,Not at Intersection,N,Non-Junction,None,,,         ,John,Anderson,Clear,Front to Rear,no,no,no,no,no,False
101735028,METROPOLITAN NASHVILLE POLICE DEPT,20170735514,Davidson,Nashville,8/19/2017 12:00:00 AM,2,0,0,36.162810,-86.840080,44TH AVN,,,,528.00,Feet,South,DR WALTER S DAVIS BLVD,,,,0.00,N,Not at Intersection,N,Non-Junction,None,,,         ,Terrance,Stuckey,Clear,HeadOn,no,no,no,no,yes,False
101735036,METROPOLITAN NASHVILLE POLICE DEPT,20170735454,Davidson,Nashville,8/19/2017 2:20:00 AM,2,0,0,36.118400,-86.700450,MURFREESBORO PKE,,,,0.00,Feet,,BRILEY PKWYS,,,,0.00,Y,Four-Way, ,Non-Junction,None,,,         ,Erik,Dabbs,Clear,Front to Rear,no,no,no,no,no,False
101735037,METROPOLITAN NASHVILLE POLICE DEPT,20170735561,Davidson,Nashville,8/19/2017 3:11:00 AM,2,0,0,36.197390,-86.687890,OPRY MILLS DR,,,,0.00,Feet,West,BRILEY PKWYN,,,,0.00,N,Not at Intersection,N,Non-Junction,None,,,         ,Tyler,Manivong,Clear,Front to Rear,no,no,no,no,no,False
101735038,METROPOLITAN NASHVILLE POLICE DEPT,20170735596,Davidson,Nashville,8/19/2017 3:29:00 AM,2,0,0,36.192570,-86.829450,CLARKSVILLE PKE,,,,148.00,Feet,West,CLIFF DR,,,,0.00,N,Not at Intersection, ,Non-Junction,None,,,         ,James,Murphy,Clear,"Sideswipe, Same Direction",no,no,no,yes,yes,False
101735040,METROPOLITAN NASHVILLE POLICE DEPT,20170735677,Davidson,Nashville,8/19/2017 4:10:00 AM,2,0,0,36.155720,-86.798050,18TH AVN,,,,90.00,Feet,North,HUBBS ALY,,,,0.00,N,Not at Intersection,N,Non-Junction,None,,,         ,Nicholas,Smith,Clear,HeadOn,no,no,no,no,yes,False
101735047,METROPOLITAN NASHVILLE POLICE DEPT,20170735674,Davidson,Nashville,8/19/2017 12:00:00 AM,2,0,0,36.184420,-86.734250,SCOTT AV,,,,113.00,Feet,North,FRANKLIN AV,,,,0.00,N,Not at Intersection,N,Non-Junction,None,,,         ,Christopher,Dameron,Clear,HeadOn,no,no,no,no,yes,False
101735076,METROPOLITAN NASHVILLE POLICE DEPT,20170735187,Davidson,Nashville,8/19/2017 12:55:00 AM,2,2,0,36.149000,-86.666280,DONELSON PKE,,,,69.00,Feet,North,ELM HILL PKE,,,,0.00,N,Not at Intersection,Y,Non-Junction,None,,,         ,Kyle,Berkheiser,Clear,Front to Rear,no,no,no,no,yes,False
101735078,METROPOLITAN NASHVILLE POLICE DEPT,20170735351,Davidson,Nashville,8/19/2017 1:55:00 AM,2,1,0,36.160470,-86.778440,5TH AVS,,,,0.00,,,BROADWAY,,,,0.00,Y,Four-Way,N,Intersection,None,,,         ,Katelin,Ehrhardt,Clear,Angle,no,no,no,no,no,False
101735083,METROPOLITAN NASHVILLE POLICE DEPT,20170735841,Davidson,Nashville,8/19/2017 5:50:00 AM,2,0,0,36.182270,-86.607960,OLD HICKORY BLVD,,,,0.00,,,ANDREW JACKSON WAY,,,,0.00,Y,Four-Way,N,Intersection,None,,,         ,Leonard,Spadavecchia,Clear,Front to Rear,no,no,no,no,yes,False
101735092,METROPOLITAN NASHVILLE POLICE DEPT,20170735719,Davidson,Not in City Limit,8/19/2017 3:15:00 AM,1,1,0,36.048100,-86.940830,HIGHWAY 100,,,,250.00,Feet,West,TRACE CREEK DR,,,,0.00,N,Not at Intersection,N,Non-Junction,None,,,         ,Edward,Holden,Clear,Not Collision with Motor Vehicle in Transport,no,no,no,no,no,False
101735107,GOODLETTSVILLE POLICE DEPT,17-28961,Davidson,Goodlettsville,8/18/2017 4:39:00 PM,2,0,0,36.312017,-86.680095,VIETNAM VETERANS BLVD,,SR386,BYPASS,2000.00,Feet,North,CONFERENCE DR.,,,,1.08,N,Not at Intersection, ,Non-Junction,None,,,         ,John,Spencer,Clear,Front to Rear,no,no,no,no,no,False
101735134,METROPOLITAN NASHVILLE POLICE DEPT,20170735951,Davidson,Nashville,8/19/2017 7:30:00 AM,1,1,0,36.152760,-86.826700,CHARLOTTE AV,,,,0.00,,,35TH AVN,,,,0.00,Y,T-Intersection,N,Intersection,None,,,         ,Michael,Pyle,Clear,Not Collision with Motor Vehicle in Transport,no,yes,no,no,yes,False
101735142,METROPOLITAN NASHVILLE POLICE DEPT,20170736038,Davidson,Nashville,8/19/2017 8:25:00 AM,2,1,0,36.041140,-86.776210,BRENTWOOD TRC,,,,0.00,,,BRENTWOOD COMMONS WAY,,,,0.00,Y,Four-Way,N,Intersection,None,,,         ,Earl,Davis,Clear,HeadOn,no,no,no,no,no,False
101735147,METROPOLITAN NASHVILLE POLICE DEPT,20170736003,Davidson,Nashville,8/19/2017 6:30:00 AM,1,0,0,36.194210,-86.776180,I 24,,,,0.00,,,,,,,46.60,N,Not at Intersection,N,Non-Junction,None,,,         ,Michael,Parman,Cloudy,Not Collision with Motor Vehicle in Transport,no,no,no,no,yes,False
101735181,METROPOLITAN NASHVILLE POLICE DEPT,20170736011,Davidson,Nashville,8/19/2017 8:13:00 AM,2,0,0,36.196470,-86.776120,I 65,,,,0.00,,,,,,,86.60,N,Not at Intersection,N,Non-Junction,None,,,         ,James,Wray,Clear,"Sideswipe, Same Direction",no,no,no,no,no,False
101735196,METROPOLITAN NASHVILLE POLICE DEPT,20170736036,Davidson,Nashville,8/19/2017 8:18:00 AM,2,0,0,36.209280,-86.776160,I65 S EXT RAMP,,,,0.00,Feet,East,I 65,,,,0.00,N,Not at Intersection, ,Non-Junction,None,,,         ,Nicholas,MacDougall,Clear,"Sideswipe, Same Direction",no,no,no,no,no,False
101735203,METROPOLITAN NASHVILLE POLICE DEPT,20170736097,Davidson,Nashville,8/19/2017 8:27:00 AM,3,0,0,36.209760,-86.776060,I 65,,,,0.00,,,,,,,87.60,N,Not at Intersection, ,Non-Junction,None,,,         ,James,Jarvis,Clear,Front to Rear,no,no,no,no,no,False
101735233,METROPOLITAN NASHVILLE POLICE DEPT,20170736267,Davidson,Nashville,8/19/2017 10:40:00 AM,2,0,0,36.154160,-86.757810,I 40,,,,0.00,,,,,,,211.10,N,Not at Intersection, ,Entrance/Exit Ramp Related,None,,,         ,Gerry,Hutcheson,Clear,Front to Rear,no,no,no,no,no,False
101735236,METROPOLITAN NASHVILLE POLICE DEPT,20170736132,Davidson,Nashville,8/19/2017 2:45:00 AM,2,0,0,36.104440,-86.733350,KINROSS AV,,,,185.00,Feet,South,MORTON AV,,,,0.00,N,Not at Intersection,N,Non-Junction,None,,,         ,James,Thomas,Clear,Angle,no,no,no,no,yes,False
101735246,METROPOLITAN NASHVILLE POLICE DEPT,20170736005,Davidson,Nashville,8/19/2017 8:00:00 AM,3,3,0,36.129490,-86.714700,MURFREESBORO PKE,,,,0.00,,,MILLWOOD DR,,,,0.00,Y,T-Intersection,N,Intersection,None,,,         ,John,Hoesli,Clear,Front to Rear,no,no,no,no,no,False
101735254,METROPOLITAN NASHVILLE POLICE DEPT,20170736355,Davidson,Nashville,8/19/2017 11:25:00 AM,2,0,0,36.217830,-86.597630,ANDREW JACKSON PKWY,,,,0.00,,,JACKSON MEADOWS DR,,,,0.00,Y,T-Intersection,N,Intersection-Related,None,,,         ,William,Mckay,Clear,Angle,no,no,no,no,no,False
101735260,METROPOLITAN NASHVILLE POLICE DEPT,20170736291,Davidson,Nashville,8/19/2017 8:59:00 AM,2,0,0,36.166880,-86.779430,3RD AVN,,,,0.00,,,CHARLOTTE AV,,,,0.00,Y,OTHER,N,Intersection,None,,,         ,Frank,Campbell,Cloudy,Angle,no,no,no,no,yes,False
101735303,METROPOLITAN NASHVILLE POLICE DEPT,2017-0736383,Davidson,Nashville,8/19/2017 11:50:00 AM,2,2,0,36.162420,-86.759300,CRUTCHER ST,,,,0.00,,,S 5TH ST,,,,0.00,Y,Four-Way,N,Intersection,None,,,         ,William,Whitworth,Clear,Angle,no,no,no,no,no,False
101735320,METROPOLITAN NASHVILLE POLICE DEPT,20170736366,Davidson,Nashville,8/19/2017 11:30:00 AM,2,0,0,36.144620,-86.749840,MURFREESBORO PKE,,,,0.00,,,ELM HILL PKE,,,,0.00,Y,T-Intersection, ,Intersection,None,,,         ,John,Hoesli,Clear,Angle,no,no,no,no,no,False
101735325,METROPOLITAN NASHVILLE POLICE DEPT,2017-0736481,Davidson,Not in City Limit,8/19/2017 12:15:00 PM,2,0,0,36.269870,-86.755400,DICKERSON PKE,,,,243.00,Feet,North,OLD HICKORY BLVD,,,,0.00,N,Not at Intersection,N,Non-Junction,None,,,         ,Arthur,Hipp,Clear,Angle,no,no,no,yes,yes,False
101735341,METROPOLITAN NASHVILLE POLICE DEPT,20170736479,Davidson,Nashville,8/19/2017 12:35:00 PM,2,0,0,36.157800,-86.781390,8TH AVS,,,,32.00,Feet,South,MCGAVOCK ST,,,,0.00,N,Not at Intersection, ,Non-Junction,Construction Zone,,,         ,Amery,Milligan,Clear,"Sideswipe, Same Direction",no,no,no,no,no,False
101735347,METROPOLITAN NASHVILLE POLICE DEPT,20170736476,Davidson,Nashville,8/19/2017 12:35:00 PM,2,0,0,36.182640,-86.735670,EASTLAND AV,,,,0.00,,,CHAPEL AV,,,,0.00,Y,T-Intersection, ,Non-Junction,None,,,         ,Gregory,Cenicola,Clear,"Sideswipe, Same Direction",no,no,no,no,no,False
101735349,METROPOLITAN NASHVILLE POLICE DEPT,20170736390,Davidson,Nashville,8/19/2017 11:00:00 AM,1,0,0,36.072428,-86.598301,DOVE CREEK,RD,SR1,,0.00,,,DOVE CREEK,RD,SR,,0.00,Y,OTHER, ,Non-Junction,None,,,         ,Steven,Williams,Clear,Not Collision with Motor Vehicle in Transport,no,no,no,no,yes,False
101735367,METROPOLITAN NASHVILLE POLICE DEPT,20170736528,Davidson,Nashville,8/19/2017 1:10:00 PM,1,0,0,36.123300,-86.772920,I 65,,,,0.00,,,,,,,80.60,N,Not at Intersection,N,Non-Junction,None,,,         ,Citlaly,Juarez,Clear,Not Collision with Motor Vehicle in Transport,no,no,no,no,no,False
101735379,METROPOLITAN NASHVILLE POLICE DEPT,20170736603,Davidson,Nashville,8/19/2017 1:30:00 PM,2,0,0,36.162420,-86.759300,CRUTCHER ST,,,,0.00,,,S 5TH ST,,,,0.00,Y,Four-Way, ,Intersection,None,,,         ,Tony,Folad,Clear,Angle,no,no,no,no,no,False
101735381,METROPOLITAN NASHVILLE POLICE DEPT,20170736540,Davidson,Nashville,8/19/2017 1:10:00 PM,2,0,0,36.119820,-86.773510,I 65,,,,0.00,,,,,,,80.45,N,Not at Intersection, ,Non-Junction,None,,,         ,Brent,Bauer,Cloudy,Front to Rear,no,no,no,no,no,False
101735396,METROPOLITAN NASHVILLE POLICE DEPT,20170736635,Davidson,Nashville,8/19/2017 1:46:00 PM,2,0,0,36.153930,-86.857490,BRILEY PKWYN,,,,0.00,,,ROBERTSON AV,,,,0.00,Y,Four-Way,N,Intersection,None,,,         ,Michael,Pyle,Clear,Angle,no,no,no,no,yes,False
101735399,METROPOLITAN NASHVILLE POLICE DEPT,20170736604,Davidson,Nashville,8/19/2017 1:37:00 PM,2,0,0,36.161000,-86.793130,CHARLOTTE AV,,,,151.00,Feet,West,GEORGE L DAVIS BLVD,,,,0.00,N,Not at Intersection, ,Non-Junction,None,,,         ,Nicholas,MacDougall,Clear,"Sideswipe, Same Direction",no,no,no,no,no,False
101735416,METROPOLITAN NASHVILLE POLICE DEPT,20170736617,Davidson,Nashville,8/19/2017 1:40:00 PM,2,0,0,36.137090,-86.726630,I40 E ENT RAMP,,,,0.00,Feet,East,I 24,,,,0.00,N,Not at Intersection, ,,None,,,         ,Erik,Nash,,,no,no,no,no,no,False
101735418,METROPOLITAN NASHVILLE POLICE DEPT,20170736660,Davidson,Nashville,8/19/2017 1:55:00 PM,2,0,0,36.111620,-86.792580,WOODMONT BLVD,,,,0.00,,,GRANNY WHITE PKE,,,,0.00,Y,Four-Way, ,Intersection-Related,None,,,         ,Kevin,Crawford,Clear,Front to Rear,no,no,no,no,no,False
101735419,METROPOLITAN NASHVILLE POLICE DEPT,20170736586,Davidson,Nashville,8/19/2017 1:30:00 PM,2,4,0,36.107100,-86.768310,I 65,,,,0.00,,,,,,,79.50,N,Not at Intersection,N,Non-Junction,None,,,         ,Citlaly,Juarez,Clear,HeadOn,no,no,no,no,no,False
101735425,METROPOLITAN NASHVILLE POLICE DEPT,20170736323,Davidson,Nashville,8/19/2017 1:35:00 PM,2,0,0,36.175590,-86.782240,1ST AVN,,,,0.00,,,JEFFERSON ST,,,,0.00,Y,OTHER, ,Non-Junction,None,,,         ,William,Gibbs,Clear,"Sideswipe, Same Direction",no,no,no,no,no,False
101735447,METROPOLITAN NASHVILLE POLICE DEPT,20170736684,Davidson,Nashville,8/19/2017 1:19:00 PM,3,0,0,36.061790,-86.676180,ANTIOCH PKE,,,,874.00,Feet,West,GOODWIN RD,,,,0.00,N,Not at Intersection, ,Non-Junction,None,,,         ,Robert,Erickson,Clear,Front to Rear,no,no,no,no,no,False
101735503,BERRY HILL POLICE DEPT,17-2826,Davidson,Berry Hill,8/19/2017 3:10:00 PM,2,0,0,36.125790,-86.765870,BRANSFORD AV,,,,0.00,,,CRAIGHEAD ST,,,,0.00,Y,Four-Way, ,,None,,,         ,Stephen,Reece,,,no,no,no,no,no,False
101735504,METROPOLITAN NASHVILLE POLICE DEPT,20170736577,Davidson,Nashville,8/19/2017 12:47:00 PM,2,0,0,36.134430,-86.723150,MURFREESBORO PKE,,,,226.00,Feet,West,PLUS PARK BLVD,,,,0.00,N,Not at Intersection, ,Non-Junction,None,,,         ,Terry,Denton,Clear,Front to Rear,no,no,no,no,no,False
101735518,METROPOLITAN NASHVILLE POLICE DEPT,20170736749,Davidson,Nashville,8/19/2017 2:45:00 PM,2,0,0,36.185630,-86.796780,I 65,,,,0.00,,,,,,,85.45,N,Not at Intersection, ,Non-Junction,None,,,         ,Landon,Bagwell,,Front to Rear,no,no,no,no,no,False
101735553,METROPOLITAN NASHVILLE POLICE DEPT,20170736915,Davidson,Nashville,8/19/2017 3:35:00 PM,2,0,0,36.069020,-86.681610,RICHARDS RD,,,,122.00,Feet,West,CUMMINGS PARK DR,,,,0.00,N,Not at Intersection, ,Non-Junction,None,,,         ,Eric,Keller,Clear,"Sideswipe, Opposite Direction",no,no,no,no,no,False
101735561,METROPOLITAN NASHVILLE POLICE DEPT,20170736885,Davidson,Nashville,8/19/2017 1:30:00 PM,2,0,0,36.135410,-86.726900,I24E,,,,443.00,Feet,South,I24 W ENT RAMP,,,,0.00,N,Not at Intersection, ,Non-Junction,None,,,         ,William,McDaniel,Clear,Front to Rear,no,no,no,no,no,False
101735563,METROPOLITAN NASHVILLE POLICE DEPT,20170736889,Davidson,Nashville,8/19/2017 3:46:00 PM,2,0,0,36.137390,-86.800780,21ST AVS,,,,66.00,Feet,South,WEDGEWOOD AV,,,,0.00,N,Not at Intersection,N,Non-Junction,None,,,         ,Nicholas,Carroll,Clear,"Sideswipe, Same Direction",no,no,no,no,yes,Campus
101735566,METROPOLITAN NASHVILLE POLICE DEPT,20170736851,Davidson,Not in City Limit,8/19/2017 3:34:00 PM,2,0,0,36.264210,-86.733860,HEAD DR,,,,0.00,,,OLD HICKORY BLVDW,,,,0.00,Y,T-Intersection,N,Intersection-Related,None,,,         ,Christopher,Littles,Cloudy,Angle,no,no,no,no,no,False
101735567,METROPOLITAN NASHVILLE POLICE DEPT,20170736815,Davidson,Not in City Limit,8/19/2017 3:12:00 PM,2,1,0,36.264450,-86.732280,OLD HICKORY BLVDW,,,,0.00,,,N GRAYCROFT AV,,,,0.00,Y,Four-Way,N,Intersection,None,,,         ,Christopher,Littles,Cloudy,Angle,no,no,no,no,yes,False
101735568,METROPOLITAN NASHVILLE POLICE DEPT,20170736770,Davidson,Nashville,8/19/2017 2:26:00 PM,2,1,0,36.100920,-86.730610,ANTIOCH PKE,,,,0.00,,,SOUTHLAKE DR,,,,0.00,Y,T-Intersection,N,Intersection,None,,,         ,Je-Marc,Sears,Clear,HeadOn,no,no,no,no,no,False
101735574,METROPOLITAN NASHVILLE POLICE DEPT,20170736599,Davidson,Nashville,8/19/2017 1:25:00 PM,2,0,0,36.154180,-86.745100,LEBANON PKE,,,,536.00,Feet,West,FESSLERS LN,,,,0.00,N,Not at Intersection,N,Non-Junction,None,,,         ,Johnathan,Pannell,Clear,Front to Rear,no,no,no,no,no,False
101735583,METROPOLITAN NASHVILLE POLICE DEPT,20170736887,Davidson,Nashville,8/19/2017 1:50:00 PM,2,0,0,36.135300,-86.726740,I 24,,,,0.00,,,,,,,52.20,N,Not at Intersection, ,Non-Junction,None,,,         ,William,McDaniel,Clear,Front to Rear,no,no,no,no,no,False
101735584,METROPOLITAN NASHVILLE POLICE DEPT,20170736845,Davidson,Not in City Limit,8/19/2017 3:32:00 PM,1,0,0,36.265810,-86.756900,DICKERSON PKE,,,,416.00,Feet,South,DARBYTOWN DR,,,,0.00,N,Not at Intersection,N,Non-Junction,None,,,         ,Janelle,Keslar,Clear,Not Collision with Motor Vehicle in Transport,no,no,no,no,no,False
101735586,METROPOLITAN NASHVILLE POLICE DEPT,20170736928,Davidson,Nashville,8/19/2017 3:44:00 PM,2,0,0,36.110970,-86.746050,THOMPSON LN,,,,41.00,Feet,West,ELIZABETH ST,,,,0.00,N,Not at Intersection, ,,None,,,         ,Trenton,Searcy,,,no,no,no,no,no,False
101735613,METROPOLITAN NASHVILLE POLICE DEPT,20170737107,Davidson,Nashville,8/19/2017 5:33:00 PM,2,0,0,36.238310,-86.782530,BRILEY PKWYW,,,,200.00,Feet,East,I24 W ENT RAMP,,,,0.00,N,Not at Intersection, ,Non-Junction,None,,,         ,Christopher,Littles,Cloudy,Front to Rear,no,no,no,no,no,False
101735620,METROPOLITAN NASHVILLE POLICE DEPT,20170737106,Davidson,Nashville,8/19/2017 5:30:00 PM,1,0,0,36.047230,-86.655580,HICKORY HOLLOW PKWY,,,,157.00,Feet,South,BELL RD,,,,0.00,N,Not at Intersection,N,Non-Junction,None,,,         ,Nathaniel,Myers,Clear,Not Collision with Motor Vehicle in Transport,no,no,no,yes,yes,False
101735628,METROPOLITAN NASHVILLE POLICE DEPT,20170736833,Davidson,Nashville,8/19/2017 3:25:00 PM,2,0,0,36.143540,-86.702250,I 40,,,,0.00,,,,,,,214.60,N,Not at Intersection,N,Non-Junction,None,,,         ,Johnathan,Pannell,Clear,Front to Rear,no,no,no,no,no,False
101735629,VANDERBILT UNIVERSITY POLICE,17-0737131,Davidson,Nashville,8/19/2017 6:00:00 PM,2,0,0,36.107270,-86.764550,POWELL AVE,,,,0.00,,,,,,,0.00,,, ,Non-Junction,None,,,         ,William,Amburn,Clear,"Sideswipe, Opposite Direction",no,no,no,yes,no,OHO
101735642,METROPOLITAN NASHVILLE POLICE DEPT,20170737055,Davidson,Nashville,8/19/2017 5:21:00 PM,2,0,0,36.159640,-86.792470,I 40,,,,0.00,,,,,,,208.80,N,Not at Intersection, ,,None,,,         ,David,Collins,,,no,no,no,no,no,False
101735656,METROPOLITAN NASHVILLE POLICE DEPT,20170737184,Davidson,Nashville,8/19/2017 6:30:00 PM,2,0,0,36.150670,-86.824320,ELKINS AV,,,,169.00,Feet,West,33RD AVN,,,,0.00,N,Not at Intersection, ,,None,,,         ,Barrett,Teague,,,no,no,no,no,no,False
101735657,METROPOLITAN NASHVILLE POLICE DEPT,20170737155,Davidson,Nashville,8/19/2017 6:19:00 PM,2,0,0,36.176390,-86.767370,SPRING ST ENT RAMP,,,,0.00,,,SPRING ST,,,,0.00,Y,OTHER, ,Entrance/Exit Ramp Related,None,,,         ,Phillip,Box,Clear,Front to Rear,no,no,no,no,no,False
101735659,METROPOLITAN NASHVILLE POLICE DEPT,20170737023,Davidson,Nashville,8/19/2017 4:20:00 PM,2,0,0,36.047730,-86.713550,NOLENSVILLE PKE,,,,389.00,Feet,South,HICKORYVIEW DR,,,,0.00,N,Not at Intersection, ,Non-Junction,None,,,         ,Allyson,Reis,Clear,Angle,no,no,no,no,no,False
101735670,METROPOLITAN NASHVILLE POLICE DEPT,20170737182,Davidson,Nashville,8/19/2017 6:26:00 PM,2,0,0,36.129490,-86.714700,MURFREESBORO PKE,,,,0.00,,,MILLWOOD DR,,,,0.00,Y,T-Intersection,N,Intersection-Related,None,,,         ,Kimberly,Annson,Clear,Rear to Rear,no,no,no,no,yes,False
101735688,METROPOLITAN NASHVILLE POLICE DEPT,20170737186,Davidson,Nashville,8/19/2017 5:30:00 PM,2,0,0,36.153900,-86.818470,CHARLOTTE AV,,,,75.00,Feet,West,28TH AVN,,,,0.00,N,Not at Intersection,N,Non-Junction,None,,,         ,Bradley,Pope,Cloudy,Front to Rear,no,no,no,no,no,False
101735689,METROPOLITAN NASHVILLE POLICE DEPT,20170737019,Davidson,Nashville,8/19/2017 12:00:00 AM,2,0,0,36.169180,-86.689950,BRILEY PKWY S EXT RAMP,,,,341.00,Feet,North,BRILEY PKWY S ENT RAMP,,,,0.00,N,Not at Intersection, ,,None,,,         ,Craig,Gentry,,,no,no,no,no,no,False
101735696,METROPOLITAN NASHVILLE POLICE DEPT,20170737358,Davidson,Nashville,8/19/2017 7:40:00 PM,2,0,0,36.126700,-86.711090,EAST THOMPSON LN,,,,0.00,,,THOMPSON PL,,,,0.00,Y,Four-Way, ,Intersection,None,,,         ,Kimberly,Annson,Clear,Front to Rear,no,no,no,no,no,False
101735698,METROPOLITAN NASHVILLE POLICE DEPT,20170737080,Davidson,Nashville,8/19/2017 5:08:00 PM,2,0,0,36.148880,-86.774650,I 40,,,,0.00,,,,,,,210.15,N,Not at Intersection, ,,None,,,         ,Phillip,Box,,,no,no,no,no,no,False
101735756,METROPOLITAN NASHVILLE POLICE DEPT,20170737326,Davidson,Not in City Limit,8/19/2017 12:00:00 AM,1,0,0,36.262440,-86.789920,I 24,,,,0.00,,,,,,,41.70,N,Not at Intersection,N,Non-Junction,None,,,         ,Frederick,Ware,Clear,Not Collision with Motor Vehicle in Transport,no,no,no,no,no,False
101735757,METROPOLITAN NASHVILLE POLICE DEPT,20170737440,Davidson,Nashville,8/19/2017 8:08:00 PM,2,0,0,36.171850,-86.788970,7TH AVN,,,,708.00,Feet,South,JEFFERSON ST,,,,0.00,N,Not at Intersection, ,Non-Junction,None,,,         ,David,Snowden,Clear,Unknown,no,no,no,yes,no,False
101735759,METROPOLITAN NASHVILLE POLICE DEPT,20170737525,Davidson,Nashville,8/19/2017 8:35:00 PM,2,1,0,36.163090,-86.819480,I40 E ENT RAMP,,,,0.00,,,I 40,,,,0.00,Y,T-Intersection,N,Entrance/Exit Ramp Related,None,,,         ,Samuel,Galluzzi,Clear,Front to Rear,no,no,no,no,no,False
101735761,METROPOLITAN NASHVILLE POLICE DEPT,20170737498,Davidson,Nashville,8/19/2017 5:55:00 PM,2,0,0,36.150140,-86.858020,CHARLOTTE PKE,,,,0.00,,,WHITE BRIDGE PKE,,,,0.00,Y,Four-Way, ,Intersection-Related,None,,,         ,Joseph,Jakes,Cloudy,Front to Rear,no,no,no,no,yes,False
101735785,METROPOLITAN NASHVILLE POLICE DEPT,20170737422,Davidson,Nashville,8/19/2017 8:10:00 PM,2,0,0,36.232040,-86.769750,I 65,,,,0.00,,,,,,,89.15,N,Not at Intersection, ,Non-Junction,None,,,         ,Christopher,Littles,Cloudy,"Sideswipe, Same Direction",no,no,no,no,no,False
101735792,METROPOLITAN NASHVILLE POLICE DEPT,20170737660,Davidson,Nashville,8/19/2017 9:20:00 PM,2,0,0,36.049960,-86.649560,BELL RD,,,,0.00,,,MT VIEW RD,,,,0.00,Y,Four-Way,N,Non-Junction,None,,,         ,Benny,Pittman,Clear,Front to Rear,no,no,no,no,no,False
101735793,METROPOLITAN NASHVILLE POLICE DEPT,20170737592,Davidson,Nashville,8/19/2017 9:25:00 PM,2,0,0,36.079530,-86.726300,NOLENSVILLE PKE,,,,0.00,,,HARDING PL,,,,0.00,Y,OTHER, ,,None,,,         ,Allyson,Reis,,,no,no,no,no,no,False
101735796,METROPOLITAN NASHVILLE POLICE DEPT,20170737643,Davidson,Nashville,8/19/2017 9:45:00 PM,2,1,0,36.077740,-86.724230,WALLACE RD,,,,456.00,Feet,East,EDMONDSON PKE,,,,0.00,N,Not at Intersection,N,Non-Junction,None,,,         ,Mary,Williams,Clear,Front to Rear,no,no,no,no,no,False
101735883,METROPOLITAN NASHVILLE POLICE DEPT,20170737760,Davidson,Nashville,8/19/2017 10:54:00 PM,2,1,0,36.163170,-86.774940,1ST AVN,,,,0.00,,,,,,,0.00,,Not at Intersection,N,Non-Junction,None,,,         ,Damon,Hutcheson,Cloudy,HeadOn,no,no,no,no,no,False
101735895,METROPOLITAN NASHVILLE POLICE DEPT,20170737900,Davidson,Nashville,8/19/2017 11:55:00 PM,1,0,0,36.198200,-86.706450,UPLAND DR,,,,173.00,Feet,North,ROSEBANK AV,,,,0.00,N,Not at Intersection,N,Non-Junction,None,,,         ,Samuel,Kersten,Clear,Not Collision with Motor Vehicle in Transport,no,no,no,no,no,False
101735896,METROPOLITAN NASHVILLE POLICE DEPT,20170737908,Davidson,Nashville,8/20/2017 12:02:00 AM,1,1,0,36.143010,-86.770770,CHESTNUT ST,,,,1401.00,Feet,West,4TH AVS,,,,0.00,N,Not at Intersection,N,Non-Junction,None,,,         ,Ryan,Worstall,Clear,Not Collision with Motor Vehicle in Transport,no,no,no,no,no,False
101735914,METROPOLITAN NASHVILLE POLICE DEPT,20170738009,Davidson,Antioch,8/20/2017 12:51:00 AM,2,0,0,36.028560,-86.590760,MURFREESBORO PIKE,PIKE,,,0.00,,,LAVERGNE COUCHVILLE PIKE,PIKE,,,0.00,Y,Four-Way,N,Intersection,None,,,         ,William,Coy,Clear,Front to Rear,no,no,no,no,yes,False
101735931,METROPOLITAN NASHVILLE POLICE DEPT,20170738033,Davidson,Nashville,8/20/2017 12:52:00 AM,2,0,0,36.090330,-86.626500,BELL RD,,,,0.00,Feet,West,SMITH SPRINGS RD,,,,0.00,N,Not at Intersection,N,Non-Junction,None,,,         ,Tyler,Manivong,Clear,Front to Rear,no,no,no,no,no,False
101735949,METROPOLITAN NASHVILLE POLICE DEPT,20170738096,Davidson,Not in City Limit,8/20/2017 1:45:00 AM,1,0,0,36.283090,-86.705420,EDGEMEADE BLVD,,,,0.00,,,,,,,0.00,,,N,Non-Junction,None,,,         ,Patrick,McGinnis,Clear,Not Collision with Motor Vehicle in Transport,no,no,no,no,no,False
101735952,METROPOLITAN NASHVILLE POLICE DEPT,20170738247,Davidson,Nashville,8/20/2017 3:14:00 AM,1,1,0,36.046690,-86.714140,NOLENSVILLE PKE,,,,0.00,,,,,,,0.00,,,N,Non-Junction,None,,,         ,Ralph,Smith IV,Clear,Not Collision with Motor Vehicle in Transport,no,no,no,yes,no,False
101735953,METROPOLITAN NASHVILLE POLICE DEPT,20170738107,Davidson,Nashville,8/20/2017 1:48:00 AM,1,0,0,36.184800,-86.797550,I 65,,,,0.00,,,,,,,85.35,N,Not at Intersection,N,Entrance/Exit Ramp Related,None,,,         ,John,Tyree,Clear,Not Collision with Motor Vehicle in Transport,no,no,no,no,yes,False