master_record_number,agency,agency_tracking_number,county,city,collision_date,vehicles_involved,number_injured,number_dead,latitude,longitude,roadway_name,roadway_suffix,roadway_number,roadway_local_id,distance_from_reference,miles-feet_indicator,direction_from_reference,intersection_road_name,intersection_road_name_suffix,intersection_road_number,intersection_local_id,mile_marker,intersection_indicator,intersect_type,interchange_related_indicator,relation_to_junction,work_zone_type,construction_maintenance_zone,construction_maintenance_zone_location,fatal_case_number,officer_first_name,officer_last_name,weather_condition(s),manner_of_crash,pedestrian,bicycle,scooter,parking,hitrun,mou
101737800,METROPOLITAN NASHVILLE POLICE DEPT,20170742361,Davidson,Nashville,8/21/2017 5:20:00 PM,2,0,0,36.070930,-86.769930,I 65,,,,0.00,,,,,,,77.00,N,Not at Intersection, ,Non-Junction,None,,,         ,David,Robberson,Clear,"Sideswipe, Same Direction",no,no,no,no,no,False
101737814,METROPOLITAN NASHVILLE POLICE DEPT,20170742589,Davidson,Nashville,8/21/2017 6:59:00 PM,2,0,0,36.145950,-86.666600,ROYAL PKWY,,,,0.00,,,DONELSON PKE,,,,0.00,Y,Four-Way,N,Intersection,None,,,         ,Jaby,Djabbarov,Clear,"Sideswipe, Opposite Direction",no,no,no,no,no,False
101737850,METROPOLITAN NASHVILLE POLICE DEPT,20170742249,Davidson,Nashville,8/21/2017 4:52:00 PM,2,1,0,36.153880,-86.757170,I 40,,,,0.00,,,,,,,211.15,N,Not at Intersection,N,Non-Junction,None,,,         ,Michael,Moss,Clear,Front to Rear,no,no,no,no,no,False
101737855,METROPOLITAN NASHVILLE POLICE DEPT,20170715000,Davidson,Nashville,8/13/2017 12:00:00 AM,1,0,1,36.121460,-86.750450,NOLENSVILLE PKE,,,,110.00,Feet,South,I440 E ENT RAMP,,,,0.00,N,Not at Intersection,N,Non-Junction,None,,,17-0586  ,Christopher,Augustin,Clear,Not Collision with Motor Vehicle in Transport,yes,no,no,no,no,False
101737860,METROPOLITAN NASHVILLE POLICE DEPT,20170742727,Davidson,Nashville,8/21/2017 7:15:00 PM,2,0,0,36.154990,-86.627130,I40 E EXT RAMP,,,,0.00,,,I 40,,,,0.00,Y,Four-Way, ,Non-Junction,None,,,         ,Patrick,Taylor,Clear,Front to Rear,no,no,no,no,no,False
101737861,METROPOLITAN NASHVILLE POLICE DEPT,20170742767,Davidson,Nashville,8/21/2017 8:21:00 PM,2,0,0,36.139890,-86.887690,I 40,,,,0.00,,,,,,,202.00,N,Not at Intersection, ,Non-Junction,None,,,         ,Jeremy,Huffine,Clear,Front to Rear,no,no,no,no,no,False
101737864,METROPOLITAN NASHVILLE POLICE DEPT,20170742399,Davidson,Not in City Limit,8/21/2017 5:35:00 PM,2,4,0,36.275020,-86.764690,LAWING DR,,,,0.00,,,OLD HICKORY BLVD,,,,0.00,Y,T-Intersection,Y,Intersection,None,,,         ,Samuel,Miller,Clear,Angle,no,no,no,no,no,False
101737874,METROPOLITAN NASHVILLE POLICE DEPT,20170742287,Davidson,Nashville,8/21/2017 12:00:00 AM,2,0,0,36.063500,-86.771700,I 65,,,,0.00,,,,,,,75.50,N,Not at Intersection,N,Non-Junction,None,,,         ,David,Robberson,Clear,Not Collision with Motor Vehicle in Transport,no,no,no,no,no,False
101737894,METROPOLITAN NASHVILLE POLICE DEPT,20170742886,Davidson,Nashville,8/21/2017 9:20:00 PM,2,0,0,36.153830,-86.757970,I 40,,,,0.00,,,,,,,211.10,N,Not at Intersection,N,Non-Junction,None,,,         ,Johnathan,Pannell,Clear,Front to Rear,no,no,no,no,yes,False
101737900,METROPOLITAN NASHVILLE POLICE DEPT,20170742763,Davidson,Nashville,8/21/2017 8:10:00 PM,2,0,0,36.153570,-86.794850,WEST END AV,,,,153.00,Feet,West,17TH AVN,,,,0.00,N,Not at Intersection,N,OtherLocation,None,,,         ,Tien,Nguyen,Clear,Front to Rear,no,no,no,yes,yes,False
101737901,METROPOLITAN NASHVILLE POLICE DEPT,20170742830,Davidson,Nashville,8/21/2017 8:45:00 PM,1,1,0,36.176290,-86.816290,OSAGE ST,,,,0.00,,,25TH AVN,,,,0.00,Y,OTHER,N,Non-Junction,None,,,         ,Keiara,Ward,Clear,Not Collision with Motor Vehicle in Transport,no,no,no,no,no,False
101737909,METROPOLITAN NASHVILLE POLICE DEPT,20170742964,Davidson,Not in City Limit,8/21/2017 9:57:00 PM,1,0,0,36.262440,-86.709430,E OLD HICKORY BLVD,,,,496.00,Feet,North,3RD AV,,,,0.00,N,Not at Intersection,N,Non-Junction,None,,,         ,Samuel,Miller,Clear,Not Collision with Motor Vehicle in Transport,no,no,no,no,yes,False
101737910,METROPOLITAN NASHVILLE POLICE DEPT,20170742879,Davidson,Nashville,8/21/2017 9:35:00 PM,2,1,0,36.175270,-86.792660,MONROE ST,,,,0.00,Feet,,ROSA L PARKS BLVD,,,,0.00,Y,Four-Way,Y,Intersection,None,,,         ,Seth,Vaughn,Clear,Angle,no,no,no,no,no,False
101737938,METROPOLITAN NASHVILLE POLICE DEPT,20170743067,Davidson,Nashville,8/21/2017 9:02:00 PM,2,0,0,36.119060,-86.809140,HILLSBORO PKE,,,,220.00,Feet,South,STOKES LN,,,,0.00,N,Not at Intersection, ,Non-Junction,None,,,         ,Eugene,Martino,Clear,"Sideswipe, Same Direction",no,no,no,no,no,False
101737952,METROPOLITAN NASHVILLE POLICE DEPT,20170743071,Davidson,Nashville,8/21/2017 10:57:00 PM,3,2,0,36.106210,-86.673060,MURFREESBORO PKE,,,,0.00,,,DONELSON PKE,,,,0.00,Y,Four-Way,N,Intersection-Related,None,,,         ,Justin,McCormick,Clear,Front to Rear,no,no,no,no,no,False
101737973,METROPOLITAN NASHVILLE POLICE DEPT,20170743260,Davidson,Nashville,8/22/2017 12:31:00 AM,1,0,0,36.215710,-86.623210,OLD HICKORY BLVD,,,,397.00,Feet,South,2ND ST,,,,0.00,N,Not at Intersection,N,Non-Junction,None,,,         ,Leonard,Spadavecchia,Clear,Not Collision with Motor Vehicle in Transport,no,no,no,no,no,False
101737975,METROPOLITAN NASHVILLE POLICE DEPT,20170743345,Davidson,Antioch,8/21/2017 11:42:00 PM,2,0,0,36.009180,-86.622050,OCTOBER WOODS DR,,,,104.00,Feet,West,OLD HICKORY BLVD,,,,0.00,N,Not at Intersection,N,Non-Junction,None,,,         ,Daniel,Garrett,Clear,Front to Rear,no,no,no,no,no,False
101737976,METROPOLITAN NASHVILLE POLICE DEPT,20170743038,Davidson,Nashville,8/21/2017 8:31:00 PM,2,0,0,36.120290,-86.779190,VAULX LN,,,,197.00,Feet,South,KIRKWOOD AV,,,,0.00,N,Not at Intersection,N,Non-Junction,None,,,         ,Joshua,Billotte,Clear,HeadOn,no,no,no,yes,no,False
101737986,METROPOLITAN NASHVILLE POLICE DEPT,20170743485,Davidson,Nashville,8/22/2017 2:13:00 AM,2,2,0,36.154340,-86.798960,19TH AVN,,,,0.00,,,CHURCH ST,,,,0.00,Y,Four-Way,N,Intersection,None,,,         ,Craig,Oakley,Clear,Angle,no,no,no,no,no,False
101737989,TENNESSEE STATE UNIVERSITY ,17-TSU-61535,Davidson,Nashville,8/22/2017 1:03:00 AM,2,0,0,36.170070,-86.817450,W HEIMAN ST,,,,0.00,,,W H DAVIS DR,,,,0.00,Y,OTHER, ,Non-Junction,None,,,         ,Joshua,Graves,Clear,"Sideswipe, Opposite Direction",no,no,no,yes,yes,False
101738013,METROPOLITAN NASHVILLE POLICE DEPT,20170743768,Davidson,Nashville,8/21/2017 10:00:00 PM,2,0,0,36.014420,-86.618070,OLD HICKORY,BLVD,,,0.00,,,,,,,0.00,,,N,Non-Junction,None,,,         ,Kevin,Breeding,Clear,Angle,no,no,no,yes,yes,False
101738020,METROPOLITAN NASHVILLE POLICE DEPT,20170743938,Davidson,Not in City Limit,8/22/2017 5:33:00 AM,1,1,0,36.077040,-87.013150,I 40,,,,0.00,,,,,,,192.95,N,Not at Intersection,N,Non-Junction,None,,,         ,Jackson,Smythe,Clear,Not Collision with Motor Vehicle in Transport,no,no,no,no,no,False
101738025,METROPOLITAN NASHVILLE POLICE DEPT,20170743860,Davidson,Nashville,8/22/2017 12:00:00 AM,2,0,0,36.060790,-86.916170,OLD HICKORY BLVD,,,,20.00,Feet,North,HIGHWAY 100,,,,0.00,N,Not at Intersection,Y,Non-Junction,None,,,         ,Terrance,Stuckey,Clear,Angle,no,no,no,no,no,False
101738035,METROPOLITAN NASHVILLE POLICE DEPT,20170744053,Davidson,Nashville,8/22/2017 6:27:00 AM,2,0,0,36.202920,-86.776850,I 65,,,,0.00,,,,,,,87.10,N,Not at Intersection,N,Non-Junction,None,,,         ,John,Deiterick,Clear,Front to Rear,no,no,no,no,yes,False
101738039,METROPOLITAN NASHVILLE POLICE DEPT,20170743997,Davidson,Nashville,8/22/2017 5:58:00 AM,5,0,0,36.176200,-86.875610,CENTENNIAL BLVD,,,,247.00,Feet,North,CENTENNIAL PL,,,,0.00,N,Not at Intersection,N,Non-Junction,None,,,         ,Ian,Ward,Clear,Front to Rear,no,no,no,no,yes,False
101738077,METROPOLITAN NASHVILLE POLICE DEPT,20170744210,Davidson,Nashville,8/22/2017 7:40:00 AM,2,2,0,36.062920,-86.727760,CHERRYWOOD DR,,,,0.00,,,WATSONWOOD DR,,,,0.00,Y,T-Intersection,N,Intersection,None,,,         ,Nathan,Kemp,Clear,Angle,no,no,no,no,no,False
101738098,METROPOLITAN NASHVILLE POLICE DEPT,20170744113,Davidson,Nashville,8/22/2017 7:09:00 AM,2,0,0,36.239670,-86.780780,BRILEY PKWY W EXT RAMP,,,,0.00,Feet,,BRICK CHURCH PKE,,,,0.00,Y,T-Intersection, ,Non-Junction,None,,,         ,Thomas,Odom,Clear,Front to Rear,no,no,no,no,no,False
101738099,METROPOLITAN NASHVILLE POLICE DEPT,20170744228,Davidson,Not in City Limit,8/22/2017 7:49:00 AM,2,0,0,36.262870,-86.681110,STATE RT 45,,,,0.00,,,RIO VISTA DR,,,,0.00,Y,Four-Way, ,Non-Junction,None,,,         ,Thomas,Odom,Clear,Front to Rear,no,no,no,no,no,False
101738102,METROPOLITAN NASHVILLE POLICE DEPT,20170744232,Davidson,Nashville,8/22/2017 7:51:00 AM,2,0,0,36.122730,-86.630500,WOODLAND POINTE DR,,,,0.00,,,BELL RD,,,,0.00,Y,T-Intersection,N,Intersection,None,,,         ,Wesley,Young,Clear,Angle,no,no,no,no,no,False
101738104,METROPOLITAN NASHVILLE POLICE DEPT,20170744311,Davidson,Nashville,8/22/2017 8:00:00 AM,2,0,0,36.097530,-86.823450,BURTON HILLS BLVD,,,,0.00,,,HILLSBORO PKE,,,,0.00,Y,T-Intersection, ,Intersection,None,,,         ,Curtis,Rich,Cloudy,Angle,no,no,no,no,yes,False
101738135,METROPOLITAN NASHVILLE POLICE DEPT,20170744256,Davidson,Goodlettsville,8/22/2017 7:54:00 AM,2,0,0,36.313360,-86.711170,DONALD AV,,,,190.00,Feet,North,SHEVEL DR,,,,0.00,N,Not at Intersection,N,OtherLocation,None,,,         ,Jack,Crouch,Clear,"Sideswipe, Same Direction",no,no,no,yes,no,False
101738146,METROPOLITAN NASHVILLE POLICE DEPT,20170744096,Davidson,Nashville,8/22/2017 6:21:00 AM,2,0,0,36.217680,-86.774910,I 65,,,,0.00,,,,,,,88.10,N,Not at Intersection, ,Non-Junction,None,,,         ,Michael,McCord,Clear,Front to Rear,no,no,no,no,no,False
101738147,METROPOLITAN NASHVILLE POLICE DEPT,20170744218,Davidson,Nashville,8/22/2017 7:35:00 AM,2,1,0,36.045260,-86.701080,BELL RD,,,,176.00,Feet,East,OLD HICKORY BLVD,,,,0.00,N,Not at Intersection,N,Non-Junction,None,,,         ,Trevor,Taylor,Clear,Front to Rear,no,no,no,no,yes,False
101738148,METROPOLITAN NASHVILLE POLICE DEPT,20170744354,Davidson,Nashville,8/22/2017 8:34:00 AM,2,0,0,36.087670,-86.692400,ANTIOCH PKE,,,,106.00,Feet,North,HARDING PL,,,,0.00,N,Not at Intersection, ,"Driveway, Alley Access, etc",None,,,         ,Stephen,Soule,Clear,Angle,no,no,no,no,no,False
101738152,METROPOLITAN NASHVILLE POLICE DEPT,20170744230,Davidson,Nashville,8/22/2017 7:35:00 AM,2,1,0,36.094700,-86.707110,I 24,,,,0.00,,,,,,,55.00,N,Not at Intersection,N,Non-Junction,None,,,         ,David,Simmonds,Clear,Angle,no,no,no,no,no,False
101738161,METROPOLITAN NASHVILLE POLICE DEPT,20170744443,Davidson,Nashville,8/22/2017 9:14:00 AM,2,0,0,36.159450,-86.792910,14TH AVN,,,,91.00,Feet,North,HYNES ST,,,,0.00,N,Not at Intersection, ,,None,,,         ,Nathan,Kemp,,,no,no,no,no,no,False
101738164,METROPOLITAN NASHVILLE POLICE DEPT,20170744314,Davidson,Nashville,8/22/2017 8:20:00 AM,2,0,0,36.152050,-86.680680,ELM HILL PKE,,,,84.00,Feet,East,AIRWAYS CIR,,,,0.00,N,Not at Intersection, ,Non-Junction,Construction Zone,,,         ,Jed,Baldoni,Clear,Angle,no,no,no,no,no,False
101738166,METROPOLITAN NASHVILLE POLICE DEPT,20170744296,Davidson,Nashville,8/22/2017 8:10:00 AM,2,0,0,36.186020,-86.796590,I 65,,,,0.00,,,,,,,85.45,N,Not at Intersection, ,Non-Junction,None,,,         ,Nicholas,MacDougall,Clear,"Sideswipe, Same Direction",no,no,no,no,no,False
101738169,METROPOLITAN NASHVILLE POLICE DEPT,20170744459,Davidson,Nashville,8/21/2017 7:15:00 PM,2,0,0,36.181880,-86.727050,EASTLAND AV,,,,0.00,,,GROVES PARK RD,,,,0.00,Y,T-Intersection, ,Intersection-Related,None,,,         ,Richard,Conger,Clear,Front to Rear,no,no,no,no,yes,False
101738176,METROPOLITAN NASHVILLE POLICE DEPT,20170744325,Davidson,Nashville,8/22/2017 8:07:00 AM,1,0,0,36.206750,-86.780350,W TRINITY LN,,,,193.00,Feet,East,SCRUGGS LN,,,,0.00,N,Not at Intersection,N,Non-Junction,None,,,         ,Michael,McCord,Clear,Not Collision with Motor Vehicle in Transport,no,no,no,no,no,False
101738193,METROPOLITAN NASHVILLE POLICE DEPT,20170744500,Davidson,Nashville,8/22/2017 9:31:00 AM,2,0,0,36.137200,-86.699670,BRILEY PKWY,,,,0.00,,,GLASTONBURY RD,,,,0.00,Y,T-Intersection,N,Intersection-Related,None,,,         ,Wesley,Young,Clear,Front to Rear,no,no,no,no,no,False
101738207,METROPOLITAN NASHVILLE POLICE DEPT,20170744281,Davidson,Nashville,8/22/2017 8:00:00 AM,3,2,0,36.070250,-86.722110,COTTON LN,,,,13.00,Feet,South,NOLENSVILLE PKE,,,,0.00,N,Not at Intersection,N,Non-Junction,None,,,         ,James,Thomas,Clear,Angle,no,no,no,no,no,False
101738214,METROPOLITAN NASHVILLE POLICE DEPT,20170744469,Davidson,Nashville,8/22/2017 9:30:00 AM,2,0,0,36.227540,-86.779170,I 24,,,,0.00,,,,,,,44.60,N,Not at Intersection, ,Non-Junction,None,,,         ,Brandon,Evans,Clear,"Sideswipe, Same Direction",no,no,no,no,no,False
101738221,METROPOLITAN NASHVILLE POLICE DEPT,20170744503,Davidson,Nashville,8/22/2017 9:33:00 AM,3,1,0,36.051570,-86.593700,SPRINGSTEAD TRL,,,,137.00,Feet,East,LAKEWALK DR,,,,0.00,N,Not at Intersection,N,Non-Junction,None,,,         ,Andrew,Mullen,Clear,Angle,yes,no,no,no,no,False
101738225,METROPOLITAN NASHVILLE POLICE DEPT,20170744580,Davidson,Not in City Limit,8/22/2017 9:47:00 AM,2,1,0,36.325400,-86.878640,I 24,,,,0.00,,,,,,,34.40,N,Not at Intersection,N,Non-Junction,None,,,         ,Michael,McCord,Clear,Front to Rear,no,no,no,no,no,False
101738227,METROPOLITAN NASHVILLE POLICE DEPT,20170744144,Davidson,Nashville,8/22/2017 8:30:00 AM,2,0,0,36.044770,-86.661530,CANE RIDGE RD,,,,0.00,,,BELL RD,,,,0.00,Y,Four-Way, ,Non-Junction,None,,,         ,Darryl,Williams,Clear,Front to Rear,no,no,no,no,no,False
101738233,METROPOLITAN NASHVILLE POLICE DEPT,20170744528,Davidson,Nashville,8/22/2017 9:30:00 AM,2,0,0,36.163680,-86.778980,CHURCH ST,,,,0.00,,,4TH AVN,,,,0.00,Y,Four-Way, ,Intersection-Related,None,,,         ,Charles,Coe,Cloudy,Front to Rear,no,no,no,no,no,False
101738236,METROPOLITAN NASHVILLE POLICE DEPT,20170744330,Davidson,Nashville,8/22/2017 8:22:00 AM,3,0,0,36.151900,-86.784230,12TH AVS,,,,0.00,,,11TH AVS,,,,0.00,Y,T-Intersection,N,Intersection-Related,None,,,         ,Shawn,Taylor,Clear,Not Collision with Motor Vehicle in Transport,no,no,no,no,no,False
101738238,METROPOLITAN NASHVILLE POLICE DEPT,20170744512,Davidson,Nashville,8/22/2017 9:30:00 AM,2,0,0,36.038410,-86.647200,I 24,,,,0.00,,,,,,,60.20,N,Not at Intersection, ,Non-Junction,None,,,         ,Trevor,Taylor,Clear,Front to Rear,no,no,no,no,no,False
101738244,METROPOLITAN NASHVILLE POLICE DEPT,20170744129,Davidson,Nashville,8/22/2017 7:08:00 AM,2,0,0,36.141360,-86.666110,I 40,,,,0.00,,,,,,,218.00,N,Not at Intersection, ,Non-Junction,None,,,         ,Cody,O'Quinn,Clear,Front to Rear,no,no,no,no,no,False
101738245,METROPOLITAN NASHVILLE POLICE DEPT,20170744221,Davidson,Nashville,8/22/2017 7:20:00 AM,2,0,0,36.156400,-86.692560,BRILEY PKWYS,,,,121.00,Feet,West,BRILEY PKWYN,,,,0.00,N,Not at Intersection, ,,None,,,         ,Cody,O'Quinn,,,no,no,no,no,no,False
101738246,METROPOLITAN NASHVILLE POLICE DEPT,20170744376,Davidson,Nashville,8/22/2017 8:37:00 AM,2,0,0,36.141880,-86.673420,I 40,,,,0.00,,,,,,,215.00,N,Not at Intersection, ,Non-Junction,None,,,         ,Cody,O'Quinn,Clear,Front to Rear,no,no,no,no,no,False
101738248,METROPOLITAN NASHVILLE POLICE DEPT,2017-0744361,Davidson,Nashville,8/22/2017 8:35:00 AM,4,0,0,36.105800,-86.673300,DONELSON PKE,,,,163.00,Feet,South,MURFREESBORO PKE,,,,0.00,N,Not at Intersection,N,Non-Junction,None,,,         ,Stanley,Collins,Clear,Front to Rear,no,no,no,no,no,False
101738252,METROPOLITAN NASHVILLE POLICE DEPT,20170744513,Davidson,Nashville,8/22/2017 9:51:00 AM,2,0,0,36.135550,-86.799130,ACKLEN AV,,,,150.00,Feet,East,20TH AVS,,,,0.00,N,Not at Intersection, ,Non-Junction,None,,,         ,Allen,Bates,Clear,Front to Rear,no,no,no,no,no,False
101738259,METROPOLITAN NASHVILLE POLICE DEPT,20170744219,Davidson,Not in City Limit,8/22/2017 7:45:00 AM,4,1,0,36.313320,-86.830420,I 24,,,,0.00,,,,,,,37.40,N,Not at Intersection,N,Non-Junction,None,,,         ,Charles,Holmes,Clear,Front to Rear,no,no,no,no,no,False
101738260,METROPOLITAN NASHVILLE POLICE DEPT,20170744402,Davidson,Nashville,8/22/2017 8:45:00 AM,2,1,0,36.149190,-86.862280,CHARLOTTE PKE,,,,443.00,Feet,South,OCEOLA AV,,,,0.00,N,Not at Intersection,N,Non-Junction,None,,,         ,George,Spencer,Clear,"Sideswipe, Same Direction",no,no,no,no,no,False
101738264,METROPOLITAN NASHVILLE POLICE DEPT,20170744651,Davidson,Nashville,8/22/2017 9:21:00 AM,2,0,0,36.217070,-86.819640,BUENA VISTA PKE,,,,18.00,Feet,North,ROWAN DR,,,,0.00,N,Not at Intersection,N,Non-Junction,None,,,         ,Erik,Schall,Clear,"Sideswipe, Same Direction",no,no,no,no,yes,False
101738270,METROPOLITAN NASHVILLE POLICE DEPT,20170744703,Davidson,Not in City Limit,8/22/2017 11:05:00 AM,2,0,0,36.077450,-86.947140,HIGHWAY 70S,,,,0.00,,,BELLEVUE CTR PVTDR,,,,0.00,Y,Four-Way,N,Intersection,None,,,         ,Curtis,Rich,Cloudy,Angle,no,no,no,no,no,False
101738273,METROPOLITAN NASHVILLE POLICE DEPT,20170744609,Davidson,Nashville,8/22/2017 10:26:00 AM,2,1,0,36.199360,-86.739870,DELMAS AV,,,,251.00,Feet,East,GALLATIN PKE,,,,0.00,N,Not at Intersection,N,Non-Junction,None,,,         ,Tony,Folad,Clear,Angle,no,no,no,no,no,False
101738277,METROPOLITAN NASHVILLE POLICE DEPT,20170744707,Davidson,Nashville,8/22/2017 11:11:00 AM,2,0,0,36.194460,-86.745620,STROUSE AV,,,,0.00,,,,,,,0.00,,, ,OtherLocation,None,,,         ,Richard,Conger,Clear,Front to Rear,no,no,no,yes,yes,False
101738292,METROPOLITAN NASHVILLE POLICE DEPT,20170744533,Davidson,Nashville,8/22/2017 9:45:00 AM,3,1,0,36.118470,-86.700250,BRILEY PKWY S EXT RAMP,,,,0.00,Feet,East,BRILEY PKWYS,,,,0.00,N,Not at Intersection,Y,Entrance/Exit Ramp Related,None,,,         ,Anthony,Cucci,Clear,Angle,no,no,no,no,no,False
101738303,VANDERBILT UNIVERSITY POLICE,2017-0744728,Davidson,Nashville,8/22/2017 11:07:00 AM,2,0,0,36.139360,-86.803720,CHILDRENS WAY,,,,0.00,,,,,,,0.00,,Not at Intersection, ,Non-Junction,None,,,         ,Donald,McCormick,Clear,Angle,no,no,no,yes,no,Campus
101738309,GOODLETTSVILLE POLICE DEPT,17-29437,Davidson,Goodlettsville,8/22/2017 10:47:00 AM,2,0,0,36.322260,-86.713310,N MAIN ST,,,,0.00,Feet,,LONG HOLLOW PKE,,,,0.00,Y,T-Intersection, ,Intersection-Related,None,,,         ,George,Forbes,Clear,Front to Rear,no,no,no,no,no,False
101738313,METROPOLITAN NASHVILLE POLICE DEPT,20170744510,Davidson,Nashville,8/22/2017 9:21:00 AM,2,0,0,36.129730,-86.728000,I440 W ENT RAMP,,,,0.00,,,I 24,,,,0.00,Y,Y-Intersection,Y,Entrance/Exit Ramp Related,None,,,         ,David,Simmonds,Clear,"Sideswipe, Same Direction",no,no,no,no,no,False
101738337,VANDERBILT UNIVERSITY POLICE,17-0744696,Davidson,Nashville,8/22/2017 10:45:00 AM,2,0,0,36.143360,-86.806450,GARLAND AV,,,,0.00,,,25TH AVS,,,,0.00,Y,T-Intersection, ,Intersection,None,,,         ,William,Gladu,Clear,"Sideswipe, Opposite Direction",no,no,no,no,no,Campus
101738340,METROPOLITAN NASHVILLE POLICE DEPT,20170744594,Davidson,Nashville,8/22/2017 10:10:00 AM,2,0,0,36.166250,-86.765750,SHELBY AV,,,,0.00,,,INTERSTATE DR,,,,0.00,Y,Four-Way,N,Intersection-Related,None,,,         ,Wesley,Henderson,Cloudy,Front to Rear,no,no,no,no,no,False
101738341,METROPOLITAN NASHVILLE POLICE DEPT,20170744639,Davidson,Nashville,8/22/2017 10:24:00 AM,2,0,0,36.134590,-86.723390,MURFREESBORO PKE,,,,324.00,Feet,West,PLUS PARK BLVD,,,,0.00,N,Not at Intersection,N,Non-Junction,None,,,         ,Stephen,Soule,Clear,Angle,no,no,no,no,yes,False
101738342,METROPOLITAN NASHVILLE POLICE DEPT,2017-0744769,Davidson,Nashville,8/22/2017 11:41:00 AM,2,0,0,36.142910,-86.744720,MURFREESBORO PKE,,,,113.00,Feet,West,FESSLERS LN,,,,0.00,N,Not at Intersection, ,,None,,,         ,Stanley,Collins,,,no,no,no,no,no,False
101738345,VANDERBILT UNIVERSITY POLICE,17-0741323,Davidson,Nashville,8/21/2017 10:11:00 AM,3,0,0,36.147430,-86.799390,21ST AVS,,,,0.00,,,GRAND AV,,,,0.00,Y,T-Intersection,N,Intersection,None,,,         ,Linda,Jennings,Clear,Front to Rear,no,no,no,no,yes,Campus
101738367,METROPOLITAN NASHVILLE POLICE DEPT,20170744805,Davidson,Nashville,8/22/2017 11:58:00 AM,1,1,0,36.165130,-86.777250,BANK ST,,,,0.00,,,2ND AVN,,,,0.00,Y,T-Intersection,N,Intersection-Related,None,,,         ,Shawn,Taylor,Clear,Not Collision with Motor Vehicle in Transport,yes,no,no,no,no,False
101738374,METROPOLITAN NASHVILLE POLICE DEPT,20170744705,Davidson,Nashville,8/22/2017 10:15:00 AM,2,0,0,36.158470,-86.783780,BROADWAY,,,,121.00,Feet,West,9TH AVS,,,,0.00,N,Not at Intersection, ,Non-Junction,None,,,         ,David,Hazzard,Clear,Rear to Side,no,no,no,yes,yes,False
101738375,METROPOLITAN NASHVILLE POLICE DEPT,20170744847,Davidson,Nashville,8/22/2017 12:17:00 PM,2,1,0,36.133180,-86.664330,BNA DR,,,,0.00,,,DONELSON PKES,,,,0.00,Y,T-Intersection,N,Intersection,None,,,         ,Wesley,Young,Clear,Angle,no,no,no,no,no,False
101738379,METROPOLITAN NASHVILLE POLICE DEPT,20170744912,Davidson,Nashville,8/22/2017 12:40:00 PM,1,1,0,36.093340,-86.762480,I 65,,,,0.00,,,,,,,78.60,N,Not at Intersection,N,Non-Junction,None,,,         ,Phillip,Murphy,Rain,Not Collision with Motor Vehicle in Transport,no,no,no,no,no,False
101738387,METROPOLITAN NASHVILLE POLICE DEPT,20170744971,Davidson,Nashville,8/22/2017 1:03:00 PM,2,0,0,36.238430,-86.723970,GALLATIN PKES,,,,140.00,Feet,South,GALLATIN PKE,,,,0.00,N,Not at Intersection, ,Non-Junction,None,,,         ,Thomas,Odom,Clear,Front to Rear,no,no,no,no,no,False
101738405,METROPOLITAN NASHVILLE POLICE DEPT,20170744973,Davidson,Nashville,8/22/2017 12:10:00 PM,2,0,0,36.167540,-86.762390,SHELBY AV,,,,30.00,Feet,West,S 5TH ST,,,,0.00,N,Not at Intersection,N,Non-Junction,None,,,         ,Wesley,Henderson,Cloudy,"Sideswipe, Same Direction",no,no,no,no,yes,False
101738413,METROPOLITAN NASHVILLE POLICE DEPT,20170745041,Davidson,Nashville,8/22/2017 1:00:00 PM,2,0,0,36.162380,-86.861200,MORROW RD,,,,0.00,,,60TH AVN,,,,0.00,Y,T-Intersection, ,,None,,,         ,Curtis,Rich,,,no,no,no,no,no,False
101738419,METROPOLITAN NASHVILLE POLICE DEPT,20170744111,Davidson,Nashville,8/22/2017 7:07:00 AM,2,1,0,36.165750,-86.663630,DONELSON PKE,,,,95.00,Feet,North,DONELSON PKE PVTDR,,,,0.00,N,Not at Intersection,N,Non-Junction,None,,,         ,Kevin,Clausius,Clear,Angle,no,no,no,no,no,False
101738422,METROPOLITAN NASHVILLE POLICE DEPT,20170744857,Davidson,Nashville,8/22/2017 12:20:00 PM,2,0,0,36.169710,-86.679860,MCGAVOCK PKE,,,,0.00,,,,,,,0.00,,Not at Intersection,N,Non-Junction,None,,,         ,Cassandra,Del Bosco,Clear,Front to Rear,no,no,no,no,no,False
101738426,METROPOLITAN NASHVILLE POLICE DEPT,2017-0744890,Davidson,Nashville,8/22/2017 12:20:00 PM,2,0,0,36.215480,-86.588130,LEBANON PKE,,,,115.00,Feet,East,BIG HORN DR,,,,0.00,N,Not at Intersection, ,Non-Junction,None,,,         ,Calvin,Graham,Cloudy,Angle,no,no,no,no,no,False
101738429,METROPOLITAN NASHVILLE POLICE DEPT,20170744876,Davidson,Nashville,8/22/2017 12:24:00 PM,2,1,0,36.153240,-86.687680,ELM HILL PKE,,,,0.00,,,ATRIUM WAY,,,,0.00,Y,Four-Way,N,Non-Junction,None,,,         ,Jed,Baldoni,Clear,Angle,no,no,no,no,no,False
101738438,METROPOLITAN NASHVILLE POLICE DEPT,20170744514,Davidson,Not in City Limit,8/22/2017 8:22:00 AM,2,0,0,36.316280,-86.876580,EATONS CREEK RD,,,,0.00,,,OLD CLARKSVILLE PKE,,,,0.00,Y,Four-Way, ,Intersection,None,,,         ,Charles,Holmes,Clear,Angle,no,no,no,no,no,False