master_record_number,agency,agency_tracking_number,county,city,collision_date,vehicles_involved,number_injured,number_dead,latitude,longitude,roadway_name,roadway_suffix,roadway_number,roadway_local_id,distance_from_reference,miles-feet_indicator,direction_from_reference,intersection_road_name,intersection_road_name_suffix,intersection_road_number,intersection_local_id,mile_marker,intersection_indicator,intersect_type,interchange_related_indicator,relation_to_junction,work_zone_type,construction_maintenance_zone,construction_maintenance_zone_location,fatal_case_number,officer_first_name,officer_last_name,weather_condition(s),manner_of_crash,pedestrian,bicycle,scooter,parking,hitrun,mou
101739559,METROPOLITAN NASHVILLE POLICE DEPT,20170748752,Davidson,Nashville,8/23/2017 3:57:00 PM,2,0,0,36.108440,-86.773100,FRANKLIN PKE SB ENT RAMP,,,,0.00,,,FRANKLIN PKE,,,,0.00,Y,OTHER,N,Entrance/Exit Ramp Related,None,,,         ,William,Taylor,Clear,Front to Rear,no,no,no,no,no,False
101739561,METROPOLITAN NASHVILLE POLICE DEPT,20170748695,Davidson,Nashville,8/23/2017 3:36:00 PM,2,0,0,36.161020,-86.777200,BROADWAY,,,,0.00,,,4TH AVN,,,,0.00,Y,Four-Way,N,Intersection,None,,,         ,Brian,Woodard,Clear,Angle,no,no,no,no,no,False
101739562,METROPOLITAN NASHVILLE POLICE DEPT,20170748778,Davidson,Nashville,8/23/2017 3:54:00 PM,2,0,0,36.115800,-86.782650,I 440,,,,0.00,,,,,,,4.40,N,Not at Intersection, ,Non-Junction,None,,,         ,Hillary,Sherman,Clear,Front to Rear,no,no,no,no,no,False
101739564,METROPOLITAN NASHVILLE POLICE DEPT,20170748731,Davidson,Nashville,8/23/2017 1:11:00 PM,2,0,0,36.162900,-86.780820,CHURCH ST,,,,213.00,Feet,West,5TH AVN,,,,0.00,N,Not at Intersection, ,"Driveway, Alley Access, etc",None,,,         ,Darren,White,Clear,Rear to Side,no,no,no,no,yes,False
101739586,METROPOLITAN NASHVILLE POLICE DEPT,20170748870,Davidson,Nashville,8/23/2017 4:05:00 PM,2,0,0,36.045380,-86.713130,OLD HICKORY BLVD,,,,38.00,Feet,East,NOLENSVILLE PKE,,,,0.00,N,Not at Intersection,N,Non-Junction,None,,,         ,Alyson,Cook,Clear,Front to Rear,no,no,no,no,no,False
101739591,METROPOLITAN NASHVILLE POLICE DEPT,20170748838,Davidson,Nashville,8/23/2017 2:30:00 PM,2,0,0,36.154080,-86.784420,LAUREL ST,,,,0.00,Feet,East,11TH AVS,,,,0.00,N,Not at Intersection, ,,None,,,         ,Gregory,Scott,,,no,no,no,no,no,False
101739598,METROPOLITAN NASHVILLE POLICE DEPT,20170748603,Davidson,Nashville,8/23/2017 2:35:00 PM,2,0,0,36.148470,-86.780870,I 40,,,,0.00,,,,,,,209.80,N,Not at Intersection, ,Non-Junction,None,,,         ,Jaby,Djabbarov,Clear,Front to Rear,no,no,no,no,no,False
101739611,METROPOLITAN NASHVILLE POLICE DEPT,20170748879,Davidson,Nashville,8/23/2017 4:52:00 PM,2,0,0,36.077090,-86.725560,EDMONDSON PKE,,,,0.00,,,WALLACE RD,,,,0.00,Y,Four-Way,N,Intersection-Related,None,,,         ,Tien,Nguyen,Clear,"Sideswipe, Same Direction",no,no,no,no,yes,False
101739615,METROPOLITAN NASHVILLE POLICE DEPT,20170748836,Davidson,Nashville,8/23/2017 4:17:00 PM,2,0,0,36.192810,-86.745550,DOUGLAS AV,,,,34.00,Feet,East,TREVECCA AV,,,,0.00,N,Not at Intersection, ,Non-Junction,None,,,         ,Amanda,Fox,Clear,Front to Rear,no,no,no,no,no,False
101739619,METROPOLITAN NASHVILLE POLICE DEPT,20170748596,Davidson,Nashville,8/23/2017 1:48:00 PM,2,0,0,36.131190,-86.716870,FOOTHILL DR,,,,0.00,,,MURFREESBORO PKE,,,,0.00,Y,T-Intersection, ,Intersection-Related,None,,,         ,Dontaveous,Eubanks,Clear,Angle,no,no,no,no,no,False
101739621,METROPOLITAN NASHVILLE POLICE DEPT,20170748936,Davidson,Nashville,8/23/2017 5:03:00 PM,2,0,0,36.089040,-86.636390,NASHBORO BLVD,,,,0.00,,,FLINTLOCK CT,,,,0.00,Y,T-Intersection,N,Intersection-Related,None,,,         ,Michael,Apsey,Clear,Front to Rear,no,no,no,no,yes,False
101739626,METROPOLITAN NASHVILLE POLICE DEPT,20170748910,Davidson,Nashville,8/23/2017 5:01:00 PM,2,0,0,36.141800,-86.712850,I 40,,,,0.00,,,,,,,214.00,N,Not at Intersection, ,Non-Junction,None,,,         ,Reuben,Hewit,Clear,Front to Rear,no,no,no,no,no,False
101739627,METROPOLITAN NASHVILLE POLICE DEPT,20170748994,Davidson,Nashville,8/23/2017 4:53:00 PM,2,0,0,36.069270,-86.692240,HAYWOOD LN,,,,10.00,Feet,West,I24 E EXT RAMP,,,,0.00,N,Not at Intersection,N,Non-Junction,None,,,         ,Alyson,Cook,Clear,Angle,no,no,no,no,no,False
101739628,METROPOLITAN NASHVILLE POLICE DEPT,20170748907,Davidson,Nashville,8/23/2017 5:02:00 PM,2,0,0,36.149620,-86.859920,OCEOLA AV,,,,0.00,,,CHARLOTTE PKE,,,,0.00,Y,T-Intersection, ,,None,,,         ,Ethan,Usherwood,,,no,no,no,no,no,False
101739629,METROPOLITAN NASHVILLE POLICE DEPT,20170748930,Davidson,Nashville,8/23/2017 5:00:00 PM,2,0,0,36.131340,-86.801500,21ST AVS,,,,13.00,Feet,North,BERNARD AV,,,,0.00,N,Not at Intersection, ,Non-Junction,None,,,         ,Nicholas,Carroll,Clear,Angle,no,no,no,no,no,False
101739635,METROPOLITAN NASHVILLE POLICE DEPT,20170748991,Davidson,Nashville,8/23/2017 5:06:00 PM,2,0,0,36.154510,-86.787880,13TH AVS,,,,203.00,Feet,North,I40 W EXT RAMP,,,,0.00,N,Not at Intersection, ,Non-Junction,None,,,         ,Brian,Woodard,Clear,Front to Rear,no,no,no,no,no,False
101739637,METROPOLITAN NASHVILLE POLICE DEPT,2017-0748958,Davidson,Nashville,8/23/2017 5:17:00 PM,2,0,0,36.116710,-86.923250,OLD HICKORY BLVD,,,,0.00,,,CHARLOTTE PKE,,,,0.00,Y,Four-Way, ,Intersection,None,,,         ,Michael,Rogers,Clear,Angle,no,no,no,no,no,False
101739639,METROPOLITAN NASHVILLE POLICE DEPT,20170748913,Davidson,Nashville,8/23/2017 5:04:00 PM,2,0,0,36.149510,-86.773050,I 40,,,,0.00,,,,,,,210.25,N,Not at Intersection, ,,None,,,         ,William,Taylor,,,no,no,no,no,no,False
101739645,VANDERBILT UNIVERSITY POLICE,17-044123,Davidson,Nashville,8/23/2017 12:00:00 AM,2,0,0,36.139460,-86.801100,PIERCE AV,,,,0.00,,,,,,,0.00,,,N,Non-Junction,None,,,         ,Cameron,Hoppe,Clear,Rear to Side,no,no,no,yes,yes,Campus
101739659,METROPOLITAN NASHVILLE POLICE DEPT,20170749011,Davidson,Nashville,8/23/2017 5:40:00 PM,2,1,0,36.143780,-86.778870,8TH AVS,,,,93.00,Feet,North,OLYMPIC ST,,,,0.00,N,Not at Intersection,N,Non-Junction,None,,,         ,William,Taylor,Clear,Front to Rear,no,no,no,no,no,False
101739660,VANDERBILT UNIVERSITY POLICE,2017-0748643,Davidson,Nashville,8/23/2017 2:15:00 PM,2,0,0,36.139930,-86.806590,25TH AVS,,,,0.00,,,,,,,0.00,,, ,Non-Junction,None,,,         ,Robert,Skucy,Clear,Other,no,no,no,yes,no,Campus
101739670,METROPOLITAN NASHVILLE POLICE DEPT,20170749051,Davidson,Nashville,8/23/2017 5:45:00 PM,2,0,0,36.145220,-86.695870,BRILEY PKWYN,,,,0.00,,,I40 W ENT RAMP,,,,0.00,Y,OTHER,N,Non-Junction,None,,,         ,John,Kelley,Clear,"Sideswipe, Same Direction",no,no,no,no,yes,False
101739671,METROPOLITAN NASHVILLE POLICE DEPT,20170749078,Davidson,Not in City Limit,8/23/2017 6:07:00 PM,2,0,0,36.308380,-86.821850,I 24,,,,0.00,,,,,,,38.00,N,Not at Intersection, ,Non-Junction,None,,,         ,Andrew,Delke,Cloudy,"Sideswipe, Same Direction",no,no,no,no,no,False
101739672,BERRY HILL POLICE DEPT,17-2878,Davidson,Berry Hill,8/23/2017 12:00:00 AM,2,0,0,36.122410,-86.775810,FRANKLIN PKE,,,,0.00,,,HORNER AV,,,,0.00,Y,T-Intersection, ,,None,,,         ,John,Gleixner,,,no,no,no,no,no,False
101739673,BERRY HILL POLICE DEPT,17-2879,Davidson,Berry Hill,8/23/2017 5:15:00 PM,2,0,0,36.118860,-86.774590,FRANKLIN PKE,,,,0.00,,,BERRY RD,,,,0.00,Y,Four-Way, ,,None,,,         ,John,Gleixner,,,no,no,no,no,no,False
101739686,METROPOLITAN NASHVILLE POLICE DEPT,20170749005,Davidson,Nashville,8/23/2017 5:34:00 PM,2,0,0,36.228970,-86.591900,SAUNDERSVILLE RD,,,,167.00,Feet,West,WOODSIDE DR,,,,0.00,N,Not at Intersection, ,Non-Junction,None,,,         ,Kyle,Burks,Clear,Front to Rear,no,no,no,no,no,False
101739696,METROPOLITAN NASHVILLE POLICE DEPT,20170748983,Davidson,Nashville,8/23/2017 4:55:00 PM,2,0,0,36.167610,-86.778610,JAMES ROBERTSON PKWY,,,,0.00,Feet,East,2ND AVN,,,,0.00,N,Not at Intersection, ,Non-Junction,None,,,         ,Joshua,Hausman,Clear,"Sideswipe, Same Direction",no,no,no,no,no,False
101739700,METROPOLITAN NASHVILLE POLICE DEPT,20170749041,Davidson,Nashville,8/23/2017 5:37:00 PM,2,0,0,36.204870,-86.737730,GALLATIN PKE,,,,63.00,Feet,South,MCGAVOCK PKE,,,,0.00,N,Not at Intersection,N,Non-Junction,None,,,         ,Christopher,Valdez,Clear,Angle,no,no,no,no,no,False
101739701,METROPOLITAN NASHVILLE POLICE DEPT,20170749189,Davidson,Nashville,8/23/2017 4:30:00 PM,2,0,0,36.110090,-86.770340,I 65,,,,0.00,,,,,,,79.75,N,Not at Intersection,N,Non-Junction,None,,,         ,Hillary,Sherman,Clear,Front to Rear,no,no,no,no,no,False
101739702,METROPOLITAN NASHVILLE POLICE DEPT,20170748844,Davidson,Nashville,8/23/2017 4:34:00 PM,1,1,0,36.239520,-86.671850,NEELYS BEND RD,,,,0.00,,,,,,,0.00,,,N,Non-Junction,None,,,         ,Samuel,Miller,Clear,Not Collision with Motor Vehicle in Transport,yes,no,no,no,no,False
101739706,METROPOLITAN NASHVILLE POLICE DEPT,20170748855,Davidson,Nashville,8/23/2017 4:20:00 PM,2,1,0,36.139610,-86.821630,MURPHY RD,,,,0.00,,,WEST END AV EXT RAMP,,,,0.00,Y,OTHER,N,Intersection-Related,None,,,         ,Eric,Burford,Clear,Front to Rear,no,no,no,no,no,False
101739707,METROPOLITAN NASHVILLE POLICE DEPT,20170748771,Davidson,Nashville,8/23/2017 3:23:00 PM,2,0,0,36.184550,-86.815690,24TH AVN,,,,70.00,Feet,South,CLARKSVILLE PKE,,,,0.00,N,Not at Intersection, ,Non-Junction,None,,,         ,Jacob,Paul,Clear,Front to Rear,no,no,no,no,no,False
101739709,METROPOLITAN NASHVILLE POLICE DEPT,20170748942,Davidson,Nashville,8/23/2017 5:15:00 PM,2,1,0,36.092420,-86.787160,GLENDALE LN,,,,0.00,,,CORAL WAY,,,,0.00,Y,Four-Way,N,Non-Junction,None,,,         ,Edin,Plancic,Clear,Angle,no,no,no,no,yes,False
101739710,GOODLETTSVILLE POLICE DEPT,17-29619,Davidson,Goodlettsville,8/23/2017 8:15:00 PM,2,0,0,36.298940,-86.700180,RIVERGATE PKWY,,,,0.00,,,GLANCY ST,,,,0.00,Y,T-Intersection, ,Intersection-Related,None,,,         ,Wesley,Kinnaird,Clear,Angle,no,no,no,no,no,False
101739717,METROPOLITAN NASHVILLE POLICE DEPT,20170749327,Davidson,Nashville,8/23/2017 5:30:00 PM,2,0,0,36.231620,-86.804000,KNIGHT DR,,,,0.00,,,EWING DR,,,,0.00,Y,T-Intersection,N,Intersection,None,,,         ,Andrew,Delke,Cloudy,Angle,no,no,no,no,yes,False
101739719,METROPOLITAN NASHVILLE POLICE DEPT,20170749166,Davidson,Nashville,8/23/2017 6:45:00 PM,2,0,0,36.161100,-86.775680,3RD AVS,,,,180.00,Feet,South,BROADWAY,,,,0.00,N,Not at Intersection, ,Non-Junction,None,,,         ,Joshua,Reece,Clear,"Sideswipe, Same Direction",no,no,no,no,no,False
101739720,METROPOLITAN NASHVILLE POLICE DEPT,20170749370,Davidson,Nashville,8/23/2017 8:27:00 PM,2,0,0,36.176490,-86.769420,SPRING ST,,,,87.00,Feet,East,I24 W EXT RAMP,,,,0.00,N,Not at Intersection, ,,None,,,         ,Jonathan,Hadley,,,no,no,no,no,no,False
101739738,METROPOLITAN NASHVILLE POLICE DEPT,20170749397,Davidson,Nashville,8/23/2017 5:20:00 PM,2,0,0,36.152300,-86.797450,WEST END AV,,,,0.00,,,19TH AVN,,,,0.00,Y,Four-Way, ,Intersection,None,,,         ,Keith,McNamara,Clear,"Sideswipe, Same Direction",no,no,no,no,no,False
101739746,GOODLETTSVILLE POLICE DEPT,17-29611,Davidson,Goodlettsville,8/23/2017 6:17:00 PM,3,2,0,36.310163,-86.687735,VIETNAM VETERANS,,SR386,,0.50,Miles,East,CONFERENCE,DR,,,1.50,N,Not at Intersection,Y,Non-Junction,None,,,         ,Hannah,Poole,Clear,Front to Rear,no,no,no,no,no,False
101739769,METROPOLITAN NASHVILLE POLICE DEPT,20170725750,Davidson,Nashville,8/16/2017 11:00:00 AM,2,0,0,36.101240,-86.867310,HARDING PL,,,,0.00,,,WINDSOR DR,,,,0.00,Y,OTHER, ,Unknown,None,,,         ,Edward,Rucker,Clear,Unknown,no,no,no,no,no,False
101739776,METROPOLITAN NASHVILLE POLICE DEPT,2017-0749128,Davidson,Nashville,8/23/2017 6:30:00 PM,3,0,0,36.128550,-86.852940,WHITE BRIDGE PKE,,,,85.00,Feet,East,LIONS HEAD VILLAGE PVTDR,,,,0.00,N,Not at Intersection, ,Non-Junction,None,,,         ,John,Hoesli,Clear,Front to Rear,no,no,no,no,no,False
101739789,METROPOLITAN NASHVILLE POLICE DEPT,20170749432,Davidson,Antioch,8/23/2017 8:52:00 PM,2,3,0,36.047230,-86.590040,PIN HOOK RD,,,,0.00,Feet,,PIN OAK DR,,,,0.00,Y,Four-Way,N,Intersection,None,,,         ,Alyson,Cook,Clear,Angle,no,no,no,no,no,False
101739792,METROPOLITAN NASHVILLE POLICE DEPT,20170749218,Davidson,Nashville,8/23/2017 7:19:00 PM,2,0,0,36.152710,-86.689890,ELM HILL PKE,,,,106.00,Feet,West,ELM HILL PKE WB EXT RAMP,,,,0.00,N,Not at Intersection, ,Non-Junction,None,,,         ,John,Daugherty,Clear,"Sideswipe, Same Direction",no,no,no,no,no,False
101739805,METROPOLITAN NASHVILLE POLICE DEPT,20170749352,Davidson,Nashville,8/23/2017 7:50:00 PM,2,0,0,36.053650,-86.659530,HICKORY HOLLOW PL,,,,328.00,Feet,South,HICKORY HOLLOW MALL PVTDR PL,,,,0.00,N,Not at Intersection,N,"Driveway, Alley Access, etc",None,,,         ,Nakia,Reid,Clear,Front to Rear,no,no,no,yes,yes,False
101739844,METROPOLITAN NASHVILLE POLICE DEPT,20170692006,Davidson,Nashville,8/5/2017 10:36:00 PM,3,0,0,36.134270,-86.775000,WEDGEWOOD AV,,,,79.00,Feet,West,I65 N ENT RAMP,,,,0.00,N,Not at Intersection,N,Non-Junction,None,,,         ,Kayla,Castro,Clear,Front to Rear,no,no,no,no,no,False
101739857,METROPOLITAN NASHVILLE POLICE DEPT,20170749676,Davidson,Nashville,8/23/2017 10:15:00 PM,2,0,0,36.166200,-86.740370,SEVIER ST,,,,114.00,Feet,East,S 17TH ST,,,,0.00,N,Not at Intersection,N,Non-Junction,None,,,         ,Ky,Luu,Clear,"Sideswipe, Same Direction",no,no,no,no,yes,False
101739870,METROPOLITAN NASHVILLE POLICE DEPT,20170749964,Davidson,Not in City Limit,8/24/2017 12:55:00 AM,1,0,0,36.296490,-86.920800,MARROWBONE LAKE RD,,,,2609.00,Feet,South,LAKE RD,,,,0.00,N,Not at Intersection,N,Non-Junction,None,,,         ,Armonty,Houston,Clear,Not Collision with Motor Vehicle in Transport,no,no,no,no,no,False
101739876,METROPOLITAN NASHVILLE POLICE DEPT,20170750172,Davidson,Nashville,8/24/2017 12:45:00 AM,1,1,0,36.090330,-86.626500,BELL RD,,,,0.00,,,SMITH SPRINGS RD,,,,0.00,Y,Four-Way,N,Non-Junction,None,,,         ,Ryan,Storm,Clear,Not Collision with Motor Vehicle in Transport,no,no,no,no,no,False
101739885,METROPOLITAN NASHVILLE POLICE DEPT,20170749707,Davidson,Nashville,8/23/2017 12:00:00 AM,1,0,0,36.178360,-86.733790,N 20TH ST,,,,207.00,Feet,East,LAKEHURST DR,,,,0.00,N,Not at Intersection,N,Non-Junction,None,,,         ,Brady,Reynolds,Clear,Not Collision with Motor Vehicle in Transport,no,no,no,yes,yes,False
101739886,METROPOLITAN NASHVILLE POLICE DEPT,20170750167,Davidson,Not in City Limit,8/24/2017 1:35:00 AM,2,0,0,36.008070,-86.652150,LEGACY DR,,,,483.00,Feet,East,CRESSENT GLEN CT,,,,0.00,N,Not at Intersection,N,Non-Junction,None,,,         ,Kevin,Breeding,Clear,Front to Rear,no,no,no,no,no,False
101739927,METROPOLITAN NASHVILLE POLICE DEPT,20170690912,Davidson,Nashville,8/5/2017 12:50:00 PM,2,0,1,36.150310,-86.625380,BELL RD,,,,700.00,Feet,South,STEWARTS FERRY PKE,,,,0.00,N,Not at Intersection,N,Non-Junction,None,,,17-0567  ,Donald,Davidson,Clear,Angle,no,no,no,no,no,False
101739930,METROPOLITAN NASHVILLE POLICE DEPT,20170750320,Davidson,Nashville,8/24/2017 3:40:00 AM,3,0,0,36.166260,-86.776530,GAY ST,,,,219.00,Feet,North,BANK ST,,,,0.00,N,Not at Intersection,N,Non-Junction,None,,,         ,Darrien,Spann,Clear,"Sideswipe, Same Direction",no,no,no,no,no,False
101739955,METROPOLITAN NASHVILLE POLICE DEPT,20170750555,Davidson,Nashville,8/24/2017 5:35:00 AM,2,0,0,36.154150,-86.757760,I24 W ENT RAMP,,,,0.00,Feet,East,I 40,,,,0.00,N,Not at Intersection, ,Non-Junction,None,,,         ,Mekisha,Page,Clear,Unknown,no,no,no,no,no,False
101739969,METROPOLITAN NASHVILLE POLICE DEPT,20170750677,Davidson,Nashville,8/24/2017 6:50:00 AM,2,0,0,36.187800,-86.794530,3RD AVN,,,,4.00,Feet,West,DOMINICAN DR,,,,0.00,N,Not at Intersection,N,Non-Junction,None,,,         ,YUNUS,ADAK,Clear,"Sideswipe, Same Direction",no,no,no,no,yes,False
101739970,METROPOLITAN NASHVILLE POLICE DEPT,20170750597,Davidson,Nashville,8/24/2017 5:59:00 AM,2,2,0,36.109690,-86.671460,KNAPP BLVD,,,,0.00,,,DONELSON PKE,,,,0.00,Y,Four-Way,N,Intersection,None,,,         ,Bridget,Griepentrog,Clear,Angle,no,no,no,no,no,False
101739972,METROPOLITAN NASHVILLE POLICE DEPT,20170750718,Davidson,Nashville,8/24/2017 7:13:00 AM,2,2,0,36.145270,-86.811930,WEST END AV,,,,0.00,,,28TH AVS,,,,0.00,Y,T-Intersection,N,Intersection,None,,,         ,Nathan,Kemp,Clear,Front to Rear,no,no,no,no,no,Campus
101739978,METROPOLITAN NASHVILLE POLICE DEPT,20170750681,Davidson,Not in City Limit,8/24/2017 6:55:00 AM,3,0,0,36.077090,-87.030470,I 40,,,,0.00,,,,,,,192.00,N,Not at Intersection,N,Non-Junction,None,,,         ,Curtis,Rich,Clear,Front to Rear,no,no,no,no,no,False
101739980,METROPOLITAN NASHVILLE POLICE DEPT,20170750671,Davidson,Nashville,8/24/2017 6:49:00 AM,2,0,0,36.187430,-86.795000,I 65,,,,0.00,,,,,,,85.40,N,Not at Intersection,N,Non-Junction,None,,,         ,Ronald,Bright,Clear,Angle,no,no,no,no,yes,False
101739992,METROPOLITAN NASHVILLE POLICE DEPT,20170750779,Davidson,Nashville,8/24/2017 7:38:00 AM,2,0,0,36.205140,-86.776620,I 65,,,,0.00,,,,,,,87.20,N,Not at Intersection, ,,None,,,         ,Michael,McCord,,,no,no,no,no,no,False
101739997,METROPOLITAN NASHVILLE POLICE DEPT,20170750731,Davidson,Nashville,8/24/2017 12:00:00 AM,1,1,0,36.140730,-86.732280,I 40,,,,0.00,,,,,,,213.00,N,Not at Intersection,N,Non-Junction,None,,,         ,FELIKS,ABRAHAMYAN,Clear,Not Collision with Motor Vehicle in Transport,no,no,no,no,no,False
101740014,METROPOLITAN NASHVILLE POLICE DEPT,20170750752,Davidson,Nashville,8/24/2017 7:25:00 AM,2,0,0,36.184740,-86.815660,CLARKSVILLE PKE,,,,0.00,,,24TH AVN,,,,0.00,Y,T-Intersection,N,Non-Junction,None,,,         ,James,Wray,Clear,Angle,no,no,no,no,no,False
101740019,METROPOLITAN NASHVILLE POLICE DEPT,20170750797,Davidson,Nashville,8/24/2017 7:39:00 AM,2,0,0,36.217990,-86.774870,I 65,,,,0.00,,,,,,,88.15,N,Not at Intersection, ,Non-Junction,None,,,         ,Ronald,Bright,Clear,"Sideswipe, Same Direction",no,no,no,no,no,False
101740020,METROPOLITAN NASHVILLE POLICE DEPT,20170750884,Davidson,Nashville,8/24/2017 8:15:00 AM,2,1,0,36.160380,-86.802160,JO JOHNSTON AV,,,,97.00,Feet,West,DR D B TODD JR BLVD,,,,0.00,N,Not at Intersection,N,Non-Junction,None,,,         ,Chase,Burnett,Clear,Angle,no,no,no,no,yes,False
101740023,METROPOLITAN NASHVILLE POLICE DEPT,20170750800,Davidson,Nashville,8/24/2017 7:47:00 AM,3,0,0,36.202560,-86.750950,ELLINGTON PKWYS,,,,81.00,Feet,West,ELLINGTON PKWY S ENT RAMP,,,,0.00,N,Not at Intersection, ,Non-Junction,None,,,         ,Richard,Conger,Clear,Front to Rear,no,no,no,no,no,False
101740024,METROPOLITAN NASHVILLE POLICE DEPT,20170750931,Davidson,Nashville,8/24/2017 8:45:00 AM,2,0,0,36.118610,-86.815890,GOLF CLUB LN,,,,137.00,Feet,West,23RD AVS,,,,0.00,N,Not at Intersection, ,Non-Junction,None,,,         ,Curtis,Rich,Clear,Other,no,no,no,no,no,False
101740028,METROPOLITAN NASHVILLE POLICE DEPT,20170750833,Davidson,Nashville,8/24/2017 8:00:00 AM,2,0,0,36.193680,-86.807030,GREAT CIRCLE RD,,,,4.00,Feet,North,ROSA L PARKS BLVD,,,,0.00,N,Not at Intersection, ,Non-Junction,None,,,         ,YUNUS,ADAK,Clear,Front to Rear,no,no,no,no,no,False
101740049,METROPOLITAN NASHVILLE POLICE DEPT,20170750756,Davidson,Nashville,8/24/2017 7:30:00 AM,2,2,0,36.098280,-86.822310,HILLSBORO PKE,,,,362.00,Feet,West,CASTLEMAN DR,,,,0.00,N,Not at Intersection,N,Non-Junction,None,,,         ,Phillip,Murphy,Clear,Front to Rear,no,no,no,no,no,False
101740060,METROPOLITAN NASHVILLE POLICE DEPT,20170750793,Davidson,Nashville,8/24/2017 7:20:00 AM,2,0,0,36.167140,-86.787130,JAMES ROBERTSON PKWY,,,,0.00,,,ROSA L PARKS BLVD,,,,0.00,Y,OTHER, ,Non-Junction,None,,,         ,Frank,Campbell,Clear,Angle,no,no,no,no,no,False
101740061,METROPOLITAN NASHVILLE POLICE DEPT,20170750956,Davidson,Nashville,8/24/2017 7:45:00 AM,2,0,0,36.171320,-86.770060,MAIN ST,,,,153.00,Feet,East,N 2ND ST,,,,0.00,N,Not at Intersection, ,Non-Junction,None,,,         ,Gregory,Julia,Clear,Front to Rear,no,no,no,no,yes,False
101740064,METROPOLITAN NASHVILLE POLICE DEPT,20170750890,Davidson,Nashville,8/24/2017 8:10:00 AM,2,0,0,36.172510,-86.649660,LEBANON PKE,,,,62.00,Feet,West,DISSPAYNE DR,,,,0.00,N,Not at Intersection, ,Non-Junction,None,,,         ,Wesley,Young,Clear,Front to Rear,no,no,no,no,no,False
101740065,METROPOLITAN NASHVILLE POLICE DEPT,20170750965,Davidson,Not in City Limit,8/24/2017 7:30:00 AM,2,0,0,36.324730,-86.873810,I 24,,,,0.00,,,,,,,34.65,N,Not at Intersection, ,,None,,,         ,Cary,Briley,,,no,no,no,no,no,False
101740069,METROPOLITAN NASHVILLE POLICE DEPT,20170751063,Davidson,Nashville,8/24/2017 9:06:00 AM,2,0,0,36.182410,-86.799070,I65 N EXT RAMP,,,,0.00,Feet,East,I 65,,,,0.00,N,Not at Intersection, ,Entrance/Exit Ramp Related,None,,,         ,Michael,McCord,Clear,Front to Rear,no,no,no,no,no,False
101740070,METROPOLITAN NASHVILLE POLICE DEPT,20170750975,Davidson,Nashville,8/24/2017 9:05:00 AM,2,1,0,36.167360,-86.765260,I 24,,,,0.00,,,,,,,48.90,N,Not at Intersection,N,Entrance/Exit Ramp Related,None,,,         ,Charles,Coe,Clear,Front to Rear,no,no,no,no,no,False
101740072,METROPOLITAN NASHVILLE POLICE DEPT,2017750706,Davidson,Nashville,8/24/2017 7:03:00 AM,2,1,0,36.152320,-86.808730,PATTERSON ST,,,,397.00,Feet,West,23RD AVN,,,,0.00,N,Not at Intersection,N,Non-Junction,None,,,         ,Erik,Wagner,Clear,Angle,no,no,no,no,no,False
101740085,METROPOLITAN NASHVILLE POLICE DEPT,20170750711,Davidson,Nashville,8/24/2017 7:08:00 AM,2,0,0,36.097530,-86.823450,BURTON HILLS BLVD,,,,0.00,,,HILLSBORO PKE,,,,0.00,Y,Four-Way, ,Intersection-Related,None,,,         ,Phillip,Murphy,Clear,Front to Rear,no,no,no,no,no,False
101740086,METROPOLITAN NASHVILLE POLICE DEPT,20170748475,Davidson,Nashville,8/23/2017 1:55:00 PM,3,0,0,36.239460,-86.753880,I 65,,,,0.00,,,,,,,90.20,N,Not at Intersection,N,Non-Junction,None,,,         ,Brandon,Wood,Clear,Front to Rear,no,no,no,no,no,False
101740087,METROPOLITAN NASHVILLE POLICE DEPT,20170751117,Davidson,Nashville,8/24/2017 9:50:00 AM,2,0,0,36.080370,-86.685700,ANTIOCH PKE,,,,0.00,,,FRANKLIN LIMESTONE RD,,,,0.00,Y,Four-Way, ,Non-Junction,None,,,         ,Eric,Keller,Clear,Front to Rear,no,no,no,no,no,False
101740092,METROPOLITAN NASHVILLE POLICE DEPT,2017-0750801,Davidson,Nashville,8/24/2017 7:47:00 AM,2,0,0,36.128540,-86.727410,I 24,,,,0.00,,,,,,,51.30,N,Not at Intersection,N,Non-Junction,None,,,         ,William,Whitworth,Clear,Front to Rear,no,no,no,no,no,False
101740096,METROPOLITAN NASHVILLE POLICE DEPT,20170751134,Davidson,Nashville,8/24/2017 8:42:00 AM,2,0,0,36.071210,-86.635450,MURFREESBORO PKE,,,,321.00,Feet,South,BELL RD,,,,0.00,N,Not at Intersection,N,Non-Junction,None,,,         ,Steven,Rowlett,Clear,"Sideswipe, Same Direction",no,no,no,no,no,False
101740115,METROPOLITAN NASHVILLE POLICE DEPT,20170751178,Davidson,Nashville,8/24/2017 10:12:00 AM,2,0,0,36.142800,-86.744360,MURFREESBORO PKE,,,,0.00,,,FESSLERS LN,,,,0.00,Y,Four-Way, ,Intersection-Related,None,,,         ,FELIKS,ABRAHAMYAN,Clear,Front to Rear,no,no,no,no,no,False
101740123,METROPOLITAN NASHVILLE POLICE DEPT,20170751128,Davidson,Nashville,8/24/2017 10:05:00 AM,2,0,0,36.111470,-86.722700,I 24,,,,0.00,,,,,,,53.60,N,Not at Intersection,N,Non-Junction,None,,,         ,Jessie,Meadows,Clear,Angle,no,no,no,no,no,False
101740143,THP District 3 - Nashville,317050254,Davidson,Not in City Limit,8/24/2017 7:52:00 AM,2,1,0,36.326280,-86.885110,I 24,,,,0.00,,,,,,,34.00,N,Not at Intersection,N,Non-Junction,None,,,         ,Sara,Vaughn,Clear,Front to Rear,no,no,no,no,no,False