master_record_number,agency,agency_tracking_number,county,city,collision_date,vehicles_involved,number_injured,number_dead,latitude,longitude,roadway_name,roadway_suffix,roadway_number,roadway_local_id,distance_from_reference,miles-feet_indicator,direction_from_reference,intersection_road_name,intersection_road_name_suffix,intersection_road_number,intersection_local_id,mile_marker,intersection_indicator,intersect_type,interchange_related_indicator,relation_to_junction,work_zone_type,construction_maintenance_zone,construction_maintenance_zone_location,fatal_case_number,officer_first_name,officer_last_name,weather_condition(s),manner_of_crash,pedestrian,bicycle,scooter,parking,hitrun,mou
101740700,METROPOLITAN NASHVILLE POLICE DEPT,20170752448,Davidson,Nashville,8/24/2017 6:15:00 PM,2,0,0,36.077790,-86.731590,MILNER DR,,,,0.00,,,HARDING PL,,,,0.00,Y,T-Intersection, ,Intersection-Related,None,,,         ,Tien,Nguyen,Clear,Angle,no,no,no,no,no,False
101740709,METROPOLITAN NASHVILLE POLICE DEPT,20170751808,Davidson,Nashville,8/24/2017 2:19:00 PM,3,0,0,36.154040,-86.762370,I 40,,,,0.00,,,,,,,210.85,N,Not at Intersection, ,Non-Junction,None,,,         ,John,Daugherty,Clear,Front to Rear,no,no,no,no,no,False
101740710,METROPOLITAN NASHVILLE POLICE DEPT,20170752123,Davidson,Nashville,8/24/2017 5:01:00 PM,3,1,0,36.155910,-86.789600,I40 E ENT RAMP,,,,0.00,Feet,East,I 40,,,,0.00,N,Not at Intersection,N,Non-Junction,None,,,         ,Jacob,Paul,Clear,Front to Rear,no,no,no,no,no,False
101740760,METROPOLITAN NASHVILLE POLICE DEPT,20170751818,Davidson,Nashville,8/24/2017 3:00:00 PM,2,0,0,36.154030,-86.787570,DEMONBREUN ST,,,,0.00,,,13TH AVS,,,,0.00,Y,Four-Way,N,Intersection,None,,,         ,Michael,Douglas,Clear,Angle,no,no,no,no,no,False
101740768,METROPOLITAN NASHVILLE POLICE DEPT,20170752429,Davidson,Nashville,8/24/2017 7:25:00 PM,2,0,0,36.158120,-86.759900,I 24,,,,0.00,,,,,,,49.60,N,Not at Intersection, ,Non-Junction,None,,,         ,Andrew,Anoskey,Clear,"Sideswipe, Same Direction",no,no,no,no,no,False
101740769,METROPOLITAN NASHVILLE POLICE DEPT,20170752591,Davidson,Nashville,8/24/2017 8:35:00 PM,2,0,0,36.175010,-86.784680,3RD AVN,,,,0.00,,,JEFFERSON ST,,,,0.00,Y,Four-Way, ,Intersection,None,,,         ,Darren,White,Clear,Front to Rear,no,no,no,no,no,False
101740799,METROPOLITAN NASHVILLE POLICE DEPT,20170752528,Davidson,Nashville,8/24/2017 6:52:00 PM,1,0,0,36.225580,-86.626250,BROADWAY,,,,136.00,Feet,North,CENTER ST,,,,0.00,N,Not at Intersection,N,Non-Junction,None,,,         ,Reuben,Hewit,Clear,Not Collision with Motor Vehicle in Transport,no,no,no,no,yes,False
101740804,METROPOLITAN NASHVILLE POLICE DEPT,2017-0751820,Davidson,Nashville,8/24/2017 2:26:00 PM,2,0,0,36.160550,-86.776890,4TH AVS,,,,640.00,Feet,North,DEMONBREUN ST,,,,0.00,N,Not at Intersection, ,Non-Junction,None,,,         ,Cory,West,Clear,"Sideswipe, Same Direction",no,no,no,no,no,False
101740842,METROPOLITAN NASHVILLE POLICE DEPT,20170752579,Davidson,Nashville,8/24/2017 6:20:00 PM,2,0,0,36.161310,-86.774790,2ND AVS,,,,191.00,Feet,North,SHELBY ST PEDESTRIAN BRIDGE GR,,,,0.00,N,Not at Intersection,N,Non-Junction,None,,,         ,Gregory,Scott,Clear,"Sideswipe, Same Direction",no,no,no,no,yes,False
101740851,METROPOLITAN NASHVILLE POLICE DEPT,2017-0752212,Davidson,Nashville,8/24/2017 5:00:00 PM,2,0,0,36.150890,-86.777060,FOGG ST,,,,191.00,Feet,East,7TH AVS,,,,0.00,N,Not at Intersection, ,Non-Junction,None,,,         ,Cory,West,Clear,Rear to Rear,no,no,no,no,no,False
101740854,METROPOLITAN NASHVILLE POLICE DEPT,20170752772,Davidson,Nashville,8/24/2017 9:20:00 PM,2,0,0,36.232300,-86.624740,OLD HICKORY BLVD,,,,4.00,Feet,North,SHUTE LN,,,,0.00,N,Not at Intersection, ,Non-Junction,None,,,         ,Kyle,Burks,Clear,"Sideswipe, Same Direction",no,no,no,no,no,False
101740855,METROPOLITAN NASHVILLE POLICE DEPT,20170752144,Davidson,Nashville,8/24/2017 4:35:00 PM,2,0,0,36.150950,-86.750160,I 40,,,,0.00,,,,,,,211.60,N,Not at Intersection,N,Non-Junction,None,,,         ,John,Daugherty,Clear,Front to Rear,no,no,no,no,yes,False
101740869,METROPOLITAN NASHVILLE POLICE DEPT,20170752668,Davidson,Nashville,8/24/2017 5:05:00 PM,2,0,0,36.061140,-86.690000,BRENDA CT,,,,98.00,Feet,West,BRADLEY CT,,,,0.00,N,Not at Intersection, ,,None,,,         ,Alyson,Cook,,,no,no,no,yes,no,False
101740877,METROPOLITAN NASHVILLE POLICE DEPT,20170752667,Davidson,Nashville,8/24/2017 8:38:00 PM,2,0,0,36.234790,-86.758370,DICKERSON PKE,,,,113.00,Feet,South,HOMESTEAD RD,,,,0.00,N,Not at Intersection, ,Non-Junction,None,,,         ,Christopher,Valdez,Clear,Angle,no,no,no,no,no,False
101740887,METROPOLITAN NASHVILLE POLICE DEPT,20170752819,Davidson,Nashville,8/24/2017 9:50:00 PM,2,1,0,36.060310,-86.640330,BELL RD,,,,150.00,Feet,South,HICKORY HIGHLANDS DR,,,,0.00,N,Not at Intersection,N,Non-Junction,None,,,         ,Candice,Soper,Clear,Front to Rear,no,no,no,no,yes,False
101740891,METROPOLITAN NASHVILLE POLICE DEPT,2017-0752330,Davidson,Nashville,8/24/2017 6:07:00 PM,2,0,0,36.150350,-86.780760,9TH AVS,,,,50.00,Feet,North,DIVISION ST,,,,0.00,N,Not at Intersection, ,Non-Junction,None,,,         ,Cory,West,Clear,"Sideswipe, Same Direction",no,no,no,no,no,False
101740899,METROPOLITAN NASHVILLE POLICE DEPT,2017-0747137,Davidson,Nashville,8/23/2017 12:00:00 AM,1,1,0,36.121740,-86.750580,NOLENSVILLE PKE,,,,0.00,,,I440 E EXT RAMP,,,,0.00,Y,OTHER,N,Non-Junction,None,,,         ,Frank,Walker,Clear,Not Collision with Motor Vehicle in Transport,no,no,no,no,no,False
101740912,METROPOLITAN NASHVILLE POLICE DEPT,20170752816,Davidson,Nashville,8/24/2017 9:46:00 PM,2,0,0,36.142590,-86.815500,WEST END AV,,,,0.00,,,31ST AVN,,,,0.00,Y,OTHER,N,OtherLocation,None,,,         ,Tien,Nguyen,Clear,Angle,no,no,no,yes,yes,Campus
101740913,METROPOLITAN NASHVILLE POLICE DEPT,20170752131,Davidson,Nashville,8/24/2017 12:00:00 AM,3,0,0,36.247530,-86.720640,GALLATIN PKES,,,,190.00,Feet,South,DUE WEST AVW,,,,0.00,N,Not at Intersection,N,Non-Junction,None,,,         ,Joel,Callies,Clear,Front to Rear,no,no,no,no,no,False
101740953,METROPOLITAN NASHVILLE POLICE DEPT,20170752275,Davidson,Nashville,8/24/2017 6:00:00 PM,2,0,0,36.171330,-86.792180,JACKSON ST,,,,234.00,Feet,West,9TH AVN,,,,0.00,N,Not at Intersection,N,Non-Junction,None,,,         ,Keiara,Ward,Clear,"Sideswipe, Same Direction",no,no,no,no,yes,False
101740970,METROPOLITAN NASHVILLE POLICE DEPT,20170752803,Davidson,Nashville,8/24/2017 9:46:00 PM,2,0,0,36.071870,-86.636180,MURFREESBORO PKE,,,,0.00,Feet,,BELL RD,,,,0.00,Y,Four-Way, ,Intersection-Related,None,,,         ,Pamela,Caulder,Clear,Front to Rear,no,no,no,no,no,False
101740989,METROPOLITAN NASHVILLE POLICE DEPT,20170753034,Davidson,Nashville,8/24/2017 10:55:00 PM,2,0,0,36.148320,-86.629240,NORWALK DR,,,,71.00,Feet,North,NEEDLES CT,,,,0.00,N,Not at Intersection,N,Non-Junction,None,,,         ,Bridget,Griepentrog,Clear,Front to Rear,no,no,no,no,no,False
101740998,METROPOLITAN NASHVILLE POLICE DEPT,20170752931,Davidson,Nashville,8/24/2017 9:40:00 PM,2,0,0,36.122820,-86.773200,I 65,,,,0.00,,,,,,,80.55,N,Not at Intersection,N,Non-Junction,None,,,         ,Joshua,Billotte,Clear,"Sideswipe, Same Direction",no,no,no,no,no,False
101741033,METROPOLITAN NASHVILLE POLICE DEPT,20170753645,Davidson,Nashville,8/25/2017 2:27:00 AM,1,1,0,36.040510,-86.712770,NOLENSVILLE PKE,,,,700.00,Feet,South,SWISS AV,,,,0.00,N,Not at Intersection,N,Non-Junction,None,,,         ,Ryan,Storm,Clear,Not Collision with Motor Vehicle in Transport,no,no,no,no,no,False
101741048,METROPOLITAN NASHVILLE POLICE DEPT,20170753610,Davidson,Nashville,8/25/2017 2:07:00 AM,2,0,0,36.073860,-86.623480,ANDERSON RD,,,,7.00,Feet,East,OWENDALE DR,,,,0.00,N,Not at Intersection, ,Non-Junction,None,,,         ,Kyle,Berkheiser,Clear,Angle,no,no,no,no,yes,False
101741050,METROPOLITAN NASHVILLE POLICE DEPT,20170753690,Davidson,Nashville,8/25/2017 2:50:00 AM,2,1,0,36.151770,-86.803610,ELLISTON PL,,,,0.00,,,22ND AVN,,,,0.00,Y,T-Intersection,N,Non-Junction,None,,,         ,Deandera,Payne,Clear,Front to Rear,no,no,no,no,no,Campus
101741079,THP District 9 - Administrative,317048507,Davidson,Nashville,8/16/2017 4:40:00 PM,2,0,0,36.162120,-86.782650,7TH AVN,,,,0.00,,,CHURCH ST,,,,0.00,Y,Four-Way,N,Intersection,None,,,         ,Trent,Sutherland,Clear,Angle,no,no,no,no,no,False
101741104,METROPOLITAN NASHVILLE POLICE DEPT,20170754158,Davidson,Nashville,8/25/2017 7:23:00 AM,2,0,0,36.041140,-86.776210,BRENTWOOD COMMONS WAY,,,,0.00,,,OLD HICKORY BLVD,,,,0.00,Y,Four-Way, ,Intersection,None,,,         ,Nathan,Kemp,Clear,Angle,no,no,no,no,no,False
101741113,METROPOLITAN NASHVILLE POLICE DEPT,20170754091,Davidson,Nashville,8/25/2017 6:46:00 AM,2,0,0,36.153620,-86.722170,LEBANON PKE,,,,184.00,Feet,West,SPENCE LN,,,,0.00,N,Not at Intersection,N,Non-Junction,None,,,         ,Kevin,Clausius,Clear,Front to Rear,no,no,no,no,no,False
101741114,METROPOLITAN NASHVILLE POLICE DEPT,20170754099,Davidson,Not in City Limit,8/25/2017 6:51:00 AM,2,0,0,36.257360,-86.766740,BELLSHIRE TERRACE DR,,,,134.00,Feet,North,BELLSHIRE TERRACE CT,,,,0.00,N,Not at Intersection, ,Non-Junction,None,,,         ,Thomas,Odom,Clear,Angle,no,no,no,no,no,False
101741129,METROPOLITAN NASHVILLE POLICE DEPT,20170754123,Davidson,Nashville,8/25/2017 6:55:00 AM,2,0,0,36.141390,-86.716210,I 40,,,,0.00,,,,,,,213.85,N,Not at Intersection, ,Non-Junction,None,,,         ,Ralph,Harvey,Clear,Front to Rear,no,no,no,no,no,False
101741167,METROPOLITAN NASHVILLE POLICE DEPT,20170754132,Davidson,Nashville,8/25/2017 7:09:00 AM,1,1,0,36.140470,-86.628160,BELL RD,,,,245.00,Feet,South,ELM HILL PKE,,,,0.00,N,Not at Intersection,N,Non-Junction,None,,,         ,Jed,Baldoni,Clear,Not Collision with Motor Vehicle in Transport,no,no,no,no,no,False
101741168,METROPOLITAN NASHVILLE POLICE DEPT,20170754346,Davidson,Nashville,8/25/2017 8:31:00 AM,2,0,0,36.121920,-86.759980,I 440,,,,0.00,,,,,,,5.80,N,Not at Intersection, ,,None,,,         ,Nathan,Kemp,,,no,no,no,no,no,False
101741169,METROPOLITAN NASHVILLE POLICE DEPT,2017-0710023,Davidson,Nashville,8/11/2017 7:00:00 AM,2,0,0,36.069800,-86.689650,I 24,,,,0.00,,,,,,,57.00,N,Not at Intersection,N,Non-Junction,None,,,         ,Jonathan,Seidl,Unknown,"Sideswipe, Same Direction",no,no,no,no,yes,False
101741170,METROPOLITAN NASHVILLE POLICE DEPT,20170754320,Davidson,Nashville,8/25/2017 8:36:00 AM,2,0,0,36.239740,-86.771810,BRILEY PKWYW,,,,364.00,Feet,East,MOOREWOOD DR,,,,0.00,N,Not at Intersection,N,Non-Junction,None,,,         ,Thomas,Odom,Clear,Not Collision with Motor Vehicle in Transport,no,no,no,no,no,False
101741178,METROPOLITAN NASHVILLE POLICE DEPT,20170754335,Davidson,Nashville,8/25/2017 8:29:00 AM,2,0,0,36.142790,-86.736000,I 40,,,,0.00,,,,,,,212.75,N,Not at Intersection, ,,None,,,         ,Ralph,Harvey,,,no,no,no,no,no,False
101741191,METROPOLITAN NASHVILLE POLICE DEPT,20170754141,Davidson,Antioch,8/24/2017 9:00:00 PM,2,0,0,36.015670,-86.618840,OLD HICKORY BLVD,,,,0.00,,,,,,,0.00,,Not at Intersection,N,Non-Junction,None,,,         ,Robert,Erickson,Clear,Front to Rear,no,no,no,yes,yes,False
101741195,METROPOLITAN NASHVILLE POLICE DEPT,20170754420,Davidson,Nashville,8/25/2017 9:01:00 AM,2,0,0,36.152730,-86.807940,PATTERSON ST,,,,119.00,Feet,West,23RD AVN,,,,0.00,N,Not at Intersection, ,Non-Junction,None,,,         ,Bryan,Musgrave,Clear,Front to Rear,no,no,no,no,no,False
101741215,METROPOLITAN NASHVILLE POLICE DEPT,20170754386,Davidson,Nashville,8/25/2017 4:30:00 AM,1,0,0,36.208580,-86.689330,KIMBERLY DR,,,,0.00,,,CABIN HILL RD,,,,0.00,Y,Four-Way,N,Non-Junction,None,,,         ,Kevin,Clausius,Unknown,Not Collision with Motor Vehicle in Transport,no,no,no,no,yes,False
101741230,METROPOLITAN NASHVILLE POLICE DEPT,20170754149,Davidson,Nashville,8/25/2017 7:15:00 AM,2,0,0,36.043220,-86.640550,MT VIEW RD,,,,78.00,Feet,East,BABY RUTH LN,,,,0.00,N,Not at Intersection, ,Non-Junction,None,,,         ,Mary,Williams,Clear,Front to Rear,no,no,no,no,no,False
101741239,METROPOLITAN NASHVILLE POLICE DEPT,2017754375,Davidson,Nashville,8/25/2017 8:54:00 AM,2,0,0,36.160710,-86.793100,I 40,,,,0.00,,,,,,,208.75,N,Not at Intersection,N,Non-Junction,None,,,         ,Erik,Wagner,Clear,Front to Rear,no,no,no,no,no,False
101741274,METROPOLITAN NASHVILLE POLICE DEPT,20170754514,Davidson,Nashville,8/25/2017 6:55:00 AM,2,0,0,36.168260,-86.806640,MEHARRY BLVD,,,,141.00,Feet,West,DR D B TODD JR BLVD,,,,0.00,N,Not at Intersection,N,Non-Junction,None,,,         ,Gregory,Julia,Clear,Front to Rear,no,no,no,no,yes,False
101741277,METROPOLITAN NASHVILLE POLICE DEPT,20170754484,Davidson,Nashville,8/25/2017 9:50:00 AM,2,1,0,36.153490,-86.787530,I40 W EXT RAMP,,,,0.00,Feet,East,I 40,,,,0.00,N,Not at Intersection,N,Non-Junction,None,,,         ,Kevin,Johnson,Clear,HeadOn,no,no,no,no,yes,False
101741284,METROPOLITAN NASHVILLE POLICE DEPT,20170754699,Davidson,Nashville,8/25/2017 11:20:00 AM,2,1,0,36.152440,-86.855740,I40 E ENT RAMP,,,,0.00,Feet,East,I 40,,,,0.00,N,Not at Intersection,N,Non-Junction,None,,,         ,Curtis,Rich,Clear,Not Collision with Motor Vehicle in Transport,no,no,no,no,no,False
101741286,METROPOLITAN NASHVILLE POLICE DEPT,20170754587,Davidson,Nashville,8/25/2017 10:41:00 AM,1,0,0,36.215810,-86.687620,MCGAVOCK PKE,,,,0.00,,,,,,,0.00,,, ,Non-Junction,None,,,         ,Wesley,Young,Clear,Not Collision with Motor Vehicle in Transport,no,no,no,yes,no,False
101741309,METROPOLITAN NASHVILLE POLICE DEPT,20170754772,Davidson,Nashville,8/25/2017 12:10:00 PM,2,0,0,36.075210,-86.918710,HIGHWAY 70S,,,,0.00,,,BELLEVUE VALLEY PLAZA PVTDR,,,,0.00,Y,OTHER, ,,None,,,         ,Wesley,Tilley,,,no,no,no,no,no,False
101741317,METROPOLITAN NASHVILLE POLICE DEPT,20170754751,Davidson,Nashville,8/25/2017 12:03:00 PM,2,0,0,36.156280,-86.790060,I40 E EXT RAMP,,,,0.00,Feet,East,I 40,,,,0.00,N,Not at Intersection,N,Non-Junction,None,,,         ,Nathan,Kemp,Clear,"Sideswipe, Same Direction",no,no,no,no,no,False
101741324,METROPOLITAN NASHVILLE POLICE DEPT,20170754720,Davidson,Nashville,8/25/2017 11:45:00 AM,1,0,0,36.151440,-86.775710,EWING AV,,,,154.00,Feet,South,MIDDLETON ST,,,,0.00,N,Not at Intersection,N,"Driveway, Alley Access, etc",None,,,         ,Shawn,Taylor,Clear,Not Collision with Motor Vehicle in Transport,no,no,no,no,no,False
101741330,METROPOLITAN NASHVILLE POLICE DEPT,20170754821,Davidson,Nashville,8/25/2017 12:18:00 PM,2,0,0,36.143500,-86.794410,EDGEHILL AV,,,,0.00,,,17TH AVS,,,,0.00,Y,Four-Way, ,Intersection,None,,,         ,Russell,Freeman,Clear,Angle,no,no,no,no,no,Campus
101741345,METROPOLITAN NASHVILLE POLICE DEPT,20170754698,Davidson,Antioch,8/25/2017 11:30:00 AM,2,0,0,36.030250,-86.612610,LOGISTICS WAY,,,,0.00,,,OLD HICKORY BLVD,,,,0.00,Y,OTHER, ,Non-Junction,None,,,         ,Jessie,Meadows,Clear,Front to Rear,no,no,no,no,no,False
101741350,METROPOLITAN NASHVILLE POLICE DEPT,20170754770,Davidson,Not in City Limit,8/25/2017 12:10:00 PM,2,1,0,36.262210,-86.712210,GALLATIN PKES,,,,0.00,,,E OLD HICKORY BLVD,,,,0.00,Y,T-Intersection,N,Intersection,None,,,         ,Brian,Otto,Cloudy,Angle,no,no,no,no,no,False
101741351,METROPOLITAN NASHVILLE POLICE DEPT,2017-0754106,Davidson,Nashville,8/25/2017 6:09:00 AM,2,0,0,36.064020,-86.683780,I 24,,,,0.00,,,,,,,57.50,N,Not at Intersection,N,Non-Junction,None,,,         ,William,Whitworth,Clear,"Sideswipe, Same Direction",no,no,no,no,no,False
101741352,METROPOLITAN NASHVILLE POLICE DEPT,2017-0754218,Davidson,Nashville,8/25/2017 7:24:00 AM,2,0,0,36.030770,-86.699580,BARNES RD,,,,0.00,,,COTTAGE GROVE WAY,,,,0.00,Y,Four-Way,N,Intersection,None,,,         ,William,Whitworth,Clear,Angle,no,no,no,no,no,False
101741353,METROPOLITAN NASHVILLE POLICE DEPT,2017-0754385,Davidson,Nashville,8/25/2017 7:58:00 AM,2,0,0,36.039980,-86.649480,I 24,,,,0.00,,,,,,,60.00,N,Not at Intersection, ,Non-Junction,None,,,         ,William,Whitworth,Clear,Front to Rear,no,no,no,no,no,False
101741354,METROPOLITAN NASHVILLE POLICE DEPT,2017-0754491,Davidson,Nashville,8/25/2017 8:10:00 AM,2,0,0,36.069120,-86.683840,ANTIOCH PKE,,,,0.00,,,RICHARDS RD,,,,0.00,Y,T-Intersection, ,Intersection,None,,,         ,William,Whitworth,Clear,Angle,no,no,no,no,no,False
101741356,METROPOLITAN NASHVILLE POLICE DEPT,20170754651,Davidson,Nashville,8/25/2017 12:41:00 AM,2,0,0,36.148340,-86.832020,DAKOTA AV,,,,90.00,Feet,East,39TH AVN,,,,0.00,N,Not at Intersection,N,Non-Junction,None,,,         ,Gregory,McDaniel,Unknown,HeadOn,no,no,no,no,yes,False
101741358,METROPOLITAN NASHVILLE POLICE DEPT,20170754662,Davidson,Nashville,8/25/2017 11:10:00 AM,2,0,0,36.165690,-86.781510,5TH AVN,,,,123.00,Feet,North,DEADERICK ST,,,,0.00,N,Not at Intersection, ,Non-Junction,None,,,         ,Wesley,Henderson,Clear,Angle,no,no,no,yes,yes,False
101741365,METROPOLITAN NASHVILLE POLICE DEPT,20170754324,Davidson,Nashville,8/25/2017 7:48:00 AM,2,0,0,36.239720,-86.872260,EATONS CREEK RD,,,,72.00,Feet,South,MCCOOL RD,,,,0.00,N,Not at Intersection,N,Non-Junction,None,,,         ,Thomas,Odom,Clear,Angle,no,no,no,no,no,False
101741366,METROPOLITAN NASHVILLE POLICE DEPT,20170754637,Davidson,Nashville,8/25/2017 11:00:00 AM,2,0,0,36.249320,-86.741770,I 65,,,,0.00,,,,,,,91.15,N,Not at Intersection,N,Non-Junction,None,,,         ,Thomas,Odom,Clear,"Sideswipe, Same Direction",no,no,no,no,yes,False
101741367,METROPOLITAN NASHVILLE POLICE DEPT,20170754839,Davidson,Nashville,8/25/2017 12:25:00 PM,2,0,0,36.137570,-86.800760,WEDGEWOOD AV,,,,0.00,,,21ST AVS,,,,0.00,Y,Four-Way, ,,None,,,         ,Phillip,Murphy,,,no,no,no,no,no,Campus
101741377,METROPOLITAN NASHVILLE POLICE DEPT,20170754902,Davidson,Nashville,8/25/2017 1:19:00 PM,2,0,0,36.152440,-86.855740,I40 E ENT RAMP,,,,0.00,Feet,East,I 40,,,,0.00,N,Not at Intersection, ,Non-Junction,None,,,         ,Curtis,Rich,Cloudy,Angle,no,no,no,no,no,False
101741396,METROPOLITAN NASHVILLE POLICE DEPT,20170754901,Davidson,Nashville,8/25/2017 1:04:00 PM,2,0,0,36.152000,-86.792860,DIVISION ST,,,,0.00,,,MUSIC SQW,,,,0.00,Y,Four-Way, ,Intersection,None,,,         ,Nathan,Kemp,Clear,Front to Rear,no,no,no,no,no,False
101741407,VANDERBILT UNIVERSITY POLICE,17-0754898,Davidson,Nashville,8/25/2017 12:30:00 PM,2,0,0,36.138670,-86.802830,CHILDRENS WAY,,,,0.00,,,,,,,0.00,,Not at Intersection,N,Non-Junction,None,,,         ,Karl,Haury,Clear,Front to Rear,no,no,no,yes,yes,Campus
101741428,THP District 9 - Administrative,317048353,Davidson,Nashville,8/15/2017 8:52:00 PM,4,4,0,36.141760,-86.885170,I 40,,,,0.00,,,,,,,202.20,N,Not at Intersection,N,Non-Junction,Construction Zone,Laneclosure,Transition Area,         ,Rickey,Alexander,Cloudy,Front to Rear,no,no,no,no,no,False
101741440,METROPOLITAN NASHVILLE POLICE DEPT,20170754867,Davidson,Nashville,8/25/2017 12:57:00 PM,2,3,0,36.142460,-86.630490,ELM HILL PKE,,,,0.00,,,WEMBERTON DR,,,,0.00,Y,T-Intersection,N,Intersection,None,,,         ,Wesley,Young,Clear,Angle,no,no,no,no,no,False
101741488,METROPOLITAN NASHVILLE POLICE DEPT,20170754796,Davidson,Nashville,8/25/2017 12:15:00 PM,2,0,0,36.165760,-86.613340,I 40,,,,0.00,,,,,,,220.10,N,Not at Intersection, ,Non-Junction,None,,,         ,Gerry,Hutcheson,Cloudy,"Sideswipe, Same Direction",no,no,no,no,no,False
101741512,METROPOLITAN NASHVILLE POLICE DEPT,20170754678,Davidson,Nashville,8/25/2017 11:25:00 AM,3,1,0,36.141270,-86.731840,I 40,,,,0.00,,,,,,,213.00,N,Not at Intersection,N,Non-Junction,None,,,         ,Ralph,Harvey,Clear,"Sideswipe, Same Direction",no,no,no,no,no,False
101741524,METROPOLITAN NASHVILLE POLICE DEPT,2017-0754733,Davidson,Nashville,8/25/2017 11:52:00 AM,2,0,0,36.093040,-86.680530,HARDING PL,,,,0.00,,,AIRPARK CENTER DR,,,,0.00,Y,Four-Way, ,Intersection,None,,,         ,William,Whitworth,Clear,"Sideswipe, Same Direction",no,no,no,no,no,False
101741566,METROPOLITAN NASHVILLE POLICE DEPT,20170754986,Davidson,Nashville,8/25/2017 1:50:00 PM,2,1,0,36.197800,-86.837510,CLARKSVILLE PKE,,,,0.00,,,COURTNEY AV,,,,0.00,Y,Four-Way,N,Non-Junction,None,,,         ,Erik,Schall,Clear,Angle,no,no,no,no,no,False
101741591,METROPOLITAN NASHVILLE POLICE DEPT,20170755111,Davidson,Nashville,8/25/2017 12:00:00 AM,2,0,0,36.167300,-86.687850,BRILEY PKWY N EXT RAMP,,,,0.00,Feet,East,BRILEY PKWYN,,,,0.00,N,Not at Intersection, ,,None,,,         ,Craig,Gentry,,,no,no,no,no,no,False
101741618,METROPOLITAN NASHVILLE POLICE DEPT,20170754813,Davidson,Nashville,8/25/2017 12:00:00 AM,4,0,0,36.142300,-86.742830,MURFREESBORO PKE,,,,0.00,,,POLK AV,,,,0.00,Y,Four-Way,N,Intersection,None,,,         ,FELIKS,ABRAHAMYAN,Clear,"Sideswipe, Same Direction",no,no,no,no,no,False
101741661,Nashville Airport Police,2017-03011,Davidson,Nashville,8/25/2017 2:49:00 PM,2,0,0,36.135110,-86.667910,TERMINAL DR,,,,1536.00,Feet,South,I40 E EXT RAMP,,,,0.00,N,Not at Intersection, ,Non-Junction,None,,,         ,Gary,Polk,Clear,"Sideswipe, Same Direction",no,no,no,yes,no,False
101741671,METROPOLITAN NASHVILLE POLICE DEPT,20170755134,Davidson,Nashville,8/25/2017 3:13:00 PM,2,0,0,36.087740,-86.691470,HARDING PL,,,,250.00,Feet,East,ANTIOCH PKE,,,,0.00,N,Not at Intersection, ,Non-Junction,None,,,         ,Patrick,Martin,Clear,"Sideswipe, Same Direction",no,no,no,yes,no,False
101741673,METROPOLITAN NASHVILLE POLICE DEPT,20170755167,Davidson,Nashville,8/25/2017 3:33:00 PM,2,1,0,36.157100,-86.633940,STEWARTS FERRY PKE,,,,389.00,Feet,West,LAUER DR,,,,0.00,N,Not at Intersection,N,Non-Junction,None,,,         ,Patrick,Taylor,Clear,Front to Rear,no,no,no,no,no,False
101741674,METROPOLITAN NASHVILLE POLICE DEPT,20170755108,Davidson,Not in City Limit,8/25/2017 3:00:00 PM,2,0,0,36.139200,-86.940800,RIVER ROAD PKE,,,,1108.00,Feet,West,OLD RIVER RD,,,,0.00,N,Not at Intersection, ,Non-Junction,None,,,         ,Regina,Lewis,Clear,Front to Rear,no,no,no,no,no,False
101741678,METROPOLITAN NASHVILLE POLICE DEPT,20170755187,Davidson,Nashville,8/25/2017 3:35:00 PM,2,0,0,36.077220,-86.694760,I 24,,,,0.00,,,,,,,56.40,N,Not at Intersection,N,Non-Junction,None,,,         ,Alyson,Cook,Clear,Front to Rear,no,no,no,no,no,False
101741714,METROPOLITAN NASHVILLE POLICE DEPT,20170755079,Davidson,Nashville,8/25/2017 2:49:00 PM,2,0,0,36.149040,-86.746440,I 40,,,,0.00,,,,,,,211.85,N,Not at Intersection, ,Non-Junction,None,,,         ,John,Daugherty,Clear,Front to Rear,no,no,no,no,no,False
101741730,METROPOLITAN NASHVILLE POLICE DEPT,20170755196,Davidson,Nashville,8/25/2017 12:35:00 PM,2,0,0,36.174140,-86.750610,FATHERLAND ST,,,,71.00,Feet,West,S 11TH ST,,,,0.00,N,Not at Intersection,N,Non-Junction,None,,,         ,James,Smith,Clear,"Sideswipe, Same Direction",no,no,no,no,yes,False
101741731,METROPOLITAN NASHVILLE POLICE DEPT,20170755078,Davidson,Nashville,8/25/2017 2:08:00 PM,2,0,0,36.194330,-86.753040,ELLINGTON PKWY S EXT RAMP,,,,0.00,,,ELLINGTON PKWYS,,,,0.00,Y,Y-Intersection, ,Entrance/Exit Ramp Related,None,,,         ,Charles,Wakefield,Clear,Front to Rear,no,no,no,no,no,False
101741733,METROPOLITAN NASHVILLE POLICE DEPT,20170755087,Davidson,Nashville,8/25/2017 3:01:00 PM,2,0,0,36.087740,-86.607190,SMITH SPRINGS RD,,,,0.00,,,ANDERSON RD,,,,0.00,Y,Four-Way, ,Intersection-Related,None,,,         ,Michael,Apsey,Clear,Front to Rear,no,no,no,no,no,False