master_record_number,agency,agency_tracking_number,county,city,collision_date,vehicles_involved,number_injured,number_dead,latitude,longitude,roadway_name,roadway_suffix,roadway_number,roadway_local_id,distance_from_reference,miles-feet_indicator,direction_from_reference,intersection_road_name,intersection_road_name_suffix,intersection_road_number,intersection_local_id,mile_marker,intersection_indicator,intersect_type,interchange_related_indicator,relation_to_junction,work_zone_type,construction_maintenance_zone,construction_maintenance_zone_location,fatal_case_number,officer_first_name,officer_last_name,weather_condition(s),manner_of_crash,pedestrian,bicycle,scooter,parking,hitrun,mou
101942564,METROPOLITAN NASHVILLE POLICE DEPT,20170702873,Davidson,Nashville,8/9/2017 8:50:00 AM,2,0,0,36.164950,-86.776090,CHURCH ST,,,,0.00,,,1ST AVN,,,,0.00,Y,Four-Way, ,Intersection-Related,None,,,         ,Michael,Robinson,Clear,Front to Rear,no,no,no,no,yes,False
101742221,METROPOLITAN NASHVILLE POLICE DEPT,20170756344,Davidson,Nashville,8/26/2017 12:00:00 AM,2,0,0,36.159770,-86.850830,KENTUCKY AV,,,,149.00,Feet,West,52ND AVN,,,,0.00,N,Not at Intersection, ,Non-Junction,None,,,         ,Terrance,Stuckey,Clear,Rear to Rear,no,no,no,no,no,False
101742238,METROPOLITAN NASHVILLE POLICE DEPT,20170756440,Davidson,Not in City Limit,8/26/2017 12:40:00 AM,1,1,0,36.067580,-86.993530,AVONDALE PARK BLVD,,,,100.00,Feet,West,DONCASTER LN,,,,0.00,N,Not at Intersection,N,Non-Junction,None,,,         ,Albert,Wilson,Clear,Not Collision with Motor Vehicle in Transport,no,no,no,no,no,False
101742263,METROPOLITAN NASHVILLE POLICE DEPT,20170756553,Davidson,Nashville,8/26/2017 1:25:00 AM,1,0,0,36.136970,-86.728760,I24 E ENT RAMP,,,,0.00,,,I 24,,,,0.00,Y,OTHER,Y,Entrance/Exit Ramp Related,None,,,         ,Erik,Dabbs,Clear,Not Collision with Motor Vehicle in Transport,no,no,no,no,no,False
101742281,METROPOLITAN NASHVILLE POLICE DEPT,20170756660,Davidson,Not in City Limit,8/26/2017 2:32:00 AM,2,0,0,36.259700,-86.738290,I 65,,,,0.00,,,,,,,91.90,N,Not at Intersection, ,Non-Junction,None,,,         ,Patrick,McGinnis,Clear,Front to Rear,no,no,no,no,yes,False
101742293,METROPOLITAN NASHVILLE POLICE DEPT,20170756645,Davidson,Nashville,8/26/2017 2:15:00 AM,1,0,0,36.211820,-86.863570,EATONS CREEK RD,,,,289.00,Feet,North,QUEENS LANE CT,,,,0.00,N,Not at Intersection,N,Non-Junction,None,,,         ,Armonty,Houston,Cloudy,Not Collision with Motor Vehicle in Transport,no,no,no,no,no,False
101742309,METROPOLITAN NASHVILLE POLICE DEPT,20170756451,Davidson,Nashville,8/26/2017 12:30:00 AM,2,0,0,36.156080,-86.795400,CHURCH ST,,,,180.00,Feet,East,17TH AVN,,,,0.00,N,Not at Intersection,N,Non-Junction,None,,,         ,Jacob,West,Clear,Angle,no,no,no,no,yes,False
101742315,METROPOLITAN NASHVILLE POLICE DEPT,20170756449,Davidson,Nashville,8/26/2017 12:15:00 AM,2,0,0,36.236030,-86.794690,CREEKBEND DR,,,,0.00,,,EWINGDALE DR,,,,0.00,,Not at Intersection,N,Non-Junction,None,,,         ,Geoffrey,Daugherty,Clear,"Sideswipe, Same Direction",no,no,no,no,yes,False
101742323,METROPOLITAN NASHVILLE POLICE DEPT,20170756782,Davidson,Nashville,8/26/2017 3:40:00 AM,1,1,0,36.051449,-86.594400,LAKEWALK,DR,,,50.00,Feet,South,,,,,1.00,N,Not at Intersection,N,Non-Junction,None,,,         ,Ryan,Storm,Clear,Not Collision with Motor Vehicle in Transport,no,no,no,no,no,False
101742337,METROPOLITAN NASHVILLE POLICE DEPT,20170756958,Davidson,Nashville,8/26/2017 5:40:00 AM,2,0,0,36.091360,-86.828510,HARDING PL,,,,0.00,,,HILLSBORO PKE,,,,0.00,Y,Four-Way, ,Intersection,None,,,         ,Devonte,Coleman,Clear,Angle,no,no,no,no,no,False
101742348,METROPOLITAN NASHVILLE POLICE DEPT,20170756982,Davidson,Nashville,8/26/2017 6:07:00 AM,2,0,0,36.268750,-86.736710,I 65,,,,0.00,,,,,,,92.55,N,Not at Intersection,N,Non-Junction,None,,,         ,Christopher,Kelly,Clear,Angle,no,no,no,no,no,False
101742381,METROPOLITAN NASHVILLE POLICE DEPT,20170756985,Davidson,Nashville,8/26/2017 6:09:00 AM,1,1,0,36.235440,-86.711690,BRILEY PKWYW,,,,346.00,Feet,West,BRILEY PKWYE,,,,0.00,N,Not at Intersection,N,Non-Junction,None,,,         ,Mekisha,Page,Clear,Not Collision with Motor Vehicle in Transport,no,no,no,no,no,False
101742403,METROPOLITAN NASHVILLE POLICE DEPT,20170757098,Davidson,Nashville,8/26/2017 7:41:00 AM,1,1,0,36.068630,-86.676240,RICHARDS RD,,,,0.00,,,WAIKIKI BLVD,,,,0.00,Y,T-Intersection,N,Intersection,None,,,         ,Robert,Erickson,Clear,Not Collision with Motor Vehicle in Transport,yes,no,no,no,no,False
101742454,METROPOLITAN NASHVILLE POLICE DEPT,20170757306,Davidson,Nashville,8/26/2017 12:00:00 AM,2,0,0,36.194520,-86.773500,LIGON AV,,,,341.00,Feet,West,DOUGLAS AV,,,,0.00,N,Not at Intersection, ,Non-Junction,None,,,         ,Jared,Eaves,Unknown,"Sideswipe, Same Direction",no,no,no,no,yes,False
101742456,METROPOLITAN NASHVILLE POLICE DEPT,20170757213,Davidson,Nashville,8/26/2017 8:49:00 AM,2,1,0,36.235580,-86.724670,GALLATIN PKES,,,,36.00,Feet,South,BRILEY PKWY W EXT RAMP,,,,0.00,N,Not at Intersection,N,Non-Junction,None,,,         ,Daniel,Wadham,Clear,"Sideswipe, Same Direction",no,no,no,no,yes,False
101742464,METROPOLITAN NASHVILLE POLICE DEPT,20170757065,Davidson,Nashville,8/26/2017 5:24:00 AM,2,1,0,36.044770,-86.661530,CANE RIDGE RD,,,,0.00,,,BELL RD,,,,0.00,Y,Four-Way,N,Intersection,None,,,         ,Jason,Dudley,Clear,Front to Rear,no,no,no,no,yes,False
101742485,METROPOLITAN NASHVILLE POLICE DEPT,20170757387,Davidson,Nashville,8/26/2017 10:30:00 AM,2,0,0,36.123270,-86.846040,WOODMONT BLVD,,,,32.00,Feet,North,PARK MANOR BLVD,,,,0.00,N,Not at Intersection, ,Non-Junction,None,,,         ,Paul,Junkmann,Cloudy,Front to Rear,no,no,no,no,no,False
101742498,GOODLETTSVILLE POLICE DEPT,17-29977,Davidson,Goodlettsville,8/26/2017 10:23:00 AM,2,0,0,36.304000,-86.702350,RIVERGATE PKWY,,,,0.00,,,RIVERGATE MALL PVTDR,,,,0.00,Y,T-Intersection, ,Intersection,None,,,         ,Jeremy,Baker,Clear,"Sideswipe, Same Direction",no,no,no,no,no,False
101742501,METROPOLITAN NASHVILLE POLICE DEPT,20170757457,Davidson,Nashville,8/26/2017 11:09:00 AM,2,0,0,36.193690,-86.776610,I 65,,,,0.00,,,,,,,86.55,N,Not at Intersection, ,Entrance/Exit Ramp Related,None,,,         ,YUNUS,ADAK,Clear,Front to Rear,no,no,no,no,no,False
101742514,METROPOLITAN NASHVILLE POLICE DEPT,20170757401,Davidson,Nashville,8/26/2017 12:00:00 AM,2,0,0,36.174190,-86.763040,N 6TH ST,,,,158.00,Feet,North,MAIN ST,,,,0.00,N,Not at Intersection, ,Non-Junction,None,,,         ,Jeremy,Stricklin,Clear,"Sideswipe, Opposite Direction",no,no,no,no,yes,False
101742530,METROPOLITAN NASHVILLE POLICE DEPT,20170757489,Davidson,Nashville,8/26/2017 8:25:00 AM,2,0,0,36.045300,-86.646610,MT VIEW RD,,,,212.00,Feet,East,CROSSINGS BLVD,,,,0.00,N,Not at Intersection, ,Non-Junction,None,,,         ,Jason,Dudley,Clear,Front to Rear,no,no,no,no,no,False
101742566,METROPOLITAN NASHVILLE POLICE DEPT,20170757438,Davidson,Nashville,8/26/2017 11:10:00 AM,2,1,0,36.086700,-86.698970,I24 W ENT RAMP,,,,0.00,Feet,East,I 24,,,,0.00,N,Not at Intersection,N,Entrance/Exit Ramp Related,None,,,         ,James,Thomas,Clear,"Sideswipe, Same Direction",no,no,no,no,yes,False
101742584,METROPOLITAN NASHVILLE POLICE DEPT,20170757569,Davidson,Nashville,8/26/2017 12:22:00 PM,2,0,0,36.117070,-86.922680,CHARLOTTE PKE,,,,213.00,Feet,East,OLD HICKORY BLVD,,,,0.00,N,Not at Intersection, ,Non-Junction,None,,,         ,Andrew,Maholland,Clear,Front to Rear,no,no,no,no,no,False
101742585,METROPOLITAN NASHVILLE POLICE DEPT,20170757508,Davidson,Nashville,8/26/2017 12:09:00 PM,1,0,0,36.116130,-86.798100,I 440,,,,0.00,,,,,,,3.35,N,Not at Intersection,N,Non-Junction,None,,,         ,Nathan,Smith,Clear,Not Collision with Motor Vehicle in Transport,no,no,no,no,no,False
101742592,METROPOLITAN NASHVILLE POLICE DEPT,20170757583,Davidson,Nashville,8/26/2017 12:30:00 PM,2,0,0,36.125660,-86.802850,SWEETBRIAR AV,,,,45.00,Feet,East,BONNIE BRIAR LN,,,,0.00,N,Not at Intersection, ,Non-Junction,None,,,         ,Kevin,Crawford,Clear,"Sideswipe, Same Direction",no,no,no,no,no,False
101742594,METROPOLITAN NASHVILLE POLICE DEPT,20170757584,Davidson,Nashville,8/26/2017 10:48:00 AM,2,0,0,36.071710,-86.636000,MURFREESBORO PKE,,,,79.00,Feet,South,BELL RD,,,,0.00,N,Not at Intersection, ,Non-Junction,None,,,         ,Sara,Lober,Clear,Front to Rear,no,no,no,no,no,False
101742603,METROPOLITAN NASHVILLE POLICE DEPT,20170757628,Davidson,Nashville,8/26/2017 12:00:00 AM,2,0,0,36.187790,-86.816860,25TH AVN,,,,150.00,Feet,North,HYDE ST,,,,0.00,N,Not at Intersection,N,Non-Junction,None,,,         ,Garren,Hoskins,Clear,Rear to Side,no,no,no,no,yes,False
101742606,METROPOLITAN NASHVILLE POLICE DEPT,20170757661,Davidson,Nashville,8/26/2017 2:00:00 PM,2,0,0,36.110960,-86.745900,THOMPSON LN,,,,0.00,,,ELIZABETH ST,,,,0.00,Y,T-Intersection, ,Intersection,None,,,         ,Ian,Hammond,Clear,Angle,no,no,no,no,no,False
101742609,METROPOLITAN NASHVILLE POLICE DEPT,20170757621,Davidson,Nashville,8/26/2017 12:00:00 AM,2,0,0,36.191240,-86.795620,VANTAGE WAY,,,,466.00,Feet,East,FRENCH LANDING DR,,,,0.00,N,Not at Intersection,N,Non-Junction,None,,,         ,Jeanine,Sarno,Clear,Angle,no,no,no,yes,yes,False
101742613,METROPOLITAN NASHVILLE POLICE DEPT,20170757623,Davidson,Nashville,8/26/2017 1:39:00 PM,2,0,0,36.144610,-86.743540,ELM HILL PKE,,,,149.00,Feet,East,FESSLERS LN,,,,0.00,N,Not at Intersection, ,Non-Junction,None,,,         ,Jed,Baldoni,Clear,Front to Rear,no,no,no,no,no,False
101742620,METROPOLITAN NASHVILLE POLICE DEPT,20170757615,Davidson,Nashville,8/26/2017 12:59:00 PM,2,0,0,36.168920,-86.683630,LEBANON PKE,,,,0.00,,,THE CROSSINGS PVTDR,,,,0.00,Y,T-Intersection, ,Intersection-Related,None,,,         ,Tyler,Adcock,Clear,Front to Rear,no,no,no,yes,no,False
101742694,METROPOLITAN NASHVILLE POLICE DEPT,20170757708,Davidson,Nashville,8/26/2017 2:10:00 PM,2,0,0,36.112500,-86.794880,WOODMONT BLVD,,,,85.00,Feet,West,NOELTON AV,,,,0.00,N,Not at Intersection,N,Non-Junction,None,,,         ,Allyson,Reis,Clear,Front to Rear,no,no,no,no,no,False
101742697,METROPOLITAN NASHVILLE POLICE DEPT,20170757681,Davidson,Nashville,8/26/2017 12:00:00 AM,2,2,0,36.193360,-86.753290,ELLINGTON PKWY S ENT RAMP,,,,0.00,,,ELLINGTON PKWY S EXT RAMP,,,,0.00,Y,Four-Way,N,Intersection,None,,,         ,Gordon,Stovall,Clear,Angle,no,no,no,no,no,False
101742698,METROPOLITAN NASHVILLE POLICE DEPT,20170757816,Davidson,Nashville,8/26/2017 3:00:00 PM,1,0,0,36.183200,-86.754050,MAXWELL AV,,,,0.00,,,,,,,0.00,,, ,Non-Junction,None,,,         ,Amanda,Fox,Clear,Not Collision with Motor Vehicle in Transport,no,no,no,yes,yes,False
101742701,METROPOLITAN NASHVILLE POLICE DEPT,20170757691,Davidson,Nashville,8/26/2017 1:52:00 PM,2,0,0,36.183350,-86.748570,GALLATIN AV,,,,0.00,,,W EASTLAND AV,,,,0.00,Y,T-Intersection, ,Intersection,None,,,         ,Alexander,Georgeson,Clear,Angle,no,no,no,no,no,False
101742714,METROPOLITAN NASHVILLE POLICE DEPT,20170757825,Davidson,Nashville,8/26/2017 3:16:00 PM,2,0,0,36.108800,-86.723500,I24 E ENT RAMP,,,,0.00,Feet,East,TALLWOOD DR,,,,0.00,N,Not at Intersection, ,Non-Junction,None,,,         ,Je-Marc,Sears,Clear,Front to Rear,no,no,no,no,no,False
101742719,METROPOLITAN NASHVILLE POLICE DEPT,20170757731,Davidson,Not in City Limit,8/26/2017 2:59:00 PM,2,2,0,36.268500,-86.710710,LOVELL ST,,,,0.00,Feet,East,GALLATIN PKEN,,,,0.00,N,Not at Intersection,N,Non-Junction,None,,,         ,Janelle,Keslar,Clear,Other,no,no,no,no,no,False
101742754,BERRY HILL POLICE DEPT,17-2913,Davidson,Berry Hill,8/26/2017 3:00:00 PM,2,1,0,36.123760,-86.776260,FRANKLIN PKE,,,,450.00,Feet,North,BILOXI AV,,,,0.00,N,Not at Intersection,N,Non-Junction,None,,,         ,Stephen,Reece,Clear,HeadOn,no,no,no,no,no,False
101742755,METROPOLITAN NASHVILLE POLICE DEPT,20170757842,Davidson,Antioch,8/26/2017 1:15:00 PM,2,0,0,36.042840,-86.606580,HOBSON PKE,,,,8.00,Feet,West,MURFREESBORO PKE,,,,0.00,N,Not at Intersection,N,Non-Junction,None,,,         ,Nathaniel,Myers,Clear,"Sideswipe, Same Direction",no,no,no,no,no,False
101742773,METROPOLITAN NASHVILLE POLICE DEPT,20170757787,Davidson,Nashville,8/26/2017 2:21:00 PM,2,0,0,36.068220,-86.710670,HAYWOOD LN,,,,0.00,,,FAULKNER DR,,,,0.00,Y,T-Intersection, ,Intersection-Related,None,,,         ,Nakia,Reid,Clear,Front to Rear,no,no,no,no,no,False
101742789,METROPOLITAN NASHVILLE POLICE DEPT,20170757863,Davidson,Nashville,8/26/2017 3:15:00 PM,1,0,0,36.129350,-86.869300,WILSONIA AV,,,,31.00,Feet,East,DUNHAM SPRINGS RD,,,,0.00,N,Not at Intersection,N,Non-Junction,None,,,         ,Regina,Lewis,Clear,Not Collision with Motor Vehicle in Transport,no,no,no,no,no,False
101742804,METROPOLITAN NASHVILLE POLICE DEPT,20170757981,Davidson,Nashville,8/26/2017 4:55:00 PM,2,0,0,36.134280,-86.779150,WEDGEWOOD AV,,,,0.00,,,8TH AVS,,,,0.00,Y,Four-Way,N,Intersection,None,,,         ,Hillary,Sherman,Clear,Front to Rear,no,no,no,no,yes,False
101742817,METROPOLITAN NASHVILLE POLICE DEPT,20170757923,Davidson,Nashville,8/26/2017 4:28:00 PM,2,0,0,36.248600,-86.728630,DUE WEST AVW,,,,0.00,,,SAUNDERS AV,,,,0.00,Y,Four-Way,N,Intersection,None,,,         ,Christopher,Littles,Clear,Angle,no,no,no,no,no,False
101742834,METROPOLITAN NASHVILLE POLICE DEPT,20170757934,Davidson,Not in City Limit,8/26/2017 4:33:00 PM,3,0,0,35.991290,-86.666130,BURKITT RD,,,,0.00,,,WESTCOTT LN,,,,0.00,Y,T-Intersection,N,Intersection-Related,None,,,         ,Brandon,Vance,Clear,Front to Rear,no,no,no,no,no,False
101742843,METROPOLITAN NASHVILLE POLICE DEPT,20170758004,Davidson,Nashville,8/26/2017 4:50:00 PM,2,0,0,36.090560,-86.626180,BELL RD,,,,125.00,Feet,East,SMITH SPRINGS RD,,,,0.00,N,Not at Intersection, ,Non-Junction,None,,,         ,Reuben,Hewit,Clear,Angle,no,no,no,no,no,False
101742853,METROPOLITAN NASHVILLE POLICE DEPT,20170758034,Davidson,Nashville,8/26/2017 5:30:00 PM,2,0,0,36.111290,-86.724560,EAST THOMPSON LN,,,,950.00,Feet,East,EAST THOMPSON LN PVTDR,,,,0.00,N,Not at Intersection, ,Non-Junction,None,,,         ,Patrick,Martin,Clear,Front to Rear,no,no,no,no,no,False
101742854,METROPOLITAN NASHVILLE POLICE DEPT,20170758046,Davidson,Nashville,8/26/2017 5:00:00 PM,2,0,0,36.164680,-86.802180,17TH AVN,,,,0.00,,,HERMAN ST,,,,0.00,Y,Four-Way,N,Intersection,None,,,         ,Landon,Bagwell,Clear,Angle,no,no,no,no,no,False
101742855,METROPOLITAN NASHVILLE POLICE DEPT,2017-0758109,Davidson,Nashville,8/26/2017 6:11:00 PM,1,0,0,36.062720,-86.918020,BELLEVUE RD,,,,194.00,Feet,East,AMHERST WAY,,,,0.00,N,Not at Intersection,N,Non-Junction,None,,,         ,Michael,Rogers,Clear,Not Collision with Motor Vehicle in Transport,no,no,no,no,no,False
101742858,METROPOLITAN NASHVILLE POLICE DEPT,20170758042,Davidson,Not in City Limit,8/26/2017 2:36:00 PM,2,0,0,36.261240,-86.712530,GALLATIN PKES,,,,0.00,,,MAPLE ST,,,,0.00,Y,T-Intersection,N,Intersection,None,,,         ,Cecilia,Gomez,Clear,"Sideswipe, Same Direction",no,no,no,no,no,False
101742878,METROPOLITAN NASHVILLE POLICE DEPT,20170758061,Davidson,Nashville,8/26/2017 5:40:00 PM,2,0,0,36.130430,-86.802290,BLAIR BLVD,,,,87.00,Feet,West,21ST AVS,,,,0.00,N,Not at Intersection,N,Non-Junction,None,,,         ,Nicholas,Carroll,Clear,"Sideswipe, Same Direction",no,no,no,no,yes,False
101742891,METROPOLITAN NASHVILLE POLICE DEPT,20170757945,Davidson,Not in City Limit,8/26/2017 4:40:00 PM,1,0,0,36.317960,-86.797690,LICKTON PKE,,,,893.00,Feet,North,LICKTON PKE PVTDR,,,,0.00,N,Not at Intersection, ,Non-Junction,None,,,         ,Harold,Willmore IV,Clear,Not Collision with Motor Vehicle in Transport,no,no,no,no,no,False
101742895,METROPOLITAN NASHVILLE POLICE DEPT,20170757997,Davidson,Nashville,8/26/2017 4:30:00 PM,2,0,0,36.161640,-86.599340,BELL RD,,,,661.00,Feet,West,OLD HICKORY BLVD,,,,0.00,N,Not at Intersection, ,Non-Junction,None,,,         ,Adam,Nicholson,Clear,HeadOn,no,no,no,yes,no,False
101742899,METROPOLITAN NASHVILLE POLICE DEPT,2017-0758124,Davidson,Nashville,8/26/2017 6:15:00 PM,1,0,0,36.169710,-86.586230,I 40,,,,0.00,,,,,,,221.65,N,Not at Intersection,N,Non-Junction,None,,,         ,Sandra,Talavera,Clear,Not Collision with Motor Vehicle in Transport,no,no,no,no,no,False
101742918,METROPOLITAN NASHVILLE POLICE DEPT,20170758263,Davidson,Nashville,8/26/2017 7:31:00 PM,2,0,0,36.165450,-86.776440,1ST AVN,,,,0.00,,,BANK ST,,,,0.00,Y,Four-Way, ,Intersection,None,,,         ,Chad,Wilkinson,Clear,Rear to Side,no,no,no,no,no,False
101742920,METROPOLITAN NASHVILLE POLICE DEPT,20170758099,Davidson,Nashville,8/26/2017 5:45:00 PM,2,0,0,36.212600,-86.691410,BRILEY PKWYN,,,,0.00,,,BRILEY PKWY N EXT RAMP,,,,0.00,Y,OTHER,N,Non-Junction,None,,,         ,John,Kelley,Clear,Other,no,no,no,yes,yes,False
101742939,METROPOLITAN NASHVILLE POLICE DEPT,20170758298,Davidson,Not in City Limit,8/26/2017 4:13:00 PM,2,0,0,36.093950,-86.556780,HOBSON PKE,,,,0.00,,,,,,,0.00,,, ,,None,,,         ,Brandon,Vance,,,no,no,no,yes,no,False
101742941,METROPOLITAN NASHVILLE POLICE DEPT,20170758328,Davidson,Nashville,8/26/2017 7:12:00 PM,2,0,0,36.254690,-86.729040,BARBARA DR,,,,0.00,,,SAUNDERS AV,,,,0.00,Y,Four-Way,N,Non-Junction,None,,,         ,Christopher,Littles,Clear,Angle,no,no,no,no,no,False
101742947,METROPOLITAN NASHVILLE POLICE DEPT,20170758345,Davidson,Nashville,8/26/2017 8:04:00 PM,1,2,0,36.215170,-86.589540,LEBANON PKE,,,,313.00,Feet,West,ANDREW JACKSON PKWY,,,,0.00,N,Not at Intersection,N,Non-Junction,None,,,         ,Kyle,Burks,Clear,Not Collision with Motor Vehicle in Transport,yes,no,no,no,yes,False
101742976,METROPOLITAN NASHVILLE POLICE DEPT,20170758480,Davidson,Nashville,8/26/2017 8:19:00 PM,2,0,0,36.172670,-86.812870,23RD AVN,,,,140.00,Feet,North,UNDERWOOD ST,,,,0.00,N,Not at Intersection,N,Non-Junction,None,,,         ,Thomas,Burns,Unknown,Unknown,no,no,no,no,yes,False
101742990,METROPOLITAN NASHVILLE POLICE DEPT,20170758589,Davidson,Nashville,8/26/2017 9:35:00 PM,2,2,0,36.151860,-86.752870,I40 E ENT RAMP,,,,0.00,Feet,East,I 40,,,,0.00,N,Not at Intersection,Y,Non-Junction,None,,,         ,Johnathan,Pannell,Clear,Front to Rear,no,no,no,no,no,False
101742996,METROPOLITAN NASHVILLE POLICE DEPT,20170758621,Davidson,Nashville,8/26/2017 8:00:00 PM,2,1,0,36.218480,-86.803710,WHITES CREEK PKE,,,,154.00,Feet,North,MOORMANS ARM RD,,,,0.00,N,Not at Intersection,N,Non-Junction,None,,,         ,Seth,Vaughn,Clear,HeadOn,no,no,no,yes,yes,False
101742997,METROPOLITAN NASHVILLE POLICE DEPT,20170757860,Davidson,Nashville,8/26/2017 3:58:00 PM,1,1,0,36.137850,-86.868070,KNOB RD,,,,389.00,Feet,East,FORESTWOOD DR,,,,0.00,N,Not at Intersection,N,Non-Junction,None,,,         ,Andrew,Brazee,Clear,Not Collision with Motor Vehicle in Transport,no,no,no,no,no,False
101742999,METROPOLITAN NASHVILLE POLICE DEPT,20170758569,Davidson,Nashville,8/26/2017 9:27:00 PM,2,1,0,36.063090,-86.677550,ANTIOCH PKE,,,,844.00,Feet,South,MILL CREEK BLUE HOLE GRNWY,,,,0.00,N,Not at Intersection,N,Non-Junction,None,,,         ,Nathaniel,Myers,Clear,Front to Rear,no,no,no,no,no,False
101743005,METROPOLITAN NASHVILLE POLICE DEPT,20170758620,Davidson,Nashville,8/26/2017 9:58:00 PM,1,0,0,36.024340,-86.742380,EDMONDSON PKE,,,,0.00,,,,,,,0.00,,,N,Non-Junction,None,,,         ,Allyson,Reis,Clear,Not Collision with Motor Vehicle in Transport,no,no,no,no,no,False
101743018,METROPOLITAN NASHVILLE POLICE DEPT,20170758747,Davidson,Nashville,8/26/2017 11:09:00 PM,2,0,0,36.070080,-86.734930,EDMONDSON PKE,,,,45.00,Feet,East,DURRETT DR,,,,0.00,N,Not at Intersection, ,Non-Junction,None,,,         ,Jacob,West,Clear,Front to Rear,no,no,no,no,no,False
101743041,METROPOLITAN NASHVILLE POLICE DEPT,20170758734,Davidson,Nashville,8/26/2017 11:07:00 PM,2,0,0,36.220600,-86.693530,BRILEY PKWYS,,,,277.00,Feet,North,BRILEY PKWY S EXT RAMP,,,,0.00,N,Not at Intersection, ,Non-Junction,None,,,         ,Daniel,Caruth,Clear,"Sideswipe, Same Direction",no,no,no,no,no,False
101743042,METROPOLITAN NASHVILLE POLICE DEPT,20170758829,Davidson,Nashville,8/26/2017 11:18:00 PM,1,0,0,36.045740,-86.674350,BELL RD,,,,0.00,,,BLUE HOLE RD,,,,0.00,Y,Four-Way, ,Intersection-Related,None,,,         ,William,Coy,Clear,Not Collision with Motor Vehicle in Transport,no,no,no,no,no,False
101743044,METROPOLITAN NASHVILLE POLICE DEPT,20170758776,Davidson,Nashville,8/26/2017 11:30:00 PM,2,2,0,36.216700,-86.693350,MCGAVOCK PKE,,,,74.00,Feet,West,MCGAVOCK PKE EB EXT RAMP,,,,0.00,N,Not at Intersection,N,Non-Junction,None,,,         ,Tyler,Manivong,Clear,Front to Rear,no,no,no,no,no,False
101743053,METROPOLITAN NASHVILLE POLICE DEPT,20170758634,Davidson,Nashville,8/26/2017 9:03:00 PM,2,1,0,36.139780,-86.823650,MURPHY RD,,,,0.00,,,I440 E EXT RAMP,,,,0.00,Y,Y-Intersection,N,Non-Junction,None,,,         ,Joseph,Patricio,Clear,Angle,no,no,no,no,no,False
101743065,METROPOLITAN NASHVILLE POLICE DEPT,20170759017,Davidson,Nashville,8/27/2017 1:23:00 AM,2,0,0,36.125860,-86.752590,GLENROSE AV,,,,0.00,,,NOLENSVILLE PKE,,,,0.00,Y,T-Intersection,N,Intersection,None,,,         ,Nicholas,Smith,Clear,Angle,no,no,no,no,no,False
101743067,METROPOLITAN NASHVILLE POLICE DEPT,20170759117,Davidson,Nashville,8/27/2017 2:13:00 AM,2,0,0,36.156510,-86.794530,16TH AVN,,,,0.00,,,CHURCH ST,,,,0.00,Y,T-Intersection,N,Intersection,None,,,         ,Michael,Collazo,Clear,Angle,no,no,no,no,yes,False
101743079,BERRY HILL POLICE DEPT,17-2916,Davidson,Berry Hill,8/27/2017 12:00:00 AM,1,1,0,36.115280,-86.773670,FRANKLIN PKE,,,,118.00,Feet,South,I65 S ENT RAMP,,,,0.00,N,Not at Intersection,Y,Entrance/Exit Ramp Related,None,,,         ,Kevin,Spencer,Clear,Not Collision with Motor Vehicle in Transport,no,no,no,no,no,False
101743088,METROPOLITAN NASHVILLE POLICE DEPT,20170758697,Davidson,Nashville,8/26/2017 10:46:00 PM,1,1,0,36.087740,-86.607190,SMITH SPRINGS RD,,,,0.00,,,ANDERSON RD,,,,0.00,Y,Four-Way,N,Intersection,None,,,         ,Bridget,Griepentrog,Clear,Not Collision with Motor Vehicle in Transport,yes,no,no,no,yes,False
101743093,METROPOLITAN NASHVILLE POLICE DEPT,20170759233,Davidson,Not in City Limit,8/27/2017 3:29:00 AM,1,1,0,36.328200,-86.892160,I 24,,,,0.00,,,,,,,33.60,N,Not at Intersection,N,Non-Junction,None,,,         ,Phillip,Black,Clear,Not Collision with Motor Vehicle in Transport,no,no,no,no,no,False
101743094,METROPOLITAN NASHVILLE POLICE DEPT,20170758832,Davidson,Nashville,8/26/2017 11:58:00 PM,3,2,0,36.071870,-86.636180,MURFREESBORO PKE,,,,0.00,,,BELL RD,,,,0.00,Y,Four-Way,N,Intersection,None,,,         ,Daniel,Garrett,Clear,Front to Rear,no,no,no,no,no,False
101743095,METROPOLITAN NASHVILLE POLICE DEPT,20170759274,Davidson,Nashville,8/27/2017 3:00:00 AM,2,0,0,36.069530,-86.693400,HAYWOOD LN,,,,215.00,Feet,West,HAYWOOD SQUARE PVTDR,,,,0.00,N,Not at Intersection,N,Non-Junction,None,,,         ,Douglas,Sykes,Clear,"Sideswipe, Opposite Direction",no,no,no,yes,yes,False
101743097,METROPOLITAN NASHVILLE POLICE DEPT,20170759262,Davidson,Nashville,8/27/2017 3:55:00 AM,2,1,0,36.069450,-86.692970,HAYWOOD LN,,,,282.00,Feet,East,EZELL RD,,,,0.00,N,Not at Intersection,N,Non-Junction,None,,,         ,Daniel,Garrett,Clear,Angle,no,no,no,no,yes,False
101743133,METROPOLITAN NASHVILLE POLICE DEPT,20170759146,Davidson,Nashville,8/27/2017 2:30:00 AM,2,1,0,36.163580,-86.776280,2ND AVN,,,,139.00,Feet,North,COMMERCE ST,,,,0.00,N,Not at Intersection,N,Non-Junction,None,,,         ,Darrien,Spann,Clear,"Sideswipe, Same Direction",no,no,no,no,yes,False