master_record_number,agency,agency_tracking_number,county,city,collision_date,vehicles_involved,number_injured,number_dead,latitude,longitude,roadway_name,roadway_suffix,roadway_number,roadway_local_id,distance_from_reference,miles-feet_indicator,direction_from_reference,intersection_road_name,intersection_road_name_suffix,intersection_road_number,intersection_local_id,mile_marker,intersection_indicator,intersect_type,interchange_related_indicator,relation_to_junction,work_zone_type,construction_maintenance_zone,construction_maintenance_zone_location,fatal_case_number,officer_first_name,officer_last_name,weather_condition(s),manner_of_crash,pedestrian,bicycle,scooter,parking,hitrun,mou
101745980,METROPOLITAN NASHVILLE POLICE DEPT,20170769203,Davidson,Not in City Limit,8/30/2017 8:08:00 AM,1,0,0,36.279380,-86.834800,WHITES CREEK PKE,,,,2613.00,Feet,South,TRANHAM RD,,,,0.00,N,Not at Intersection, ,Non-Junction,None,,,         ,Carlos,angulo,Clear,Not Collision with Motor Vehicle in Transport,no,no,no,no,no,False
101745988,METROPOLITAN NASHVILLE POLICE DEPT,20170769544,Davidson,Nashville,8/30/2017 9:47:00 AM,2,0,0,36.130700,-86.795570,BELMONT BLVD,,,,83.00,Feet,South,COMPTON AV,,,,0.00,N,Not at Intersection,N,Non-Junction,None,,,         ,Nathan,Kemp,Clear,Front to Rear,no,no,no,no,yes,False
101745989,METROPOLITAN NASHVILLE POLICE DEPT,20170769583,Davidson,Nashville,8/30/2017 9:55:00 AM,2,0,0,36.214790,-86.597680,ANDREW JACKSON PKWY,,,,120.00,Feet,South,LEBANON PKE,,,,0.00,N,Not at Intersection, ,"Driveway, Alley Access, etc",None,,,         ,Michael,Dance,Clear,Angle,no,no,no,no,no,False
101746001,METROPOLITAN NASHVILLE POLICE DEPT,20170769020,Davidson,Antioch,8/30/2017 6:55:00 AM,2,1,0,36.058560,-86.597750,HAMILTON CHURCH RD,,,,0.00,,,HOBSON PKE,,,,0.00,Y,Four-Way,N,Intersection,None,,,         ,Roderic,Williams,Clear,"Sideswipe, Opposite Direction",no,no,no,no,no,False
101746010,METROPOLITAN NASHVILLE POLICE DEPT,20170769680,Davidson,Nashville,8/30/2017 10:10:00 AM,3,0,0,36.162110,-86.816440,HERMAN ST,,,,0.00,,,26TH AVN,,,,0.00,Y,T-Intersection, ,Non-Junction,None,,,         ,Isaac,Wood,Clear,"Sideswipe, Opposite Direction",no,no,no,no,yes,False
101746011,METROPOLITAN NASHVILLE POLICE DEPT,20170769234,Davidson,Nashville,8/30/2017 8:19:00 AM,2,0,0,36.031273,-86.588455,LAVERGNE COUCHVILLE,PIKE,SR1,,100.00,Feet,East,VICTORIA,CIR,SR2,,0.00,N,Not at Intersection, ,Non-Junction,None,,,         ,Steven,Williams,Clear,Front to Rear,no,no,no,no,no,False
101746014,METROPOLITAN NASHVILLE POLICE DEPT,20170769018,Davidson,Nashville,8/30/2017 6:54:00 AM,2,1,0,36.104800,-86.814600,RICHARD JONES RD,,,,0.00,,,HILLSBORO PKE,,,,0.00,Y,T-Intersection,N,Intersection,None,,,         ,Shedie,Herbert III,Cloudy,Front to Rear,no,no,no,no,no,False
101746053,METROPOLITAN NASHVILLE POLICE DEPT,20170769776,Davidson,Nashville,8/30/2017 10:43:00 AM,2,0,0,36.145060,-86.797770,19TH AVS,,,,0.00,,,,,,,0.00,,, ,,None,,,         ,Russell,Freeman,,,no,no,no,yes,no,Campus
101746061,METROPOLITAN NASHVILLE POLICE DEPT,20170769839,Davidson,Nashville,8/30/2017 11:00:00 AM,2,0,0,36.170320,-86.823000,SCHRADER LN,,,,0.00,,,SCHRADER ACRES DR,,,,0.00,Y,OTHER, ,"Driveway, Alley Access, etc",None,,,         ,James,Jarvis,Cloudy,Angle,no,no,no,no,no,False
101746062,METROPOLITAN NASHVILLE POLICE DEPT,20170769156,Davidson,Nashville,8/30/2017 7:40:00 AM,2,0,0,36.169640,-86.585160,I 40,,,,0.00,,,,,,,221.70,N,Not at Intersection, ,Non-Junction,None,,,         ,Gregory,Lindstrom,Clear,Front to Rear,no,no,no,no,no,False
101746068,METROPOLITAN NASHVILLE POLICE DEPT,20170769526,Davidson,Nashville,8/30/2017 9:41:00 AM,2,0,0,36.164940,-86.781340,5TH AVN,,,,139.00,Feet,South,NATIONSBANK PLZ,,,,0.00,N,Not at Intersection,N,Non-Junction,None,,,         ,Shawn,Taylor,Clear,"Sideswipe, Same Direction",no,no,no,no,no,False
101746069,METROPOLITAN NASHVILLE POLICE DEPT,20170769655,Davidson,Nashville,8/30/2017 10:17:00 AM,2,0,0,36.158990,-86.775890,4TH AVS,,,,0.00,,,DEMONBREUN ST,,,,0.00,Y,Four-Way,N,Intersection-Related,None,,,         ,Charles,Coe,Cloudy,"Sideswipe, Same Direction",no,no,no,no,no,False
101746070,METROPOLITAN NASHVILLE POLICE DEPT,20170769929,Davidson,Nashville,8/30/2017 11:03:00 AM,2,0,0,36.142590,-86.815500,WEST END AV,,,,0.00,,,31ST AVN,,,,0.00,Y,Four-Way, ,Intersection,None,,,         ,Nathan,Kemp,Clear,Front to Rear,no,no,no,no,no,Campus
101746075,METROPOLITAN NASHVILLE POLICE DEPT,20170769626,Davidson,Antioch,8/30/2017 10:10:00 AM,2,0,0,36.012400,-86.618100,I 24,,,,0.00,,,,,,,62.70,N,Not at Intersection,N,Non-Junction,None,,,         ,Lee,Davis,Clear,Front to Rear,no,no,no,no,no,False
101746084,VANDERBILT UNIVERSITY POLICE,17-0766008,Davidson,Nashville,8/30/2017 11:00:00 AM,2,0,0,36.141900,-86.800460,US HWY 431,,,,0.00,,,,,,,0.00,,, ,,None,,,         ,Erich,Stogner,,,no,no,no,yes,no,Campus
101746092,METROPOLITAN NASHVILLE POLICE DEPT,20170769490,Davidson,Nashville,8/30/2017 8:29:00 AM,2,0,0,36.160470,-86.778440,BROADWAY,,,,0.00,,,5TH AVS,,,,0.00,Y,Four-Way, ,,None,,,         ,Byron,Carter,,,no,no,no,no,no,False
101746103,BELLE MEADE POLICE DEPT,17-0260,Davidson,Belle Meade,8/30/2017 8:00:00 AM,2,1,0,36.090580,-86.859960,BELLE MEADE BLVD,,,,0.00,,,TYNE BLVD,,,,0.00,Y,T-Intersection,N,Intersection,None,,,         ,Norm,Shelton,Clear,Angle,no,no,no,no,no,False
101746106,METROPOLITAN NASHVILLE POLICE DEPT,20170769954,Davidson,Nashville,8/30/2017 12:11:00 PM,2,1,0,36.107740,-86.676750,MURFREESBORO PKE,,,,0.00,,,DELL PKWY,,,,0.00,Y,T-Intersection,N,Intersection-Related,None,,,         ,Tyler,Adcock,Cloudy,Front to Rear,no,no,no,no,no,False
101746107,METROPOLITAN NASHVILLE POLICE DEPT,20170769918,Davidson,Nashville,8/30/2017 11:56:00 AM,2,1,0,36.139830,-86.666290,I40 E ENT RAMP,,,,0.00,,,DONELSON PKE,,,,0.00,Y,T-Intersection,Y,Intersection,None,,,         ,Wesley,Young,Clear,Angle,no,no,no,no,no,False
101746113,METROPOLITAN NASHVILLE POLICE DEPT,20170769903,Davidson,Nashville,8/30/2017 11:50:00 AM,2,1,0,36.192290,-86.777110,I 65,,,,0.00,,,,,,,86.50,N,Not at Intersection,N,Non-Junction,None,,,         ,William,Caillouette,Cloudy,Angle,no,no,no,no,no,False
101746127,METROPOLITAN NASHVILLE POLICE DEPT,2017-0770005,Davidson,Not in City Limit,8/30/2017 12:27:00 PM,1,1,0,36.109670,-86.543820,HOBSON PKE,,,,1563.00,Feet,East,GRANNY WRIGHT LN,,,,0.00,N,Not at Intersection,N,Non-Junction,None,,,         ,William,Whitworth,Cloudy,Not Collision with Motor Vehicle in Transport,no,no,no,no,no,False
101746130,METROPOLITAN NASHVILLE POLICE DEPT,20170770128,Davidson,Nashville,8/30/2017 1:14:00 PM,2,0,0,36.192710,-86.744370,DOUGLAS AV,,,,0.00,,,GALLATIN AV,,,,0.00,Y,Four-Way, ,Non-Junction,None,,,         ,Richard,Conger,Clear,"Sideswipe, Same Direction",no,no,no,no,no,False
101746135,METROPOLITAN NASHVILLE POLICE DEPT,2017-0769360,Davidson,Nashville,8/30/2017 7:18:00 AM,2,0,0,36.040010,-86.649520,I 24,,,,0.00,,,,,,,60.00,N,Not at Intersection, ,Non-Junction,None,,,         ,William,Whitworth,Cloudy,Front to Rear,no,no,no,no,no,False
101746144,METROPOLITAN NASHVILLE POLICE DEPT,2017-0769999,Davidson,Nashville,8/30/2017 12:25:00 PM,2,0,0,36.152550,-86.802750,21ST AVN,,,,27.00,Feet,North,CHURCH ST,,,,0.00,N,Not at Intersection,N,Non-Junction,None,,,         ,Jonathan,Seidl,Cloudy,Angle,no,no,no,no,no,Campus
101746145,METROPOLITAN NASHVILLE POLICE DEPT,2017-0768993,Davidson,Nashville,8/30/2017 6:36:00 AM,2,2,0,36.100450,-86.672280,CITATION DR,,,,0.00,,,EZELL PKE,,,,0.00,Y,Four-Way,N,Intersection,None,,,         ,William,Whitworth,Cloudy,Angle,no,no,no,no,no,False
101746150,METROPOLITAN NASHVILLE POLICE DEPT,17-0769970,Davidson,Nashville,8/30/2017 9:12:00 AM,2,0,0,36.077090,-86.725560,EDMONDSON PKE,,,,0.00,,,WALLACE RD,,,,0.00,Y,Four-Way, ,Intersection,None,,,         ,Roy,McElwee,Clear,"Sideswipe, Same Direction",no,no,no,no,no,False
101746153,METROPOLITAN NASHVILLE POLICE DEPT,20170770170,Davidson,Nashville,8/30/2017 1:07:00 PM,2,0,0,36.169360,-86.679890,LEBANON PKE,,,,0.00,,,MCGAVOCK PKE,,,,0.00,Y,Four-Way, ,Intersection,None,,,         ,Michael,Dance,Cloudy,Angle,no,no,no,no,no,False
101746155,METROPOLITAN NASHVILLE POLICE DEPT,20170769950,Davidson,Nashville,8/30/2017 11:45:00 AM,2,0,0,36.155550,-86.777870,KOREAN VETERANS BLVD,,,,203.00,Feet,West,6TH AVS,,,,0.00,N,Not at Intersection, ,,None,,,         ,Gregory,Julia,,,no,no,no,no,no,False
101746159,METROPOLITAN NASHVILLE POLICE DEPT,20170770252,Davidson,Nashville,8/30/2017 1:56:00 PM,2,0,0,36.174200,-86.751990,FATHERLAND ST,,,,0.00,,,S 10TH ST,,,,0.00,Y,Four-Way, ,Intersection-Related,None,,,         ,Richard,Conger,Cloudy,"Sideswipe, Opposite Direction",no,no,no,no,no,False
101746160,METROPOLITAN NASHVILLE POLICE DEPT,20170769823,Davidson,Nashville,8/30/2017 8:45:00 AM,2,1,0,36.059120,-86.666170,MOSS RD,,,,284.00,Feet,South,UNA ANTIOCH PKE,,,,0.00,N,Not at Intersection,N,Non-Junction,None,,,         ,Michael,Dudley,Clear,"Sideswipe, Opposite Direction",no,no,no,no,no,False
101746183,METROPOLITAN NASHVILLE POLICE DEPT,2017-0769494,Davidson,Nashville,8/30/2017 9:34:00 AM,1,2,0,36.029410,-86.636580,I 24,,,,0.00,,,,,,,61.10,N,Not at Intersection,N,Non-Junction,None,,,         ,William,Whitworth,Clear,Not Collision with Motor Vehicle in Transport,no,no,no,no,no,False
101746184,METROPOLITAN NASHVILLE POLICE DEPT,20170770224,Davidson,Nashville,8/30/2017 1:49:00 PM,2,0,0,36.149410,-86.806230,ELLISTON PL,,,,321.00,Feet,South,23RD AVN,,,,0.00,N,Not at Intersection,N,Non-Junction,None,,,         ,Russell,Freeman,Rain,Front to Rear,no,no,no,no,yes,Campus
101746185,METROPOLITAN NASHVILLE POLICE DEPT,20170770284,Davidson,Not in City Limit,8/30/2017 2:10:00 PM,1,0,0,36.321030,-86.850500,I 24,,,,0.00,,,,,,,35.90,N,Not at Intersection,N,Non-Junction,None,,,         ,Jeanine,Sarno,Rain,Not Collision with Motor Vehicle in Transport,no,no,no,no,no,False
101746192,METROPOLITAN NASHVILLE POLICE DEPT,20170770270,Davidson,Nashville,8/30/2017 2:06:00 PM,2,0,0,36.158910,-86.784780,10TH AVN,,,,124.00,Feet,South,COMMERCE ST,,,,0.00,N,Not at Intersection, ,,None,,,         ,Darren,Key,,,no,no,no,no,no,False
101746193,VANDERBILT UNIVERSITY POLICE,17-0770124,Davidson,Nashville,8/30/2017 11:35:00 AM,1,0,0,36.140630,-86.801190,DIXIE PL,,,,0.00,,,,,,,0.00,,,N,Non-Junction,None,,,         ,Linda,Jennings,Clear,Not Collision with Motor Vehicle in Transport,no,no,no,yes,yes,Campus
101746222,METROPOLITAN NASHVILLE POLICE DEPT,20170770407,Davidson,Nashville,8/30/2017 3:20:00 PM,2,0,0,36.193980,-86.743690,GALLATIN AV,,,,0.00,,,STROUSE AV,,,,0.00,Y,T-Intersection, ,Intersection,None,,,         ,James,Smith,Cloudy,Other,no,no,no,no,no,False
101746236,METROPOLITAN NASHVILLE POLICE DEPT,20170770326,Davidson,Nashville,8/30/2017 2:28:00 PM,2,0,0,36.153590,-86.785550,12TH AVS,,,,0.00,,,LAUREL ST,,,,0.00,Y,Four-Way, ,Intersection,None,,,         ,Andrey,Volfson,Cloudy,Angle,no,no,no,no,no,False
101746238,METROPOLITAN NASHVILLE POLICE DEPT,20170770383,Davidson,Nashville,8/30/2017 3:04:00 PM,2,0,0,36.143670,-86.666680,DONELSON PKE,,,,502.00,Feet,North,I40 W ENT RAMP,,,,0.00,N,Not at Intersection, ,Non-Junction,None,,,         ,Jaby,Djabbarov,Rain,Angle,no,no,no,no,no,False
101746253,METROPOLITAN NASHVILLE POLICE DEPT,20170770524,Davidson,Nashville,8/30/2017 3:57:00 PM,2,0,0,36.087600,-86.649110,MURFREESBORO PKE,,,,279.00,Feet,North,RANSOM PL,,,,0.00,N,Not at Intersection, ,Non-Junction,None,,,         ,Alyson,Cook,Rain,Front to Rear,no,no,no,no,no,False
101746268,METROPOLITAN NASHVILLE POLICE DEPT,20170770483,Davidson,Nashville,8/30/2017 3:39:00 PM,2,0,0,36.147230,-86.743960,I 40,,,,0.00,,,,,,,212.00,N,Not at Intersection, ,Non-Junction,None,,,         ,Patrick,Martin,Rain,"Sideswipe, Same Direction",no,no,no,no,no,False
101746270,METROPOLITAN NASHVILLE POLICE DEPT,20170770505,Davidson,Nashville,8/30/2017 12:00:00 AM,2,0,0,36.199830,-86.825450,BUENA VISTA PKE,,,,319.00,Feet,East,MATTIE ST,,,,0.00,N,Not at Intersection, ,Non-Junction,None,,,         ,Melvin,Taylor,Cloudy,"Sideswipe, Same Direction",no,no,no,no,no,False
101746281,METROPOLITAN NASHVILLE POLICE DEPT,20170770578,Davidson,Nashville,8/30/2017 4:00:00 PM,2,0,0,36.123670,-86.747790,I 440,,,,0.00,,,,,,,6.50,N,Not at Intersection, ,Non-Junction,None,,,         ,Hillary,Sherman,Rain,Front to Rear,no,no,no,no,no,False
101746290,Nashville Airport Police,2017-03061,Davidson,Nashville,8/29/2017 4:12:00 PM,2,0,0,36.133410,-86.665080,BNA DR,,,,0.00,,,TERMINAL DR,,,,0.00,Y,T-Intersection, ,Intersection-Related,None,,,         ,Jeremy,Riel,Clear,Angle,no,no,no,no,no,False
101746298,VANDERBILT UNIVERSITY POLICE,17-0770454,Davidson,Nashville,8/30/2017 3:00:00 PM,2,0,0,36.142860,-86.800660,MEDICAL CENTER DR,,,,0.00,,,,,,,0.00,,, ,,None,,,         ,Cheryl,Bonner,,,no,no,no,no,no,Campus
101746299,GOODLETTSVILLE POLICE DEPT,17-30458,Davidson,Goodlettsville,8/30/2017 4:11:00 PM,3,0,0,36.323210,-86.705730,I65 S ENT RAMP,,,,153.00,Feet,South,LONG HOLLOW PKE,,,,0.00,N,Not at Intersection, ,Entrance/Exit Ramp Related,None,,,         ,George,Forbes,Cloudy,Front to Rear,no,no,no,no,yes,False
101746300,METROPOLITAN NASHVILLE POLICE DEPT,20170770564,Davidson,Nashville,8/30/2017 4:00:00 PM,1,0,0,36.090330,-86.762440,I 65,,,,0.00,,,,,,,78.40,N,Not at Intersection,N,Non-Junction,None,,,         ,William,Taylor,Rain,Not Collision with Motor Vehicle in Transport,no,no,no,no,no,False
101746301,METROPOLITAN NASHVILLE POLICE DEPT,20170770522,Davidson,Nashville,8/30/2017 3:56:00 PM,2,0,0,36.064810,-86.622110,HAMILTON CHURCH RD,,,,0.00,,,OWENDALE DR,,,,0.00,Y,T-Intersection,N,Intersection-Related,None,,,         ,Alyson,Cook,Rain,Front to Rear,no,no,no,no,yes,False
101746303,METROPOLITAN NASHVILLE POLICE DEPT,20170770695,Davidson,Nashville,8/30/2017 5:03:00 PM,2,2,0,36.154510,-86.739060,LEBANON PKE,,,,154.00,Feet,East,OMOHUNDRO PL,,,,0.00,N,Not at Intersection,N,Non-Junction,None,,,         ,Tien,Nguyen,Rain,Front to Rear,no,no,no,no,no,False
101746317,METROPOLITAN NASHVILLE POLICE DEPT,20170770543,Davidson,Nashville,8/30/2017 4:04:00 PM,1,1,0,36.101810,-86.827640,HOBBS RD,,,,0.00,,,THE COMMONS DR,,,,0.00,Y,T-Intersection,N,Intersection-Related,None,,,         ,Justin,Coyle,Rain,Not Collision with Motor Vehicle in Transport,yes,no,no,no,no,False
101746327,METROPOLITAN NASHVILLE POLICE DEPT,20170770662,Davidson,Nashville,8/30/2017 4:56:00 PM,2,1,0,36.144290,-86.695230,I 40,,,,0.00,,,,,,,215.00,N,Not at Intersection,N,Non-Junction,None,,,         ,Jonathan,Cavezza,Rain,Front to Rear,no,no,no,no,no,False
101746329,METROPOLITAN NASHVILLE POLICE DEPT,20170770704,Davidson,Nashville,8/30/2017 12:00:00 AM,2,0,0,36.151200,-86.691840,BRILEY PKWY S EXT RAMP,,,,0.00,Feet,,ELM HILL PKE,,,,0.00,Y,T-Intersection,N,Intersection,None,,,         ,Craig,Gentry,Rain,Front to Rear,no,no,no,no,no,False
101746330,METROPOLITAN NASHVILLE POLICE DEPT,20170770666,Davidson,Nashville,8/30/2017 12:00:00 AM,2,0,0,36.157810,-86.829460,INDIANA AV,,,,33.00,Feet,South,CLIFTON AV,,,,0.00,N,Not at Intersection, ,Non-Junction,None,,,         ,Melvin,Taylor,Rain,Angle,no,no,no,no,no,False
101746336,METROPOLITAN NASHVILLE POLICE DEPT,20170770711,Davidson,Nashville,8/30/2017 5:17:00 PM,2,0,0,36.092870,-86.692790,HARDING INDUSTRIAL DR,,,,1308.00,Feet,North,MCGAVOCK PKE,,,,0.00,N,Not at Intersection, ,Non-Junction,None,,,         ,Alyson,Cook,Rain,Angle,no,no,no,no,no,False
101746337,METROPOLITAN NASHVILLE POLICE DEPT,20170770556,Davidson,Not in City Limit,8/30/2017 4:21:00 PM,2,1,0,36.279480,-86.708770,GALLATIN PKEN,,,,52.00,Feet,North,ONE MILE PKWY,,,,0.00,N,Not at Intersection,N,Non-Junction,None,,,         ,Rodney,Phipps,Cloudy,Front to Rear,no,no,no,no,no,False
101746338,METROPOLITAN NASHVILLE POLICE DEPT,20170770674,Davidson,Nashville,8/30/2017 5:02:00 PM,2,1,0,36.175310,-86.758930,MAIN ST,,,,34.00,Feet,West,N 8TH ST,,,,0.00,N,Not at Intersection,N,Non-Junction,None,,,         ,Michael,Moss,Rain,Front to Rear,no,no,no,yes,no,False
101746340,METROPOLITAN NASHVILLE POLICE DEPT,20170770526,Davidson,Not in City Limit,8/30/2017 3:44:00 PM,2,0,0,36.264350,-86.687060,ARCHWOOD PL,,,,0.00,,,ARCHWOOD DR,,,,0.00,Y,T-Intersection, ,Intersection,None,,,         ,Christopher,Littles,Rain,Angle,no,no,no,no,no,False
101746341,METROPOLITAN NASHVILLE POLICE DEPT,20170770720,Davidson,Nashville,8/30/2017 5:22:00 PM,2,0,0,36.154010,-86.822550,I 440,,,,0.00,,,,,,,1.70,N,Not at Intersection, ,Non-Junction,None,,,         ,Thomas,Burns,Rain,Front to Rear,no,no,no,no,no,False
101746342,METROPOLITAN NASHVILLE POLICE DEPT,20170770732,Davidson,Nashville,8/30/2017 5:10:00 PM,2,0,0,36.103200,-86.797310,BELVIDERE DR,,,,0.00,,,GRANNY WHITE PKE,,,,0.00,Y,T-Intersection,N,Intersection,None,,,         ,Hillary,Sherman,Rain,Angle,no,no,no,no,no,False
101746343,METROPOLITAN NASHVILLE POLICE DEPT,20170770475,Davidson,Nashville,8/30/2017 3:41:00 PM,2,1,0,36.074280,-86.739990,BLACKMAN RD,,,,198.00,Feet,West,DARLINGTON DR,,,,0.00,N,Not at Intersection,N,Non-Junction,None,,,         ,Jacob,Paul,Rain,Front to Rear,no,no,no,no,no,False
101746344,METROPOLITAN NASHVILLE POLICE DEPT,20170770665,Davidson,Nashville,8/30/2017 4:40:00 PM,2,0,0,36.086530,-86.691520,ANTIOCH PKE,,,,383.00,Feet,South,HARDING PL,,,,0.00,N,Not at Intersection, ,Non-Junction,None,,,         ,Richard,Olive,Rain,Angle,no,no,no,no,no,False
101746347,METROPOLITAN NASHVILLE POLICE DEPT,20170770618,Davidson,Nashville,8/30/2017 2:27:00 PM,2,0,0,36.153300,-86.772180,ELM ST,,,,0.00,,,4TH AVS,,,,0.00,Y,Four-Way, ,,None,,,         ,Andrey,Volfson,,,no,no,no,no,no,False
101746351,METROPOLITAN NASHVILLE POLICE DEPT,20170770642,Davidson,Nashville,8/30/2017 4:47:00 PM,2,1,0,36.059470,-86.772670,I 65,,,,0.00,,,,,,,75.20,N,Not at Intersection,N,Non-Junction,None,,,         ,Eric,Burford,Rain,"Sideswipe, Same Direction",no,no,no,no,no,False
101746355,METROPOLITAN NASHVILLE POLICE DEPT,20170770753,Davidson,Nashville,8/30/2017 4:42:00 PM,2,0,0,36.067530,-86.682420,ANTIOCH PKE,,,,639.00,Feet,South,MILL CREEK BLUE HOLE GRNWY,,,,0.00,N,Not at Intersection, ,Non-Junction,None,,,         ,Alyson,Cook,Rain,Angle,no,no,no,no,no,False
101746358,METROPOLITAN NASHVILLE POLICE DEPT,20170770775,Davidson,Nashville,8/30/2017 5:44:00 PM,2,1,0,36.133230,-86.801310,PORTLAND AV,,,,0.00,,,MAGNOLIA BLVD,,,,0.00,Y,Four-Way,N,Intersection-Related,None,,,         ,Tien,Nguyen,Rain,Angle,no,no,no,no,no,False
101746360,METROPOLITAN NASHVILLE POLICE DEPT,20170770620,Davidson,Nashville,8/30/2017 4:32:00 PM,1,1,0,36.170560,-86.606330,I40 E EXT RAMP,,,,0.00,,,I 40,,,,0.00,Y,OTHER,Y,Entrance/Exit Ramp Related,None,,,         ,Codey,Mullins,Rain,Not Collision with Motor Vehicle in Transport,no,no,no,no,no,False
101746362,METROPOLITAN NASHVILLE POLICE DEPT,20170770538,Davidson,Nashville,8/30/2017 4:04:00 PM,3,2,0,36.143090,-86.776830,I 65,,,,0.00,,,,,,,82.00,N,Not at Intersection,N,Non-Junction,None,,,         ,Christopher,Augustin,Rain,Front to Rear,no,no,no,no,no,False
101746366,METROPOLITAN NASHVILLE POLICE DEPT,20170770664,Davidson,Nashville,8/30/2017 5:20:00 PM,2,0,0,36.123340,-86.727490,I24 W EXT RAMP,,,,0.00,Feet,East,I 24,,,,0.00,N,Not at Intersection,Y,Non-Junction,None,,,         ,Benjamin,Froehlich,Rain,"Sideswipe, Same Direction",no,no,no,no,yes,False
101746371,METROPOLITAN NASHVILLE POLICE DEPT,20170770804,Davidson,Nashville,8/30/2017 4:54:00 PM,2,0,0,36.101180,-86.821230,HOBBS RD,,,,80.00,Feet,East,STAMMER PL,,,,0.00,N,Not at Intersection,N,Non-Junction,None,,,         ,Justin,Coyle,Rain,Front to Rear,no,no,no,no,no,False
101746376,METROPOLITAN NASHVILLE POLICE DEPT,20170770489,Davidson,Nashville,8/30/2017 3:44:00 PM,2,0,0,36.151950,-86.849050,CHARLOTTE AV,,,,140.00,Feet,West,51ST AVN,,,,0.00,N,Not at Intersection,N,Non-Junction,None,,,         ,Brandon,Pedigo,Cloudy,Angle,no,no,no,no,no,False
101746379,METROPOLITAN NASHVILLE POLICE DEPT,20170770624,Davidson,Nashville,8/30/2017 4:32:00 PM,2,0,0,36.172290,-86.768730,I 24,,,,0.00,,,,,,,48.30,N,Not at Intersection, ,Non-Junction,None,,,         ,Amanda,Fox,Rain,Front to Rear,no,no,no,no,no,False
101746381,METROPOLITAN NASHVILLE POLICE DEPT,20170770786,Davidson,Nashville,8/30/2017 5:38:00 PM,2,0,0,36.172920,-86.773910,N 1ST ST,,,,545.00,Feet,South,MAIN ST,,,,0.00,N,Not at Intersection,N,Non-Junction,None,,,         ,Joshua,Hausman,Rain,"Sideswipe, Same Direction",no,no,no,no,no,False
101746383,METROPOLITAN NASHVILLE POLICE DEPT,20170770767,Davidson,Nashville,8/30/2017 5:40:00 PM,2,0,0,36.142770,-86.791970,VILLA PL,,,,172.00,Feet,South,EDGEHILL AV,,,,0.00,N,Not at Intersection,N,Non-Junction,None,,,         ,Tien,Nguyen,Rain,Angle,no,no,no,no,no,False
101746384,METROPOLITAN NASHVILLE POLICE DEPT,20170770697,Davidson,Nashville,8/30/2017 5:10:00 PM,2,1,0,36.175650,-86.781980,JEFFERSON ST,,,,829.00,Feet,East,3RD AVN,,,,0.00,N,Not at Intersection,N,Non-Junction,None,,,         ,Andrey,Volfson,Rain,Front to Rear,no,no,no,no,no,False
101746385,METROPOLITAN NASHVILLE POLICE DEPT,20170770859,Davidson,Nashville,8/30/2017 5:00:00 PM,1,0,0,36.169880,-86.808430,I 40,,,,0.00,,,,,,,207.20,N,Not at Intersection, ,Non-Junction,None,,,         ,Melvin,Taylor,Rain,Not Collision with Motor Vehicle in Transport,no,no,no,no,no,False
101746388,BERRY HILL POLICE DEPT,17-2966,Davidson,Berry Hill,8/30/2017 12:00:00 AM,2,0,0,36.121950,-86.770450,FESSEY PARK RD,,,,173.00,Feet,West,BUCHI CT,,,,0.00,N,Not at Intersection,N,Non-Junction,None,,,         ,John,Gleixner,Rain,Angle,no,no,no,yes,no,False
101746390,METROPOLITAN NASHVILLE POLICE DEPT,20170770621,Davidson,Nashville,8/30/2017 4:35:00 PM,2,2,0,36.134290,-86.774730,WEDGEWOOD AV,,,,0.00,,,I65 N ENT RAMP,,,,0.00,Y,OTHER,N,Intersection,None,,,         ,Conner,Harris,Rain,Angle,no,no,no,no,no,False
101746391,METROPOLITAN NASHVILLE POLICE DEPT,20170770680,Davidson,Nashville,8/30/2017 4:34:00 PM,2,0,0,36.149960,-86.822740,I 440,,,,0.00,,,,,,,1.45,N,Not at Intersection, ,,None,,,         ,Brandon,Rardin,,,no,no,no,no,no,False
101746395,METROPOLITAN NASHVILLE POLICE DEPT,20170770740,Davidson,Antioch,8/30/2017 5:05:00 PM,2,0,0,36.016010,-86.620080,OLD HICKORY BLVD,,,,169.00,Feet,North,I24 W EXT RAMP,,,,0.00,N,Not at Intersection,N,Non-Junction,None,,,         ,Brandon,Vance,Rain,Angle,no,no,no,no,no,False
101746397,METROPOLITAN NASHVILLE POLICE DEPT,20170770836,Davidson,Nashville,8/30/2017 12:00:00 AM,2,0,0,36.171220,-86.679580,MCGAVOCK PKE,,,,135.00,Feet,South,PARK DR,,,,0.00,N,Not at Intersection,N,Non-Junction,None,,,         ,Craig,Gentry,Rain,Angle,no,no,no,no,no,False
101746400,METROPOLITAN NASHVILLE POLICE DEPT,20170770961,Davidson,Nashville,8/30/2017 6:59:00 PM,2,0,0,36.109350,-86.680580,MURFREESBORO PKE,,,,725.00,Feet,East,AIR FREIGHT BLVD,,,,0.00,N,Not at Intersection, ,Non-Junction,None,,,         ,Alyson,Cook,Rain,Front to Rear,no,no,no,no,no,False
101746406,METROPOLITAN NASHVILLE POLICE DEPT,20170770766,Davidson,Nashville,8/30/2017 4:32:00 PM,2,0,0,36.176330,-86.765730,ELLINGTON PKWYN,,,,191.00,Feet,East,SPRING ST,,,,0.00,N,Not at Intersection, ,Non-Junction,None,,,         ,Steven,Frazier Jr.,Rain,Front to Rear,no,no,no,no,no,False
101746412,METROPOLITAN NASHVILLE POLICE DEPT,20170770915,Davidson,Nashville,8/30/2017 6:28:00 PM,2,0,0,36.146160,-86.878970,I 40,,,,0.00,,,,,,,202.65,N,Not at Intersection,N,Non-Junction,None,,,         ,Brandon,Pedigo,Rain,Front to Rear,no,no,no,no,no,False