master_record_number,agency,agency_tracking_number,county,city,collision_date,vehicles_involved,number_injured,number_dead,latitude,longitude,roadway_name,roadway_suffix,roadway_number,roadway_local_id,distance_from_reference,miles-feet_indicator,direction_from_reference,intersection_road_name,intersection_road_name_suffix,intersection_road_number,intersection_local_id,mile_marker,intersection_indicator,intersect_type,interchange_related_indicator,relation_to_junction,work_zone_type,construction_maintenance_zone,construction_maintenance_zone_location,fatal_case_number,officer_first_name,officer_last_name,weather_condition(s),manner_of_crash,pedestrian,bicycle,scooter,parking,hitrun,mou
101749542,METROPOLITAN NASHVILLE POLICE DEPT,20170781284,Davidson,Nashville,9/3/2017 3:14:00 AM,3,0,0,36.152350,-86.857670,WHITE BRIDGE PKE,,,,0.00,,,BRILEY PKWY,,,,0.00,Y,Four-Way, ,Entrance/Exit Ramp Related,None,,,         ,Justin,Vaughn,Clear,Front to Rear,no,no,no,no,no,False
101749551,METROPOLITAN NASHVILLE POLICE DEPT,20170781363,Davidson,Nashville,9/3/2017 12:00:00 AM,2,0,0,36.156120,-86.795330,CHURCH ST,,,,204.00,Feet,East,17TH AVN,,,,0.00,N,Not at Intersection,N,Non-Junction,None,,,         ,Akira,McSwain,Clear,Angle,no,no,no,no,yes,False
101749552,METROPOLITAN NASHVILLE POLICE DEPT,20170780770,Davidson,Nashville,9/2/2017 10:58:00 PM,2,0,0,36.169440,-86.778540,GAY ST,,,,0.00,,,1ST AVN,,,,0.00,Y,Y-Intersection,N,Non-Junction,None,,,         ,Darrien,Spann,Clear,HeadOn,no,no,no,no,no,False
101749558,METROPOLITAN NASHVILLE POLICE DEPT,20170781282,Davidson,Nashville,9/3/2017 3:13:00 AM,2,0,0,36.069460,-86.687540,I24 W EXT RAMP,,,,0.00,,,I 24,,,,0.00,Y,T-Intersection,Y,Entrance/Exit Ramp Related,None,,,         ,Christopher,Holden,Clear,Angle,no,no,no,no,no,False
101749559,METROPOLITAN NASHVILLE POLICE DEPT,20170779228,Davidson,Nashville,9/2/2017 6:00:00 AM,1,0,0,36.094570,-86.700160,ANTIOCH PKE,,,,2180.00,Feet,East,SPACE PARK SOUTH DR,,,,0.00,N,Not at Intersection, ,Non-Junction,None,,,         ,Erik,Dabbs,Rain,Not Collision with Motor Vehicle in Transport,no,no,no,no,no,False
101749560,METROPOLITAN NASHVILLE POLICE DEPT,20170781390,Davidson,Nashville,9/3/2017 3:30:00 AM,3,0,0,36.132550,-86.722350,PAVILION BLVD,,,,253.00,Feet,East,PLUS PARK BLVD,,,,0.00,N,Not at Intersection,N,Non-Junction,None,,,         ,Erik,Dabbs,Clear,Front to Rear,no,no,no,yes,yes,False
101749561,METROPOLITAN NASHVILLE POLICE DEPT,20170779214,Davidson,Nashville,9/1/2017 6:00:00 AM,2,1,0,36.154630,-86.779160,LAFAYETTE ST,,,,0.00,,,8TH AVS,,,,0.00,Y,Roundabout,Y,Intersection-Related,None,,,         ,Hunter,Fikes,Clear,Angle,no,no,no,no,no,False
101749572,METROPOLITAN NASHVILLE POLICE DEPT,20170781083,Davidson,Nashville,9/3/2017 1:48:00 AM,1,1,0,36.145860,-86.777560,I 65,,,,0.00,,,,,,,82.20,N,Not at Intersection,Y,Non-Junction,None,,,         ,Eugene,Martino,Clear,Not Collision with Motor Vehicle in Transport,no,no,no,no,no,False
101749573,METROPOLITAN NASHVILLE POLICE DEPT,20170781112,Davidson,Nashville,9/3/2017 1:45:00 AM,1,0,0,36.180010,-86.804660,11TH AVN,,,,118.00,Feet,South,BUCHANAN ST,,,,0.00,N,Not at Intersection,N,Non-Junction,None,,,         ,John,Tyree,Clear,Not Collision with Motor Vehicle in Transport,no,no,no,yes,yes,False
101749691,METROPOLITAN NASHVILLE POLICE DEPT,20170781721,Davidson,Nashville,9/3/2017 8:00:00 AM,1,1,0,36.121760,-86.755480,I 440,,,,0.00,,,,,,,6.00,N,Not at Intersection,N,Non-Junction,None,,,         ,Citlaly,Juarez,Clear,Not Collision with Motor Vehicle in Transport,no,no,no,no,no,False
101749705,METROPOLITAN NASHVILLE POLICE DEPT,20170781712,Davidson,Nashville,9/3/2017 7:55:00 AM,2,0,0,36.089260,-86.617070,SMITH SPRINGS RD,,,,0.00,,,BUTLER RD,,,,0.00,Y,T-Intersection, ,Intersection,None,,,         ,Gerry,Hutcheson,Clear,Front to Rear,no,no,no,no,no,False
101749760,METROPOLITAN NASHVILLE POLICE DEPT,20170781868,Davidson,Nashville,9/3/2017 9:35:00 AM,2,0,0,36.105640,-86.816070,BANDYWOOD DR,,,,184.00,Feet,South,ABBOTT MARTIN RD,,,,0.00,N,Not at Intersection, ,Non-Junction,None,,,         ,Christopher,Royer,Clear,Angle,no,no,no,no,no,False
101749761,METROPOLITAN NASHVILLE POLICE DEPT,20170781916,Davidson,Nashville,9/3/2017 10:00:00 AM,2,0,0,36.142920,-86.815110,WEST END AV,,,,165.00,Feet,North,31ST AVN,,,,0.00,N,Not at Intersection, ,Non-Junction,None,,,         ,Bryan,Musgrave,Clear,Angle,no,no,no,no,yes,Campus
101749768,METROPOLITAN NASHVILLE POLICE DEPT,20170781906,Davidson,Nashville,9/3/2017 10:00:00 AM,2,0,0,36.100940,-86.818730,HILLSBORO PKE,,,,0.00,,,HOBBS RD,,,,0.00,Y,Four-Way, ,,None,,,         ,Shedie,Herbert III,,,no,no,no,no,no,False
101749793,METROPOLITAN NASHVILLE POLICE DEPT,20170782021,Davidson,Nashville,9/3/2017 10:33:00 AM,2,0,0,36.136860,-86.795760,WEDGEWOOD AV,,,,0.00,,,17TH AVS,,,,0.00,Y,OTHER,N,Intersection,None,,,         ,Ian,Hammond,Clear,Angle,no,no,no,no,no,Campus
101749831,BELLE MEADE POLICE DEPT,17-0265,Davidson,Belle Meade,9/1/2017 12:00:00 AM,1,0,0,36.113960,-86.862280,HARDING PKE,,,,250.00,Feet,South,CLARENDON AV,,,,0.00,N,Not at Intersection,N,Non-Junction,None,,,         ,Charles,Williams,Rain,Not Collision with Motor Vehicle in Transport,no,no,no,no,yes,False
101749847,METROPOLITAN NASHVILLE POLICE DEPT,20170782122,Davidson,Not in City Limit,9/3/2017 11:45:00 AM,2,0,0,36.079570,-86.953510,HIGHWAY 70S,,,,0.00,,,COLEY DAVIS RD,,,,0.00,Y,Four-Way, ,Intersection,None,,,         ,Douglas,Atwood,Clear,Angle,no,no,no,no,no,False
101749853,METROPOLITAN NASHVILLE POLICE DEPT,20170782049,Davidson,Nashville,9/3/2017 11:09:00 AM,2,1,0,36.255630,-86.707270,NEELYS BEND RD,,,,0.00,Feet,East,IDLEWILD AV,,,,0.00,N,Not at Intersection,N,Non-Junction,None,,,         ,DuJuan,Kendrick,Clear,Front to Rear,no,no,no,no,no,False
101749863,METROPOLITAN NASHVILLE POLICE DEPT,20170782170,Davidson,Nashville,9/3/2017 12:35:00 PM,1,0,0,36.094630,-86.707050,I 24,,,,0.00,,,,,,,55.00,N,Not at Intersection, ,Non-Junction,None,,,         ,David,Smith,Clear,Not Collision with Motor Vehicle in Transport,no,no,no,no,no,False
101749873,METROPOLITAN NASHVILLE POLICE DEPT,20170782062,Davidson,Nashville,9/3/2017 11:17:00 AM,2,1,0,36.132710,-86.763420,SMITH AV,,,,0.00,,,WALSH RD,,,,0.00,Y,T-Intersection,N,Non-Junction,None,,,         ,Shedie,Herbert III,Clear,Angle,no,no,no,no,no,False
101749906,METROPOLITAN NASHVILLE POLICE DEPT,20170782131,Davidson,Nashville,9/3/2017 11:45:00 AM,2,0,0,36.196750,-86.771700,DICKERSON PKE,,,,113.00,Feet,North,LUCILE ST,,,,0.00,N,Not at Intersection,N,Non-Junction,None,,,         ,Steven,Spillers,Clear,"Sideswipe, Opposite Direction",no,no,no,no,yes,False
101749913,METROPOLITAN NASHVILLE POLICE DEPT,20170782223,Davidson,Nashville,9/3/2017 1:18:00 PM,2,0,0,36.181800,-86.641570,JACKSON DOWNS BLVD,,,,0.00,,,LEBANON PKE,,,,0.00,Y,Four-Way, ,Intersection,None,,,         ,Ralph,Harvey,Clear,Front to Rear,no,no,no,no,no,False
101749914,METROPOLITAN NASHVILLE POLICE DEPT,20170782178,Davidson,Nashville,9/3/2017 12:16:00 PM,2,0,0,36.169630,-86.666370,OLD LEBANON PKE,,,,0.00,Feet,,CLIFFDALE RD,,,,0.00,Y,T-Intersection, ,Intersection,None,,,         ,FELIKS,ABRAHAMYAN,Clear,Angle,no,no,no,no,no,False
101749956,METROPOLITAN NASHVILLE POLICE DEPT,2017-0781971,Davidson,Nashville,9/3/2017 10:36:00 AM,3,2,0,36.052200,-86.743090,HUNTINGTON PKWY,,,,0.00,Feet,East,EDMONDSON PKE,,,,0.00,N,Not at Intersection,N,Non-Junction,None,,,         ,Sean,Williams,Clear,Front to Rear,no,no,no,no,yes,False
101749957,METROPOLITAN NASHVILLE POLICE DEPT,2017-0782177,Davidson,Nashville,9/3/2017 12:41:00 PM,2,0,0,36.045310,-86.713800,OLD HICKORY BLVD,,,,159.00,Feet,West,NOLENSVILLE PKE,,,,0.00,N,Not at Intersection, ,Non-Junction,None,,,         ,Sean,Williams,Clear,"Sideswipe, Same Direction",no,no,no,no,yes,False
101750088,METROPOLITAN NASHVILLE POLICE DEPT,20170782342,Davidson,Nashville,9/3/2017 3:01:00 PM,2,0,0,36.106600,-86.672830,DONELSON PKE,,,,156.00,Feet,North,MURFREESBORO PKE,,,,0.00,N,Not at Intersection,N,Non-Junction,None,,,         ,Patrick,Taylor,Clear,"Sideswipe, Same Direction",no,no,no,no,no,False
101750104,METROPOLITAN NASHVILLE POLICE DEPT,20170782351,Davidson,Not in City Limit,9/3/2017 3:16:00 PM,2,0,0,36.073900,-86.926970,HIGHWAY 70S,,,,80.00,Feet,East,WATERFORD CIR,,,,0.00,N,Not at Intersection,N,Non-Junction,None,,,         ,Andrew,Brazee,Clear,"Sideswipe, Same Direction",no,no,no,no,no,False
101750116,METROPOLITAN NASHVILLE POLICE DEPT,20170782416,Davidson,Nashville,9/3/2017 3:44:00 PM,2,0,0,36.229430,-86.728880,BROADMOOR DR,,,,369.00,Feet,West,PORSHA DR,,,,0.00,N,Not at Intersection, ,Non-Junction,None,,,         ,Benjamin,Williams,Clear,Rear to Rear,no,no,no,no,no,False
101750117,BELLE MEADE POLICE DEPT,17-0267,Davidson,Belle Meade,9/3/2017 11:48:00 AM,2,1,0,36.122310,-86.851320,LYNNWOOD BLVD,,,,0.00,,,HARDING PKE,,,,0.00,Y,Four-Way,N,Intersection-Related,None,,,         ,Keith,Samol,Clear,HeadOn,no,no,no,no,no,False
101750119,METROPOLITAN NASHVILLE POLICE DEPT,2017-0782282,Davidson,Nashville,9/3/2017 2:12:00 PM,2,1,0,36.125860,-86.752590,GLENROSE AV,,,,0.00,Feet,,NOLENSVILLE PKE,,,,0.00,Y,T-Intersection,N,Intersection-Related,None,,,         ,Shelby,Hughes,Clear,Angle,no,no,no,no,no,False
101750129,METROPOLITAN NASHVILLE POLICE DEPT,20170782286,Davidson,Not in City Limit,9/3/2017 1:45:00 PM,2,0,0,36.281890,-86.707650,GALLATIN PKEN,,,,125.00,Feet,South,WELWORTH ST,,,,0.00,N,Not at Intersection,N,Non-Junction,None,,,         ,Christopher,Littles,Clear,Front to Rear,no,no,no,no,no,False
101750130,METROPOLITAN NASHVILLE POLICE DEPT,20170782385,Davidson,Not in City Limit,9/3/2017 3:35:00 PM,1,1,0,36.278200,-86.771980,OLD HICKORY BLVD,,,,0.00,,,DALEMERE DR,,,,0.00,Y,T-Intersection,N,Intersection,None,,,         ,Christopher,Littles,Clear,Not Collision with Motor Vehicle in Transport,no,no,no,no,no,False
101750133,METROPOLITAN NASHVILLE POLICE DEPT,20170782497,Davidson,Nashville,9/3/2017 12:00:00 AM,2,0,0,36.232970,-86.757460,MAPLEWOOD TRC,,,,358.00,Feet,East,DICKERSON PKE,,,,0.00,N,Not at Intersection,N,Non-Junction,None,,,         ,Gordon,Stovall,Clear,"Sideswipe, Same Direction",no,no,no,no,yes,False
101750158,METROPOLITAN NASHVILLE POLICE DEPT,20170782206,Davidson,Nashville,9/3/2017 12:20:00 PM,2,0,0,36.158730,-86.789970,CHURCH ST,,,,224.00,Feet,East,12TH AVN,,,,0.00,N,Not at Intersection,N,Non-Junction,None,,,         ,William,Gibbs,Clear,Front to Rear,no,no,no,no,no,False
101750169,METROPOLITAN NASHVILLE POLICE DEPT,20170782447,Davidson,Nashville,9/3/2017 1:24:00 PM,2,0,0,36.151920,-86.771610,LAFAYETTE ST,,,,117.00,Feet,West,4TH AVS,,,,0.00,N,Not at Intersection, ,Non-Junction,None,,,         ,Michael,Baron,Clear,Angle,no,no,no,no,yes,False
101750202,METROPOLITAN NASHVILLE POLICE DEPT,20170782522,Davidson,Nashville,9/3/2017 4:58:00 PM,1,1,0,36.118920,-86.667270,DONELSON PKE,,,,849.00,Feet,North,HANGAR LN,,,,0.00,N,Not at Intersection,N,Non-Junction,None,,,         ,Patrick,Taylor,Clear,Not Collision with Motor Vehicle in Transport,no,no,no,no,no,False
101750207,METROPOLITAN NASHVILLE POLICE DEPT,20170782531,Davidson,Nashville,9/3/2017 5:00:00 PM,1,1,0,36.196960,-86.690820,OPRY MILLS DR,,,,0.00,,,GAYLORD DR,,,,0.00,Y,OTHER,N,OtherLocation,None,,,         ,John,Kelley,Clear,Not Collision with Motor Vehicle in Transport,no,no,no,yes,no,False
101750217,METROPOLITAN NASHVILLE POLICE DEPT,20170782570,Davidson,Nashville,9/3/2017 5:35:00 PM,2,1,0,36.216620,-86.855480,KINGS LN,,,,0.00,Feet,South,W HAMILTON RD,,,,0.00,N,Not at Intersection,N,Non-Junction,None,,,         ,Victor,Alexander,Clear,Angle,no,no,no,no,no,False
101750251,METROPOLITAN NASHVILLE POLICE DEPT,20170782670,Davidson,Nashville,9/3/2017 6:25:00 PM,2,0,0,36.198080,-86.741490,GALLATIN PKE,,,,29.00,Feet,North,FAIRWIN AV,,,,0.00,N,Not at Intersection, ,Non-Junction,None,,,         ,Andrew,Anoskey,Clear,"Sideswipe, Same Direction",no,no,no,no,no,False
101750256,METROPOLITAN NASHVILLE POLICE DEPT,20170782714,Davidson,Not in City Limit,9/3/2017 7:05:00 PM,1,0,0,36.263890,-86.737520,I65 N ENT RAMP,,,,0.00,Feet,East,I 65,,,,0.00,N,Not at Intersection, ,Non-Junction,None,,,         ,Cecilia,Gomez,Clear,Not Collision with Motor Vehicle in Transport,no,no,no,no,no,False
101750258,GOODLETTSVILLE POLICE DEPT,17-30846,Davidson,Goodlettsville,9/3/2017 1:13:00 AM,1,1,0,36.306520,-86.700300,VIETNAM VETERANS BLVD SB ENT R,,,,0.00,,,VIETNAM VETERANS BLVD NB EXT R,,,,0.00,Y,Y-Intersection,N,Entrance/Exit Ramp Related,None,,,         ,Jeffery,Hunter,Clear,Not Collision with Motor Vehicle in Transport,no,no,no,no,no,False
101750265,VANDERBILT UNIVERSITY POLICE,2017-0782725,Davidson,Nashville,9/3/2017 7:12:00 PM,2,0,0,36.151370,-86.799330,WEST END AV,,,,0.00,,,20TH AVS,,,,0.00,Y,Four-Way,N,Intersection,None,,,         ,Christopher,Dion,Clear,Angle,no,no,no,no,yes,Campus
101750290,METROPOLITAN NASHVILLE POLICE DEPT,20170782791,Davidson,Nashville,9/3/2017 8:00:00 PM,1,0,0,36.102860,-86.838320,ESTES RD,,,,60.00,Feet,South,HOBBS RD,,,,0.00,N,Not at Intersection,N,Non-Junction,None,,,         ,Andrew,Brazee,Clear,Not Collision with Motor Vehicle in Transport,no,no,no,no,no,False
101750291,METROPOLITAN NASHVILLE POLICE DEPT,20170782688,Davidson,Nashville,9/3/2017 5:45:00 PM,1,1,0,36.228540,-86.844370,BRILEY PKWYE,,,,1442.00,Feet,West,BRILEY PKWYW,,,,0.00,N,Not at Intersection,N,Non-Junction,None,,,         ,Andrew,Delke,Clear,Not Collision with Motor Vehicle in Transport,no,no,no,no,no,False
101750324,METROPOLITAN NASHVILLE POLICE DEPT,20170782735,Davidson,Nashville,9/3/2017 4:15:00 PM,2,0,0,36.083380,-86.703950,LINBAR DR,,,,422.00,Feet,South,LARGO DR,,,,0.00,N,Not at Intersection,N,Non-Junction,None,,,         ,Nakia,Reid,Clear,"Sideswipe, Same Direction",no,no,no,no,yes,False
101750325,METROPOLITAN NASHVILLE POLICE DEPT,20170782808,Davidson,Nashville,9/3/2017 8:19:00 PM,1,0,0,36.112550,-86.772000,I 65,,,,0.00,,,,,,,79.95,N,Not at Intersection, ,Non-Junction,None,,,         ,Allyson,Reis,Clear,Not Collision with Motor Vehicle in Transport,no,no,no,no,no,False
101750354,BERRY HILL POLICE DEPT,17-3024,Davidson,Berry Hill,9/3/2017 8:34:00 PM,2,0,0,36.125790,-86.765870,BRANSFORD AV,,,,0.00,,,CRAIGHEAD ST,,,,0.00,Y,Four-Way, ,Intersection,None,,,         ,Roy,Morris,Clear,Front to Rear,no,no,no,no,no,False
101750357,METROPOLITAN NASHVILLE POLICE DEPT,20170782837,Davidson,Nashville,9/3/2017 8:20:00 PM,2,0,0,36.136270,-86.884370,CHARLOTTE PKE,,,,284.00,Feet,East,BROOK HOLLOW RD,,,,0.00,N,Not at Intersection,N,Non-Junction,None,,,         ,Regina,Lewis,Clear,Angle,no,no,no,no,yes,False
101750361,METROPOLITAN NASHVILLE POLICE DEPT,20170782832,Davidson,Nashville,9/3/2017 8:39:00 PM,1,0,0,36.168170,-86.771060,RUSSELL ST,,,,244.00,Feet,East,S 1ST ST,,,,0.00,N,Not at Intersection, ,Non-Junction,None,,,         ,Benjamin,Williams,Clear,Not Collision with Motor Vehicle in Transport,no,no,no,yes,no,False
101750370,METROPOLITAN NASHVILLE POLICE DEPT,20170782414,Davidson,Nashville,9/3/2017 12:00:00 AM,1,0,0,36.162470,-86.700570,LEBANON PKE,,,,310.00,Feet,East,MEADOW CLIFF,,,,0.00,N,Not at Intersection,N,Non-Junction,None,,,         ,Craig,Gentry,Clear,Not Collision with Motor Vehicle in Transport,no,no,no,no,no,False
101750371,METROPOLITAN NASHVILLE POLICE DEPT,20170782888,Davidson,Nashville,9/3/2017 8:55:00 PM,2,1,0,36.069410,-86.687930,HAYWOOD LN,,,,118.00,Feet,West,I24 W ENT RAMP,,,,0.00,N,Not at Intersection,N,Non-Junction,None,,,         ,Marcus,Darden,Clear,Front to Rear,no,no,no,no,yes,False
101750377,METROPOLITAN NASHVILLE POLICE DEPT,2017-0782731,Davidson,Nashville,9/3/2017 6:55:00 PM,2,0,0,36.169540,-86.601080,I40 E EXT RAMP,,,,0.00,,,I 40,,,,0.00,Y,Four-Way,N,Entrance/Exit Ramp Related,None,,,         ,Sandra,Talavera,Clear,Front to Rear,no,no,no,no,yes,False
101750384,METROPOLITAN NASHVILLE POLICE DEPT,20170782936,Davidson,Nashville,9/3/2017 9:56:00 PM,2,0,0,36.167840,-86.781430,JAMES ROBERTSON PKWY,,,,56.00,Feet,East,4TH AVN,,,,0.00,N,Not at Intersection,N,Non-Junction,None,,,         ,Ronald,Bright,Clear,"Sideswipe, Same Direction",no,no,no,no,yes,False
101750402,METROPOLITAN NASHVILLE POLICE DEPT,20170782792,Davidson,Nashville,9/3/2017 8:01:00 PM,2,2,0,36.089530,-86.718860,PARAGON MILLS RD,,,,154.00,Feet,West,ASTER DR,,,,0.00,N,Not at Intersection,N,Non-Junction,None,,,         ,Je-Marc,Sears,Clear,HeadOn,no,no,no,no,no,False
101750416,METROPOLITAN NASHVILLE POLICE DEPT,20170782969,Davidson,Nashville,9/3/2017 8:46:00 PM,2,0,0,36.082670,-86.710490,TAMPA DR,,,,0.00,,,HARDING PL,,,,0.00,Y,Four-Way,N,Intersection-Related,None,,,         ,Patrick,Martin,Clear,"Sideswipe, Opposite Direction",no,no,no,no,yes,False
101750435,METROPOLITAN NASHVILLE POLICE DEPT,20170783137,Davidson,Antioch,9/3/2017 10:35:00 PM,2,0,0,36.043260,-86.592940,POST OAK DR,,,,0.00,,,CHESTNUT OAK DR,,,,0.00,Y,OTHER,N,OtherLocation,None,,,         ,Douglas,Sykes,Clear,Front to Rear,no,no,no,no,no,False
101750436,METROPOLITAN NASHVILLE POLICE DEPT,20170782877,Davidson,Nashville,9/3/2017 8:26:00 PM,3,2,0,36.040480,-86.780140,OLD HICKORY BLVD,,,,220.00,Feet,East,I65 N ENT RAMP,,,,0.00,N,Not at Intersection,N,Non-Junction,None,,,         ,William,King,Clear,Angle,no,no,no,no,no,False
101750458,METROPOLITAN NASHVILLE POLICE DEPT,20170783217,Davidson,Nashville,9/4/2017 12:26:00 AM,2,1,0,36.126550,-86.779160,HILLVIEW HTS,,,,0.00,,,ELLIOTT AV,,,,0.00,Y,T-Intersection,N,Intersection,None,,,         ,Ralph,Smith IV,Clear,"Sideswipe, Same Direction",no,no,no,no,no,False
101750477,METROPOLITAN NASHVILLE POLICE DEPT,20170783470,Davidson,Nashville,9/4/2017 2:41:00 AM,2,0,0,36.170690,-86.767340,I24 W ENT RAMP,,,,0.00,Feet,East,I 24,,,,0.00,N,Not at Intersection,N,Non-Junction,None,,,         ,Bradley,Fort,Clear,"Sideswipe, Same Direction",no,no,no,no,yes,False
101750478,METROPOLITAN NASHVILLE POLICE DEPT,20170783032,Davidson,Nashville,9/3/2017 10:56:00 PM,3,4,0,36.157680,-86.790840,I 40,,,,0.00,,,,,,,209.00,N,Not at Intersection,N,Non-Junction,None,,,         ,Katelin,Ehrhardt,Clear,Front to Rear,no,no,no,no,yes,False
101750481,METROPOLITAN NASHVILLE POLICE DEPT,20170783456,Davidson,Not in City Limit,9/4/2017 2:30:00 AM,1,0,0,36.013250,-87.044090,HIGHWAY 100,,,,0.79,Miles,West,HIGHWAY 96,,,,0.00,N,Not at Intersection,N,Non-Junction,None,,,         ,Jackson,Smythe,Clear,Not Collision with Motor Vehicle in Transport,no,no,no,no,no,False
101750516,METROPOLITAN NASHVILLE POLICE DEPT,20170783511,Davidson,Nashville,9/4/2017 3:04:00 AM,2,0,0,36.158290,-86.771890,HERMITAGE AV,,,,0.00,,,KOREAN VETERANS BLVD,,,,0.00,Y,Four-Way,N,Intersection,None,,,         ,John,Anderson,Clear,Angle,no,no,no,no,no,False
101750538,METROPOLITAN NASHVILLE POLICE DEPT,20170783383,Davidson,Nashville,9/4/2017 12:40:00 AM,3,0,0,36.210190,-86.778280,BRICK CHURCH PKE,,,,335.00,Feet,East,AVONDALE CIR,,,,0.00,N,Not at Intersection,N,Non-Junction,None,,,         ,James,Murphy,Clear,Rear to Rear,no,no,no,yes,yes,False
101750547,METROPOLITAN NASHVILLE POLICE DEPT,20170783684,Davidson,Nashville,9/4/2017 4:45:00 AM,2,0,0,36.154400,-86.761170,I 40,,,,0.00,,,,,,,210.90,N,Not at Intersection,N,Non-Junction,None,,,         ,Johan,Kinberg,Clear,"Sideswipe, Same Direction",no,no,no,no,yes,False
101750559,Nashville Airport Police,2017-03130,Davidson,Nashville,9/4/2017 5:30:00 AM,2,0,0,36.135510,-86.667770,TERMINAL DR,,,,0.00,,,I40 E EXT RAMP,,,,0.00,,Not at Intersection, ,Non-Junction,None,,,         ,William,Green,Clear,"Sideswipe, Same Direction",no,no,no,no,yes,False
101750562,METROPOLITAN NASHVILLE POLICE DEPT,20170783695,Davidson,Nashville,9/4/2017 3:00:00 AM,1,1,0,36.070360,-86.684540,ANTIOCH PKE,,,,26.00,Feet,North,HAYWOOD LN,,,,0.00,N,Not at Intersection,N,Non-Junction,None,,,         ,Gary,Peters,Clear,Not Collision with Motor Vehicle in Transport,yes,no,no,yes,yes,False
101750581,METROPOLITAN NASHVILLE POLICE DEPT,20170783845,Davidson,Nashville,9/4/2017 12:00:00 AM,2,0,0,36.074113,-86.614259,WILFORD PACK,CT,,,100.00,Feet,West,WILFORD PACK,DR,,,0.00,N,Not at Intersection,N,Non-Junction,None,,,         ,Michael,Dance,Unknown,Unknown,no,no,no,no,yes,False
101750604,Nashville Airport Police,2017-03080,Davidson,Nashville,8/31/2017 4:29:00 PM,2,0,0,36.136340,-86.664270,TERMINAL DR,,,,0.00,,,SATELLITE WAY ENT RAMP,,,,0.00,,, ,Non-Junction,None,,,         ,Bradley,Kessler,Rain,Rear to Rear,no,no,no,yes,no,False
101750646,METROPOLITAN NASHVILLE POLICE DEPT,20170783949,Davidson,Nashville,9/4/2017 7:54:00 AM,2,2,0,36.188550,-86.746280,GALLATIN AV,,,,95.00,Feet,North,GRANADA AV,,,,0.00,N,Not at Intersection,N,Non-Junction,None,,,         ,Richard,Conger,Clear,HeadOn,no,no,no,no,no,False
101750669,METROPOLITAN NASHVILLE POLICE DEPT,2017-0784081,Davidson,Nashville,9/4/2017 8:57:00 AM,1,1,0,36.054110,-86.673400,I 24,,,,0.00,,,,,,,58.40,N,Not at Intersection,N,Non-Junction,None,,,         ,William,Whitworth,Clear,Not Collision with Motor Vehicle in Transport,no,no,no,no,no,False
101750731,Nashville Airport Police,2017-03093,Davidson,Nashville,9/1/2017 11:50:00 AM,2,0,0,36.133410,-86.665080,TERMINAL DR,,,,0.00,,,TERMINAL DR,,,,0.00,Y,Traffic Circle, ,Non-Junction,Construction Zone,,,         ,Lynn,Oliver,Rain,"Sideswipe, Same Direction",no,no,no,no,no,False
101750737,METROPOLITAN NASHVILLE POLICE DEPT,20170784286,Davidson,Nashville,9/4/2017 10:30:00 AM,1,0,0,36.157790,-86.801270,CHARLOTTE AV,,,,0.00,,,,,,,0.00,,,N,Non-Junction,None,,,         ,Garren,Hoskins,Clear,Not Collision with Motor Vehicle in Transport,no,no,no,no,yes,False
101750758,METROPOLITAN NASHVILLE POLICE DEPT,2017784345,Davidson,Nashville,9/4/2017 10:49:00 AM,1,0,0,36.115580,-86.773130,I440 W ENT RAMP,,,,0.00,Feet,East,I 65,,,,0.00,N,Not at Intersection,Y,Entrance/Exit Ramp Related,None,,,         ,Erik,Wagner,Clear,Not Collision with Motor Vehicle in Transport,no,no,no,no,no,False
101750765,METROPOLITAN NASHVILLE POLICE DEPT,2017-0784315,Davidson,Nashville,9/4/2017 10:39:00 AM,2,0,0,36.110220,-86.720080,BRILEY PKWYS,,,,127.00,Feet,North,I24 W EXT RAMP,,,,0.00,N,Not at Intersection, ,Entrance/Exit Ramp Related,None,,,         ,William,Whitworth,Clear,"Sideswipe, Same Direction",no,no,no,no,no,False
101750780,METROPOLITAN NASHVILLE POLICE DEPT,20170784276,Davidson,Nashville,9/4/2017 10:25:00 AM,2,0,0,36.156620,-86.826300,I440 W EXT RAMP,,,,0.00,,,I 40,,,,0.00,Y,OTHER, ,Non-Junction,None,,,         ,Michael,Pyle,Clear,Front to Rear,no,no,no,no,no,False
101750792,METROPOLITAN NASHVILLE POLICE DEPT,20170784306,Davidson,Nashville,9/4/2017 10:39:00 AM,2,1,0,36.140870,-86.817430,WEST END AV,,,,0.00,,,ACKLEN PARK DR,,,,0.00,Y,T-Intersection,N,Intersection,None,,,         ,Phillip,Murphy,Clear,Angle,no,no,no,no,no,False
101750891,METROPOLITAN NASHVILLE POLICE DEPT,20170784578,Davidson,Nashville,9/4/2017 1:02:00 PM,2,2,0,36.219620,-86.727430,ARDEE AV,,,,0.00,,,GALLATIN PKE,,,,0.00,Y,Four-Way,N,Intersection-Related,None,,,         ,Richard,Conger,Clear,Angle,no,no,no,no,no,False
101750936,METROPOLITAN NASHVILLE POLICE DEPT,20170784628,Davidson,Nashville,9/4/2017 1:30:00 PM,2,3,0,36.241930,-86.736710,ELLINGTON PKWYS,,,,0.00,,,ELLINGTON PKWY,,,,0.00,Y,OTHER,N,Non-Junction,None,,,         ,Brian,Otto,Clear,Front to Rear,no,no,no,no,no,False