master_record_number,agency,agency_tracking_number,county,city,collision_date,vehicles_involved,number_injured,number_dead,latitude,longitude,roadway_name,roadway_suffix,roadway_number,roadway_local_id,distance_from_reference,miles-feet_indicator,direction_from_reference,intersection_road_name,intersection_road_name_suffix,intersection_road_number,intersection_local_id,mile_marker,intersection_indicator,intersect_type,interchange_related_indicator,relation_to_junction,work_zone_type,construction_maintenance_zone,construction_maintenance_zone_location,fatal_case_number,officer_first_name,officer_last_name,weather_condition(s),manner_of_crash,pedestrian,bicycle,scooter,parking,hitrun,mou
101750940,METROPOLITAN NASHVILLE POLICE DEPT,20170784667,Davidson,Nashville,9/4/2017 1:52:00 PM,2,0,0,36.170820,-86.601550,OLD HICKORY BLVD,,,,0.00,,,I40 W EXT RAMP,,,,0.00,Y,Four-Way,N,Intersection,None,,,         ,Wesley,Young,Clear,Front to Rear,no,no,no,no,yes,False
101750948,METROPOLITAN NASHVILLE POLICE DEPT,2017-0784495,Davidson,Nashville,9/4/2017 12:10:00 PM,2,0,0,36.083160,-86.724460,WELCH RD,,,,25.00,Feet,West,SEVEN MILE CREEK HARDING MALL,,,,0.00,N,Not at Intersection,N,"Driveway, Alley Access, etc",None,,,         ,William,Whitworth,Clear,Angle,no,no,no,no,yes,False
101750950,METROPOLITAN NASHVILLE POLICE DEPT,20170773668,Davidson,Nashville,8/31/2017 1:16:00 PM,1,1,0,36.074720,-86.635010,BELL RD,,,,0.00,,,ANDERSON RD,,,,0.00,Y,T-Intersection,Y,Intersection,None,,,         ,Cody,O'Quinn,Cloudy,Not Collision with Motor Vehicle in Transport,no,yes,no,no,no,False
101750952,METROPOLITAN NASHVILLE POLICE DEPT,20170784712,Davidson,Nashville,9/4/2017 2:21:00 PM,1,1,0,36.195850,-86.776120,I 65,,,,0.00,,,,,,,86.60,N,Not at Intersection,N,Non-Junction,None,,,         ,YUNUS,ADAK,Clear,Not Collision with Motor Vehicle in Transport,no,no,no,no,no,False
101751021,METROPOLITAN NASHVILLE POLICE DEPT,20170784744,Davidson,Not in City Limit,9/4/2017 1:56:00 PM,2,0,0,36.268890,-86.710660,GALLATIN PKEN,,,,150.00,Feet,North,LOVELL ST,,,,0.00,N,Not at Intersection, ,,None,,,         ,Christopher,Littles,,,no,no,no,no,no,False
101751022,METROPOLITAN NASHVILLE POLICE DEPT,20170784728,Davidson,Nashville,9/4/2017 2:43:00 PM,2,2,0,36.076670,-86.640830,MURFREESBORO PKE,,,,253.00,Feet,East,LAKEVILLA DR,,,,0.00,N,Not at Intersection,N,Non-Junction,None,,,         ,Jessie,Meadows,Clear,Angle,no,no,no,no,no,False
101751023,METROPOLITAN NASHVILLE POLICE DEPT,20170784775,Davidson,Nashville,9/4/2017 3:01:00 PM,2,1,0,36.207020,-86.791600,WHITES CREEK PKE,,,,0.00,,,W TRINITY LN,,,,0.00,Y,Four-Way,N,Intersection-Related,None,,,         ,Walter,Cothran,Clear,Front to Rear,no,no,no,no,no,False
101751033,METROPOLITAN NASHVILLE POLICE DEPT,20170784838,Davidson,Nashville,9/4/2017 3:20:00 PM,2,0,0,36.164360,-86.819930,28TH AVN,,,,0.00,,,I40 W EXT RAMP,,,,0.00,Y,Four-Way, ,Intersection,None,,,         ,Kevin,Reynolds,Clear,Angle,no,no,no,no,no,False
101751047,METROPOLITAN NASHVILLE POLICE DEPT,2017-0784952,Davidson,Nashville,9/4/2017 4:14:00 PM,1,0,0,36.074670,-86.753440,BLACKMAN RD,,,,400.00,Feet,East,TIMBERHILL DR,,,,0.00,N,Not at Intersection,N,Non-Junction,None,,,         ,William,King,Clear,Not Collision with Motor Vehicle in Transport,no,no,no,no,no,False
101751059,METROPOLITAN NASHVILLE POLICE DEPT,20170784886,Davidson,Nashville,9/4/2017 3:30:00 PM,2,0,0,36.140740,-86.793640,HORTON AV,,,,0.00,,,16TH AVS,,,,0.00,Y,T-Intersection,N,Intersection,None,,,         ,Bradley,Pope,Clear,Angle,no,no,no,no,no,False
101751060,METROPOLITAN NASHVILLE POLICE DEPT,20170785018,Davidson,Nashville,9/4/2017 5:00:00 PM,2,0,0,36.064560,-86.620140,HAMILTON CHURCH RD,,,,23.00,Feet,East,HAMILTON GLEN DR,,,,0.00,N,Not at Intersection, ,Non-Junction,None,,,         ,Nathaniel,Myers,Clear,Front to Rear,no,no,no,no,no,False
101751062,METROPOLITAN NASHVILLE POLICE DEPT,2017-0784857,Davidson,Nashville,9/4/2017 3:35:00 PM,2,0,0,36.167010,-86.763730,S 4TH ST,,,,0.00,,,SHELBY AV,,,,0.00,Y,Four-Way,N,Intersection,None,,,         ,Steven,Frazier Jr.,Clear,Angle,no,no,no,no,no,False
101751107,METROPOLITAN NASHVILLE POLICE DEPT,20170784826,Davidson,Nashville,9/4/2017 12:00:00 AM,2,1,0,36.187680,-86.775340,I 24,,,,0.00,,,,,,,47.10,N,Not at Intersection,N,Non-Junction,None,,,         ,Gordon,Stovall,Clear,Front to Rear,no,no,no,no,no,False
101751108,METROPOLITAN NASHVILLE POLICE DEPT,20170785066,Davidson,Nashville,9/4/2017 5:35:00 PM,1,0,0,36.130300,-86.726630,I440 E EXT RAMP,,,,0.00,,,I 24,,,,0.00,Y,OTHER,N,Non-Junction,None,,,         ,Jessie,Meadows,Clear,Not Collision with Motor Vehicle in Transport,no,no,no,no,no,False
101751126,METROPOLITAN NASHVILLE POLICE DEPT,20170785223,Davidson,Nashville,9/4/2017 6:22:00 PM,1,2,0,36.158290,-86.771890,HERMITAGE AV,,,,0.00,,,KOREAN VETERANS BLVD,,,,0.00,Y,Four-Way,N,Intersection,None,,,         ,Chad,Wilkinson,Clear,Not Collision with Motor Vehicle in Transport,no,no,no,no,no,False
101751137,METROPOLITAN NASHVILLE POLICE DEPT,20170785266,Davidson,Nashville,9/4/2017 12:00:00 AM,2,0,0,36.131380,-86.810620,BLAIR BLVD,,,,378.00,Feet,East,NATCHEZ TRC,,,,0.00,N,Not at Intersection,N,Non-Junction,None,,,         ,Tien,Nguyen,Clear,"Sideswipe, Same Direction",no,no,no,no,yes,False
101751151,METROPOLITAN NASHVILLE POLICE DEPT,20170785071,Davidson,Nashville,9/4/2017 5:03:00 PM,2,2,0,36.105860,-86.813880,ABBOTT MARTIN RD,,,,3.00,Feet,West,HILLSBORO PKE,,,,0.00,N,Not at Intersection,N,Non-Junction,None,,,         ,Jessica,Scott,Clear,Angle,no,no,no,no,no,False
101751153,METROPOLITAN NASHVILLE POLICE DEPT,20170785328,Davidson,Nashville,9/4/2017 7:00:00 PM,1,0,0,36.113210,-86.772590,I 65,,,,0.00,,,,,,,80.00,N,Not at Intersection, ,Non-Junction,None,,,         ,Hillary,Sherman,Clear,Not Collision with Motor Vehicle in Transport,no,no,no,no,no,False
101751158,METROPOLITAN NASHVILLE POLICE DEPT,20170784644,Davidson,Nashville,9/4/2017 1:38:00 PM,2,0,0,36.089030,-86.614070,SMITH SPRINGS RD,,,,0.00,,,CLEARLAKE DRW,,,,0.00,Y,T-Intersection, ,Intersection,None,,,         ,Jessie,Loy,Clear,Angle,no,no,no,no,no,False
101751184,METROPOLITAN NASHVILLE POLICE DEPT,20170784951,Davidson,Nashville,9/4/2017 4:10:00 PM,2,0,0,36.173450,-86.769860,I 24,,,,0.00,,,,,,,48.20,N,Not at Intersection, ,Non-Junction,None,,,         ,Benjamin,Williams,Clear,Front to Rear,no,no,no,no,no,False
101751188,METROPOLITAN NASHVILLE POLICE DEPT,20170785207,Davidson,Nashville,9/4/2017 6:12:00 PM,2,1,0,36.146470,-86.870280,CHARLOTTE PKE,,,,189.00,Feet,East,WESTBORO DR,,,,0.00,N,Not at Intersection,N,"Driveway, Alley Access, etc",None,,,         ,Barrett,Teague,Clear,Angle,no,no,no,no,no,False
101751215,METROPOLITAN NASHVILLE POLICE DEPT,20170785337,Davidson,Not in City Limit,9/4/2017 7:15:00 PM,1,1,0,36.271090,-86.928270,LITTLE MARROWBONE RD,,,,907.00,Feet,West,GRAYS POINT RD,,,,0.00,N,Not at Intersection,N,Non-Junction,None,,,         ,Brandon,Rardin,Clear,Not Collision with Motor Vehicle in Transport,no,no,no,no,no,False
101751224,METROPOLITAN NASHVILLE POLICE DEPT,20170785313,Davidson,Nashville,9/4/2017 7:09:00 PM,2,0,0,36.203540,-86.776850,I65 S ENT RAMP,,,,0.00,Feet,East,I 65,,,,0.00,N,Not at Intersection, ,Non-Junction,None,,,         ,Victor,Alexander,Clear,Front to Rear,no,no,no,no,no,False
101751225,METROPOLITAN NASHVILLE POLICE DEPT,20170785444,Davidson,Nashville,9/4/2017 8:07:00 PM,2,1,0,36.241270,-86.757270,BRILEY PKWYE,,,,0.00,,,DICKERSON PKE,,,,0.00,Y,Four-Way,N,Intersection,None,,,         ,Christopher,Littles,Clear,Angle,no,no,no,no,no,False
101751234,METROPOLITAN NASHVILLE POLICE DEPT,20170785386,Davidson,Nashville,9/4/2017 7:18:00 PM,1,1,0,36.095400,-86.771720,FRANKLIN PKE,,,,473.00,Feet,South,MORRISWOOD DR,,,,0.00,N,Not at Intersection,N,Non-Junction,None,,,         ,Allyson,Reis,Clear,Not Collision with Motor Vehicle in Transport,no,no,no,no,no,False
101751237,METROPOLITAN NASHVILLE POLICE DEPT,20170785388,Davidson,Not in City Limit,9/4/2017 7:45:00 PM,2,1,0,36.275970,-86.766190,OLD HICKORY BLVD,,,,561.00,Feet,West,CRESTMONT CT,,,,0.00,N,Not at Intersection,N,Unknown,None,,,         ,Samuel,Miller,Clear,Angle,no,no,no,no,no,False
101751241,METROPOLITAN NASHVILLE POLICE DEPT,20170785503,Davidson,Nashville,9/4/2017 8:51:00 PM,1,0,0,36.169550,-86.600980,OLD HICKORY BLVD,,,,0.00,,,I40 E ENT RAMP,,,,0.00,Y,Four-Way,N,Non-Junction,None,,,         ,David,Stanley,Clear,Not Collision with Motor Vehicle in Transport,yes,no,no,no,no,False
101751271,METROPOLITAN NASHVILLE POLICE DEPT,20170785263,Davidson,Nashville,9/4/2017 6:30:00 PM,2,5,0,36.140870,-86.817430,WEST END AV,,,,0.00,,,ACKLEN PARK DR,,,,0.00,Y,T-Intersection,N,Intersection,None,,,         ,Bradley,Pope,Clear,Angle,no,no,no,no,no,False
101751272,METROPOLITAN NASHVILLE POLICE DEPT,20170785364,Davidson,Nashville,9/4/2017 7:35:00 PM,2,1,0,36.139140,-86.880581,CHARLOTTE PK,,,,0.00,,,ANNEX AV,,,,0.00,Y,Four-Way,N,Intersection,None,,,         ,Jeremy,Huffine,Clear,Angle,no,no,no,no,no,False
101751293,METROPOLITAN NASHVILLE POLICE DEPT,20170785574,Davidson,Nashville,9/4/2017 9:31:00 PM,1,1,0,36.135030,-86.785390,WEDGEWOOD AV,,,,164.00,Feet,West,10TH AVS,,,,0.00,N,Not at Intersection,N,Non-Junction,None,,,         ,Tien,Nguyen,Clear,Not Collision with Motor Vehicle in Transport,no,no,no,no,no,False
101751325,METROPOLITAN NASHVILLE POLICE DEPT,20170785384,Davidson,Nashville,9/4/2017 7:45:00 PM,2,0,0,36.194090,-86.768560,DOUGLAS AV,,,,0.00,,,STOCKELL ST,,,,0.00,Y,T-Intersection, ,Intersection,None,,,         ,Steven,Frazier Jr.,Clear,Angle,no,no,no,no,no,False
101751330,METROPOLITAN NASHVILLE POLICE DEPT,20170785219,Davidson,Nashville,9/4/2017 6:20:00 PM,3,1,0,36.152630,-86.761920,CHARLES E DAVIS BLVD,,,,193.00,Feet,South,GREEN ST,,,,0.00,N,Not at Intersection,N,Non-Junction,None,,,         ,John,Daugherty,Clear,Angle,no,no,no,no,yes,False
101751351,METROPOLITAN NASHVILLE POLICE DEPT,20170785680,Davidson,Nashville,9/4/2017 9:57:00 PM,1,0,0,36.186620,-86.632130,LEBANON PKE,,,,97.00,Feet,East,STONES RIVER RD,,,,0.00,N,Not at Intersection, ,Non-Junction,None,,,         ,Brett,Johns,Clear,Not Collision with Motor Vehicle in Transport,no,no,no,no,no,False
101751354,METROPOLITAN NASHVILLE POLICE DEPT,20170785385,Davidson,Nashville,9/4/2017 7:39:00 PM,2,0,0,36.152480,-86.634730,I 40,,,,0.00,,,,,,,218.60,N,Not at Intersection,Y,Non-Junction,None,,,         ,Jaby,Djabbarov,Clear,"Sideswipe, Same Direction",no,no,no,no,no,False
101751359,METROPOLITAN NASHVILLE POLICE DEPT,20170785747,Davidson,Nashville,9/4/2017 10:00:00 PM,1,0,0,36.135580,-86.727990,I24 E ENT RAMP,,,,0.00,Feet,East,I 24,,,,0.00,N,Not at Intersection,N,Non-Junction,None,,,         ,Dale,Dameron,Clear,Not Collision with Motor Vehicle in Transport,no,no,no,no,no,False
101751361,METROPOLITAN NASHVILLE POLICE DEPT,20170785850,Davidson,Nashville,9/4/2017 12:00:00 AM,2,0,0,36.128640,-86.727110,I 440,,,,0.00,,,,,,,7.60,N,Not at Intersection,N,Entrance/Exit Ramp Related,None,,,         ,Brian,Mclarty,,Front to Rear,no,no,no,no,yes,False
101751366,METROPOLITAN NASHVILLE POLICE DEPT,20170785758,Davidson,Nashville,9/4/2017 11:00:00 PM,2,0,0,36.044950,-86.666590,BELL RD,,,,154.00,Feet,East,CEDAR POINTE PKWY,,,,0.00,N,Not at Intersection,N,Non-Junction,None,,,         ,Daniel,Garrett,Clear,Angle,no,no,no,no,yes,False
101751370,METROPOLITAN NASHVILLE POLICE DEPT,20170786091,Davidson,Nashville,9/5/2017 12:00:00 AM,1,2,0,36.104100,-86.715920,I 24,,,,0.00,,,,,,,54.20,N,Not at Intersection,N,Non-Junction,None,,,         ,Brian,Mclarty,Clear,Not Collision with Motor Vehicle in Transport,no,no,no,no,no,False
101751373,METROPOLITAN NASHVILLE POLICE DEPT,20170786140,Davidson,Nashville,9/5/2017 1:43:00 AM,1,1,0,36.086780,-86.695030,HARDING PL,,,,276.00,Feet,East,S PERIMETER PARK DR,,,,0.00,N,Not at Intersection,N,OtherLocation,None,,,         ,William,Williams,Clear,Not Collision with Motor Vehicle in Transport,no,no,no,yes,no,False
101751377,Nashville Airport Police,2017-03104,Davidson,Nashville,9/1/2017 7:49:00 PM,2,0,0,36.134390,-86.668160,TERMINAL DR,,,,0.00,,,,,,,0.00,,, ,,None,,,         ,William,Green,,,no,no,no,no,no,False
101751387,METROPOLITAN NASHVILLE POLICE DEPT,20170786179,Davidson,Not in City Limit,9/5/2017 2:02:00 AM,1,0,0,36.330460,-86.779100,LICKTON PKE,,,,1277.00,Feet,South,UNION HILL RD,,,,0.00,N,Not at Intersection,N,Non-Junction,None,,,         ,Cheri,Cox,Clear,Not Collision with Motor Vehicle in Transport,no,no,no,no,no,False
101751413,METROPOLITAN NASHVILLE POLICE DEPT,20170786499,Davidson,Nashville,9/5/2017 4:22:00 AM,2,0,0,36.155820,-86.795920,17TH AVN,,,,0.00,,,CHURCH ST,,,,0.00,Y,Four-Way,N,Non-Junction,None,,,         ,Joseph,Patricio,Clear,Angle,no,no,no,no,no,False
101751443,METROPOLITAN NASHVILLE POLICE DEPT,20170786734,Davidson,Not in City Limit,9/5/2017 6:00:00 AM,1,0,0,36.053540,-86.930550,HIGHWAY 100,,,,0.67,Miles,West,WILLOUGHBY WAY,,,,0.00,N,Not at Intersection, ,Non-Junction,None,,,         ,Jackson,Smythe,Cloudy,Not Collision with Motor Vehicle in Transport,no,no,no,no,no,False
101751454,METROPOLITAN NASHVILLE POLICE DEPT,20170786689,Davidson,Nashville,9/5/2017 5:40:00 AM,2,0,0,36.195520,-86.775560,FERN AV,,,,22.00,Feet,South,WHITES CREEK PKE,,,,0.00,N,Not at Intersection, ,Non-Junction,None,,,         ,Harris,Smith,Cloudy,Front to Rear,no,no,no,no,no,False
101751476,METROPOLITAN NASHVILLE POLICE DEPT,20170786808,Davidson,Nashville,9/5/2017 6:55:00 AM,2,0,0,36.038930,-86.782720,OLD HICKORY BLVD,,,,48.00,Feet,West,I65 N EXT RAMP,,,,0.00,N,Not at Intersection, ,,None,,,         ,Nathan,Kemp,,,no,no,no,no,no,False
101751485,METROPOLITAN NASHVILLE POLICE DEPT,20170786844,Davidson,Not in City Limit,9/5/2017 6:51:00 AM,2,0,0,36.313100,-86.830850,I 24,,,,0.00,,,,,,,37.40,N,Not at Intersection, ,Non-Junction,None,,,         ,Michael,Parman,Rain,Front to Rear,no,no,no,no,no,False
101751499,METROPOLITAN NASHVILLE POLICE DEPT,20170786807,Davidson,Nashville,9/5/2017 7:00:00 AM,1,0,0,36.174640,-86.823390,ED TEMPLE BLVD,,,,391.00,Feet,North,DR WALTER S DAVIS BLVD,,,,0.00,N,Not at Intersection,N,Non-Junction,None,,,         ,Chase,Burnett,Cloudy,Not Collision with Motor Vehicle in Transport,no,no,no,no,no,False
101751506,METROPOLITAN NASHVILLE POLICE DEPT,20170786892,Davidson,Nashville,9/5/2017 7:33:00 AM,2,0,0,36.141850,-86.713350,I 40,,,,0.00,,,,,,,214.00,N,Not at Intersection, ,,None,,,         ,Michael,Dance,,,no,no,no,no,no,False
101751507,METROPOLITAN NASHVILLE POLICE DEPT,20170786901,Davidson,Nashville,9/5/2017 6:01:00 AM,1,0,0,36.061100,-86.594960,HOBSON,PIKE,SR1,,300.00,Feet,East,HAMILTON CHURCH,RD,SR2,,0.00,N,Not at Intersection, ,Non-Junction,None,,,         ,Steven,Williams,Clear,Not Collision with Motor Vehicle in Transport,no,no,no,no,no,False
101751512,METROPOLITAN NASHVILLE POLICE DEPT,20170783438,Davidson,Nashville,9/4/2017 1:32:00 AM,2,0,0,36.160640,-86.775390,3RD AVS,,,,69.00,Feet,North,SHELBY ST PEDESTRIAN BRIDGE GR,,,,0.00,N,Not at Intersection, ,Non-Junction,None,,,         ,Jason,Hogan,Clear,"Sideswipe, Same Direction",no,no,no,no,no,False
101751513,METROPOLITAN NASHVILLE POLICE DEPT,20170786805,Davidson,Not in City Limit,9/5/2017 6:50:00 AM,3,1,0,36.319820,-86.849390,I 24,,,,0.00,,,,,,,36.00,N,Not at Intersection,N,Non-Junction,None,,,         ,Jeanine,Sarno,Rain,Front to Rear,no,no,no,no,no,False
101751514,METROPOLITAN NASHVILLE POLICE DEPT,20170786802,Davidson,Nashville,9/5/2017 6:52:00 AM,2,0,0,36.109860,-86.671420,DONELSON PKE,,,,61.00,Feet,North,KNAPP BLVD,,,,0.00,N,Not at Intersection, ,Non-Junction,None,,,         ,James,Curtis,Cloudy,Front to Rear,no,no,no,no,yes,False
101751517,METROPOLITAN NASHVILLE POLICE DEPT,20170786944,Davidson,Not in City Limit,9/5/2017 7:27:00 AM,1,0,0,36.268950,-86.840420,OLD HICKORY BLVD,,,,0.56,Miles,South,HUNTLAND DR,,,,0.00,N,Not at Intersection,N,Non-Junction,None,,,         ,Michael,Parman,Rain,Not Collision with Motor Vehicle in Transport,no,no,no,no,no,False
101751521,METROPOLITAN NASHVILLE POLICE DEPT,20170786799,Davidson,Nashville,9/5/2017 6:45:00 AM,2,1,0,36.117910,-86.699830,MURFREESBORO PKE,,,,159.00,Feet,South,BRILEY PKWY N EXT RAMP,,,,0.00,N,Not at Intersection,N,Entrance/Exit Ramp Related,None,,,         ,Todd,Watson,Cloudy,Front to Rear,no,no,no,no,no,False
101751522,METROPOLITAN NASHVILLE POLICE DEPT,20170786957,Davidson,Nashville,9/5/2017 7:49:00 AM,2,0,0,36.178530,-86.751040,MAIN ST,,,,51.00,Feet,West,GALLATIN AV,,,,0.00,N,Not at Intersection, ,Non-Junction,None,,,         ,Richard,Conger,Cloudy,"Sideswipe, Same Direction",no,no,no,no,no,False
101751531,METROPOLITAN NASHVILLE POLICE DEPT,2017-0786803,Davidson,Nashville,9/5/2017 6:45:00 AM,2,0,0,36.081680,-86.697220,I 24,,,,0.00,,,,,,,56.10,N,Not at Intersection,N,Non-Junction,None,,,         ,William,Whitworth,Cloudy,Front to Rear,no,no,no,no,yes,False
101751532,METROPOLITAN NASHVILLE POLICE DEPT,20170787033,Davidson,Nashville,9/5/2017 8:16:00 AM,2,0,0,36.124840,-86.696260,BRILEY PKWY,,,,193.00,Feet,South,KERMIT DR,,,,0.00,N,Not at Intersection, ,Non-Junction,None,,,         ,Michael,Dance,Cloudy,Front to Rear,no,no,no,no,no,False
101751533,METROPOLITAN NASHVILLE POLICE DEPT,2017-0786914,Davidson,Nashville,9/5/2017 7:04:00 AM,2,0,0,36.069590,-86.693910,HAYWOOD LN,,,,0.00,,,APACHE TRL,,,,0.00,Y,Four-Way,N,Intersection,None,,,         ,William,Whitworth,Cloudy,Front to Rear,no,no,no,no,no,False
101751540,METROPOLITAN NASHVILLE POLICE DEPT,20170787062,Davidson,Nashville,9/5/2017 8:10:00 AM,2,0,0,36.112180,-86.723060,I 24,,,,0.00,,,,,,,53.50,N,Not at Intersection, ,Entrance/Exit Ramp Related,None,,,         ,Michael,Dudley,Cloudy,Angle,no,no,no,no,no,False
101751547,METROPOLITAN NASHVILLE POLICE DEPT,20170787084,Davidson,Nashville,9/5/2017 8:24:00 AM,3,2,0,36.197860,-86.776300,I 65,,,,0.00,,,,,,,86.70,N,Not at Intersection,N,Non-Junction,None,,,         ,Michael,McCord,Rain,Front to Rear,no,no,no,no,no,False
101751549,METROPOLITAN NASHVILLE POLICE DEPT,20170787007,Davidson,Nashville,9/5/2017 7:54:00 AM,2,0,0,36.218910,-86.836950,CLARKSVILLE PKE,,,,150.00,Feet,North,KINGS LN,,,,0.00,N,Not at Intersection, ,,None,,,         ,Michael,Parman,,,no,no,no,no,no,False
101751550,VANDERBILT UNIVERSITY POLICE,17-0786994,Davidson,Nashville,9/5/2017 7:35:00 AM,2,0,0,36.141100,-86.801240,MEDICAL CENTER DR,,,,0.00,,,,,,,0.00,,, ,Non-Junction,None,,,         ,Ron,Reeves,Cloudy,Angle,no,no,no,yes,no,Campus
101751565,METROPOLITAN NASHVILLE POLICE DEPT,20170787154,Davidson,Nashville,9/5/2017 9:00:00 AM,2,0,0,36.109020,-86.770030,I 65,,,,0.00,,,,,,,79.70,N,Not at Intersection, ,Non-Junction,None,,,         ,Jason,Hees,Rain,"Sideswipe, Same Direction",no,no,no,no,no,False
101751569,METROPOLITAN NASHVILLE POLICE DEPT,20170787187,Davidson,Nashville,9/5/2017 9:11:00 AM,1,0,0,36.200930,-86.617620,TYLER DR,,,,116.00,Feet,South,LEBANON PKE,,,,0.00,N,Not at Intersection,N,OtherLocation,None,,,         ,James,Curtis,Cloudy,Not Collision with Motor Vehicle in Transport,no,no,no,no,no,False
101751571,METROPOLITAN NASHVILLE POLICE DEPT,20170787259,Davidson,Madison,9/4/2017 12:30:00 PM,1,0,0,36.271870,-86.710270,GALLATIN PKEN,,,,330.00,Feet,South,NESBITT LN,,,,0.00,N,Not at Intersection,N,Non-Junction,None,,,         ,Thomas,Odom,Clear,Not Collision with Motor Vehicle in Transport,no,no,no,yes,yes,False
101751578,METROPOLITAN NASHVILLE POLICE DEPT,20170786831,Davidson,Antioch,9/5/2017 6:45:00 AM,3,0,0,36.029950,-86.612760,OLD HICKORY BLVD,,,,116.00,Feet,South,LOGISTICS WAY,,,,0.00,N,Not at Intersection,N,Non-Junction,None,,,         ,Phouthasone,Phantakou,Clear,Front to Rear,no,no,no,no,no,False
101751583,METROPOLITAN NASHVILLE POLICE DEPT,20170787291,Davidson,Nashville,9/5/2017 9:46:00 AM,2,0,0,36.153710,-86.757630,I 40,,,,0.00,,,,,,,211.10,N,Not at Intersection,N,Non-Junction,None,,,         ,Michael,Dance,Cloudy,"Sideswipe, Same Direction",no,no,no,no,no,False
101751593,METROPOLITAN NASHVILLE POLICE DEPT,20170787246,Davidson,Not in City Limit,9/5/2017 9:15:00 AM,2,1,0,36.321650,-86.856730,I 24,,,,0.00,,,,,,,35.60,N,Not at Intersection,N,Non-Junction,None,,,         ,Jeanine,Sarno,Cloudy,Front to Rear,no,no,no,no,yes,False
101751598,METROPOLITAN NASHVILLE POLICE DEPT,20170787326,Davidson,Nashville,9/5/2017 9:20:00 AM,2,0,0,36.173580,-86.724440,PADEN DR,,,,278.00,Feet,West,NOONAN DR,,,,0.00,N,Not at Intersection, ,Non-Junction,None,,,         ,Tony,Folad,Cloudy,"Sideswipe, Same Direction",no,no,no,no,no,False
101751607,VANDERBILT UNIVERSITY POLICE,17-0787349,Davidson,Nashville,9/5/2017 9:55:00 AM,2,0,0,36.142230,-86.800580,21ST AVS,,,,0.00,,,,,,,0.00,,, ,Non-Junction,None,,,         ,William,Gladu,Cloudy,"Sideswipe, Opposite Direction",no,no,no,yes,no,Campus
101751611,METROPOLITAN NASHVILLE POLICE DEPT,20170787401,Davidson,Nashville,9/5/2017 6:00:00 AM,1,1,0,36.112050,-86.630250,BELL RD,,,,0.00,,,COUCHVILLE PKE,,,,0.00,Y,T-Intersection,N,Intersection-Related,None,,,         ,James,Curtis,Cloudy,Not Collision with Motor Vehicle in Transport,yes,no,no,no,yes,False
101751612,METROPOLITAN NASHVILLE POLICE DEPT,20170787358,Davidson,Nashville,9/5/2017 10:07:00 AM,2,1,0,36.151340,-86.768360,2ND AVS,,,,0.00,,,I40 E ENT RAMP,,,,0.00,Y,T-Intersection,N,Intersection,None,,,         ,Jed,Baldoni,Cloudy,Angle,no,no,no,no,no,False
101751615,METROPOLITAN NASHVILLE POLICE DEPT,20170787088,Davidson,Nashville,9/5/2017 8:00:00 AM,2,0,0,36.046780,-86.661250,I 24,,,,0.00,,,,,,,59.25,N,Not at Intersection, ,Non-Junction,None,,,         ,Trevor,Taylor,Cloudy,Front to Rear,no,no,no,no,no,False
101751631,METROPOLITAN NASHVILLE POLICE DEPT,20170787012,Davidson,Nashville,9/5/2017 8:00:00 AM,2,0,0,36.050800,-86.668190,I 24,,,,0.00,,,,,,,58.80,N,Not at Intersection, ,Non-Junction,None,,,         ,Peter,Vaught,Rain,Front to Rear,no,no,no,no,no,False
101751632,METROPOLITAN NASHVILLE POLICE DEPT,2017-0787432,Davidson,Nashville,9/5/2017 10:31:00 AM,2,2,0,36.148510,-86.766520,2ND AVS,,,,0.00,,,CAMERON ST,,,,0.00,Y,T-Intersection,N,Intersection,None,,,         ,William,Whitworth,Cloudy,"Sideswipe, Same Direction",no,no,no,no,no,False
101751653,METROPOLITAN NASHVILLE POLICE DEPT,20170787710,Davidson,Nashville,9/5/2017 12:16:00 PM,1,0,0,36.249760,-86.741460,I 65,,,,0.00,,,,,,,91.20,N,Not at Intersection,N,Non-Junction,None,,,         ,Thomas,Odom,Rain,Not Collision with Motor Vehicle in Transport,no,no,no,no,no,False
101751667,METROPOLITAN NASHVILLE POLICE DEPT,20170787706,Davidson,Not in City Limit,9/5/2017 12:07:00 PM,1,1,0,36.318880,-86.841970,I 24,,,,0.00,,,,,,,36.60,N,Not at Intersection,N,Non-Junction,None,,,         ,Michael,Parman,Rain,Not Collision with Motor Vehicle in Transport,no,no,no,no,no,False
101751672,METROPOLITAN NASHVILLE POLICE DEPT,20170787716,Davidson,Nashville,9/5/2017 12:19:00 PM,2,0,0,36.105190,-86.763580,POWELL AV,,,,0.00,,,,,,,0.00,,,N,Non-Junction,None,,,         ,Nathan,Kemp,Clear,Rear to Side,no,no,no,yes,yes,False
101751674,METROPOLITAN NASHVILLE POLICE DEPT,20170787677,Davidson,Nashville,9/5/2017 11:41:00 AM,1,0,0,36.206920,-86.722870,RIVERSIDE DR,,,,197.00,Feet,South,KIRKLAND AV,,,,0.00,N,Not at Intersection,N,Non-Junction,None,,,         ,Richard,Conger,Rain,Not Collision with Motor Vehicle in Transport,no,no,no,no,yes,False