master_record_number,agency,agency_tracking_number,county,city,collision_date,vehicles_involved,number_injured,number_dead,latitude,longitude,roadway_name,roadway_suffix,roadway_number,roadway_local_id,distance_from_reference,miles-feet_indicator,direction_from_reference,intersection_road_name,intersection_road_name_suffix,intersection_road_number,intersection_local_id,mile_marker,intersection_indicator,intersect_type,interchange_related_indicator,relation_to_junction,work_zone_type,construction_maintenance_zone,construction_maintenance_zone_location,fatal_case_number,officer_first_name,officer_last_name,weather_condition(s),manner_of_crash,pedestrian,bicycle,scooter,parking,hitrun,mou
101752566,Nashville Airport Police,17-3151,Davidson,Nashville,9/6/2017 8:29:00 AM,2,0,0,36.136160,-86.667550,TERMINAL DR,,,,0.00,Miles,,I40 E EXT RAMP,,,,0.00,Y,OTHER, ,Non-Junction,None,,,         ,Phillip,Schmidt,Clear,"Sideswipe, Same Direction",no,no,no,no,no,False
101752571,METROPOLITAN NASHVILLE POLICE DEPT,20170790497,Davidson,Nashville,9/6/2017 6:56:00 AM,2,2,0,36.082100,-86.761700,HARDING PL,,,,0.00,,,SIDCO DR,,,,0.00,Y,Four-Way,N,Intersection-Related,None,,,         ,Phillip,Murphy,Clear,Front to Rear,no,no,no,no,no,False
101752598,METROPOLITAN NASHVILLE POLICE DEPT,20170791187,Davidson,Nashville,9/6/2017 10:24:00 AM,2,0,0,36.163680,-86.778980,CHURCH ST,,,,0.00,,,4TH AVN,,,,0.00,Y,OTHER,N,OtherLocation,Work Zone,Laneclosure,Activity Area,         ,Frank,Campbell,Clear,Other,no,no,no,no,no,False
101752599,METROPOLITAN NASHVILLE POLICE DEPT,20170791222,Davidson,Nashville,9/6/2017 11:15:00 AM,2,0,0,36.172590,-86.595090,TULIP GROVE RD,,,,40.00,Feet,North,CENTRAL PKE,,,,0.00,N,Not at Intersection,N,Unknown,None,,,         ,Anthony,Cucci,Clear,Front to Rear,no,no,no,no,yes,False
101752604,METROPOLITAN NASHVILLE POLICE DEPT,20170791437,Davidson,Nashville,9/6/2017 12:30:00 PM,2,1,0,36.106520,-86.820430,ABBOTT MARTIN RD,,,,238.00,Feet,East,BEDFORD AV,,,,0.00,N,Not at Intersection,N,Non-Junction,None,,,         ,Paul,Junkmann,Cloudy,Front to Rear,no,no,no,no,no,False
101752610,METROPOLITAN NASHVILLE POLICE DEPT,20170790556,Davidson,Nashville,9/6/2017 7:27:00 AM,2,0,0,36.081110,-86.755390,TIMBERHILL DR,,,,0.00,,,HARDING PL,,,,0.00,Y,Four-Way,N,Intersection-Related,None,,,         ,Phillip,Murphy,Clear,"Sideswipe, Same Direction",no,no,no,no,yes,False
101752621,METROPOLITAN NASHVILLE POLICE DEPT,20170791427,Davidson,Nashville,9/6/2017 12:48:00 PM,3,1,0,36.082100,-86.761700,HARDING PL,,,,0.00,,,SIDCO DR,,,,0.00,Y,Four-Way,N,Intersection,None,,,         ,Nathan,Kemp,Clear,Angle,no,no,no,no,no,False
101752622,METROPOLITAN NASHVILLE POLICE DEPT,20170791503,Davidson,Nashville,9/6/2017 12:56:00 PM,2,0,0,36.145670,-86.811080,WEST END AV,,,,0.00,Feet,East,27TH AVN,,,,0.00,N,Not at Intersection,N,Non-Junction,None,,,         ,Nathan,Kemp,Clear,"Sideswipe, Opposite Direction",no,no,no,no,no,Campus
101752625,METROPOLITAN NASHVILLE POLICE DEPT,20170791205,Davidson,Nashville,9/6/2017 11:20:00 AM,4,0,0,36.151020,-86.750310,I 40,,,,0.00,,,,,,,211.60,N,Not at Intersection,N,Entrance/Exit Ramp Related,None,,,         ,William,Waters,Clear,Front to Rear,no,no,no,no,yes,False
101752628,METROPOLITAN NASHVILLE POLICE DEPT,20170790664,Davidson,Nashville,9/6/2017 7:43:00 AM,1,0,0,36.077790,-86.731590,MILNER DR,,,,0.00,,,HARDING PL,,,,0.00,Y,T-Intersection,N,Intersection-Related,None,,,         ,Phillip,Murphy,Clear,Not Collision with Motor Vehicle in Transport,no,no,no,no,no,False
101752634,METROPOLITAN NASHVILLE POLICE DEPT,20170791552,Davidson,Goodlettsville,9/6/2017 1:30:00 PM,2,0,0,36.289490,-86.704180,GALLATIN PKEN,,,,494.00,Feet,South,ALTUS AV,,,,0.00,N,Not at Intersection, ,Non-Junction,None,,,         ,Michelle,Steidl,Clear,Angle,no,no,no,no,no,False
101752642,METROPOLITAN NASHVILLE POLICE DEPT,20170791226,Davidson,Not in City Limit,9/6/2017 11:30:00 AM,2,1,0,36.077580,-87.020860,I40 W EXT RAMP,,,,0.00,,,I 40,,,,0.00,Y,Four-Way,N,Intersection-Related,None,,,         ,Kevin,McGinniss,Clear,HeadOn,no,no,no,no,no,False
101752646,METROPOLITAN NASHVILLE POLICE DEPT,20170791539,Davidson,Nashville,9/6/2017 1:28:00 PM,2,0,0,36.153890,-86.762730,I 40,,,,0.00,,,,,,,210.80,N,Not at Intersection,N,Entrance/Exit Ramp Related,None,,,         ,Michael,Dance,Clear,"Sideswipe, Same Direction",no,no,no,no,no,False
101752648,METROPOLITAN NASHVILLE POLICE DEPT,20170791456,Davidson,Nashville,9/6/2017 12:50:00 PM,2,0,0,36.125820,-86.846490,KENNER AV,,,,0.00,,,HARDING PKE,,,,0.00,Y,Four-Way, ,Intersection-Related,None,,,         ,Gregory,McDaniel,Clear,Front to Rear,no,no,no,no,no,False
101752649,METROPOLITAN NASHVILLE POLICE DEPT,20170788710,Davidson,Goodlettsville,9/5/2017 6:42:00 PM,1,0,0,36.294040,-86.696080,SPRING BRANCH DR,,,,130.00,Feet,East,MYATT DR,,,,0.00,N,Not at Intersection,N,Non-Junction,None,,,         ,Christopher,Littles,Clear,Not Collision with Motor Vehicle in Transport,no,no,no,yes,yes,False
101752651,METROPOLITAN NASHVILLE POLICE DEPT,20170791462,Davidson,Nashville,9/6/2017 12:30:00 PM,2,0,0,36.183100,-86.797880,ROSA L PARKS BLVD,,,,0.00,,,I65 N ENT RAMP,,,,0.00,Y,Four-Way,Y,Intersection,None,,,         ,Royce,McLester,Cloudy,"Sideswipe, Same Direction",no,no,no,no,yes,False
101752679,TENNESSEE STATE UNIVERSITY ,17-TSU-66087,Davidson,Nashville,9/6/2017 11:15:00 AM,2,0,0,36.167540,-86.824470,31ST AVN,,,,0.00,,,JOHN A MERRITT BLVD,,,,0.00,Y,T-Intersection, ,Intersection,None,,,         ,Harold,Taylor,Clear,Front to Rear,no,no,no,no,no,False
101752680,METROPOLITAN NASHVILLE POLICE DEPT,20170791630,Davidson,Nashville,9/6/2017 2:05:00 PM,1,0,0,36.232290,-86.624730,OLD HICKORY BLVD,,,,0.00,,,SHUTE LN,,,,0.00,Y,T-Intersection,N,Intersection,None,,,         ,Michael,Apsey,Cloudy,Not Collision with Motor Vehicle in Transport,no,no,no,no,no,False
101752722,METROPOLITAN NASHVILLE POLICE DEPT,20170791670,Davidson,Not in City Limit,9/6/2017 2:23:00 PM,2,0,0,36.019890,-86.626440,I 24,,,,0.00,,,,,,,61.90,N,Not at Intersection,N,Non-Junction,None,,,         ,Robert,Erickson,Clear,Not Collision with Motor Vehicle in Transport,no,no,no,no,no,False
101752757,METROPOLITAN NASHVILLE POLICE DEPT,20170791682,Davidson,Nashville,9/6/2017 2:29:00 PM,2,1,0,36.150400,-86.856930,CHARLOTTE PKE,,,,320.00,Feet,East,WHITE BRIDGE PKE,,,,0.00,N,Not at Intersection,N,Non-Junction,None,,,         ,Walter,Gray II,Clear,Front to Rear,no,no,no,no,no,False
101752763,Nashville Airport Police,2017-03145,Davidson,Nashville,9/5/2017 12:00:00 AM,2,0,0,36.132990,-86.663490,DONELSON PKEN,,,,0.00,Feet,East,DONELSON PKE N ENT RAMP,,,,0.00,N,Not at Intersection, ,Non-Junction,None,,,         ,Steve,Craig,Unknown,Other,no,no,no,yes,yes,False
101752764,METROPOLITAN NASHVILLE POLICE DEPT,20170791737,Davidson,Nashville,9/6/2017 2:41:00 PM,2,0,0,36.150540,-86.767850,2ND AVS,,,,0.00,,,MCCANN ST,,,,0.00,Y,Four-Way,N,Intersection-Related,None,,,         ,Alyson,Cook,Clear,Angle,no,no,no,no,yes,False
101752779,METROPOLITAN NASHVILLE POLICE DEPT,20170791844,Davidson,Nashville,9/6/2017 3:20:00 PM,2,0,0,36.140870,-86.817430,WEST END AV,,,,0.00,,,ACKLEN PARK DR,,,,0.00,Y,T-Intersection, ,Intersection-Related,None,,,         ,Tien,Nguyen,Clear,Front to Rear,no,no,no,no,no,False
101752786,METROPOLITAN NASHVILLE POLICE DEPT,20170791662,Davidson,Nashville,9/6/2017 2:30:00 PM,2,0,0,36.143470,-86.764450,3RD AVS,,,,414.00,Feet,North,2ND AVS,,,,0.00,N,Not at Intersection, ,,None,,,         ,Jessie,Meadows,,,no,no,no,no,no,False
101752805,METROPOLITAN NASHVILLE POLICE DEPT,20170791527,Davidson,Nashville,9/6/2017 1:20:00 PM,2,0,0,36.215030,-86.592810,LEBANON PKE,,,,1255.00,Feet,West,ANDREW JACKSON PKWY,,,,0.00,N,Not at Intersection, ,Non-Junction,None,,,         ,Cody,O'Quinn,Cloudy,Front to Rear,no,no,no,no,no,False
101752830,METROPOLITAN NASHVILLE POLICE DEPT,20170791984,Davidson,Nashville,9/6/2017 3:50:00 PM,3,0,0,36.186400,-86.795790,I65 N ENT RAMP,,,,0.00,Feet,East,I 65,,,,0.00,N,Not at Intersection, ,Entrance/Exit Ramp Related,None,,,         ,Landon,Bagwell,Clear,Front to Rear,no,no,no,no,no,False
101752834,METROPOLITAN NASHVILLE POLICE DEPT,20170791663,Davidson,Nashville,9/6/2017 2:20:00 PM,4,3,0,36.158410,-86.790610,CHURCH ST,,,,0.00,Feet,,GEORGE L DAVIS BLVD,,,,0.00,Y,Four-Way,N,Intersection-Related,None,,,         ,Darren,White,Clear,Front to Rear,no,no,no,no,no,False
101752842,GOODLETTSVILLE POLICE DEPT,17-31322,Davidson,Goodlettsville,9/6/2017 3:48:00 PM,3,0,0,36.324350,-86.703670,LONG HOLLOW PKE,,,,117.00,Feet,East,I65 N EXT RAMP,,,,0.00,N,Not at Intersection, ,Non-Junction,None,,,         ,Rico,Jones,Clear,Front to Rear,no,no,no,no,yes,False
101752849,METROPOLITAN NASHVILLE POLICE DEPT,20170791998,Davidson,Nashville,9/6/2017 4:00:00 PM,2,0,0,36.152320,-86.838620,CHARLOTTE AV,,,,79.00,Feet,West,43RD AVN,,,,0.00,N,Not at Intersection, ,,None,,,         ,Walter,Gray II,,,no,no,no,no,no,False
101752850,METROPOLITAN NASHVILLE POLICE DEPT,20170792078,Davidson,Nashville,9/6/2017 4:22:00 PM,3,0,0,36.150510,-86.695540,ELM HILL PKE,,,,362.00,Feet,East,WANDA DR,,,,0.00,N,Not at Intersection,N,Non-Junction,None,,,         ,Jonathan,Cavezza,Clear,Front to Rear,no,no,no,no,no,False
101752873,METROPOLITAN NASHVILLE POLICE DEPT,20170792076,Davidson,Nashville,9/6/2017 4:06:00 PM,2,0,0,36.164660,-86.651200,STEWARTS FERRY PKE,,,,0.00,,,MCCAMPBELL AV,,,,0.00,Y,Four-Way,N,Intersection,None,,,         ,Jaby,Djabbarov,Clear,Front to Rear,no,no,no,no,no,False
101752881,METROPOLITAN NASHVILLE POLICE DEPT,20170792043,Davidson,Not in City Limit,9/6/2017 3:19:00 PM,2,0,0,36.020510,-86.710570,NOLENSVILLE PKE,,,,395.00,Feet,South,BIENVILLE DR,,,,0.00,N,Not at Intersection, ,Non-Junction,None,,,         ,Tien,Nguyen,Clear,Not Collision with Motor Vehicle in Transport,no,no,no,no,no,False
101752884,Nashville Airport Police,2017-03160,Davidson,Nashville,9/6/2017 3:25:00 PM,2,1,0,36.116980,-86.669080,HANGAR LN,,,,0.00,,,AIRPORT SERVICE RD,,,,0.00,Y,T-Intersection,N,Non-Junction,None,,,         ,Gary,Polk,Clear,Angle,no,no,no,no,no,False
101752886,METROPOLITAN NASHVILLE POLICE DEPT,20170792223,Davidson,Nashville,9/6/2017 5:00:00 PM,2,0,0,36.151370,-86.799330,20TH AVS,,,,0.00,,,WEST END AV,,,,0.00,Y,T-Intersection, ,Intersection-Related,None,,,         ,Jacob,Paul,Clear,"Sideswipe, Same Direction",no,no,no,no,no,Campus
101752893,METROPOLITAN NASHVILLE POLICE DEPT,20170791987,Davidson,Nashville,9/6/2017 12:00:00 AM,2,0,0,36.193160,-86.831640,S HAMILTON RD,,,,218.00,Feet,South,CLARKSVILLE PKE,,,,0.00,N,Not at Intersection, ,Non-Junction,None,,,         ,Melvin,Taylor,Clear,"Sideswipe, Opposite Direction",no,no,no,no,yes,False
101752894,METROPOLITAN NASHVILLE POLICE DEPT,20170792328,Davidson,Nashville,9/6/2017 5:34:00 PM,2,1,0,36.166610,-86.820440,28TH AVN,,,,0.00,,,MEHARRY BLVD,,,,0.00,Y,T-Intersection,N,Intersection-Related,None,,,         ,Kevin,Reynolds,Clear,Angle,no,no,no,no,no,False
101752905,METROPOLITAN NASHVILLE POLICE DEPT,20170791784,Davidson,Nashville,9/6/2017 2:33:00 PM,1,0,0,36.120850,-86.628950,ANTLER RIDGE CIR,,,,11.00,Feet,East,BUCK RUN DR,,,,0.00,N,Not at Intersection,N,Non-Junction,None,,,         ,Marcus,Mitchell,Clear,Not Collision with Motor Vehicle in Transport,no,no,no,no,yes,False
101752907,METROPOLITAN NASHVILLE POLICE DEPT,20170792280,Davidson,Nashville,9/6/2017 4:40:00 PM,2,0,0,36.184830,-86.843870,OLSEN LN,,,,30.00,Feet,North,PANORAMA DR,,,,0.00,N,Not at Intersection, ,Non-Junction,None,,,         ,Victor,Alexander,Clear,"Sideswipe, Opposite Direction",no,no,no,no,no,False
101752915,METROPOLITAN NASHVILLE POLICE DEPT,20170792452,Davidson,Nashville,9/6/2017 3:48:00 PM,2,0,0,36.050900,-86.750900,SAN MARCOS DR,,,,0.00,,,WOODHURST DR,,,,0.00,Y,T-Intersection, ,Intersection-Related,None,,,         ,Tien,Nguyen,Clear,Front to Rear,no,no,no,no,no,False
101752916,METROPOLITAN NASHVILLE POLICE DEPT,20170792377,Davidson,Nashville,9/6/2017 5:00:00 PM,2,0,0,36.149000,-86.782750,I 40,,,,0.00,,,,,,,209.70,N,Not at Intersection,N,Non-Junction,None,,,         ,William,Taylor,Clear,"Sideswipe, Same Direction",no,no,no,no,yes,False
101752922,METROPOLITAN NASHVILLE POLICE DEPT,20170792293,Davidson,Nashville,9/6/2017 5:29:00 PM,1,1,0,36.118410,-86.841570,WOODMONT BLVD,,,,15.00,Feet,North,WOODMONT CIR,,,,0.00,N,Not at Intersection,N,Non-Junction,None,,,         ,Walter,Gray II,Clear,Not Collision with Motor Vehicle in Transport,no,yes,no,no,no,False
101752923,METROPOLITAN NASHVILLE POLICE DEPT,20170792421,Davidson,Nashville,9/6/2017 5:45:00 PM,2,0,0,36.219990,-86.693410,BRILEY PKWYS,,,,55.00,Feet,North,BRILEY PKWY S EXT RAMP,,,,0.00,N,Not at Intersection, ,Non-Junction,None,,,         ,John,Kelley,Clear,"Sideswipe, Same Direction",no,no,no,no,no,False
101752929,METROPOLITAN NASHVILLE POLICE DEPT,20170792431,Davidson,Nashville,9/6/2017 5:37:00 PM,3,0,0,36.099850,-86.658580,OLD MURFREESBORO PKE,,,,509.00,Feet,North,MURFREESBORO PKE,,,,0.00,N,Not at Intersection,N,Non-Junction,None,,,         ,Tyler,Maupin,Clear,Front to Rear,no,no,no,no,yes,False
101752931,METROPOLITAN NASHVILLE POLICE DEPT,20170792286,Davidson,Nashville,9/6/2017 5:22:00 PM,2,0,0,36.175140,-86.771330,I 24,,,,0.00,,,,,,,48.05,N,Not at Intersection,N,Non-Junction,None,,,         ,Jonathan,Hadley,Clear,Front to Rear,no,no,no,no,no,False
101752948,METROPOLITAN NASHVILLE POLICE DEPT,2017-0792181,Davidson,Nashville,9/6/2017 4:30:00 PM,1,1,0,36.189120,-86.628000,LEBANON PKE,,,,506.00,Feet,East,HICKORY HILL LN,,,,0.00,N,Not at Intersection,N,Non-Junction,None,,,         ,Sandra,Talavera,Clear,Not Collision with Motor Vehicle in Transport,no,yes,no,no,no,False
101752955,METROPOLITAN NASHVILLE POLICE DEPT,20170792445,Davidson,Nashville,9/6/2017 5:24:00 PM,2,0,0,36.128000,-86.794570,BELMONT BLVD,,,,86.00,Feet,North,LINDEN AV,,,,0.00,N,Not at Intersection, ,Non-Junction,None,,,         ,Brian,Theriac,Clear,Front to Rear,no,no,no,no,no,False
101752956,METROPOLITAN NASHVILLE POLICE DEPT,20170791909,Davidson,Not in City Limit,9/6/2017 3:35:00 PM,2,1,0,36.263090,-86.690490,E OLD HICKORY BLVD,,,,0.00,,,MYATT DR,,,,0.00,Y,Four-Way,Y,Intersection,None,,,         ,Samuel,Miller,Clear,Angle,no,no,no,no,no,False
101752957,METROPOLITAN NASHVILLE POLICE DEPT,20170792070,Davidson,Nashville,9/6/2017 3:39:00 PM,2,0,0,36.236740,-86.781070,BRICK CHURCH PKE,,,,185.00,Feet,South,BRILEY PKWY E ENT RAMP,,,,0.00,N,Not at Intersection,N,Non-Junction,None,,,         ,Samuel,Miller,Clear,Angle,no,no,no,no,no,False
101752958,METROPOLITAN NASHVILLE POLICE DEPT,20170792310,Davidson,Goodlettsville,9/6/2017 5:33:00 PM,2,1,0,36.304610,-86.693050,CONFERENCE DR,,,,76.00,Feet,South,THE SHOPPES AT RIVERGATE PVTDR,,,,0.00,N,Not at Intersection,N,Non-Junction,None,,,         ,Samuel,Miller,Clear,Angle,no,no,no,no,no,False
101752959,METROPOLITAN NASHVILLE POLICE DEPT,20170792486,Davidson,Goodlettsville,9/6/2017 6:33:00 PM,2,1,0,36.302750,-86.691850,GALLATIN PKEN,,,,0.00,,,CONFERENCE DR,,,,0.00,Y,Four-Way,Y,Intersection-Related,None,,,         ,Samuel,Miller,Cloudy,Front to Rear,no,no,no,no,no,False
101752971,Nashville Airport Police,2017-03162,Davidson,Nashville,9/6/2017 5:31:00 PM,2,0,0,36.139000,-86.665800,DONELSON PKE,,,,0.00,,,I40 E ENT RAMP,,,,0.00,Y,OTHER, ,Non-Junction,None,,,         ,Gary,Polk,Clear,Front to Rear,no,no,no,no,no,False
101752973,METROPOLITAN NASHVILLE POLICE DEPT,20170792454,Davidson,Nashville,9/6/2017 4:00:00 PM,2,0,0,36.207560,-86.773520,OLD TRINITY LN,,,,469.00,Feet,North,W TRINITY LN,,,,0.00,N,Not at Intersection,N,Non-Junction,None,,,         ,Joshua,Lackey,Clear,Rear to Rear,no,no,no,yes,yes,False
101752975,VANDERBILT UNIVERSITY POLICE,2017-0792463,Davidson,Nashville,9/6/2017 6:00:00 PM,2,0,0,36.139460,-86.809670,CHILDRENS WAY,,,,327.00,Feet,East,NATCHEZ TRC,,,,0.00,N,Not at Intersection, ,,None,,,         ,Robert,Skucy,,,no,no,no,no,no,Campus
101752977,METROPOLITAN NASHVILLE POLICE DEPT,20170792277,Davidson,Not in City Limit,9/6/2017 5:20:00 PM,1,1,0,36.316520,-86.834530,I 24,,,,0.00,,,,,,,36.90,N,Not at Intersection,N,Non-Junction,None,,,         ,Roy,Sain Jr.,Clear,Not Collision with Motor Vehicle in Transport,no,no,no,no,no,False
101752993,METROPOLITAN NASHVILLE POLICE DEPT,20170792582,Davidson,Nashville,9/6/2017 7:05:00 PM,2,1,0,36.136160,-86.788670,WEDGEWOOD AV,,,,0.00,,,12TH AVS,,,,0.00,Y,Four-Way,N,Intersection,None,,,         ,William,Taylor,Clear,Angle,no,no,no,no,yes,False
101753022,METROPOLITAN NASHVILLE POLICE DEPT,20170792868,Davidson,Nashville,9/6/2017 7:43:00 PM,2,0,0,36.115490,-86.747540,NOLENSVILLE PKE,,,,0.00,,,WHITSETT RD,,,,0.00,Y,T-Intersection,N,Intersection,None,,,         ,Alyson,Cook,Clear,Angle,no,no,no,no,no,False
101753023,METROPOLITAN NASHVILLE POLICE DEPT,20170792792,Davidson,Joelton,9/6/2017 12:00:00 AM,2,0,0,36.288500,-86.919240,MARROWBONE LAKE RD,,,,47.00,Feet,North,GRAYS POINT RD,,,,0.00,N,Not at Intersection, ,Non-Junction,None,,,         ,Melvin,Taylor,Clear,Front to Rear,no,no,no,no,yes,False
101753053,METROPOLITAN NASHVILLE POLICE DEPT,20170792748,Davidson,Nashville,9/6/2017 5:17:00 PM,2,0,0,36.149180,-86.798500,BROADWAY,,,,91.00,Feet,West,DIVISION ST,,,,0.00,N,Not at Intersection, ,Non-Junction,None,,,         ,Jacob,Paul,Clear,"Sideswipe, Same Direction",no,no,no,no,no,Campus
101753056,METROPOLITAN NASHVILLE POLICE DEPT,20170792865,Davidson,Nashville,9/6/2017 7:46:00 PM,2,0,0,36.135990,-86.791090,WEDGEWOOD AV,,,,107.00,Feet,West,14TH AVS,,,,0.00,N,Not at Intersection,N,Non-Junction,None,,,         ,Nicholas,Carroll,Clear,Front to Rear,no,no,no,no,no,False
101753075,METROPOLITAN NASHVILLE POLICE DEPT,20170790363,Davidson,Nashville,9/6/2017 5:25:00 AM,2,3,0,36.163870,-86.786620,CHARLOTTE AV,,,,0.00,,,ROSA L PARKS BLVD,,,,0.00,Y,Four-Way,N,Intersection,None,,,         ,Travis,Baxter,Cloudy,Angle,no,no,no,no,no,False
101753088,METROPOLITAN NASHVILLE POLICE DEPT,20170792985,Davidson,Nashville,9/6/2017 9:05:00 PM,2,1,0,36.193300,-86.751460,DOUGLAS AV,,,,38.00,Feet,East,CLINE AV,,,,0.00,N,Not at Intersection,N,Non-Junction,None,,,         ,Amanda,Fox,Clear,Front to Rear,no,no,no,no,yes,False
101753089,METROPOLITAN NASHVILLE POLICE DEPT,20170792976,Davidson,Nashville,9/6/2017 8:42:00 PM,2,0,0,36.189610,-86.738610,CHAPEL AV,,,,0.00,,,GREENWOOD AV,,,,0.00,Y,Four-Way, ,Intersection,None,,,         ,Ryan,Howard,Clear,"Sideswipe, Opposite Direction",no,no,no,no,yes,False
101753104,METROPOLITAN NASHVILLE POLICE DEPT,20170792870,Davidson,Nashville,9/6/2017 8:30:00 PM,1,1,0,36.061820,-86.681490,I 24,,,,0.00,,,,,,,57.70,N,Not at Intersection,N,Non-Junction,None,,,         ,Marcus,Darden,Clear,Not Collision with Motor Vehicle in Transport,no,no,no,no,no,False
101753115,METROPOLITAN NASHVILLE POLICE DEPT,20170792735,Davidson,Nashville,9/6/2017 7:53:00 PM,3,4,0,36.088740,-86.702290,I 24,,,,0.00,,,,,,,55.50,N,Not at Intersection,N,Non-Junction,None,,,         ,Je-Marc,Sears,Clear,Front to Rear,no,no,no,no,yes,False
101753116,METROPOLITAN NASHVILLE POLICE DEPT,20170792787,Davidson,Madison,9/6/2017 8:08:00 PM,2,2,0,36.262820,-86.680970,STATE RT 45,,,,0.00,Feet,,RIO VISTA DR,,,,0.00,Y,Four-Way,Y,Intersection,None,,,         ,Samuel,Miller,Cloudy,Angle,no,no,no,no,no,False
101753121,METROPOLITAN NASHVILLE POLICE DEPT,20170793124,Davidson,Nashville,8/28/2017 7:00:00 PM,2,0,0,36.169510,-86.770960,WOODLAND ST,,,,0.00,,,S 2ND ST,,,,0.00,Y,OTHER, ,,None,,,         ,Noah,Melton,,,no,no,no,yes,no,False
101753127,METROPOLITAN NASHVILLE POLICE DEPT,20170792928,Davidson,Nashville,9/6/2017 8:20:00 PM,2,0,0,36.155710,-86.629060,I 40,,,,0.00,,,,,,,219.00,N,Not at Intersection,N,Non-Junction,None,,,         ,Kyle,Burks,Cloudy,"Sideswipe, Same Direction",no,no,no,no,yes,False
101753156,METROPOLITAN NASHVILLE POLICE DEPT,20170793080,Davidson,Nashville,9/6/2017 9:30:00 PM,2,1,0,36.171350,-86.688890,BRILEY PKWYS,,,,17.00,Feet,North,REVERE PL,,,,0.00,N,Not at Intersection,N,Non-Junction,None,,,         ,John,Kelley,Clear,Front to Rear,no,no,no,no,yes,False
101753159,METROPOLITAN NASHVILLE POLICE DEPT,20170792603,Davidson,Nashville,9/6/2017 7:15:00 PM,2,0,0,36.152930,-86.765150,I 40,,,,0.00,,,,,,,210.70,N,Not at Intersection, ,Entrance/Exit Ramp Related,None,,,         ,Jefferson,Hughes,Clear,"Sideswipe, Same Direction",no,no,no,no,no,False
101753165,METROPOLITAN NASHVILLE POLICE DEPT,20170792359,Davidson,Nashville,9/6/2017 5:30:00 PM,2,0,0,36.141940,-86.636630,ELM HILL PKE,,,,169.00,Feet,East,TRAILS END LN,,,,0.00,N,Not at Intersection, ,Non-Junction,None,,,         ,Dontaveous,Eubanks,Clear,Angle,no,no,no,no,no,False
101753167,METROPOLITAN NASHVILLE POLICE DEPT,20170793140,Davidson,Nashville,9/6/2017 9:56:00 PM,2,5,0,36.142270,-86.666610,DONELSON PKE,,,,0.00,,,I40 W ENT RAMP,,,,0.00,Y,Four-Way,N,Intersection,None,,,         ,Jaby,Djabbarov,Clear,Angle,no,no,no,no,no,False
101753210,METROPOLITAN NASHVILLE POLICE DEPT,20170793464,Davidson,Nashville,9/6/2017 11:47:00 PM,2,1,0,36.148810,-86.666280,DONELSON PKE,,,,0.00,,,ELM HILL PKE,,,,0.00,Y,Four-Way,N,Intersection,None,,,         ,Joseph,Zambardi,Clear,HeadOn,no,no,no,no,no,False
101753221,METROPOLITAN NASHVILLE POLICE DEPT,20170793423,Davidson,Antioch,9/6/2017 10:30:00 PM,1,0,0,36.079599,-86.597417,LANCASHIRE,DR,,,0.00,,East,,,,,0.01,N,Not at Intersection, ,Non-Junction,None,,,         ,Sandra,Fly,Clear,Not Collision with Motor Vehicle in Transport,no,no,no,no,no,False
101753236,METROPOLITAN NASHVILLE POLICE DEPT,2017-0793315,Davidson,Nashville,9/6/2017 11:00:00 PM,2,1,0,36.045220,-86.852860,OLD HICKORY BLVD,,,,702.00,Feet,East,CROMWELL DR,,,,0.00,N,Not at Intersection,N,Non-Junction,None,,,         ,Thomas,Miller,Clear,Front to Rear,no,no,no,no,no,False
101753259,METROPOLITAN NASHVILLE POLICE DEPT,20170793799,Davidson,Nashville,9/7/2017 1:40:00 AM,1,0,0,36.144850,-86.746170,ELM HILL PKE,,,,551.00,Feet,East,FESSLERS LN,,,,0.00,N,Not at Intersection,N,Non-Junction,None,,,         ,Bradley,Fort,Clear,Not Collision with Motor Vehicle in Transport,no,no,no,no,no,False
101753265,METROPOLITAN NASHVILLE POLICE DEPT,20170794154,Davidson,Nashville,9/7/2017 3:53:00 AM,2,1,0,36.136910,-86.783610,HILLSIDE AV,,,,52.00,Feet,North,WEST ARGYLE AV,,,,0.00,N,Not at Intersection,N,Non-Junction,None,,,         ,Steven,Wiser,Clear,Front to Rear,no,no,no,no,no,False
101753306,METROPOLITAN NASHVILLE POLICE DEPT,20170794390,Davidson,Nashville,9/7/2017 4:40:00 AM,1,0,0,36.294590,-86.809960,LICKTON PKE,,,,0.00,,,,,,,0.00,,, ,,None,,,         ,Patrick,McGinnis,,,no,no,no,no,no,False
101753347,METROPOLITAN NASHVILLE POLICE DEPT,20170791589,Davidson,Nashville,9/6/2017 1:38:00 PM,2,0,0,36.164920,-86.820070,I40 W EXT RAMP,,,,0.00,,,I 40,,,,0.00,Y,Y-Intersection,N,Non-Junction,None,,,         ,Michael,Wilson,Clear,Front to Rear,no,no,no,no,yes,False
101753352,METROPOLITAN NASHVILLE POLICE DEPT,20170794420,Davidson,Nashville,9/7/2017 6:09:00 AM,3,1,0,36.192710,-86.744370,DOUGLAS AV,,,,0.00,,,GALLATIN AV,,,,0.00,Y,Four-Way,Y,Intersection,None,,,         ,Brady,Reynolds,Clear,Angle,no,no,no,no,no,False
101753353,METROPOLITAN NASHVILLE POLICE DEPT,20170794505,Davidson,Nashville,9/7/2017 6:35:00 AM,2,0,0,36.035380,-86.643750,I 24,,,,0.00,,,,,,,60.50,N,Not at Intersection,N,Non-Junction,None,,,         ,Sara,Lober,Clear,Angle,no,no,no,no,yes,False