master_record_number,agency,agency_tracking_number,county,city,collision_date,vehicles_involved,number_injured,number_dead,latitude,longitude,roadway_name,roadway_suffix,roadway_number,roadway_local_id,distance_from_reference,miles-feet_indicator,direction_from_reference,intersection_road_name,intersection_road_name_suffix,intersection_road_number,intersection_local_id,mile_marker,intersection_indicator,intersect_type,interchange_related_indicator,relation_to_junction,work_zone_type,construction_maintenance_zone,construction_maintenance_zone_location,fatal_case_number,officer_first_name,officer_last_name,weather_condition(s),manner_of_crash,pedestrian,bicycle,scooter,parking,hitrun,mou
101756549,GOODLETTSVILLE POLICE DEPT,17-31733,Davidson,Goodlettsville,9/9/2017 4:20:00 PM,1,1,0,36.304890,-86.706950,I 65,,,,0.00,,,,,,,95.60,N,Not at Intersection,Y,Non-Junction,None,,,         ,Jeremy,Baker,Clear,Not Collision with Motor Vehicle in Transport,no,no,no,no,no,False
101756606,METROPOLITAN NASHVILLE POLICE DEPT,20170804480,Davidson,Nashville,9/10/2017 7:36:00 AM,1,0,0,36.085380,-86.768740,HARDING PL,,,,100.00,Feet,South,PEACH ORCHARD DR,,,,0.00,N,Not at Intersection,N,Non-Junction,None,,,         ,Earl,Davis,Clear,Not Collision with Motor Vehicle in Transport,no,no,no,no,no,False
101756608,METROPOLITAN NASHVILLE POLICE DEPT,2017-0798291,Davidson,Nashville,9/8/2017 6:53:00 AM,2,2,0,36.053390,-86.690590,TUSCULUM RD,,,,0.00,,,OLD TUSCULUM RD,,,,0.00,Y,T-Intersection,N,Intersection,None,,,         ,William,Whitworth,Clear,HeadOn,no,no,no,no,no,False
101756610,METROPOLITAN NASHVILLE POLICE DEPT,20170804408,Davidson,Nashville,9/10/2017 6:45:00 AM,2,4,0,36.155040,-86.797520,18TH AVN,,,,0.00,,,CHURCH ST,,,,0.00,Y,Four-Way,N,Intersection,None,,,         ,Kevin,Crawford,Clear,Angle,no,no,no,no,no,False
101756630,METROPOLITAN NASHVILLE POLICE DEPT,20170802470,Davidson,Nashville,9/9/2017 1:02:00 PM,2,2,0,36.103620,-86.666480,FAIRCLOTH LN,,,,0.00,,,OLD MURFREESBORO PKE,,,,0.00,Y,Four-Way,N,Intersection,None,,,         ,Terry,Denton,Clear,Angle,no,no,no,no,no,False
101756634,METROPOLITAN NASHVILLE POLICE DEPT,20170804533,Davidson,Nashville,9/10/2017 4:00:00 AM,2,0,0,36.173600,-86.594940,TULIP GROVE RD,,,,410.00,Feet,North,CENTRAL PKE,,,,0.00,N,Not at Intersection,N,OtherLocation,None,,,         ,Gregory,Lindstrom,Clear,Rear to Rear,no,no,no,yes,yes,False
101756705,METROPOLITAN NASHVILLE POLICE DEPT,20170804739,Davidson,Nashville,9/10/2017 9:58:00 AM,2,0,0,36.133450,-86.784280,ACKLEN AV,,,,257.00,Feet,East,10TH AVS,,,,0.00,N,Not at Intersection, ,Non-Junction,None,,,         ,Shedie,Herbert III,Clear,Front to Rear,no,no,no,no,no,False
101756713,METROPOLITAN NASHVILLE POLICE DEPT,20170804804,Davidson,Nashville,9/10/2017 10:25:00 AM,2,3,0,36.070740,-86.730410,WHISPERING HILLS DR,,,,0.00,,,ADAMWOOD DR,,,,0.00,Y,Four-Way,N,Intersection,None,,,         ,Earl,Davis,Clear,Angle,no,no,no,no,no,False
101756731,METROPOLITAN NASHVILLE POLICE DEPT,20170804885,Davidson,Nashville,9/10/2017 10:30:00 AM,2,0,0,36.134280,-86.779630,WEDGEWOOD AV,,,,158.00,Feet,West,8TH AVS,,,,0.00,N,Not at Intersection, ,Non-Junction,None,,,         ,Ian,Hammond,Clear,Angle,no,no,no,no,no,False
101756735,METROPOLITAN NASHVILLE POLICE DEPT,20170804760,Davidson,Not in City Limit,9/10/2017 10:06:00 AM,2,0,0,36.264090,-86.724000,OLD HICKORY BLVDW,,,,54.00,Feet,East,HERITAGE DR,,,,0.00,N,Not at Intersection, ,Non-Junction,None,,,         ,Brandon,Wood,Clear,Front to Rear,no,no,no,no,no,False
101756744,METROPOLITAN NASHVILLE POLICE DEPT,20170804998,Davidson,Not in City Limit,9/10/2017 12:00:00 PM,2,0,0,36.079740,-86.953790,HIGHWAY 70S,,,,100.00,Feet,West,COLEY DAVIS RD,,,,0.00,N,Not at Intersection, ,Non-Junction,None,,,         ,Douglas,Atwood,Clear,Front to Rear,no,no,no,no,no,False
101756786,METROPOLITAN NASHVILLE POLICE DEPT,20170804927,Davidson,Nashville,9/10/2017 11:15:00 AM,2,0,0,36.124980,-86.847640,HARDING PKE,,,,0.00,,,WHITE BRIDGE PKE,,,,0.00,Y,Four-Way, ,"Driveway, Alley Access, etc",None,,,         ,Gregory,McDaniel,Clear,"Sideswipe, Same Direction",no,no,no,no,no,False
101756822,METROPOLITAN NASHVILLE POLICE DEPT,20170804994,Davidson,Nashville,9/10/2017 12:03:00 PM,2,0,0,36.044800,-86.662030,BELL RD,,,,147.00,Feet,West,CANE RIDGE RD,,,,0.00,N,Not at Intersection,N,Non-Junction,None,,,         ,Sara,Lober,Clear,Angle,no,no,no,no,no,False
101756828,METROPOLITAN NASHVILLE POLICE DEPT,20170805029,Davidson,Nashville,9/10/2017 9:10:00 AM,2,0,0,36.191750,-86.628030,PACIFICA DR,,,,175.00,Feet,West,ALOHA CT,,,,0.00,N,Not at Intersection, ,Non-Junction,None,,,         ,FELIKS,ABRAHAMYAN,Clear,"Sideswipe, Opposite Direction",no,no,no,yes,yes,False
101756867,METROPOLITAN NASHVILLE POLICE DEPT,20170805026,Davidson,Nashville,9/10/2017 12:15:00 PM,3,0,0,36.146100,-86.870730,CHARLOTTE PKE,,,,0.00,Feet,,WESTBORO DR,,,,0.00,Y,Four-Way, ,Intersection-Related,None,,,         ,Christopher,Royer,Clear,Front to Rear,no,no,no,no,no,False
101756878,METROPOLITAN NASHVILLE POLICE DEPT,20170805013,Davidson,Nashville,9/10/2017 12:10:00 PM,2,0,0,36.135020,-86.724020,MURFREESBORO PKE,,,,115.00,Feet,East,I24 W EXT RAMP,,,,0.00,N,Not at Intersection,N,Non-Junction,None,,,         ,Gerry,Hutcheson,Clear,Front to Rear,no,no,no,no,no,False
101756881,METROPOLITAN NASHVILLE POLICE DEPT,20170804860,Davidson,Nashville,9/10/2017 10:35:00 AM,2,0,0,36.168150,-86.777420,JAMES ROBERTSON PKWY,,,,0.00,,,GAY ST,,,,0.00,Y,OTHER, ,Non-Junction,None,,,         ,William,Gibbs,Clear,"Sideswipe, Same Direction",no,no,no,no,no,False
101756883,METROPOLITAN NASHVILLE POLICE DEPT,20170805152,Davidson,Nashville,9/10/2017 1:40:00 PM,2,2,0,36.078790,-86.837000,HILLSBORO PKE,,,,0.00,,,TYNE BLVD,,,,0.00,Y,Four-Way,N,Intersection,None,,,         ,Earl,Davis,Clear,Angle,no,no,no,no,no,False
101756927,METROPOLITAN NASHVILLE POLICE DEPT,20170805093,Davidson,Nashville,9/10/2017 1:05:00 PM,2,1,0,36.215770,-86.689060,MCGAVOCK PKE,,,,71.00,Feet,South,PENNINGTON BEND RD,,,,0.00,N,Not at Intersection,N,Non-Junction,None,,,         ,Gerry,Hutcheson,Clear,Angle,no,no,no,no,no,False
101756934,METROPOLITAN NASHVILLE POLICE DEPT,20170805192,Davidson,Nashville,9/10/2017 2:05:00 PM,2,1,0,36.084190,-86.705900,LINBAR DR,,,,38.00,Feet,West,HARDING PL,,,,0.00,N,Not at Intersection,N,Non-Junction,None,,,         ,David,Smith,Clear,Front to Rear,no,no,no,no,yes,False
101756935,METROPOLITAN NASHVILLE POLICE DEPT,20170805209,Davidson,Nashville,9/10/2017 2:26:00 PM,2,0,0,36.080340,-86.697770,LINBAR DR,,,,905.00,Feet,South,MARGO LN,,,,0.00,N,Not at Intersection,N,Non-Junction,None,,,         ,Peter,Vaught,Clear,"Sideswipe, Same Direction",no,no,no,no,yes,False
101756985,Nashville Airport Police,2017-03174,Davidson,Nashville,9/10/2017 10:50:00 AM,2,0,0,36.129140,-86.665380,DONELSON PKE,,,,0.00,Miles,,DONELSON PKE S ENT RAMP,,,,0.00,Y,OTHER, ,Non-Junction,None,,,         ,Delphia,Murphy,Clear,Rear to Side,no,no,no,yes,no,False
101756988,METROPOLITAN NASHVILLE POLICE DEPT,20170805239,Davidson,Goodlettsville,9/10/2017 2:05:00 PM,2,0,0,36.297520,-86.698680,GALLATIN PKEN,,,,264.00,Feet,North,RIVERGATE PKWY,,,,0.00,N,Not at Intersection, ,Non-Junction,None,,,         ,Marvis,Malone,Clear,Front to Rear,no,no,no,no,no,False
101757016,METROPOLITAN NASHVILLE POLICE DEPT,20170805326,Davidson,Nashville,9/10/2017 3:54:00 PM,2,0,0,36.132520,-86.719420,MURFREESBORO PKE,,,,35.00,Feet,West,WILHAGAN RD,,,,0.00,N,Not at Intersection,N,Non-Junction,None,,,         ,Patrick,Taylor,Clear,Angle,no,no,no,no,no,False
101757046,BERRY HILL POLICE DEPT,17-3091,Davidson,Berry Hill,9/10/2017 4:25:00 PM,2,0,0,36.118860,-86.774590,FRANKLIN PKE,,,,0.00,,,BERRY RD,,,,0.00,Y,T-Intersection, ,,None,,,         ,Stephen,Reece,,,no,no,no,no,no,False
101757057,METROPOLITAN NASHVILLE POLICE DEPT,20170805391,Davidson,Nashville,9/10/2017 4:25:00 PM,1,1,0,36.184830,-86.797740,I 65,,,,0.00,,,,,,,85.35,N,Not at Intersection,N,Non-Junction,None,,,         ,Seth,Vaughn,Clear,Not Collision with Motor Vehicle in Transport,no,no,no,no,no,False
101757063,METROPOLITAN NASHVILLE POLICE DEPT,20170805290,Davidson,Nashville,9/10/2017 3:30:00 PM,2,1,0,36.241960,-86.757080,DICKERSON PKE,,,,0.00,,,DICKERSON PKE ENT RAMP,,,,0.00,Y,Four-Way,N,Non-Junction,None,,,         ,Brittani,Campbell,Clear,Front to Rear,no,no,no,no,no,False
101757068,METROPOLITAN NASHVILLE POLICE DEPT,20170805312,Davidson,Nashville,9/10/2017 3:43:00 PM,2,0,0,36.158490,-86.775560,4TH AVS,,,,98.00,Feet,North,MOLLOY ST,,,,0.00,N,Not at Intersection,N,Non-Junction,None,,,         ,Chad,Wilkinson,Clear,"Sideswipe, Same Direction",no,no,no,no,no,False
101757069,METROPOLITAN NASHVILLE POLICE DEPT,20170804956,Davidson,Nashville,9/10/2017 11:30:00 AM,2,0,0,36.176450,-86.768460,SPRING ST,,,,112.00,Feet,East,SPRING ST ENT RAMP,,,,0.00,N,Not at Intersection, ,Non-Junction,None,,,         ,William,Gibbs,Clear,Front to Rear,no,no,no,no,yes,False
101757072,METROPOLITAN NASHVILLE POLICE DEPT,20170805384,Davidson,Nashville,9/10/2017 4:15:00 PM,2,0,0,36.184550,-86.756940,CLEVELAND ST,,,,29.00,Feet,East,MYRTLE ST,,,,0.00,N,Not at Intersection, ,Non-Junction,None,,,         ,Joshua,Lackey,Clear,Front to Rear,no,no,no,no,no,False
101757093,METROPOLITAN NASHVILLE POLICE DEPT,20170805436,Davidson,Nashville,9/10/2017 4:37:00 PM,2,0,0,36.165940,-86.765670,I24 E EXT RAMP,,,,0.00,,,SHELBY AV,,,,0.00,Y,OTHER, ,Entrance/Exit Ramp Related,None,,,         ,Derek,Betty,Clear,Front to Rear,no,no,no,no,no,False
101757119,METROPOLITAN NASHVILLE POLICE DEPT,20170805001,Davidson,Nashville,9/10/2017 12:02:00 PM,2,0,0,36.207270,-86.791850,WHITES CREEK PKE,,,,117.00,Feet,North,W TRINITY LN,,,,0.00,N,Not at Intersection,N,Non-Junction,None,,,         ,Royce,McLester,Clear,"Sideswipe, Same Direction",no,no,no,no,no,False
101757123,METROPOLITAN NASHVILLE POLICE DEPT,20170805266,Davidson,Nashville,9/10/2017 12:45:00 PM,2,0,0,36.142080,-86.711980,I 40,,,,0.00,,,,,,,214.10,N,Not at Intersection,N,Non-Junction,None,,,         ,John,Kelley,Clear,Not Collision with Motor Vehicle in Transport,no,no,no,no,yes,False
101757128,METROPOLITAN NASHVILLE POLICE DEPT,20170805369,Davidson,Nashville,9/10/2017 4:19:00 PM,2,2,0,36.169490,-86.581950,I 40,,,,0.00,,,,,,,221.90,N,Not at Intersection,N,Non-Junction,None,,,         ,Samuel,Sundra,Clear,Angle,no,no,no,no,no,False
101757133,METROPOLITAN NASHVILLE POLICE DEPT,20170805359,Davidson,Not in City Limit,9/10/2017 4:10:00 PM,2,0,0,36.289000,-86.845170,WHITES CREEK PKE,,,,772.00,Feet,West,LAWS RD,,,,0.00,N,Not at Intersection,N,Non-Junction,None,,,         ,Roy,Sain Jr.,Clear,Not Collision with Motor Vehicle in Transport,no,no,no,no,no,False
101757137,VANDERBILT UNIVERSITY POLICE,2017-0805393,Davidson,Nashville,9/9/2017 2:15:00 PM,2,0,0,36.147100,-86.807600,WEST END AV,,,,0.00,,,,,,,0.00,,, ,Non-Junction,None,,,         ,V,Greene,Clear,"Sideswipe, Same Direction",no,no,no,yes,no,Campus
101757144,METROPOLITAN NASHVILLE POLICE DEPT,20170805578,Davidson,Not in City Limit,9/10/2017 4:17:00 PM,1,0,0,36.273650,-86.753380,DICKERSON PKE,,,,874.00,Feet,East,YOEST DR,,,,0.00,N,Not at Intersection,N,Non-Junction,None,,,         ,Cecilia,Gomez,Clear,Not Collision with Motor Vehicle in Transport,no,no,no,no,no,False
101757145,METROPOLITAN NASHVILLE POLICE DEPT,20170805538,Davidson,Not in City Limit,9/10/2017 5:55:00 PM,2,0,0,36.262300,-86.711490,E OLD HICKORY BLVD,,,,213.00,Feet,East,GALLATIN PKES,,,,0.00,N,Not at Intersection, ,Non-Junction,None,,,         ,Harold,Willmore IV,Clear,"Sideswipe, Same Direction",no,no,no,no,no,False
101757147,METROPOLITAN NASHVILLE POLICE DEPT,20170805374,Davidson,Nashville,9/10/2017 4:19:00 PM,2,1,0,36.192060,-86.780860,I 65,,,,0.00,,,,,,,86.30,N,Not at Intersection,N,Non-Junction,None,,,         ,Brandon,Rardin,Clear,Front to Rear,no,no,no,no,no,False
101757148,THP District 3 - Nashville,317053570,Davidson,Nashville,9/10/2017 2:10:00 PM,2,0,0,36.230440,-86.588220,SAUNDERSVILLE RD,,,,0.00,,,TYNE BLVD,,,,0.00,Y,T-Intersection, ,Intersection,None,,,         ,Christopher,Conner,Clear,Front to Rear,no,no,no,no,no,False
101757166,METROPOLITAN NASHVILLE POLICE DEPT,20170805577,Davidson,Nashville,9/10/2017 6:36:00 PM,2,2,0,36.193440,-86.754360,DOUGLAS AV,,,,0.00,Feet,East,MCFERRIN AV,,,,0.00,N,Not at Intersection,N,Non-Junction,None,,,         ,Joshua,Lackey,Clear,Front to Rear,no,no,no,no,no,False
101757169,METROPOLITAN NASHVILLE POLICE DEPT,20170805530,Davidson,Nashville,9/10/2017 6:07:00 PM,1,0,0,36.174270,-86.768130,JAMES ROBERTSON PKWY ENT RAMP,,,,0.00,Feet,East,I 24,,,,0.00,N,Not at Intersection,N,Non-Junction,None,,,         ,Christopher,Valdez,Clear,Not Collision with Motor Vehicle in Transport,no,no,no,no,no,False
101757170,METROPOLITAN NASHVILLE POLICE DEPT,20170805585,Davidson,Nashville,9/10/2017 6:45:00 PM,1,1,0,36.218990,-86.762540,DICKERSON PKE,,,,0.00,,,,,,,0.00,,,N,Non-Junction,None,,,         ,Christopher,Valdez,Clear,Not Collision with Motor Vehicle in Transport,no,no,no,yes,no,False
101757202,METROPOLITAN NASHVILLE POLICE DEPT,20170805557,Davidson,Not in City Limit,9/10/2017 12:00:00 AM,1,0,0,36.270410,-86.694840,MAY DR,,,,271.00,Feet,North,ROOSEVELT AV,,,,0.00,N,Not at Intersection,N,Non-Junction,None,,,         ,Harold,Willmore IV,Clear,Not Collision with Motor Vehicle in Transport,no,no,no,no,yes,False
101757203,METROPOLITAN NASHVILLE POLICE DEPT,20170805696,Davidson,Nashville,9/10/2017 8:21:00 PM,2,0,0,36.155550,-86.786810,12TH AVS,,,,0.00,,,MCGAVOCK ST,,,,0.00,Y,Four-Way, ,Intersection,None,,,         ,Derek,Betty,Clear,Angle,no,no,no,no,no,False
101757211,METROPOLITAN NASHVILLE POLICE DEPT,20170805544,Davidson,Not in City Limit,9/10/2017 6:13:00 PM,1,3,0,36.337430,-86.913700,HARPER RD,,,,3.00,Feet,North,HIGHWAY 41-A,,,,0.00,N,Not at Intersection,N,Non-Junction,None,,,         ,Thomas,Burns,Clear,Not Collision with Motor Vehicle in Transport,no,no,no,no,no,False
101757212,METROPOLITAN NASHVILLE POLICE DEPT,20170805474,Davidson,Nashville,9/10/2017 5:15:00 PM,2,0,0,36.196400,-86.776120,I 65,,,,0.00,,,,,,,86.60,N,Not at Intersection, ,Non-Junction,None,,,         ,David,Snowden,Clear,"Sideswipe, Same Direction",no,no,no,no,yes,False
101757218,METROPOLITAN NASHVILLE POLICE DEPT,20170805372,Davidson,Nashville,9/10/2017 3:50:00 PM,2,0,0,36.080390,-86.721220,HARDING PL,,,,500.00,Feet,North,RECOVERY RD,,,,0.00,N,Not at Intersection,N,Non-Junction,None,,,         ,Nathaniel,Myers,Clear,"Sideswipe, Same Direction",no,no,no,no,yes,False
101757223,METROPOLITAN NASHVILLE POLICE DEPT,20170805203,Davidson,Nashville,9/10/2017 2:10:00 PM,2,3,0,36.106210,-86.673060,MURFREESBORO PKE,,,,0.00,Feet,,DONELSON PKE,,,,0.00,Y,Four-Way,N,Intersection-Related,None,,,         ,Aimee,Ortiz,Clear,"Sideswipe, Opposite Direction",no,no,no,no,no,False
101757252,METROPOLITAN NASHVILLE POLICE DEPT,20170805649,Davidson,Nashville,9/10/2017 7:40:00 PM,2,1,0,36.187990,-86.821560,ED TEMPLE BLVD,,,,0.00,,,ROSA L PARKS BLVD,,,,0.00,Y,Four-Way,Y,Intersection,None,,,         ,Seth,Vaughn,Clear,Angle,no,no,no,no,no,False
101757298,METROPOLITAN NASHVILLE POLICE DEPT,20170805766,Davidson,Nashville,9/10/2017 6:00:00 PM,2,0,0,36.180820,-86.811750,ST LOUIS ST,,,,0.00,,,DR D B TODD JR BLVD,,,,0.00,,Not at Intersection, ,Non-Junction,None,,,         ,Seth,Vaughn,Clear,"Sideswipe, Same Direction",no,no,no,yes,yes,False
101757300,METROPOLITAN NASHVILLE POLICE DEPT,20170805761,Davidson,Nashville,9/10/2017 6:40:00 PM,2,0,0,36.064790,-86.628480,HAMILTON CHURCH RD,,,,0.00,,,MURFREESBORO PKE,,,,0.00,Y,Four-Way, ,Intersection,None,,,         ,Candice,Soper,Clear,Angle,no,no,no,no,no,False
101757306,METROPOLITAN NASHVILLE POLICE DEPT,20170805805,Davidson,Nashville,9/10/2017 9:30:00 PM,2,0,0,36.216010,-86.689310,MCGAVOCK PKE,,,,42.00,Feet,West,PENNINGTON BEND RD,,,,0.00,N,Not at Intersection, ,Non-Junction,None,,,         ,John,Kelley,Clear,"Sideswipe, Same Direction",no,no,no,no,no,False
101757310,METROPOLITAN NASHVILLE POLICE DEPT,20170805415,Davidson,Nashville,9/10/2017 4:46:00 PM,1,1,0,36.109320,-86.727520,BRILEY PKWYN,,,,160.00,Feet,East,BRILEY PKWYS,,,,0.00,N,Not at Intersection,N,Non-Junction,None,,,         ,Nathaniel,Myers,Clear,Not Collision with Motor Vehicle in Transport,no,no,no,no,no,False
101757311,METROPOLITAN NASHVILLE POLICE DEPT,20170805810,Davidson,Nashville,9/10/2017 9:59:00 PM,2,0,0,36.168430,-86.687880,LEBANON PKE,,,,23.00,Feet,East,BRILEY PKWY N ENT RAMP,,,,0.00,N,Not at Intersection,N,Non-Junction,None,,,         ,Samuel,Sundra,Clear,Front to Rear,no,no,no,no,no,False
101757319,METROPOLITAN NASHVILLE POLICE DEPT,20170805442,Davidson,Nashville,9/10/2017 5:13:00 PM,3,3,0,36.097860,-86.709670,ANTIOCH PKE,,,,0.00,Feet,East,MCILLWAIN PL,,,,0.00,N,Not at Intersection,Y,Non-Junction,None,,,         ,Benjamin,Froehlich,Clear,Front to Rear,no,no,no,no,no,False
101757339,METROPOLITAN NASHVILLE POLICE DEPT,2017085828,Davidson,Nashville,9/10/2017 10:13:00 PM,2,0,0,36.074720,-86.635010,BELL RD,,,,0.00,,,ANDERSON RD,,,,0.00,Y,T-Intersection, ,Intersection-Related,None,,,         ,Kimberly,Annson,Clear,"Sideswipe, Opposite Direction",no,no,no,no,no,False
101757341,METROPOLITAN NASHVILLE POLICE DEPT,20170805695,Davidson,Nashville,9/10/2017 6:56:00 PM,2,0,0,36.114330,-86.724490,I 24,,,,0.00,,,,,,,53.30,N,Not at Intersection,Y,Entrance/Exit Ramp Related,None,,,         ,Nathaniel,Myers,Clear,"Sideswipe, Same Direction",no,no,no,no,yes,False
101757351,METROPOLITAN NASHVILLE POLICE DEPT,20170805813,Davidson,Nashville,9/10/2017 10:02:00 PM,1,1,0,36.111430,-86.711960,BRILEY PKWYS,,,,203.00,Feet,East,BRILEY PKWYN,,,,0.00,N,Not at Intersection,N,Non-Junction,None,,,         ,Je-Marc,Sears,Clear,Not Collision with Motor Vehicle in Transport,no,no,no,no,no,False
101757359,METROPOLITAN NASHVILLE POLICE DEPT,20170805943,Davidson,Nashville,9/10/2017 12:00:00 AM,2,0,0,36.086350,-86.691380,ANTIOCH PKE,,,,355.00,Feet,North,PERIMETER HILL DR,,,,0.00,N,Not at Intersection,N,Non-Junction,None,,,         ,Brian,Mclarty,Clear,Other,no,no,no,no,no,False
101757378,BELLE MEADE POLICE DEPT,17-0273,Davidson,Belle Meade,9/9/2017 2:00:00 AM,1,0,0,36.119860,-86.849820,LYNNWOOD TER,,,,0.00,,,WESTHAMPTON PL,,,,0.00,Y,Four-Way, ,Intersection,None,,,         ,Dale,Corter,Clear,Not Collision with Motor Vehicle in Transport,no,no,no,no,yes,False
101757379,METROPOLITAN NASHVILLE POLICE DEPT,20170806179,Davidson,Nashville,9/10/2017 8:30:00 PM,2,0,0,36.179730,-86.798440,DELTA AV,,,,15.00,Feet,West,GARFIELD ST,,,,0.00,N,Not at Intersection, ,Non-Junction,None,,,         ,John,Deiterick,Clear,Front to Rear,no,no,no,no,yes,False
101757380,METROPOLITAN NASHVILLE POLICE DEPT,20170805972,Davidson,Nashville,9/10/2017 11:15:00 PM,1,0,0,36.055540,-86.675270,I 24,,,,0.00,,,,,,,58.25,N,Not at Intersection,N,Non-Junction,None,,,         ,Autumn,Manning,Clear,Not Collision with Motor Vehicle in Transport,no,no,no,no,no,False
101757407,METROPOLITAN NASHVILLE POLICE DEPT,20170805909,Davidson,Nashville,9/10/2017 12:00:00 AM,2,0,0,36.155550,-86.789640,14TH AVN,,,,0.00,Feet,,BROADWAY,,,,0.00,Y,T-Intersection,N,Intersection,None,,,         ,Akira,McSwain,Clear,Angle,no,no,no,no,yes,False
101757430,METROPOLITAN NASHVILLE POLICE DEPT,20170806595,Davidson,Nashville,9/11/2017 4:00:00 AM,2,0,0,36.151370,-86.799330,20TH AVS,,,,0.00,,,WEST END AV,,,,0.00,Y,T-Intersection,N,Intersection,None,,,         ,Akira,McSwain,Clear,Angle,no,no,no,no,yes,Campus
101757431,METROPOLITAN NASHVILLE POLICE DEPT,20170806688,Davidson,Nashville,9/11/2017 4:56:00 AM,1,0,0,36.047820,-86.663540,I 24,,,,0.00,,,,,,,59.10,N,Not at Intersection, ,Non-Junction,None,,,         ,William,Williams,Clear,Not Collision with Motor Vehicle in Transport,no,no,no,no,no,False
101757510,METROPOLITAN NASHVILLE POLICE DEPT,20170806833,Davidson,Nashville,9/11/2017 6:47:00 AM,2,0,0,36.173590,-86.602150,CENTRAL PKE,,,,0.00,,,OLD HICKORY BLVD,,,,0.00,Y,Four-Way,N,Intersection,None,,,         ,Michael,Dance,Clear,Front to Rear,no,no,no,no,no,False
101757513,METROPOLITAN NASHVILLE POLICE DEPT,20170806897,Davidson,Not in City Limit,9/11/2017 7:10:00 AM,2,0,0,36.077000,-86.945600,HIGHWAY 70S,,,,120.00,Feet,West,SAWYER BROWN RD,,,,0.00,N,Not at Intersection, ,Non-Junction,None,,,         ,Douglas,Atwood,Cloudy,Front to Rear,no,no,no,no,no,False
101757515,METROPOLITAN NASHVILLE POLICE DEPT,20170806900,Davidson,Nashville,9/11/2017 6:44:00 AM,2,0,0,36.147700,-86.806320,24TH AVS,,,,94.00,Feet,South,WEST END AV,,,,0.00,N,Not at Intersection,N,Non-Junction,None,,,         ,Bryan,Musgrave,Cloudy,Angle,no,no,no,no,yes,Campus
101757523,METROPOLITAN NASHVILLE POLICE DEPT,20170806877,Davidson,Not in City Limit,9/11/2017 6:30:00 AM,2,0,0,36.294560,-86.810980,I 24,,,,0.00,,,,,,,39.20,N,Not at Intersection, ,Non-Junction,None,,,         ,Brandon,Evans,Clear,Front to Rear,no,no,no,no,no,False
101757525,METROPOLITAN NASHVILLE POLICE DEPT,20170806931,Davidson,Nashville,9/11/2017 7:20:00 AM,2,0,0,36.134320,-86.825980,WEST END AV,,,,226.00,Feet,West,BOWLING AV,,,,0.00,N,Not at Intersection, ,,None,,,         ,Brian,Myatt,,,no,no,no,no,no,False
101757532,METROPOLITAN NASHVILLE POLICE DEPT,20170806830,Davidson,Nashville,9/11/2017 6:44:00 AM,2,0,0,36.132940,-86.765450,WEDGEWOOD AV,,,,131.00,Feet,West,WALSH RD,,,,0.00,N,Not at Intersection, ,"Driveway, Alley Access, etc",None,,,         ,Nathan,Kemp,Clear,"Sideswipe, Same Direction",no,no,no,no,no,False
101757541,METROPOLITAN NASHVILLE POLICE DEPT,20170806878,Davidson,Goodlettsville,9/11/2017 6:59:00 AM,2,0,0,36.288240,-86.725400,I 65,,,,0.00,,,,,,,94.05,N,Not at Intersection,N,Non-Junction,None,,,         ,Cyretha,Frazier,Cloudy,"Sideswipe, Same Direction",no,no,no,no,yes,False
101757548,METROPOLITAN NASHVILLE POLICE DEPT,20170806786,Davidson,Nashville,9/11/2017 6:20:00 AM,3,1,0,36.141030,-86.718420,I 40,,,,0.00,,,,,,,213.70,N,Not at Intersection,N,Non-Junction,None,,,         ,Austin,Childress,Clear,"Sideswipe, Same Direction",no,no,no,no,no,False
101757549,METROPOLITAN NASHVILLE POLICE DEPT,20170807049,Davidson,Nashville,9/11/2017 8:11:00 AM,2,2,0,36.129430,-86.899740,I 40,,,,0.00,,,,,,,201.00,N,Not at Intersection,N,Non-Junction,None,,,         ,Adam,Reese,Cloudy,Front to Rear,no,no,no,no,no,False
101757550,METROPOLITAN NASHVILLE POLICE DEPT,20170807044,Davidson,Nashville,9/11/2017 8:11:00 AM,2,0,0,36.117430,-86.699220,MURFREESBORO PKE,,,,0.00,,,BRILEY PKWY N ENT RAMP,,,,0.00,Y,Four-Way, ,Intersection,None,,,         ,Michael,Dance,Cloudy,Front to Rear,no,no,no,no,no,False
101757558,METROPOLITAN NASHVILLE POLICE DEPT,20170807094,Davidson,Nashville,9/11/2017 8:09:00 AM,2,0,0,36.198240,-86.776360,I 65,,,,0.00,,,,,,,86.75,N,Not at Intersection,N,Non-Junction,None,,,         ,Michael,McCord,Cloudy,Front to Rear,no,no,no,no,no,False
101757569,METROPOLITAN NASHVILLE POLICE DEPT,20170806855,Davidson,Not in City Limit,9/11/2017 6:47:00 AM,3,1,0,36.323880,-86.867500,I 24,,,,0.00,,,,,,,35.00,N,Not at Intersection,N,Non-Junction,None,,,         ,James,Wray,Clear,Front to Rear,no,no,no,no,no,False
101757576,METROPOLITAN NASHVILLE POLICE DEPT,20170806840,Davidson,Nashville,9/11/2017 6:15:00 AM,2,0,0,36.087610,-86.685060,CORRECTIONS CENTER PVTDR,,,,1135.00,Feet,South,EZELL PARK PVTDR,,,,0.00,N,Not at Intersection, ,Non-Junction,None,,,         ,Brandon,O'Guin,Clear,"Sideswipe, Same Direction",no,no,no,yes,no,False