master_record_number,agency,agency_tracking_number,county,city,collision_date,vehicles_involved,number_injured,number_dead,latitude,longitude,roadway_name,roadway_suffix,roadway_number,roadway_local_id,distance_from_reference,miles-feet_indicator,direction_from_reference,intersection_road_name,intersection_road_name_suffix,intersection_road_number,intersection_local_id,mile_marker,intersection_indicator,intersect_type,interchange_related_indicator,relation_to_junction,work_zone_type,construction_maintenance_zone,construction_maintenance_zone_location,fatal_case_number,officer_first_name,officer_last_name,weather_condition(s),manner_of_crash,pedestrian,bicycle,scooter,parking,hitrun,mou
101758066,METROPOLITAN NASHVILLE POLICE DEPT,20170808053,Davidson,Not in City Limit,9/11/2017 3:10:00 PM,2,0,0,36.262620,-86.684380,E OLD HICKORY BLVD,,,,0.00,,,LARKIN SPRINGS RD,,,,0.00,Y,Four-Way, ,Intersection,None,,,         ,Samuel,Miller,Cloudy,Angle,no,no,no,no,no,False
101758067,METROPOLITAN NASHVILLE POLICE DEPT,20170808248,Davidson,Nashville,9/11/2017 4:33:00 PM,2,0,0,36.251460,-86.719950,MOVING CENTER CT,,,,519.00,Feet,West,GALLATIN PKES,,,,0.00,N,Not at Intersection,N,Non-Junction,None,,,         ,Samuel,Miller,Cloudy,Angle,no,no,no,no,yes,False
101758078,METROPOLITAN NASHVILLE POLICE DEPT,20170808795,Davidson,Nashville,9/11/2017 8:56:00 PM,1,1,0,36.150830,-86.785440,I40 W EXT RAMP,,,,0.00,,,I 40,,,,0.00,Y,OTHER,N,Unknown,None,,,         ,Michael,Baron,Rain,Not Collision with Motor Vehicle in Transport,no,no,no,no,no,False
101758079,GOODLETTSVILLE POLICE DEPT,17-32001,Davidson,Goodlettsville,9/11/2017 6:24:00 PM,1,1,0,36.288420,-86.710890,W MONTICELLO AV,,,,198.00,Feet,West,MONTICELLO AV,,,,0.00,N,Not at Intersection,N,Non-Junction,None,,,         ,Tanner,Simon,Rain,Not Collision with Motor Vehicle in Transport,no,no,no,no,no,False
101758086,METROPOLITAN NASHVILLE POLICE DEPT,2017-0808789,Davidson,Nashville,9/11/2017 8:40:00 PM,1,1,0,36.185450,-86.626950,CENTRAL PKE,,,,86.00,Feet,East,STONERS BEND DR,,,,0.00,N,Not at Intersection,N,Non-Junction,None,,,         ,Sandra,Talavera,,Not Collision with Motor Vehicle in Transport,no,no,no,no,no,False
101758087,METROPOLITAN NASHVILLE POLICE DEPT,20170808802,Davidson,Nashville,9/11/2017 12:00:00 AM,2,0,0,36.150860,-86.770270,I 40,,,,0.00,,,,,,,210.40,N,Not at Intersection,N,Non-Junction,None,,,         ,Eric,Burford,Rain,Front to Rear,no,no,no,no,yes,False
101758104,GOODLETTSVILLE POLICE DEPT,17-31996,Davidson,Goodlettsville,9/11/2017 5:52:00 PM,2,0,0,36.309460,-86.695620,VIETNAM VETERANS BLVD SB EXT R,,,,0.00,,,CONFERENCE DR,,,,0.00,Y,T-Intersection, ,Entrance/Exit Ramp Related,None,,,         ,Benny,Alexander,Clear,Front to Rear,no,no,no,no,no,False
101758106,METROPOLITAN NASHVILLE POLICE DEPT,20170808691,Davidson,Nashville,9/11/2017 7:21:00 PM,2,0,0,36.112490,-86.723230,I 24,,,,0.00,,,,,,,53.50,N,Not at Intersection,N,Non-Junction,None,,,         ,Je-Marc,Sears,Rain,"Sideswipe, Same Direction",no,no,no,no,yes,False
101758107,METROPOLITAN NASHVILLE POLICE DEPT,20170808627,Davidson,Nashville,9/11/2017 7:24:00 PM,2,0,0,36.240670,-86.786020,I 24,,,,0.00,,,,,,,43.35,N,Not at Intersection,N,Non-Junction,None,,,         ,Aimee,Ortiz,Rain,Front to Rear,no,no,no,no,no,False
101758118,METROPOLITAN NASHVILLE POLICE DEPT,20170808448,Davidson,Nashville,9/11/2017 5:58:00 PM,3,1,0,36.079480,-86.726680,HARDING PL,,,,117.00,Feet,West,NOLENSVILLE PKE,,,,0.00,N,Not at Intersection,N,Non-Junction,None,,,         ,Zachary,Scott,Rain,Front to Rear,no,no,no,no,yes,False
101758119,METROPOLITAN NASHVILLE POLICE DEPT,20170808839,Davidson,Nashville,9/11/2017 8:51:00 PM,1,0,0,36.083810,-86.711200,TAMPA DR,,,,251.00,Feet,South,SPARTAN DR,,,,0.00,N,Not at Intersection,N,Non-Junction,None,,,         ,Nathaniel,Myers,Rain,Not Collision with Motor Vehicle in Transport,no,no,no,no,no,False
101758127,METROPOLITAN NASHVILLE POLICE DEPT,20170808812,Davidson,Nashville,9/11/2017 9:00:00 PM,2,3,0,36.103030,-86.838300,HOBBS RD,,,,0.00,,,ESTES RD,,,,0.00,Y,Four-Way,Y,Intersection,None,,,         ,Barrett,Teague,Rain,Angle,no,no,no,no,no,False
101758149,METROPOLITAN NASHVILLE POLICE DEPT,20170808536,Davidson,Nashville,9/11/2017 6:31:00 PM,2,2,0,36.110290,-86.800350,GRAYBAR LN,,,,0.00,,,BELMONT BLVD,,,,0.00,Y,Four-Way,N,Intersection,None,,,         ,Allyson,Reis,Rain,Angle,no,no,no,no,no,False
101758161,METROPOLITAN NASHVILLE POLICE DEPT,20170808949,Davidson,Nashville,9/11/2017 9:30:00 PM,2,0,0,36.113080,-86.800360,WOODMONT BLVD,,,,96.00,Feet,West,BELMONT BLVD,,,,0.00,N,Not at Intersection,N,Non-Junction,None,,,         ,Hillary,Sherman,Rain,Front to Rear,no,no,no,no,yes,False
101758164,METROPOLITAN NASHVILLE POLICE DEPT,20170800608,Davidson,Nashville,9/11/2017 8:50:00 PM,2,0,0,36.147560,-86.758580,US HWY 41,,,,0.00,,,LEWIS ST,,,,0.00,Y,Four-Way,N,Intersection-Related,None,,,         ,Brian,Dugre,Clear,"Sideswipe, Opposite Direction",no,no,no,no,no,False
101758168,METROPOLITAN NASHVILLE POLICE DEPT,20170809162,Davidson,Nashville,9/11/2017 9:00:00 PM,2,0,0,36.148710,-86.664520,ELM HILL PKE,,,,0.00,,,,,,,0.00,,,N,Non-Junction,None,,,         ,Joseph,Zambardi,Unknown,Unknown,no,no,no,yes,yes,False
101758169,METROPOLITAN NASHVILLE POLICE DEPT,20170809061,Davidson,Nashville,9/11/2017 11:05:00 PM,1,0,0,36.151340,-86.768360,2ND AVS,,,,0.00,,,I40 E ENT RAMP,,,,0.00,Y,Four-Way, ,Intersection-Related,None,,,         ,Daniel,Caruth,Rain,Not Collision with Motor Vehicle in Transport,no,no,no,no,no,False
101758172,METROPOLITAN NASHVILLE POLICE DEPT,20170809210,Davidson,Nashville,9/11/2017 11:52:00 PM,2,1,0,36.151190,-86.750690,I 40,,,,0.00,,,,,,,211.55,N,Not at Intersection,N,Non-Junction,None,,,         ,Curtis,Fisher,Rain,Angle,no,no,no,no,no,False
101758174,METROPOLITAN NASHVILLE POLICE DEPT,20170809021,Davidson,Nashville,9/11/2017 9:12:00 PM,3,0,0,36.193300,-86.751410,DOUGLAS AV,,,,50.00,Feet,East,CLINE AV,,,,0.00,N,Not at Intersection, ,Non-Junction,None,,,         ,Samuel,Kersten,Rain,Front to Rear,no,no,no,no,no,False
101758191,METROPOLITAN NASHVILLE POLICE DEPT,20170809427,Davidson,Nashville,9/12/2017 12:50:00 AM,1,0,0,36.209070,-86.783010,N AVONDALE CIR,,,,118.00,Feet,North,AVONDALE CIR,,,,0.00,N,Not at Intersection,N,Non-Junction,None,,,         ,Benjamin,Cole,Rain,Not Collision with Motor Vehicle in Transport,no,no,no,no,yes,False
101758192,METROPOLITAN NASHVILLE POLICE DEPT,20170809146,Davidson,Not in City Limit,9/11/2017 11:35:00 PM,1,0,0,36.271050,-86.794000,I 24,,,,0.00,,,,,,,41.05,N,Not at Intersection,N,Non-Junction,None,,,         ,Cheri,Cox,Rain,Not Collision with Motor Vehicle in Transport,no,no,no,no,no,False
101758195,METROPOLITAN NASHVILLE POLICE DEPT,20170809476,Davidson,Nashville,9/12/2017 12:00:00 AM,2,0,0,36.169310,-86.811970,I 40,,,,0.00,,,,,,,207.00,N,Not at Intersection,N,Non-Junction,None,,,         ,Myriah,Iles,Rain,"Sideswipe, Same Direction",no,no,no,no,yes,False
101758201,METROPOLITAN NASHVILLE POLICE DEPT,20170809526,Davidson,Nashville,9/12/2017 1:30:00 AM,1,2,0,36.067690,-86.687870,I 24,,,,0.00,,,,,,,57.15,N,Not at Intersection,N,Non-Junction,None,,,         ,Justin,McCormick,Rain,Not Collision with Motor Vehicle in Transport,no,no,no,no,no,False
101758203,METROPOLITAN NASHVILLE POLICE DEPT,20170809506,Davidson,Nashville,9/12/2017 1:22:00 AM,1,0,0,36.167760,-86.781590,JAMES ROBERTSON PKWY,,,,0.00,,,4TH AVN,,,,0.00,Y,OTHER,N,Intersection,None,,,         ,Jason,Hogan,Rain,Not Collision with Motor Vehicle in Transport,no,no,no,no,no,False
101758215,METROPOLITAN NASHVILLE POLICE DEPT,20170809751,Davidson,Not in City Limit,9/12/2017 2:55:00 AM,2,1,0,36.019830,-86.626840,I 24,,,,0.00,,,,,,,61.90,N,Not at Intersection,N,Non-Junction,None,,,         ,Ryan,Storm,Rain,"Sideswipe, Same Direction",no,no,no,no,no,False
101758216,METROPOLITAN NASHVILLE POLICE DEPT,20170809875,Davidson,Nashville,9/12/2017 3:53:00 AM,1,1,0,36.125210,-86.813420,I 440,,,,0.00,,,,,,,2.40,N,Not at Intersection,N,Non-Junction,None,,,         ,Eugene,Martino,Rain,Not Collision with Motor Vehicle in Transport,no,no,no,no,no,False
101758220,METROPOLITAN NASHVILLE POLICE DEPT,20170809589,Davidson,Nashville,9/12/2017 1:53:00 AM,2,0,0,36.169040,-86.606990,I 40,,,,0.00,,,,,,,220.50,N,Not at Intersection,N,Non-Junction,None,,,         ,Brett,Johns,Rain,Front to Rear,no,no,no,no,no,False
101758232,METROPOLITAN NASHVILLE POLICE DEPT,20170809856,Davidson,Nashville,9/12/2017 3:40:00 AM,1,0,0,36.153780,-86.757810,I 40,,,,0.00,,,,,,,211.10,N,Not at Intersection,Y,Non-Junction,None,,,         ,Daniel,Caruth,Rain,Not Collision with Motor Vehicle in Transport,no,no,no,no,no,False
101758254,METROPOLITAN NASHVILLE POLICE DEPT,20170810071,Davidson,Nashville,9/12/2017 5:37:00 AM,2,0,0,36.089130,-86.614850,CASTLEGATE DR,,,,0.00,Feet,West,SMITH SPRINGS RD,,,,0.00,N,Not at Intersection, ,Non-Junction,None,,,         ,Charles,Shaw,Rain,Front to Rear,no,no,no,no,no,False
101758267,METROPOLITAN NASHVILLE POLICE DEPT,20170810188,Davidson,Nashville,9/12/2017 6:37:00 AM,3,0,0,36.169950,-86.591390,I 40,,,,0.00,,,,,,,221.40,N,Not at Intersection,N,Non-Junction,None,,,         ,Michael,Dance,Rain,Front to Rear,no,no,no,no,yes,False
101758273,METROPOLITAN NASHVILLE POLICE DEPT,20170807581,Davidson,Nashville,9/10/2017 3:12:00 PM,1,0,0,36.187160,-86.798440,ROSA L PARKS BLVD,,,,275.00,Feet,South,DOMINICAN DR,,,,0.00,N,Not at Intersection,N,OtherLocation,None,,,         ,Joshua,Baker,Clear,Not Collision with Motor Vehicle in Transport,no,no,no,yes,yes,False
101758276,METROPOLITAN NASHVILLE POLICE DEPT,20170810261,Davidson,Nashville,9/12/2017 7:27:00 AM,2,0,0,36.040990,-86.774820,OLD HICKORY BLVD,,,,404.00,Feet,West,HEALTH PARK DR,,,,0.00,N,Not at Intersection,N,Non-Junction,None,,,         ,Nathan,Kemp,Rain,Front to Rear,no,no,no,no,no,False
101758277,METROPOLITAN NASHVILLE POLICE DEPT,20170810222,Davidson,Nashville,9/12/2017 7:00:00 AM,2,0,0,36.095200,-86.924160,OLD HICKORY BLVD,,,,528.00,Feet,North,RIDGELAKE PKWY,,,,0.00,N,Not at Intersection, ,Non-Junction,None,,,         ,Douglas,Atwood,Rain,Front to Rear,no,no,no,no,no,False
101758281,METROPOLITAN NASHVILLE POLICE DEPT,20170810247,Davidson,Nashville,9/12/2017 12:00:00 AM,2,0,0,36.194870,-86.776160,I 65,,,,0.00,,,,,,,86.50,N,Not at Intersection,N,Non-Junction,None,,,         ,Nicholas,MacDougall,Rain,"Sideswipe, Same Direction",no,no,no,no,yes,False
101758283,METROPOLITAN NASHVILLE POLICE DEPT,20170810223,Davidson,Nashville,9/12/2017 6:20:00 AM,2,0,0,36.207080,-86.605530,ANDREW JACKSON PKWY,,,,89.00,Feet,North,HIGHLAND VIEW DR,,,,0.00,N,Not at Intersection, ,Non-Junction,None,,,         ,Gregory,Lindstrom,Rain,Front to Rear,no,no,no,no,no,False
101758295,METROPOLITAN NASHVILLE POLICE DEPT,20170810313,Davidson,Nashville,9/12/2017 7:50:00 AM,2,0,0,36.206500,-86.776490,W TRINITY LN,,,,10.00,Feet,South,I65 S ENT RAMP,,,,0.00,N,Not at Intersection, ,Non-Junction,None,,,         ,Chase,Burnett,Cloudy,"Sideswipe, Same Direction",no,no,no,no,no,False
101758308,METROPOLITAN NASHVILLE POLICE DEPT,20170810214,Davidson,Nashville,9/12/2017 6:45:00 AM,2,0,0,36.056180,-86.620040,MURFREESBORO PKE,,,,0.76,Miles,South,HAMILTON CHURCH RD,,,,0.00,N,Not at Intersection, ,,None,,,         ,David,Smith,,,no,no,no,no,no,False
101758321,METROPOLITAN NASHVILLE POLICE DEPT,20170810498,Davidson,Nashville,9/12/2017 8:46:00 AM,2,0,0,36.110670,-86.785200,WOODMONT BLVD,,,,463.00,Feet,West,GENERAL BATE DR,,,,0.00,N,Not at Intersection, ,Non-Junction,None,,,         ,Nathan,Kemp,Rain,Front to Rear,no,no,no,no,no,False
101758325,METROPOLITAN NASHVILLE POLICE DEPT,20170810284,Davidson,Nashville,9/12/2017 7:34:00 AM,2,0,0,36.175110,-86.767490,ELLINGTON PKWYS,,,,0.00,,,JAMES ROBERTSON PKWY ENT RAMP,,,,0.00,Y,OTHER, ,Non-Junction,None,,,         ,Alex,Moore,Cloudy,Front to Rear,no,no,no,no,no,False
101758331,METROPOLITAN NASHVILLE POLICE DEPT,20170810346,Davidson,Nashville,9/12/2017 8:00:00 AM,3,0,0,36.115900,-86.795160,I 440,,,,0.00,,,,,,,3.70,N,Not at Intersection, ,,None,,,         ,Phillip,Murphy,,,no,no,no,no,no,False
101758333,METROPOLITAN NASHVILLE POLICE DEPT,20170810270,Davidson,Nashville,9/12/2017 7:25:00 AM,1,0,0,36.108680,-86.721130,I 24,,,,0.00,,,,,,,53.80,N,Not at Intersection,N,Entrance/Exit Ramp Related,None,,,         ,Todd,Watson,Rain,Not Collision with Motor Vehicle in Transport,no,no,no,no,no,False
101758339,METROPOLITAN NASHVILLE POLICE DEPT,20170810305,Davidson,Nashville,9/12/2017 7:46:00 AM,2,0,0,36.086710,-86.699040,I24 W ENT RAMP,,,,0.00,Feet,East,I 24,,,,0.00,N,Not at Intersection,N,Non-Junction,None,,,         ,Peter,Vaught,Rain,Front to Rear,no,no,no,no,no,False
101758346,METROPOLITAN NASHVILLE POLICE DEPT,20170810330,Davidson,Not in City Limit,9/12/2017 7:45:00 AM,2,1,0,36.262860,-86.703390,E OLD HICKORY BLVD,,,,215.00,Feet,East,FOREST PARK RD,,,,0.00,N,Not at Intersection,N,Non-Junction,None,,,         ,Eric,Richardson,Cloudy,Angle,no,no,no,no,no,False
101758350,GOODLETTSVILLE POLICE DEPT,17-32069,Davidson,Goodlettsville,9/12/2017 6:39:00 AM,2,0,0,36.324750,-86.701470,CONFERENCE DR,,,,156.00,Feet,South,LONG HOLLOW PKE,,,,0.00,N,Not at Intersection, ,Non-Junction,None,,,         ,Timothy,Williams,Cloudy,Angle,no,no,no,no,no,False
101758369,METROPOLITAN NASHVILLE POLICE DEPT,20170810585,Davidson,Nashville,9/12/2017 9:25:00 AM,3,0,0,36.110150,-86.770390,I 65,,,,0.00,,,,,,,79.75,N,Not at Intersection,N,Non-Junction,None,,,         ,Nathan,Kemp,Rain,Front to Rear,no,no,no,no,yes,False
101758375,METROPOLITAN NASHVILLE POLICE DEPT,20170810323,Davidson,Nashville,9/12/2017 8:20:00 AM,3,0,0,36.128900,-86.802810,21ST AVS,,,,124.00,Feet,South,ASHWOOD AV,,,,0.00,N,Not at Intersection,N,Non-Junction,None,,,         ,Sarah,Ortkiese,Rain,Front to Rear,no,no,no,no,no,False
101758377,METROPOLITAN NASHVILLE POLICE DEPT,20170810248,Davidson,Antioch,9/12/2017 7:15:00 AM,2,0,0,36.037390,-86.586390,MAXWELL RD,,,,0.00,,,LAVERGNE COUCHVILLE PKE,,,,0.00,Y,OTHER,N,Intersection-Related,None,,,         ,David,Simmonds,Rain,Front to Rear,no,no,no,no,no,False
101758378,THP District 9 - Administrative,317053111,Davidson,Nashville,9/8/2017 12:48:00 PM,3,0,0,36.164660,-86.651200,STEWARTS FERRY PKE,,,,0.00,,,MCCAMPBELL AV,,,,0.00,Y,Four-Way, ,Non-Junction,None,,,         ,Steven,Lowery,Clear,Front to Rear,no,no,no,no,no,False
101758381,METROPOLITAN NASHVILLE POLICE DEPT,2017-0810200,Davidson,Nashville,9/12/2017 6:51:00 AM,2,3,0,36.086580,-86.691560,ANTIOCH PKE,,,,363.00,Feet,South,HARDING PL,,,,0.00,N,Not at Intersection,N,"Driveway, Alley Access, etc",None,,,         ,William,Whitworth,Cloudy,Angle,no,no,no,no,no,False
101758392,METROPOLITAN NASHVILLE POLICE DEPT,20170810688,Davidson,Nashville,9/12/2017 10:02:00 AM,2,0,0,36.125390,-86.847080,HARDING PKE,,,,220.00,Feet,East,WHITE BRIDGE PKE,,,,0.00,N,Not at Intersection, ,Non-Junction,None,,,         ,Curtis,Rich,Cloudy,Angle,no,no,no,no,no,False
101758394,METROPOLITAN NASHVILLE POLICE DEPT,20170810280,Davidson,Nashville,9/12/2017 7:40:00 AM,2,0,0,36.133980,-86.748340,POLK AV,,,,0.00,Feet,East,HACKWORTH ST,,,,0.00,N,Not at Intersection, ,Non-Junction,None,,,         ,Brandon,O'Guin,Rain,Front to Rear,no,no,no,no,no,False
101758402,METROPOLITAN NASHVILLE POLICE DEPT,20170810506,Davidson,Nashville,9/12/2017 8:40:00 AM,4,2,0,36.164040,-86.762910,I 24,,,,0.00,,,,,,,49.15,N,Not at Intersection,Y,Entrance/Exit Ramp Related,None,,,         ,Charles,Coe,Rain,Front to Rear,no,no,no,no,no,False
101758417,METROPOLITAN NASHVILLE POLICE DEPT,2017-0810622,Davidson,Nashville,9/12/2017 9:40:00 AM,2,1,0,36.106310,-86.744560,MORTON AV,,,,0.00,,,MEADE AV,,,,0.00,Y,Four-Way,N,Intersection,None,,,         ,Timothy,Edwards,Rain,Angle,no,no,no,no,no,False
101758439,METROPOLITAN NASHVILLE POLICE DEPT,2017-0810311,Davidson,Nashville,9/12/2017 7:30:00 AM,2,0,0,36.168170,-86.757240,S 7TH ST,,,,0.00,,,SYLVAN ST,,,,0.00,Y,OTHER,N,Non-Junction,None,,,         ,Greg,Lyons,Rain,"Sideswipe, Same Direction",no,no,no,no,yes,False
101758463,METROPOLITAN NASHVILLE POLICE DEPT,20170810837,Davidson,Nashville,9/12/2017 11:19:00 AM,2,0,0,36.145390,-86.871590,CHARLOTTE PKE,,,,363.00,Feet,West,WESTBORO DR,,,,0.00,N,Not at Intersection, ,Non-Junction,None,,,         ,Curtis,Rich,Cloudy,Angle,no,no,no,no,no,False
101758473,METROPOLITAN NASHVILLE POLICE DEPT,20170810728,Davidson,Nashville,9/12/2017 10:24:00 AM,2,0,0,36.155780,-86.823930,I40 E EXT RAMP,,,,0.00,,,I 40,,,,0.00,Y,OTHER,N,Entrance/Exit Ramp Related,None,,,         ,Michael,Pyle,Cloudy,Front to Rear,no,no,no,no,no,False
101758483,METROPOLITAN NASHVILLE POLICE DEPT,20170810866,Davidson,Nashville,9/12/2017 11:20:00 AM,2,0,0,36.125820,-86.846490,KENNER AV,,,,0.00,,,HARDING PKE,,,,0.00,Y,Four-Way, ,Intersection,None,,,         ,Brian,Myatt,Rain,"Sideswipe, Same Direction",no,no,no,no,no,False
101758493,METROPOLITAN NASHVILLE POLICE DEPT,20170810918,Davidson,Nashville,9/12/2017 11:50:00 AM,2,0,0,36.151030,-86.794350,18TH AVS,,,,79.00,Feet,South,DIVISION ST,,,,0.00,N,Not at Intersection, ,Non-Junction,None,,,         ,Bryan,Musgrave,Rain,Angle,no,no,no,no,no,False
101758508,METROPOLITAN NASHVILLE POLICE DEPT,20170810927,Davidson,Nashville,9/12/2017 11:50:00 AM,1,0,0,36.160650,-86.776960,4TH AVS,,,,150.00,Feet,South,BROADWAY,,,,0.00,N,Not at Intersection, ,Non-Junction,None,,,         ,David,Hazzard,Cloudy,Not Collision with Motor Vehicle in Transport,no,no,no,no,no,False
101758511,METROPOLITAN NASHVILLE POLICE DEPT,2017080373,Davidson,Nashville,9/12/2017 8:10:00 AM,2,0,0,36.045420,-86.647010,MT VIEW RD,,,,83.00,Feet,East,CROSSINGS BLVD,,,,0.00,N,Not at Intersection, ,Non-Junction,None,,,         ,Brandon,O'Guin,Rain,Front to Rear,no,no,no,no,yes,False
101758531,METROPOLITAN NASHVILLE POLICE DEPT,20170806810,Davidson,Nashville,9/11/2017 6:30:00 AM,2,1,0,36.262360,-86.679130,STATE RT 45,,,,0.00,,,EAGAN CIR,,,,0.00,Y,T-Intersection,N,Intersection,None,,,         ,Donald,Davidson,Clear,Angle,no,no,no,no,yes,False
101758532,METROPOLITAN NASHVILLE POLICE DEPT,20170810541,Davidson,Nashville,9/12/2017 9:06:00 AM,2,0,0,36.086830,-86.695660,HARDING PL,,,,86.00,Feet,East,S PERIMETER PARK DR,,,,0.00,N,Not at Intersection, ,Non-Junction,None,,,         ,Brandon,O'Guin,Cloudy,Front to Rear,no,no,no,no,yes,False
101758565,METROPOLITAN NASHVILLE POLICE DEPT,20170811093,Davidson,Nashville,9/12/2017 12:56:00 PM,2,0,0,36.146470,-86.743820,FESSLERS LN,,,,95.00,Feet,South,RUNDLE AV,,,,0.00,N,Not at Intersection, ,Non-Junction,None,,,         ,Jed,Baldoni,Cloudy,Angle,no,no,no,no,no,False
101758566,METROPOLITAN NASHVILLE POLICE DEPT,20170810611,Davidson,Nashville,9/12/2017 9:44:00 AM,2,0,0,36.047670,-86.656110,HICKORY HOLLOW PKWY,,,,69.00,Feet,West,BELL RD,,,,0.00,N,Not at Intersection, ,Non-Junction,None,,,         ,Brandon,O'Guin,Cloudy,Front to Rear,no,no,no,no,no,False
101758570,METROPOLITAN NASHVILLE POLICE DEPT,20170810875,Davidson,Goodlettsville,9/12/2017 11:35:00 AM,2,2,0,36.304710,-86.688980,NORTHSIDE FESTIVAL PVTDR,,,,0.00,,,LIBERTY LN,,,,0.00,Y,Four-Way,N,Intersection,None,,,         ,Coleman,McKellar,Cloudy,Front to Rear,no,no,no,no,no,False
101758572,METROPOLITAN NASHVILLE POLICE DEPT,20170810428,Davidson,Nashville,9/12/2017 7:54:00 AM,2,0,0,36.126700,-86.711090,MURFREESBORO PKE,,,,0.00,,,EAST THOMPSON LN,,,,0.00,Y,Four-Way, ,Intersection-Related,None,,,         ,Tyler,Adcock,Cloudy,Front to Rear,no,no,no,no,no,False
101758573,METROPOLITAN NASHVILLE POLICE DEPT,20170811185,Davidson,Nashville,9/12/2017 1:34:00 PM,2,0,0,36.040260,-86.816400,OLD HICKORY BLVD,,,,0.00,,,GRANNY WHITE PKE,,,,0.00,Y,Four-Way, ,Non-Junction,None,,,         ,Russell,Freeman,Rain,Front to Rear,no,no,no,no,no,False
101758590,METROPOLITAN NASHVILLE POLICE DEPT,20170811267,Davidson,Nashville,9/12/2017 2:08:00 PM,2,0,0,36.229710,-86.732500,BROADMOOR DR,,,,0.00,,,SAUNDERS AV,,,,0.00,Y,Four-Way,N,Intersection-Related,None,,,         ,Alex,Moore,Cloudy,Front to Rear,no,no,no,no,yes,False
101758620,METROPOLITAN NASHVILLE POLICE DEPT,20170810309,Davidson,Not in City Limit,9/12/2017 7:45:00 AM,2,0,0,36.264430,-86.737770,I 65,,,,0.00,,,,,,,92.25,N,Not at Intersection, ,Non-Junction,None,,,         ,Jack,Crouch,Cloudy,"Sideswipe, Same Direction",no,no,no,no,no,False
101758622,TENNESSEE STATE UNIVERSITY ,17-TSU-67623,Davidson,Nashville,9/8/2017 12:00:00 AM,2,0,0,36.162660,-86.832070,38TH AVN,,,,0.00,,,ALBION ST,,,,0.00,Y,OTHER, ,Non-Junction,None,,,         ,Harold,Taylor,Clear,Unknown,no,no,no,yes,yes,False
101758623,METROPOLITAN NASHVILLE POLICE DEPT,20170811126,Davidson,Nashville,9/12/2017 1:03:00 PM,3,4,0,36.231600,-86.781520,EWING DR,,,,0.00,,,BRICK CHURCH PKE,,,,0.00,Y,Four-Way,N,Intersection,None,,,         ,Thomas,Odom,Rain,Angle,no,no,no,no,no,False
101758650,METROPOLITAN NASHVILLE POLICE DEPT,20170811315,Davidson,Not in City Limit,9/12/2017 2:39:00 PM,2,0,0,36.262560,-86.738140,I 65,,,,0.00,,,,,,,92.10,N,Not at Intersection,N,Non-Junction,None,,,         ,Christopher,Littles,Rain,Front to Rear,no,no,no,no,yes,False
101758656,METROPOLITAN NASHVILLE POLICE DEPT,20170811303,Davidson,Nashville,9/12/2017 2:38:00 PM,2,0,0,36.140990,-86.817300,WEST END AV,,,,58.00,Feet,North,ACKLEN PARK DR,,,,0.00,N,Not at Intersection, ,Non-Junction,None,,,         ,Russell,Freeman,Rain,Front to Rear,no,no,no,no,no,False
101758702,METROPOLITAN NASHVILLE POLICE DEPT,20170811230,Davidson,Nashville,9/12/2017 2:20:00 PM,2,0,0,36.044950,-86.664880,BELL RD,,,,522.00,Feet,North,CEDAR POINTE PKWY,,,,0.00,N,Not at Intersection, ,Non-Junction,None,,,         ,Jessie,Meadows,Rain,Front to Rear,no,no,no,no,no,False
101758705,METROPOLITAN NASHVILLE POLICE DEPT,20170811541,Davidson,Nashville,9/12/2017 4:00:00 PM,2,0,0,36.044930,-86.670720,BELL RD,,,,90.00,Feet,West,HICKORY PARK DR,,,,0.00,N,Not at Intersection,N,Non-Junction,None,,,         ,Jessie,Meadows,Rain,Front to Rear,no,no,no,no,no,False
101758723,METROPOLITAN NASHVILLE POLICE DEPT,20170811572,Davidson,Nashville,9/12/2017 4:08:00 PM,1,1,0,36.117450,-86.699270,BRILEY PKWY N EXT RAMP,,,,0.00,Feet,East,MURFREESBORO PKE,,,,0.00,N,Not at Intersection,Y,Entrance/Exit Ramp Related,None,,,         ,Andrew,Mullen,Rain,Not Collision with Motor Vehicle in Transport,no,no,no,no,no,False
101758725,METROPOLITAN NASHVILLE POLICE DEPT,20170811399,Davidson,Joelton,9/12/2017 3:10:00 PM,2,1,0,36.319040,-86.866780,WHITES CREEK PKE,,,,761.00,Feet,South,GIFFORD PL,,,,0.00,N,Not at Intersection,N,Non-Junction,None,,,         ,Lindsey,Anderson,Cloudy,Front to Rear,no,no,no,no,no,False
101758738,METROPOLITAN NASHVILLE POLICE DEPT,20170811673,Davidson,Nashville,9/12/2017 4:33:00 PM,2,0,0,36.138390,-86.775780,I 65,,,,0.00,,,,,,,81.70,N,Not at Intersection, ,,None,,,         ,Hillary,Sherman,,,no,no,no,no,no,False
101758739,METROPOLITAN NASHVILLE POLICE DEPT,20170811649,Davidson,Nashville,9/12/2017 4:23:00 PM,2,0,0,36.113560,-86.806160,WOODMONT BLVD,,,,0.00,,,HOPKINS ST,,,,0.00,Y,Four-Way,N,Intersection,None,,,         ,Russell,Freeman,Rain,Angle,no,no,no,no,no,False
101758750,METROPOLITAN NASHVILLE POLICE DEPT,20170811412,Davidson,Nashville,9/12/2017 3:47:00 PM,2,0,0,36.170830,-86.601530,I40 W EXT RAMP,,,,0.00,Feet,,I 40,,,,0.00,Y,Four-Way,N,Intersection,None,,,         ,Sekou,Samassi,Rain,Angle,no,no,no,no,no,False