master_record_number,agency,agency_tracking_number,county,city,collision_date,vehicles_involved,number_injured,number_dead,latitude,longitude,roadway_name,roadway_suffix,roadway_number,roadway_local_id,distance_from_reference,miles-feet_indicator,direction_from_reference,intersection_road_name,intersection_road_name_suffix,intersection_road_number,intersection_local_id,mile_marker,intersection_indicator,intersect_type,interchange_related_indicator,relation_to_junction,work_zone_type,construction_maintenance_zone,construction_maintenance_zone_location,fatal_case_number,officer_first_name,officer_last_name,weather_condition(s),manner_of_crash,pedestrian,bicycle,scooter,parking,hitrun,mou
101759824,METROPOLITAN NASHVILLE POLICE DEPT,20170815316,Davidson,Nashville,9/13/2017 5:51:00 PM,2,0,0,36.214160,-86.597700,ANDREW JACKSON PKWY,,,,201.00,Feet,North,TRENTON DR,,,,0.00,N,Not at Intersection, ,Non-Junction,None,,,         ,Kyle,Burks,Rain,Angle,no,no,no,no,no,False
101759826,METROPOLITAN NASHVILLE POLICE DEPT,20170815039,Davidson,Nashville,9/13/2017 4:40:00 PM,2,0,0,36.175010,-86.784680,3RD AVN,,,,0.00,,,JEFFERSON ST,,,,0.00,Y,OTHER, ,Intersection-Related,None,,,         ,Joshua,Reece,Rain,Front to Rear,no,no,no,no,no,False
101759830,METROPOLITAN NASHVILLE POLICE DEPT,2017-0815526,Davidson,Nashville,9/13/2017 8:23:00 PM,2,1,0,36.073680,-86.920690,OLD HICKORY BLVD,,,,32.00,Feet,South,BELLEVUE VALLEY PLAZA PVTDR,,,,0.00,N,Not at Intersection,N,Non-Junction,None,,,         ,Michael,Rogers,Rain,Angle,no,no,no,no,no,False
101759833,METROPOLITAN NASHVILLE POLICE DEPT,20170815406,Davidson,Nashville,9/13/2017 6:15:00 PM,2,0,0,36.031940,-86.762620,CLOVERLAND DR,,,,64.00,Feet,East,CLOVERLAND PL,,,,0.00,N,Not at Intersection, ,Non-Junction,None,,,         ,Jacob,Paul,Rain,Front to Rear,no,no,no,no,no,False
101759857,METROPOLITAN NASHVILLE POLICE DEPT,20170815596,Davidson,Nashville,9/13/2017 7:05:00 PM,2,0,0,36.110960,-86.745900,THOMPSON LN,,,,0.00,,,ELIZABETH ST,,,,0.00,Y,T-Intersection,N,Non-Junction,None,,,         ,William,Taylor,Rain,Angle,no,no,no,no,yes,False
101759858,METROPOLITAN NASHVILLE POLICE DEPT,20170815597,Davidson,Nashville,9/13/2017 12:00:00 AM,2,0,0,36.205770,-86.743340,THOMAS AV,,,,0.00,,,,,,,0.00,,, ,Non-Junction,None,,,         ,Christopher,Valdez,Clear,Other,no,no,no,yes,yes,False
101759872,METROPOLITAN NASHVILLE POLICE DEPT,20170815718,Davidson,Nashville,9/13/2017 12:00:00 AM,2,0,0,36.195730,-86.673330,MCGAVOCK PKE,,,,90.00,Feet,North,STONES RIVER CT,,,,0.00,N,Not at Intersection,N,Non-Junction,None,,,         ,Craig,Gentry,Rain,"Sideswipe, Opposite Direction",no,no,no,no,yes,False
101759874,METROPOLITAN NASHVILLE POLICE DEPT,20170814729,Davidson,Nashville,9/13/2017 1:29:00 PM,2,2,0,36.184650,-86.757980,CLEVELAND ST,,,,88.00,Feet,East,N 9TH ST,,,,0.00,N,Not at Intersection,N,Non-Junction,None,,,         ,Joshua,Lackey,Rain,Front to Rear,no,no,no,no,no,False
101759885,METROPOLITAN NASHVILLE POLICE DEPT,20170815820,Davidson,Nashville,9/13/2017 8:43:00 PM,2,0,0,36.097740,-86.738480,VERITAS ST,,,,0.00,,,NOLENSVILLE PKE,,,,0.00,Y,T-Intersection,N,Intersection-Related,None,,,         ,Tien,Nguyen,Rain,Angle,no,no,no,no,no,False
101759886,METROPOLITAN NASHVILLE POLICE DEPT,20170815554,Davidson,Nashville,9/13/2017 8:34:00 PM,2,0,0,36.174030,-86.605940,CENTRAL PKE,,,,1.00,Feet,West,I40 E EXT RAMP,,,,0.00,N,Not at Intersection, ,Entrance/Exit Ramp Related,None,,,         ,Sekou,Samassi,Rain,Front to Rear,no,no,no,no,no,False
101759888,METROPOLITAN NASHVILLE POLICE DEPT,20170815240,Davidson,Nashville,9/13/2017 4:40:00 PM,2,0,0,36.158670,-86.864220,BRILEY PKWYN,,,,221.00,Feet,West,BRILEY PKWY N ENT RAMP,,,,0.00,N,Not at Intersection, ,Non-Junction,None,,,         ,John,Hoesli,Cloudy,"Sideswipe, Same Direction",no,no,no,no,no,False
101759898,METROPOLITAN NASHVILLE POLICE DEPT,20170815869,Davidson,Nashville,9/13/2017 9:36:00 PM,2,1,0,36.206850,-86.605630,HIGHLAND VIEW DR,,,,0.00,,,ANDREW JACKSON PKWY,,,,0.00,Y,Four-Way,N,Intersection,None,,,         ,Kyle,Burks,Rain,Front to Rear,no,no,no,no,no,False
101759900,METROPOLITAN NASHVILLE POLICE DEPT,20170815832,Davidson,Nashville,9/13/2017 7:35:00 PM,2,0,0,36.152950,-86.755600,I 40,,,,0.00,,,,,,,211.25,N,Not at Intersection,N,Non-Junction,None,,,         ,John,Daugherty,Rain,"Sideswipe, Same Direction",no,no,no,no,yes,False
101759916,METROPOLITAN NASHVILLE POLICE DEPT,20170815954,Davidson,Nashville,9/13/2017 8:30:00 PM,2,0,0,36.049430,-86.651260,BELL RD,,,,147.00,Feet,East,HICKORY HOLLOW MALL PVTDR PL,,,,0.00,N,Not at Intersection, ,Non-Junction,None,,,         ,Autumn,Manning,Rain,"Sideswipe, Same Direction",no,no,no,no,no,False
101759933,METROPOLITAN NASHVILLE POLICE DEPT,2017-0816107,Davidson,Nashville,9/13/2017 11:55:00 PM,1,0,0,36.046380,-86.858620,OLD HICKORY BLVD,,,,1258.00,Feet,East,HILLSBORO PKE,,,,0.00,N,Not at Intersection,N,Non-Junction,None,,,         ,Thomas,Miller,Clear,Not Collision with Motor Vehicle in Transport,no,no,no,no,no,False
101759934,METROPOLITAN NASHVILLE POLICE DEPT,20170816211,Davidson,Nashville,9/13/2017 11:30:00 PM,1,0,0,36.083560,-86.654630,PICCADILLY ROW,,,,201.00,Feet,South,MT HOOD DR,,,,0.00,N,Not at Intersection,N,Non-Junction,None,,,         ,William,Williams,Clear,Not Collision with Motor Vehicle in Transport,no,no,no,no,no,False
101759947,METROPOLITAN NASHVILLE POLICE DEPT,20170816353,Davidson,Nashville,9/14/2017 1:05:00 AM,2,0,0,36.088770,-86.615250,CASTLEGATE DR,,,,176.00,Feet,South,SMITH SPRINGS RD,,,,0.00,N,Not at Intersection,N,Non-Junction,None,,,         ,Eric,Cunningham,Cloudy,"Sideswipe, Opposite Direction",no,no,no,no,yes,False
101759956,METROPOLITAN NASHVILLE POLICE DEPT,20170816546,Davidson,Nashville,9/14/2017 12:00:00 AM,1,1,0,36.201870,-86.776610,I 65,,,,0.00,,,,,,,87.00,N,Not at Intersection,N,Non-Junction,None,,,         ,Amanda,Hane,,Not Collision with Motor Vehicle in Transport,no,no,no,no,no,False
101759967,METROPOLITAN NASHVILLE POLICE DEPT,20170816193,Davidson,Nashville,9/13/2017 11:10:00 PM,1,0,0,36.188430,-86.836960,HYDES FERRY RD,,,,0.00,,,S HAMILTON RD,,,,0.00,Y,T-Intersection,N,Intersection-Related,None,,,         ,Charles,Duke,Rain,Not Collision with Motor Vehicle in Transport,no,no,no,no,yes,False
101759991,METROPOLITAN NASHVILLE POLICE DEPT,20170816814,Davidson,Nashville,9/14/2017 5:45:00 AM,2,1,0,36.071870,-86.636180,MURFREESBORO PKE,,,,0.00,,,BELL RD,,,,0.00,Y,Four-Way,Y,Intersection-Related,None,,,         ,Douglas,Sykes,Rain,Front to Rear,no,no,no,no,no,False
101759998,METROPOLITAN NASHVILLE POLICE DEPT,20170816552,Davidson,Nashville,9/14/2017 3:15:00 AM,1,0,0,36.203220,-86.760600,JOY AV,,,,117.00,Feet,East,JOY CIR,,,,0.00,N,Not at Intersection,N,Non-Junction,None,,,         ,Audrean,Manquero,Rain,Not Collision with Motor Vehicle in Transport,no,no,no,no,yes,False
101760005,METROPOLITAN NASHVILLE POLICE DEPT,20170816817,Davidson,Not in City Limit,9/14/2017 5:45:00 AM,2,0,0,36.021400,-86.628570,I 24,,,,0.00,,,,,,,61.90,N,Not at Intersection,N,Non-Junction,None,,,         ,Autumn,Manning,Rain,"Sideswipe, Same Direction",no,no,no,no,no,False
101760018,BERRY HILL POLICE DEPT,17-3125,Davidson,Berry Hill,9/13/2017 2:23:00 PM,2,0,0,36.121350,-86.775610,KIRKWOOD AV,,,,75.00,Feet,West,FRANKLIN PKE,,,,0.00,N,Not at Intersection, ,Non-Junction,None,,,         ,Ronnie,Hill,Cloudy,Angle,no,no,no,no,no,False
101760030,METROPOLITAN NASHVILLE POLICE DEPT,20170817050,Davidson,Nashville,9/14/2017 7:44:00 AM,2,0,0,36.109650,-86.922510,OLD HICKORY BLVD,,,,66.00,Feet,South,SONYA DR,,,,0.00,N,Not at Intersection, ,Non-Junction,None,,,         ,Curtis,Rich,Cloudy,Front to Rear,no,no,no,no,no,False
101760036,METROPOLITAN NASHVILLE POLICE DEPT,20170816971,Davidson,Nashville,9/14/2017 7:00:00 AM,2,0,0,36.157710,-86.790610,I 40,,,,0.00,,,,,,,209.00,N,Not at Intersection, ,Non-Junction,None,,,         ,Carey,Steel,Rain,Front to Rear,no,no,no,no,no,False
101760046,METROPOLITAN NASHVILLE POLICE DEPT,20170817031,Davidson,Nashville,9/14/2017 7:35:00 AM,3,0,0,36.188630,-86.628710,LEBANON PKE,,,,233.00,Feet,East,HICKORY HILL LN,,,,0.00,N,Not at Intersection, ,Non-Junction,None,,,         ,Michael,Dance,Clear,Front to Rear,no,no,no,no,no,False
101760047,METROPOLITAN NASHVILLE POLICE DEPT,20170817016,Davidson,Nashville,9/14/2017 7:45:00 AM,2,0,0,36.165260,-86.764080,I 24,,,,0.00,,,,,,,49.05,N,Not at Intersection, ,Non-Junction,None,,,         ,Kevin,Johnson,Clear,Front to Rear,no,no,no,no,no,False
101760048,METROPOLITAN NASHVILLE POLICE DEPT,20170817103,Davidson,Nashville,9/14/2017 8:00:00 AM,2,0,0,36.206530,-86.776480,I 65,,,,0.00,,,,,,,87.30,N,Not at Intersection,N,Non-Junction,None,,,         ,Chase,Burnett,Cloudy,Front to Rear,no,no,no,no,yes,False
101760049,METROPOLITAN NASHVILLE POLICE DEPT,20170816932,Davidson,Nashville,9/14/2017 6:56:00 AM,2,2,0,36.174570,-86.795260,MONROE ST,,,,0.00,Feet,West,10TH AVN,,,,0.00,N,Not at Intersection,N,Non-Junction,None,,,         ,YUNUS,ADAK,Rain,Angle,no,no,no,no,no,False
101760052,METROPOLITAN NASHVILLE POLICE DEPT,20170816991,Davidson,Nashville,9/14/2017 7:10:00 AM,2,0,0,36.111670,-86.722760,I24 W ENT RAMP,,,,0.00,Feet,East,I 24,,,,0.00,N,Not at Intersection, ,Non-Junction,None,,,         ,James,Thomas,Rain,"Sideswipe, Same Direction",no,no,no,no,no,False
101760058,VANDERBILT UNIVERSITY POLICE,17-0816995,Davidson,Nashville,9/14/2017 6:25:00 AM,1,0,0,36.140770,-86.800720,DIXIE PL,,,,0.00,,,,,,,0.00,,,N,Non-Junction,None,,,         ,Joseph,Musick,Rain,Not Collision with Motor Vehicle in Transport,no,no,no,no,no,Campus
101760059,METROPOLITAN NASHVILLE POLICE DEPT,20170817004,Davidson,Not in City Limit,9/14/2017 7:19:00 AM,3,1,0,36.323800,-86.866900,I 24,,,,0.00,,,,,,,35.00,N,Not at Intersection,Y,Entrance/Exit Ramp Related,None,,,         ,Jeanine,Sarno,Clear,Front to Rear,no,no,no,no,no,False
101760069,GOODLETTSVILLE POLICE DEPT,17-32275,Davidson,Goodlettsville,9/13/2017 10:36:00 PM,2,1,0,36.304000,-86.702350,RIVERGATE PKWY,,,,0.00,,,RIVERGATE MALL PVTDR,,,,0.00,Y,T-Intersection,N,Intersection,None,,,         ,Jeffrey,Petty,Rain,Angle,no,no,no,no,no,False
101760072,METROPOLITAN NASHVILLE POLICE DEPT,20170817109,Davidson,Nashville,9/14/2017 7:35:00 AM,2,0,0,36.187920,-86.798480,DOMINICAN DR,,,,0.00,Feet,West,ROSA L PARKS BLVD,,,,0.00,N,Not at Intersection, ,Non-Junction,None,,,         ,Joshua,Baker,Rain,Front to Rear,no,no,no,no,no,False
101760077,METROPOLITAN NASHVILLE POLICE DEPT,20170817064,Davidson,Nashville,9/14/2017 7:48:00 AM,2,1,0,36.113800,-86.809000,WOODMONT BLVD,,,,63.00,Feet,East,GOLF CLUB LN,,,,0.00,N,Not at Intersection,N,Non-Junction,None,,,         ,Ronald,Raynore,Rain,Front to Rear,no,no,no,no,no,False
101760081,METROPOLITAN NASHVILLE POLICE DEPT,20170817166,Davidson,Nashville,9/14/2017 8:22:00 AM,2,2,0,36.151680,-86.860190,I 40,,,,0.00,,,,,,,203.80,N,Not at Intersection,N,Non-Junction,None,,,         ,Curtis,Rich,Cloudy,Front to Rear,no,no,no,no,no,False
101760086,METROPOLITAN NASHVILLE POLICE DEPT,20170817087,Davidson,Nashville,9/14/2017 7:45:00 AM,2,0,0,36.157950,-86.784310,10TH AVN,,,,0.00,,,BROADWAY,,,,0.00,Y,T-Intersection,N,Intersection-Related,None,,,         ,Charles,Coe,Rain,"Sideswipe, Same Direction",no,no,no,no,no,False
101760088,METROPOLITAN NASHVILLE POLICE DEPT,20170817138,Davidson,Nashville,9/14/2017 8:10:00 AM,2,0,0,36.151630,-86.799520,20TH AVN,,,,113.00,Feet,North,WEST END AV,,,,0.00,N,Not at Intersection,N,Non-Junction,None,,,         ,Bryan,Musgrave,Cloudy,Angle,no,no,no,no,no,Campus
101760089,METROPOLITAN NASHVILLE POLICE DEPT,20170817124,Davidson,Nashville,9/14/2017 7:40:00 AM,2,0,0,36.150150,-86.700200,ACORN DR,,,,0.00,,,ELM HILL PKE,,,,0.00,Y,Four-Way, ,Intersection-Related,None,,,         ,Scott,Toney,Cloudy,Front to Rear,no,no,no,no,no,False
101760092,METROPOLITAN NASHVILLE POLICE DEPT,20170817133,Davidson,Nashville,9/14/2017 8:10:00 AM,2,0,0,36.146660,-86.822330,I 440,,,,0.00,,,,,,,1.20,N,Not at Intersection, ,Non-Junction,None,,,         ,Gregory,McDaniel,Cloudy,Front to Rear,no,no,no,no,no,False
101760105,METROPOLITAN NASHVILLE POLICE DEPT,20170817116,Davidson,Nashville,9/14/2017 7:40:00 AM,4,3,0,36.044810,-86.662320,BELL RD,,,,236.00,Feet,West,CANE RIDGE RD,,,,0.00,N,Not at Intersection,N,Non-Junction,None,,,         ,Jason,Dudley,Rain,Front to Rear,no,no,no,no,no,False
101760111,METROPOLITAN NASHVILLE POLICE DEPT,20170817153,Davidson,Nashville,9/14/2017 8:25:00 AM,2,0,0,36.154340,-86.798960,19TH AVN,,,,0.00,,,CHURCH ST,,,,0.00,Y,Four-Way,N,Intersection,None,,,         ,Sarah,Ortkiese,Cloudy,Other,no,no,no,no,no,False
101760117,METROPOLITAN NASHVILLE POLICE DEPT,20170817194,Davidson,Nashville,9/14/2017 8:21:00 AM,2,0,0,36.147210,-86.638180,FITZPATRICK RD,,,,70.00,Feet,North,DANBURY CT,,,,0.00,N,Not at Intersection, ,Non-Junction,None,,,         ,Michael,Dance,Cloudy,Front to Rear,no,no,no,no,no,False
101760120,METROPOLITAN NASHVILLE POLICE DEPT,20170817329,Davidson,Nashville,9/14/2017 8:55:00 AM,2,0,0,36.066920,-86.609528,OAK TIMBER,DR,,,0.00,,,OAK TIMBER,CT,US2,,0.00,Y,T-Intersection, ,,None,,,         ,Steven,Williams,,,no,no,no,no,no,False
101760126,METROPOLITAN NASHVILLE POLICE DEPT,20170817230,Davidson,Nashville,9/14/2017 8:50:00 AM,1,0,0,36.215860,-86.586240,LEBANON PKE,,,,39.00,Feet,West,LADY NASHVILLE DR,,,,0.00,N,Not at Intersection, ,Non-Junction,None,,,         ,Gregory,Lindstrom,Cloudy,Not Collision with Motor Vehicle in Transport,no,no,no,no,no,False
101760132,METROPOLITAN NASHVILLE POLICE DEPT,20170817199,Davidson,Nashville,9/14/2017 8:56:00 AM,2,0,0,36.165030,-86.861410,PENNSYLVANIA AV,,,,49.00,Feet,West,61ST AVN,,,,0.00,N,Not at Intersection, ,Non-Junction,None,,,         ,George,Spencer,Clear,Unknown,no,no,no,no,yes,False
101760133,METROPOLITAN NASHVILLE POLICE DEPT,20170817376,Davidson,Nashville,9/14/2017 9:46:00 AM,1,1,0,36.206640,-86.633550,BONNAVUE DR,,,,148.00,Feet,West,BONNAFAIR DR,,,,0.00,N,Not at Intersection,N,Non-Junction,None,,,         ,Michael,Dance,Cloudy,Not Collision with Motor Vehicle in Transport,no,no,no,yes,no,False
101760137,METROPOLITAN NASHVILLE POLICE DEPT,20170817302,Davidson,Nashville,9/14/2017 8:54:00 AM,2,0,0,36.246660,-86.756610,DICKERSON PKE,,,,0.00,,,SKYLINE COMMONS PVTDR,,,,0.00,Y,T-Intersection, ,Intersection,None,,,         ,Thomas,Odom,Cloudy,"Sideswipe, Same Direction",no,no,no,no,no,False
101760139,METROPOLITAN NASHVILLE POLICE DEPT,20170817273,Davidson,Nashville,9/14/2017 9:11:00 AM,2,0,0,36.170280,-86.767250,I 24,,,,0.00,,,,,,,48.65,N,Not at Intersection, ,Non-Junction,None,,,         ,Ronald,Bright,Cloudy,"Sideswipe, Same Direction",no,no,no,no,no,False
101760141,METROPOLITAN NASHVILLE POLICE DEPT,20170817018,Davidson,Nashville,9/14/2017 7:17:00 AM,2,0,0,36.154310,-86.741930,LEBANON PKE,,,,58.00,Feet,East,FESSLERS LN,,,,0.00,N,Not at Intersection, ,,None,,,         ,James,Curtis,,,no,no,no,no,no,False
101760142,METROPOLITAN NASHVILLE POLICE DEPT,20170817055,Davidson,Nashville,9/14/2017 7:34:00 AM,2,0,0,36.092870,-86.790400,GLENDALE LN,,,,0.00,,,LEALAND LN,,,,0.00,Y,Four-Way,N,Intersection,None,,,         ,Shedie,Herbert III,Cloudy,Angle,no,no,no,no,no,False
101760151,METROPOLITAN NASHVILLE POLICE DEPT,20170817424,Davidson,Nashville,9/14/2017 9:45:00 AM,2,0,0,36.153270,-86.769560,2ND AVS,,,,0.00,,,ASH ST,,,,0.00,Y,T-Intersection, ,Intersection-Related,None,,,         ,Charles,Coe,Cloudy,"Sideswipe, Same Direction",no,no,no,no,no,False
101760158,METROPOLITAN NASHVILLE POLICE DEPT,20170817288,Davidson,Nashville,9/14/2017 8:45:00 AM,2,0,0,36.193660,-86.831220,CLARKSVILLE PKE,,,,0.00,Feet,,BUENA VISTA PKE,,,,0.00,Y,Four-Way, ,Intersection-Related,None,,,         ,Jeanine,Sarno,Cloudy,Front to Rear,no,no,no,no,no,False
101760170,METROPOLITAN NASHVILLE POLICE DEPT,20170817517,Davidson,Nashville,9/14/2017 10:30:00 AM,2,1,0,36.127240,-86.774770,WHITE AV,,,,237.00,Feet,North,CRAIGHEAD ST,,,,0.00,N,Not at Intersection,N,Non-Junction,None,,,         ,Ian,Hammond,Cloudy,Angle,no,no,no,yes,no,False
101760171,METROPOLITAN NASHVILLE POLICE DEPT,20170817394,Davidson,Nashville,9/14/2017 9:52:00 AM,1,1,0,36.192020,-86.778230,I65 S ENT RAMP,,,,0.00,Feet,East,I 65,,,,0.00,N,Not at Intersection,Y,Entrance/Exit Ramp Related,None,,,         ,Jared,Eaves,Clear,Not Collision with Motor Vehicle in Transport,no,no,no,no,no,False
101760176,METROPOLITAN NASHVILLE POLICE DEPT,20170817610,Davidson,Nashville,9/14/2017 11:05:00 AM,2,0,0,36.199580,-86.776230,I 65,,,,0.00,,,,,,,86.85,N,Not at Intersection, ,Non-Junction,None,,,         ,Richard,Conger,Cloudy,Front to Rear,no,no,no,no,no,False
101760178,METROPOLITAN NASHVILLE POLICE DEPT,20170817447,Davidson,Nashville,9/14/2017 10:00:00 AM,1,0,0,36.122090,-86.768790,FESSEY PARK RD,,,,0.00,,,,,,,0.00,,, ,"Driveway, Alley Access, etc",None,,,         ,Carey,Steel,Cloudy,Not Collision with Motor Vehicle in Transport,no,no,no,yes,no,False
101760190,METROPOLITAN NASHVILLE POLICE DEPT,20170817321,Davidson,Nashville,9/14/2017 9:21:00 AM,3,3,0,36.101790,-86.740550,NOLENSVILLE PKE,,,,0.00,,,ANTIOCH PKE,,,,0.00,Y,T-Intersection,Y,Intersection,None,,,         ,Sara,Lober,Cloudy,Angle,no,no,no,no,no,False
101760191,METROPOLITAN NASHVILLE POLICE DEPT,2017817375,Davidson,Nashville,9/14/2017 9:47:00 AM,2,0,0,36.042950,-86.781950,I 65,,,,0.00,,,,,,,74.85,N,Not at Intersection, ,Non-Junction,None,,,         ,Erik,Wagner,Rain,Angle,no,no,no,no,no,False
101760202,METROPOLITAN NASHVILLE POLICE DEPT,20170817687,Davidson,Nashville,9/14/2017 11:55:00 AM,2,0,0,36.131850,-86.832880,WEST END AV,,,,211.00,Feet,East,WILSON BLVDN,,,,0.00,N,Not at Intersection, ,Non-Junction,Construction Zone,,,         ,Curtis,Rich,Cloudy,Angle,no,no,no,no,no,False
101760206,METROPOLITAN NASHVILLE POLICE DEPT,20170817637,Davidson,Nashville,9/14/2017 11:26:00 AM,2,2,0,36.066440,-86.630220,MURFREESBORO PKE,,,,338.00,Feet,North,HAMILTON CROSSINGS,,,,0.00,N,Not at Intersection,N,Non-Junction,None,,,         ,Jason,Dudley,Clear,Front to Rear,no,no,no,no,no,False
101760208,METROPOLITAN NASHVILLE POLICE DEPT,20170817586,Davidson,Nashville,9/14/2017 11:06:00 AM,2,2,0,36.195350,-86.834000,MANCHESTER AV,,,,0.00,,,CLARKSVILLE PKE,,,,0.00,Y,T-Intersection,N,Intersection,None,,,         ,Michael,McCord,Cloudy,HeadOn,no,no,no,no,no,False
101760210,METROPOLITAN NASHVILLE POLICE DEPT,20170817485,Davidson,Nashville,9/14/2017 10:19:00 AM,2,0,0,36.060070,-86.741050,ELLINGTON CIR,,,,0.00,,,EDMONDSON PKE,,,,0.00,Y,T-Intersection,N,Intersection,None,,,         ,Darrell,Osment,Rain,Front to Rear,no,no,no,no,no,False
101760220,METROPOLITAN NASHVILLE POLICE DEPT,20170817633,Davidson,Nashville,9/14/2017 11:26:00 AM,2,1,0,36.169550,-86.600980,OLD HICKORY BLVD,,,,0.00,,,I40 E ENT RAMP,,,,0.00,Y,T-Intersection,N,Entrance/Exit Ramp Related,None,,,         ,Michael,Dance,Clear,Front to Rear,no,no,no,no,yes,False
101760234,METROPOLITAN NASHVILLE POLICE DEPT,20170817810,Davidson,Nashville,9/14/2017 12:41:00 PM,2,0,0,36.190700,-86.754710,SHARPE AV,,,,312.00,Feet,West,MCFERRIN AV,,,,0.00,N,Not at Intersection, ,Non-Junction,None,,,         ,Richard,Conger,Clear,Rear to Rear,no,no,no,no,no,False
101760235,METROPOLITAN NASHVILLE POLICE DEPT,20170817466,Davidson,Nashville,9/14/2017 8:49:00 AM,2,1,0,36.042990,-86.712990,NOLENSVILLE PKE,,,,200.00,Feet,North,SWISS AV,,,,0.00,N,Not at Intersection,N,Non-Junction,None,,,         ,Russell,Freeman,Rain,Angle,no,no,no,no,no,False
101760244,METROPOLITAN NASHVILLE POLICE DEPT,20170817045,Davidson,Nashville,9/14/2017 7:42:00 AM,2,1,0,36.105000,-86.767200,I 65,,,,0.00,,,,,,,79.40,N,Not at Intersection,N,Non-Junction,None,,,         ,Phillip,Murphy,Rain,Front to Rear,no,no,no,no,no,False
101760258,METROPOLITAN NASHVILLE POLICE DEPT,20170817294,Davidson,Nashville,9/14/2017 9:15:00 AM,2,0,0,36.164180,-86.763070,I 24,,,,0.00,,,,,,,49.15,N,Not at Intersection, ,Non-Junction,None,,,         ,William,Gibbs,Cloudy,"Sideswipe, Same Direction",no,no,no,no,no,False
101760267,METROPOLITAN NASHVILLE POLICE DEPT,20170817346,Davidson,Nashville,9/14/2017 9:32:00 AM,1,0,0,36.134180,-86.801190,21ST AVS,,,,0.00,,,MAGNOLIA BLVD,,,,0.00,Y,Four-Way, ,,None,,,         ,Phillip,Murphy,,,yes,no,no,no,no,Campus
101760303,VANDERBILT UNIVERSITY POLICE,17-00048249,Davidson,Nashville,9/14/2017 11:25:00 AM,2,0,0,36.139080,-86.805070,CHILDRENS WAY,,,,0.00,,,24TH AVS,,,,0.00,Y,OTHER, ,,None,,,         ,Sean,Hughes,,,no,no,no,yes,no,Campus
101760305,METROPOLITAN NASHVILLE POLICE DEPT,20170817033,Davidson,Nashville,9/14/2017 7:30:00 AM,2,0,0,36.125350,-86.733670,I 440,,,,0.00,,,,,,,7.20,N,Not at Intersection, ,Entrance/Exit Ramp Related,None,,,         ,Sharissa,Perez,Cloudy,Front to Rear,no,no,no,no,no,False
101760312,METROPOLITAN NASHVILLE POLICE DEPT,20170817665,Davidson,Nashville,9/14/2017 11:40:00 AM,2,0,0,36.198440,-86.620270,LEBANON PKE,,,,0.00,,,OLD HICKORY BLVD,,,,0.00,Y,Four-Way, ,Intersection-Related,None,,,         ,William,Mckay,Cloudy,Front to Rear,no,no,no,no,no,False
101760314,METROPOLITAN NASHVILLE POLICE DEPT,20170817758,Davidson,Nashville,9/14/2017 12:22:00 PM,2,0,0,36.067080,-86.718240,NOLENSVILLE PKE,,,,176.00,Feet,North,NORTHCREST DR,,,,0.00,N,Not at Intersection, ,Non-Junction,None,,,         ,Darrell,Osment,Cloudy,Angle,no,no,no,no,no,False
101760351,METROPOLITAN NASHVILLE POLICE DEPT,20170817422,Davidson,Nashville,9/14/2017 10:06:00 AM,2,2,0,36.032370,-86.766800,CLOVERLAND DR,,,,325.00,Feet,South,FREDERICKSBURG WAY,,,,0.00,N,Not at Intersection,N,Non-Junction,None,,,         ,Phillip,Murphy,Cloudy,HeadOn,no,no,no,no,no,False
101760361,THP District 9 - Administrative,317053964,Davidson,Nashville,9/12/2017 4:45:00 PM,2,0,0,36.164510,-86.785060,CHARLOTTE AV,,,,177.00,Feet,East,6TH AVN,,,,0.00,N,Not at Intersection, ,Non-Junction,None,,,         ,Jeremy,McAnally,Rain,Rear to Side,no,no,no,yes,no,False
101760381,METROPOLITAN NASHVILLE POLICE DEPT,20170817938,Davidson,Nashville,9/14/2017 1:29:00 PM,2,1,0,36.070030,-86.698800,HAYWOOD LN,,,,0.00,Feet,,EAST RIDGE DR,,,,0.00,Y,Four-Way,Y,Intersection,None,,,         ,Sara,Lober,Cloudy,Angle,no,no,no,no,no,False
101760382,METROPOLITAN NASHVILLE POLICE DEPT,20170817909,Davidson,Nashville,9/14/2017 12:36:00 PM,2,0,0,36.152080,-86.782310,OVERTON ST,,,,23.00,Feet,South,GLEAVES ST,,,,0.00,N,Not at Intersection,N,Non-Junction,None,,,         ,Andrey,Volfson,Clear,"Sideswipe, Opposite Direction",no,no,no,no,yes,False
101760383,METROPOLITAN NASHVILLE POLICE DEPT,20170817409,Davidson,Nashville,9/14/2017 8:15:00 AM,2,0,0,36.111350,-86.724370,EAST THOMPSON LN,,,,340.00,Feet,West,I24 E EXT RAMP,,,,0.00,N,Not at Intersection,N,Non-Junction,None,,,         ,Jessie,Meadows,Clear,Front to Rear,no,no,no,yes,yes,False
101760384,METROPOLITAN NASHVILLE POLICE DEPT,20170817445,Davidson,Nashville,9/14/2017 10:15:00 AM,1,0,0,36.042320,-86.676910,BLUE HOLE RD,,,,942.00,Feet,West,ERNA CT,,,,0.00,N,Not at Intersection,N,Non-Junction,None,,,         ,Jessie,Meadows,Cloudy,Not Collision with Motor Vehicle in Transport,no,no,no,no,no,False
101760385,METROPOLITAN NASHVILLE POLICE DEPT,20170817605,Davidson,Nashville,9/14/2017 11:00:00 AM,2,0,0,36.143530,-86.754870,TREVECCA UNIVERSITY PVTDR,,,,560.00,Feet,West,HART ST,,,,0.00,N,Not at Intersection,N,Non-Junction,None,,,         ,Jessie,Meadows,Clear,Angle,no,no,no,yes,no,False