master_record_number,agency,agency_tracking_number,county,city,collision_date,vehicles_involved,number_injured,number_dead,latitude,longitude,roadway_name,roadway_suffix,roadway_number,roadway_local_id,distance_from_reference,miles-feet_indicator,direction_from_reference,intersection_road_name,intersection_road_name_suffix,intersection_road_number,intersection_local_id,mile_marker,intersection_indicator,intersect_type,interchange_related_indicator,relation_to_junction,work_zone_type,construction_maintenance_zone,construction_maintenance_zone_location,fatal_case_number,officer_first_name,officer_last_name,weather_condition(s),manner_of_crash,pedestrian,bicycle,scooter,parking,hitrun,mou
101761198,METROPOLITAN NASHVILLE POLICE DEPT,20170820319,Davidson,Nashville,9/15/2017 7:04:00 AM,2,1,0,36.166280,-86.612490,I 40,,,,0.00,,,,,,,220.20,N,Not at Intersection,N,Non-Junction,None,,,         ,Terry,Denton,Clear,Front to Rear,no,no,no,no,no,False
101761199,METROPOLITAN NASHVILLE POLICE DEPT,20170820365,Davidson,Nashville,9/15/2017 7:50:00 AM,2,0,0,36.085120,-86.702840,HARDING PL,,,,0.00,,,I24 E EXT RAMP,,,,0.00,Y,Four-Way, ,Entrance/Exit Ramp Related,None,,,         ,Sharissa,Perez,Clear,"Sideswipe, Same Direction",no,no,no,no,no,False
101761206,METROPOLITAN NASHVILLE POLICE DEPT,20170820546,Davidson,Not in City Limit,9/15/2017 9:00:00 AM,2,0,0,36.082300,-86.953610,I40 E ENT RAMP,,,,0.00,Feet,East,I 40,,,,0.00,N,Not at Intersection, ,Non-Junction,None,,,         ,Curtis,Rich,Clear,"Sideswipe, Same Direction",no,no,no,no,yes,False
101761212,METROPOLITAN NASHVILLE POLICE DEPT,20170820278,Davidson,Nashville,9/15/2017 7:06:00 AM,2,0,0,36.124780,-86.806000,I440 W EXT RAMP,,,,0.00,,,HILLSBORO PKE,,,,0.00,Y,OTHER, ,Entrance/Exit Ramp Related,None,,,         ,Phillip,Murphy,Clear,Front to Rear,no,no,no,no,no,False
101761214,METROPOLITAN NASHVILLE POLICE DEPT,20170820554,Davidson,Nashville,9/15/2017 8:04:00 AM,2,0,0,36.049370,-86.651470,BELL RD,,,,83.00,Feet,East,HICKORY HOLLOW MALL PVTDR PL,,,,0.00,N,Not at Intersection,N,Non-Junction,None,,,         ,Peter,Vaught,Clear,"Sideswipe, Same Direction",no,no,no,no,yes,False
101761216,METROPOLITAN NASHVILLE POLICE DEPT,20170820494,Davidson,Nashville,9/15/2017 9:00:00 AM,2,0,0,36.113230,-86.836940,ESTES RD,,,,147.00,Feet,North,ELDER PL,,,,0.00,N,Not at Intersection,N,Non-Junction,None,,,         ,George,Spencer,Clear,Other,no,no,no,no,no,False
101761223,METROPOLITAN NASHVILLE POLICE DEPT,20170820458,Davidson,Nashville,9/15/2017 8:17:00 AM,2,0,0,36.153960,-86.818220,28TH AVN,,,,0.00,Feet,East,CHARLOTTE AV,,,,0.00,N,Not at Intersection,N,Non-Junction,None,,,         ,Nicholas,MacDougall,Clear,"Sideswipe, Same Direction",no,no,no,no,yes,False
101761227,GOODLETTSVILLE POLICE DEPT,17-32445,Davidson,Goodlettsville,9/15/2017 8:05:00 AM,2,1,0,36.305743,-86.703116,RIVERGATE PKWY,,,,0.00,,,WADE CIRCLE,,,,0.00,Y,Four-Way,N,Intersection,None,,,         ,John,Spencer,Clear,HeadOn,no,no,no,no,no,False
101761228,Nashville Airport Police,17-03208,Davidson,Nashville,9/9/2017 1:11:00 PM,2,0,0,0.000000,0.000000,TERMINAL DRIVE,DR,,,0.10,Miles,East,DONELSON,PIKE,SR255,,0.00,N,Not at Intersection, ,Non-Junction,Construction Zone,,,         ,Steve,Matheny,Clear,Angle,no,no,no,no,no,False
101761246,METROPOLITAN NASHVILLE POLICE DEPT,20170820545,Davidson,Nashville,9/15/2017 9:12:00 AM,2,0,0,36.149450,-86.782570,I 40,,,,0.00,,,,,,,209.70,N,Not at Intersection, ,Non-Junction,None,,,         ,Kevin,Johnson,Clear,"Sideswipe, Same Direction",no,no,no,no,yes,False
101761266,METROPOLITAN NASHVILLE POLICE DEPT,20170820746,Davidson,Nashville,9/15/2017 10:46:00 AM,2,0,0,36.136170,-86.789030,WEDGEWOOD AV,,,,107.00,Feet,West,12TH AVS,,,,0.00,N,Not at Intersection, ,Non-Junction,None,,,         ,Russell,Freeman,Clear,Angle,no,no,no,no,no,False
101761267,THP District 9 - Administrative,317054243,Davidson,Nashville,9/15/2017 12:00:00 AM,2,0,0,36.165880,-86.781840,CHARLOTTE AV,,,,22.00,Feet,East,5TH AVN,,,,0.00,N,Not at Intersection, ,Non-Junction,None,,,         ,William,Goodman,Clear,Rear to Rear,no,no,no,yes,no,False
101761283,METROPOLITAN NASHVILLE POLICE DEPT,20170820346,Davidson,Nashville,9/15/2017 7:42:00 AM,2,0,0,36.134180,-86.801190,21ST AVS,,,,0.00,,,FAIRFAX AV,,,,0.00,Y,Four-Way,N,Intersection,None,,,         ,Phillip,Murphy,Clear,Angle,no,no,no,no,no,Campus
101761284,METROPOLITAN NASHVILLE POLICE DEPT,20170820800,Davidson,Nashville,9/15/2017 10:59:00 AM,2,0,0,36.151970,-86.848440,CHARLOTTE AV,,,,40.00,Feet,East,51ST AVN,,,,0.00,N,Not at Intersection,N,Non-Junction,None,,,         ,Curtis,Rich,Clear,Angle,no,no,no,no,no,False
101761291,Nashville Airport Police,17-03273,Davidson,Nashville,9/15/2017 5:17:00 AM,2,0,0,36.108970,-86.665560,FAIRCLOTH LN,,,,0.00,,,COUCHVILLE PKE,,,,0.00,Y,OTHER, ,Non-Junction,None,,,         ,Steve,Matheny,Clear,Unknown,no,no,no,yes,yes,False
101761300,METROPOLITAN NASHVILLE POLICE DEPT,20170820694,Davidson,Nashville,9/15/2017 10:20:00 AM,1,0,0,36.146550,-86.815850,30TH AVN,,,,0.00,,,BURCH AV,,,,0.00,Y,T-Intersection, ,,None,,,         ,Phillip,Murphy,,,no,no,no,no,no,False
101761302,METROPOLITAN NASHVILLE POLICE DEPT,20170820659,Davidson,Nashville,9/15/2017 10:05:00 AM,2,4,0,36.188590,-86.822590,CLARKSVILLE PKE,,,,200.00,Feet,East,ROSA L PARKS BLVD,,,,0.00,N,Not at Intersection,N,Non-Junction,None,,,         ,Garren,Hoskins,Clear,Front to Rear,no,no,no,no,no,False
101761337,METROPOLITAN NASHVILLE POLICE DEPT,20170820892,Davidson,Nashville,9/15/2017 11:47:00 AM,2,0,0,36.168530,-86.785410,JAMES ROBERTSON PKWY,,,,54.00,Feet,West,6TH AVN,,,,0.00,N,Not at Intersection, ,Non-Junction,None,,,         ,Shawn,Taylor,Clear,"Sideswipe, Same Direction",no,no,no,no,no,False
101761352,METROPOLITAN NASHVILLE POLICE DEPT,20170820968,Davidson,Madison,9/15/2017 12:18:00 PM,2,0,0,36.271680,-86.689610,MYATT DR,,,,162.00,Feet,South,ANDERSON LN,,,,0.00,N,Not at Intersection,N,Non-Junction,None,,,         ,Thomas,Odom,Clear,Angle,no,no,no,no,no,False
101761355,METROPOLITAN NASHVILLE POLICE DEPT,20170820467,Davidson,Nashville,9/15/2017 8:38:00 AM,2,0,0,36.081910,-86.646510,MURFREESBORO PKE,,,,147.00,Feet,North,SHIAWAY DR,,,,0.00,N,Not at Intersection, ,,None,,,         ,James,Curtis,,,no,no,no,no,no,False
101761372,METROPOLITAN NASHVILLE POLICE DEPT,20170821009,Davidson,Nashville,9/15/2017 12:16:00 PM,2,0,0,36.109330,-86.813530,CRESTMOOR RD,,,,477.00,Feet,West,HILLSBORO PKE,,,,0.00,N,Not at Intersection,N,Non-Junction,None,,,         ,Curtis,Rich,Clear,Angle,no,no,no,no,no,False
101761373,METROPOLITAN NASHVILLE POLICE DEPT,20170820916,Davidson,Nashville,9/15/2017 11:36:00 AM,2,0,0,36.166300,-86.766450,SHELBY AV,,,,171.00,Feet,West,I24 E ENT RAMP,,,,0.00,N,Not at Intersection,N,Non-Junction,None,,,         ,Wesley,Henderson,Clear,Front to Rear,no,no,no,yes,yes,False
101761377,METROPOLITAN NASHVILLE POLICE DEPT,20170820943,Davidson,Nashville,9/15/2017 12:07:00 PM,2,1,0,36.153000,-86.794290,BROADWAY,,,,123.00,Feet,South,17TH AVS,,,,0.00,N,Not at Intersection,N,"Driveway, Alley Access, etc",None,,,         ,Phillip,Murphy,Clear,"Sideswipe, Opposite Direction",no,no,no,no,no,False
101761383,METROPOLITAN NASHVILLE POLICE DEPT,20170820666,Davidson,Nashville,9/15/2017 10:00:00 AM,2,0,0,36.224920,-86.598870,S CHESTNUT CT,,,,0.00,,,CHASE BLVD,,,,0.00,Y,Four-Way, ,Intersection,None,,,         ,Wesley,Young,Clear,Front to Rear,no,no,no,no,no,False
101761388,METROPOLITAN NASHVILLE POLICE DEPT,20170821052,Davidson,Nashville,9/15/2017 12:25:00 PM,2,0,0,36.153640,-86.769270,2ND AVS,,,,0.00,,,ASH ST,,,,0.00,,, ,OtherLocation,None,,,         ,Charles,Coe,Cloudy,Front to Rear,no,no,no,yes,no,False
101761401,METROPOLITAN NASHVILLE POLICE DEPT,20170820929,Davidson,Nashville,9/15/2017 12:06:00 PM,2,0,0,36.151450,-86.796820,19TH AVS,,,,185.00,Feet,North,BROADWAY,,,,0.00,N,Not at Intersection, ,Non-Junction,None,,,         ,Russell,Freeman,Clear,"Sideswipe, Same Direction",no,no,no,no,no,False
101761406,METROPOLITAN NASHVILLE POLICE DEPT,20170820306,Davidson,Nashville,9/15/2017 7:30:00 AM,2,0,0,36.044780,-86.669570,BELL RD,,,,14.00,Feet,East,BEECHWOOD TER,,,,0.00,N,Not at Intersection,N,Non-Junction,None,,,         ,Brandon,O'Guin,Clear,Front to Rear,no,no,no,no,no,False
101761408,METROPOLITAN NASHVILLE POLICE DEPT,20170820524,Davidson,Nashville,9/15/2017 12:00:00 AM,1,2,0,36.166500,-86.761620,S 5TH ST,,,,0.00,,,SYLVAN ST,,,,0.00,Y,T-Intersection,N,Intersection-Related,None,,,         ,Russell,Jones,Clear,Not Collision with Motor Vehicle in Transport,yes,no,no,no,no,False
101761415,VANDERBILT UNIVERSITY POLICE,17-0820791,Davidson,Nashville,9/15/2017 10:30:00 AM,1,0,0,36.138890,-86.803090,CHILDRENS WAY,,,,0.00,,,23RD AVS,,,,0.00,Y,Four-Way, ,,Construction Zone,,,         ,Sean,Hughes,,,no,no,no,no,no,Campus
101761422,METROPOLITAN NASHVILLE POLICE DEPT,20170820678,Davidson,Antioch,9/15/2017 10:15:00 AM,2,0,0,36.016190,-86.616030,GOULD BLVD,,,,44.00,Feet,South,FIRESTONE PKWY,,,,0.00,N,Not at Intersection, ,Non-Junction,None,,,         ,Jessie,Meadows,Clear,Front to Rear,no,no,no,no,no,False
101761423,METROPOLITAN NASHVILLE POLICE DEPT,20170820888,Davidson,Nashville,9/15/2017 12:00:00 PM,2,0,0,36.121700,-86.750810,I440 E EXT RAMP,,,,0.00,Feet,East,I 440,,,,0.00,N,Not at Intersection, ,Non-Junction,None,,,         ,Jessie,Meadows,Clear,Front to Rear,no,no,no,no,no,False
101761425,METROPOLITAN NASHVILLE POLICE DEPT,20170801718,Davidson,Nashville,9/9/2017 4:15:00 AM,2,0,0,36.161020,-86.777200,BROADWAY,,,,0.00,,,4TH AVN,,,,0.00,Y,OTHER,N,Non-Junction,None,,,         ,Paxton,Montgomery,Clear,"Sideswipe, Same Direction",no,no,no,yes,no,False
101761426,METROPOLITAN NASHVILLE POLICE DEPT,20170821031,Davidson,Nashville,9/15/2017 12:38:00 PM,2,1,0,36.153490,-86.795020,WEST END AV,,,,211.00,Feet,West,17TH AVN,,,,0.00,N,Not at Intersection,N,Non-Junction,None,,,         ,Kevin,Crawford,Clear,Front to Rear,no,no,no,no,no,False
101761437,METROPOLITAN NASHVILLE POLICE DEPT,20170821077,Davidson,Nashville,9/15/2017 1:06:00 PM,2,2,0,36.206560,-86.776470,I 65,,,,0.00,,,,,,,87.30,N,Not at Intersection,N,Non-Junction,None,,,         ,Michael,McCord,Clear,Front to Rear,no,no,no,no,no,False
101761443,METROPOLITAN NASHVILLE POLICE DEPT,20170821113,Davidson,Nashville,9/15/2017 1:11:00 PM,2,0,0,36.094290,-86.758250,SIDCO DR,,,,0.00,,,POWELL AV,,,,0.00,Y,T-Intersection,N,Intersection,None,,,         ,Jason,Hees,Clear,Angle,no,no,no,no,no,False
101761445,METROPOLITAN NASHVILLE POLICE DEPT,20170821178,Davidson,Nashville,9/15/2017 1:48:00 PM,2,0,0,36.218840,-86.628690,HARDIN SHIRE DR,,,,272.00,Feet,South,JAYME RHAE LN,,,,0.00,N,Not at Intersection, ,Non-Junction,None,,,         ,Wesley,Young,Clear,"Sideswipe, Same Direction",no,no,no,no,no,False
101761452,METROPOLITAN NASHVILLE POLICE DEPT,20170820671,Davidson,Nashville,9/15/2017 10:00:00 AM,2,0,0,36.045850,-86.674890,BELL RD,,,,164.00,Feet,West,BLUE HOLE RD,,,,0.00,N,Not at Intersection, ,Non-Junction,None,,,         ,Brandon,O'Guin,Clear,"Sideswipe, Same Direction",no,no,no,no,no,False
101761470,METROPOLITAN NASHVILLE POLICE DEPT,20170821189,Davidson,Nashville,9/15/2017 1:53:00 PM,2,0,0,36.127560,-86.753510,NOLENSVILLE PKE,,,,167.00,Feet,South,COLEMAN ST,,,,0.00,N,Not at Intersection,N,Non-Junction,None,,,         ,Sara,Lober,Clear,"Sideswipe, Same Direction",no,no,no,no,no,False
101761479,METROPOLITAN NASHVILLE POLICE DEPT,20170820931,Davidson,Nashville,9/15/2017 12:07:00 PM,2,1,0,36.181730,-86.641490,JACKSON DOWNS BLVD,,,,34.00,Feet,South,LEBANON PKE,,,,0.00,N,Not at Intersection,Y,OtherLocation,None,,,         ,Gerry,Hutcheson,Clear,Front to Rear,no,no,no,no,no,False
101761492,METROPOLITAN NASHVILLE POLICE DEPT,20170821262,Davidson,Nashville,9/15/2017 2:20:00 PM,2,0,0,36.215210,-86.588550,TULIP GROVE RD,,,,73.00,Feet,South,LEBANON PKE,,,,0.00,N,Not at Intersection, ,Non-Junction,None,,,         ,Wesley,Young,Clear,"Sideswipe, Same Direction",no,no,no,no,no,False
101761577,METROPOLITAN NASHVILLE POLICE DEPT,2017-0821362,Davidson,Nashville,9/15/2017 3:02:00 PM,2,0,0,36.127000,-86.815110,I 440,,,,0.00,,,,,,,2.25,N,Not at Intersection, ,Non-Junction,None,,,         ,Ryan,Allen,Clear,"Sideswipe, Same Direction",no,no,no,no,no,False
101761597,METROPOLITAN NASHVILLE POLICE DEPT,20170821383,Davidson,Nashville,9/15/2017 2:55:00 PM,2,0,0,36.157930,-86.791610,14TH AVN,,,,0.00,,,CHURCH ST,,,,0.00,Y,Four-Way,N,Intersection-Related,None,,,         ,Kevin,Reynolds,Clear,Angle,no,no,no,no,yes,False
101761610,METROPOLITAN NASHVILLE POLICE DEPT,2017-0821376,Davidson,Nashville,9/15/2017 3:23:00 PM,1,1,0,36.048190,-86.865940,OLD HICKORY BLVD,,,,116.00,Feet,East,CHICKERING WOOD DR,,,,0.00,N,Not at Intersection,N,Non-Junction,None,,,         ,Michael,Rogers,Clear,Not Collision with Motor Vehicle in Transport,no,no,no,no,no,False
101761617,METROPOLITAN NASHVILLE POLICE DEPT,20170821295,Davidson,Antioch,9/15/2017 3:15:00 PM,2,0,0,36.047840,-86.612050,MURFREESBORO PKE,,,,1284.00,Feet,North,MOUNTAIN SPRINGS RD,,,,0.00,N,Not at Intersection, ,Non-Junction,None,,,         ,Jessie,Meadows,Clear,Front to Rear,no,no,no,no,no,False
101761619,METROPOLITAN NASHVILLE POLICE DEPT,20170821353,Davidson,Nashville,9/15/2017 2:33:00 PM,2,0,0,36.171920,-86.650810,LEBANON PKE,,,,463.00,Feet,West,DISSPAYNE DR,,,,0.00,N,Not at Intersection,N,Non-Junction,None,,,         ,Wesley,Young,Clear,Not Collision with Motor Vehicle in Transport,no,no,no,no,yes,False
101761620,METROPOLITAN NASHVILLE POLICE DEPT,20170821345,Davidson,Nashville,9/15/2017 2:01:00 PM,2,1,0,36.044240,-86.713150,BRENTWOOD EAST DR,,,,6.00,Feet,West,NOLENSVILLE PKE,,,,0.00,N,Not at Intersection,N,Non-Junction,None,,,         ,Edin,Plancic,Clear,Angle,no,no,no,no,no,False
101761628,METROPOLITAN NASHVILLE POLICE DEPT,20170821392,Davidson,Nashville,9/15/2017 2:56:00 PM,2,0,0,36.218170,-86.747120,HART LN,,,,47.00,Feet,East,ELLINGTON PKWYN,,,,0.00,N,Not at Intersection, ,Non-Junction,None,,,         ,Thomas,Miller,Clear,"Sideswipe, Opposite Direction",no,no,no,no,no,False
101761633,METROPOLITAN NASHVILLE POLICE DEPT,20170821417,Davidson,Nashville,9/15/2017 3:37:00 PM,3,1,0,36.171150,-86.790030,ROSA L PARKS BLVD,,,,88.00,Feet,South,LOCKLAYER ST,,,,0.00,N,Not at Intersection,N,Non-Junction,None,,,         ,Seth,Vaughn,Clear,Front to Rear,no,no,no,no,no,False
101761696,Nashville Airport Police,2017-03268,Davidson,Nashville,9/14/2017 6:45:00 PM,2,0,0,36.134560,-86.668130,TERMINAL DR,,,,606.00,Feet,South,I40 E EXT RAMP,,,,0.00,N,Not at Intersection, ,Non-Junction,None,,,         ,Gary,Polk,Clear,"Sideswipe, Same Direction",no,no,no,yes,no,False
101761701,METROPOLITAN NASHVILLE POLICE DEPT,20170821468,Davidson,Nashville,9/15/2017 4:05:00 PM,2,0,0,36.153410,-86.787630,I 40,,,,0.00,,,,,,,209.35,N,Not at Intersection, ,Non-Junction,None,,,         ,Chad,Wilkinson,Clear,"Sideswipe, Same Direction",no,no,no,no,no,False
101761710,METROPOLITAN NASHVILLE POLICE DEPT,20170821405,Davidson,Nashville,9/15/2017 3:30:00 PM,1,1,0,36.153670,-86.808190,23RD AVN,,,,0.00,,,MURPHY AV,,,,0.00,Y,Four-Way,N,Intersection,None,,,         ,Bradley,Pope,Cloudy,Not Collision with Motor Vehicle in Transport,yes,no,no,no,no,False
101761739,METROPOLITAN NASHVILLE POLICE DEPT,20170821432,Davidson,Nashville,9/15/2017 3:40:00 PM,2,0,0,36.120700,-86.807970,LOMBARDY AV,,,,0.00,,,HILLSBORO PKE,,,,0.00,Y,Four-Way,N,Intersection,None,,,         ,Brian,Etchison,Clear,Front to Rear,no,no,no,no,no,False
101761752,METROPOLITAN NASHVILLE POLICE DEPT,20170821501,Davidson,Nashville,9/15/2017 12:00:00 AM,2,0,0,36.218290,-86.826770,HUMMINGBIRD DR,,,,108.00,Feet,West,TUCKER RD,,,,0.00,N,Not at Intersection, ,Non-Junction,None,,,         ,Frederick,Ware,Clear,Unknown,no,no,no,no,yes,False
101761753,METROPOLITAN NASHVILLE POLICE DEPT,20170821301,Davidson,Nashville,9/15/2017 2:49:00 PM,3,1,0,36.143210,-86.704390,I 40,,,,0.00,,,,,,,214.50,N,Not at Intersection,N,Non-Junction,None,,,         ,Michael,Apsey,Clear,Front to Rear,no,no,no,no,yes,False
101761754,METROPOLITAN NASHVILLE POLICE DEPT,20170821430,Davidson,Nashville,9/15/2017 3:47:00 PM,2,1,0,36.142410,-86.709270,I 40,,,,0.00,,,,,,,214.25,N,Not at Intersection,N,Non-Junction,None,,,         ,Michael,Apsey,Clear,Front to Rear,no,no,no,no,no,False
101761766,METROPOLITAN NASHVILLE POLICE DEPT,20170821592,Davidson,Nashville,9/15/2017 4:27:00 PM,2,0,0,36.053050,-86.672980,BLUE HOLE RD,,,,166.00,Feet,North,TUSCULUM RD,,,,0.00,N,Not at Intersection, ,Non-Junction,None,,,         ,Richard,Olive,Clear,Front to Rear,no,no,no,no,no,False
101761780,METROPOLITAN NASHVILLE POLICE DEPT,20170821520,Davidson,Nashville,9/15/2017 4:45:00 PM,2,0,0,36.109400,-86.727280,BRILEY PKWYS,,,,226.00,Feet,East,BRILEY PKWYN,,,,0.00,N,Not at Intersection, ,Non-Junction,None,,,         ,Jessie,Meadows,Clear,Angle,no,no,no,no,no,False
101761783,METROPOLITAN NASHVILLE POLICE DEPT,20170821476,Davidson,Nashville,9/15/2017 2:30:00 PM,2,0,0,36.143350,-86.626680,BELL RD,,,,403.00,Feet,East,LAKERIDGE RUN,,,,0.00,N,Not at Intersection, ,Non-Junction,None,,,         ,Marcus,Mitchell,Clear,Front to Rear,no,no,no,no,no,False
101761784,METROPOLITAN NASHVILLE POLICE DEPT,20170821457,Davidson,Nashville,9/15/2017 3:51:00 PM,2,0,0,36.146210,-86.695460,BRILEY PKWY S EXT RAMP,,,,0.00,Feet,East,BRILEY PKWYN,,,,0.00,N,Not at Intersection, ,,None,,,         ,Marcus,Mitchell,,,no,no,no,no,no,False
101761806,METROPOLITAN NASHVILLE POLICE DEPT,20170821730,Davidson,Nashville,9/15/2017 4:11:00 PM,2,0,0,36.134010,-86.758950,NOLENSVILLE PKE,,,,0.00,Feet,,CRAIGHEAD ST,,,,0.00,Y,T-Intersection, ,Intersection-Related,None,,,         ,Tien,Nguyen,Clear,Front to Rear,no,no,no,no,no,False
101761807,METROPOLITAN NASHVILLE POLICE DEPT,20170821529,Davidson,Nashville,9/15/2017 4:35:00 PM,2,0,0,36.150440,-86.867710,I 40,,,,0.00,,,,,,,203.40,N,Not at Intersection, ,,None,,,         ,Barrett,Teague,,,no,no,no,no,no,False
101761808,VANDERBILT UNIVERSITY POLICE,2017-0821559,Davidson,Nashville,9/14/2017 4:30:00 PM,1,0,0,36.140450,-86.804270,PIERCE AV,,,,0.00,,,,,,,0.00,,Not at Intersection, ,Non-Junction,None,,,         ,Gregory,Blocker,Clear,Not Collision with Motor Vehicle in Transport,no,no,no,yes,no,Campus
101761827,METROPOLITAN NASHVILLE POLICE DEPT,20170821498,Davidson,Nashville,9/15/2017 4:09:00 PM,2,0,0,36.090250,-86.812680,HARDING PL,,,,0.00,,,COMPTON TRC,,,,0.00,Y,Four-Way,Y,Intersection,None,,,         ,William,King,Clear,Angle,no,no,no,no,no,False
101761831,METROPOLITAN NASHVILLE POLICE DEPT,20170821833,Davidson,Nashville,9/15/2017 6:22:00 PM,2,0,0,36.136320,-86.822150,I440 E EXT RAMP,,,,0.00,,,I 440,,,,0.00,Y,T-Intersection, ,Intersection-Related,None,,,         ,Tien,Nguyen,Clear,"Sideswipe, Same Direction",no,no,no,no,no,False
101761832,METROPOLITAN NASHVILLE POLICE DEPT,20170821611,Davidson,Not in City Limit,9/15/2017 5:03:00 PM,2,1,0,36.009500,-86.701660,NOLENSVILLE PKE,,,,0.00,,,BLUFF RD,,,,0.00,Y,T-Intersection,N,Non-Junction,None,,,         ,Edin,Plancic,Clear,Angle,no,no,no,no,no,False
101761833,METROPOLITAN NASHVILLE POLICE DEPT,20170821517,Davidson,Nashville,9/15/2017 4:20:00 PM,2,0,0,36.164550,-86.763210,I 24,,,,0.00,,,,,,,49.10,N,Not at Intersection, ,Non-Junction,None,,,         ,Andrew,Anoskey,Clear,Front to Rear,no,no,no,no,no,False
101761841,METROPOLITAN NASHVILLE POLICE DEPT,20170821302,Davidson,Nashville,9/15/2017 2:49:00 PM,3,0,0,36.153010,-86.796000,WEST END AV,,,,0.00,,,18TH AVN,,,,0.00,Y,Four-Way,N,Intersection,None,,,         ,David,Collins,Clear,"Sideswipe, Same Direction",no,no,no,no,no,False
101761844,VANDERBILT UNIVERSITY POLICE,17-0821791,Davidson,Nashville,9/15/2017 5:41:00 PM,2,0,0,36.142530,-86.806110,HIGHLAND AV,,,,0.00,,,,,,,0.00,,, ,,None,,,         ,William,West,,,no,no,no,yes,no,Campus
101761854,METROPOLITAN NASHVILLE POLICE DEPT,20170821686,Davidson,Nashville,9/15/2017 5:30:00 PM,3,0,0,36.241200,-86.756600,BRILEY PKWYE,,,,197.00,Feet,East,DICKERSON PKE,,,,0.00,N,Not at Intersection, ,Non-Junction,None,,,         ,Benjamin,Williams,Clear,Front to Rear,no,no,no,no,no,False
101761859,METROPOLITAN NASHVILLE POLICE DEPT,20170821910,Davidson,Nashville,9/15/2017 6:20:00 PM,2,0,0,36.139640,-86.822060,MURPHY RD,,,,128.00,Feet,West,WEST END AV EXT RAMP,,,,0.00,N,Not at Intersection,N,OtherLocation,None,,,         ,Tien,Nguyen,Clear,Angle,no,no,no,yes,yes,False
101761861,METROPOLITAN NASHVILLE POLICE DEPT,20170821837,Davidson,Nashville,9/15/2017 6:33:00 PM,2,0,0,36.189170,-86.792250,I 65,,,,0.00,,,,,,,85.60,N,Not at Intersection,N,Non-Junction,None,,,         ,Darren,White,Clear,Front to Rear,no,no,no,no,no,False
101761863,METROPOLITAN NASHVILLE POLICE DEPT,20170821627,Davidson,Nashville,9/15/2017 5:05:00 PM,2,0,0,36.157890,-86.772580,2ND AVS,,,,38.00,Feet,South,KOREAN VETERANS BLVD,,,,0.00,N,Not at Intersection, ,,None,,,         ,Andrey,Volfson,,,no,no,no,no,no,False
101761864,METROPOLITAN NASHVILLE POLICE DEPT,20170821829,Davidson,Nashville,9/15/2017 6:30:00 PM,2,0,0,36.091100,-86.625590,BELL RD,,,,399.00,Feet,North,SMITH SPRINGS RD,,,,0.00,N,Not at Intersection, ,Non-Junction,None,,,         ,Michael,Apsey,Clear,"Sideswipe, Same Direction",no,no,no,no,no,False
101761865,METROPOLITAN NASHVILLE POLICE DEPT,20170821908,Davidson,Nashville,9/15/2017 7:04:00 PM,2,0,0,36.090330,-86.626500,BELL RD,,,,0.00,,,SMITH SPRINGS RD,,,,0.00,Y,Four-Way, ,Intersection,None,,,         ,Michael,Apsey,Clear,Angle,no,no,no,no,no,False
101761866,METROPOLITAN NASHVILLE POLICE DEPT,20170821615,Davidson,Nashville,9/15/2017 5:05:00 PM,3,1,0,36.177400,-86.749240,WOODLAND ST,,,,231.00,Feet,West,N 12TH ST,,,,0.00,N,Not at Intersection,N,Non-Junction,None,,,         ,Charles,Wakefield,Clear,"Sideswipe, Same Direction",no,no,no,no,no,False
101761873,BERRY HILL POLICE DEPT,17-3149,Davidson,Berry Hill,9/15/2017 3:05:00 PM,2,0,0,36.114360,-86.766680,BRANSFORD AV,,,,511.00,Feet,North,COLUMBINE PL,,,,0.00,N,Not at Intersection,N,Non-Junction,None,,,         ,John,Gleixner,Clear,Angle,no,no,no,no,no,False
101761874,BERRY HILL POLICE DEPT,17-3150,Davidson,Berry Hill,9/15/2017 12:00:00 AM,2,0,0,36.121110,-86.775250,FRANKLIN PKE,,,,0.00,,,,,,,0.00,,Not at Intersection,N,Non-Junction,None,,,         ,John,Gleixner,Clear,Angle,no,no,no,yes,no,False
101761878,METROPOLITAN NASHVILLE POLICE DEPT,20170821751,Davidson,Antioch,9/15/2017 5:52:00 PM,2,0,0,36.045550,-86.609450,MURFREESBORO PKE,,,,150.00,Feet,North,PIN HOOK RD,,,,0.00,N,Not at Intersection,N,Non-Junction,None,,,         ,Joseph,Progar,Clear,"Sideswipe, Same Direction",no,no,no,no,yes,False
101761879,METROPOLITAN NASHVILLE POLICE DEPT,20170821787,Davidson,Nashville,9/15/2017 6:08:00 PM,2,1,0,36.180560,-86.811270,DR D B TODD JR BLVD,,,,191.00,Feet,North,BUCHANAN ST,,,,0.00,N,Not at Intersection,N,Non-Junction,None,,,         ,Kevin,Reynolds,Clear,Angle,no,no,no,no,no,False
101761898,METROPOLITAN NASHVILLE POLICE DEPT,20170821774,Davidson,Nashville,9/15/2017 5:52:00 PM,2,0,0,36.206670,-86.778430,W TRINITY LN,,,,0.00,,,HAMPTON ST,,,,0.00,Y,T-Intersection,N,Intersection,None,,,         ,Roy,Sain Jr.,Clear,Angle,no,no,no,no,yes,False
101761921,METROPOLITAN NASHVILLE POLICE DEPT,20170821858,Davidson,Nashville,9/15/2017 6:09:00 PM,2,0,0,36.082610,-86.727250,NOLENSVILLE PKE,,,,0.00,,,WELSHWOOD DR,,,,0.00,Y,T-Intersection, ,Intersection,None,,,         ,Je-Marc,Sears,Clear,Angle,no,no,no,no,no,False