master_record_number,agency,agency_tracking_number,county,city,collision_date,vehicles_involved,number_injured,number_dead,latitude,longitude,roadway_name,roadway_suffix,roadway_number,roadway_local_id,distance_from_reference,miles-feet_indicator,direction_from_reference,intersection_road_name,intersection_road_name_suffix,intersection_road_number,intersection_local_id,mile_marker,intersection_indicator,intersect_type,interchange_related_indicator,relation_to_junction,work_zone_type,construction_maintenance_zone,construction_maintenance_zone_location,fatal_case_number,officer_first_name,officer_last_name,weather_condition(s),manner_of_crash,pedestrian,bicycle,scooter,parking,hitrun,mou
101762817,METROPOLITAN NASHVILLE POLICE DEPT,20170824286,Davidson,Nashville,9/16/2017 5:42:00 PM,2,0,0,36.187280,-86.608300,ANDREW JACKSON PKWY,,,,170.00,Feet,North,ANDREW JACKSON WAY,,,,0.00,N,Not at Intersection, ,Non-Junction,None,,,         ,Jonathon,Sheppard,Clear,Front to Rear,no,no,no,no,no,False
101762835,METROPOLITAN NASHVILLE POLICE DEPT,20170824372,Davidson,Not in City Limit,9/16/2017 6:53:00 PM,2,0,0,36.260940,-86.712640,GALLATIN PKES,,,,115.00,Feet,South,MAPLE ST,,,,0.00,N,Not at Intersection,N,Non-Junction,None,,,         ,Christopher,Littles,Clear,"Sideswipe, Same Direction",no,no,no,no,yes,False
101762840,METROPOLITAN NASHVILLE POLICE DEPT,20170824129,Davidson,Nashville,9/16/2017 4:05:00 PM,2,0,0,36.074350,-86.693010,I 24,,,,0.00,,,,,,,56.60,N,Not at Intersection,N,Non-Junction,None,,,         ,Nathaniel,Myers,Clear,Front to Rear,no,no,no,no,yes,False
101762893,METROPOLITAN NASHVILLE POLICE DEPT,20170824332,Davidson,Nashville,9/16/2017 6:33:00 PM,2,0,0,36.082100,-86.761700,HARDING PL,,,,0.00,,,SIDCO DR,,,,0.00,Y,T-Intersection, ,Non-Junction,None,,,         ,Jacob,Paul,Clear,"Sideswipe, Same Direction",no,no,no,no,no,False
101762894,METROPOLITAN NASHVILLE POLICE DEPT,20170824539,Davidson,Nashville,9/16/2017 7:44:00 PM,2,0,0,36.155550,-86.786810,12TH AVS,,,,0.00,,,MCGAVOCK ST,,,,0.00,Y,Four-Way,N,Intersection,None,,,         ,Chad,Wilkinson,Clear,Angle,no,no,no,no,yes,False
101762897,METROPOLITAN NASHVILLE POLICE DEPT,20170824547,Davidson,Nashville,9/16/2017 7:44:00 PM,2,0,0,36.175590,-86.757480,MAIN ST,,,,0.00,,,,,,,0.00,,, ,Non-Junction,None,,,         ,Michael,Moss,Clear,Front to Rear,no,no,no,no,yes,False
101762946,METROPOLITAN NASHVILLE POLICE DEPT,20170824451,Davidson,Antioch,9/16/2017 7:13:00 PM,2,0,0,36.031670,-86.594210,MURFREESBORO PKE,,,,0.00,,,PARKS RETREAT DR,,,,0.00,Y,OTHER, ,Non-Junction,None,,,         ,Jedidayah,Merriweather,Clear,Angle,no,no,no,no,no,False
101762956,METROPOLITAN NASHVILLE POLICE DEPT,20170824646,Davidson,Nashville,9/16/2017 8:39:00 PM,2,1,0,36.195420,-86.774300,FERN AV,,,,234.00,Feet,East,WHITES CREEK PKE,,,,0.00,N,Not at Intersection,N,Non-Junction,None,,,         ,Jonathan,Hadley,Clear,"Sideswipe, Opposite Direction",no,no,no,no,yes,False
101762988,METROPOLITAN NASHVILLE POLICE DEPT,20170824592,Davidson,Nashville,9/16/2017 8:35:00 PM,2,3,0,36.167600,-86.762220,S 5TH ST,,,,0.00,,,SHELBY AV,,,,0.00,Y,Four-Way,N,Intersection,None,,,         ,Alexander,Georgeson,Clear,HeadOn,no,no,no,no,no,False
101762994,METROPOLITAN NASHVILLE POLICE DEPT,20170824794,Davidson,Nashville,9/16/2017 9:00:00 PM,2,0,0,36.139540,-86.786190,HORTON AV,,,,40.00,Feet,West,11TH AVS,,,,0.00,N,Not at Intersection,N,Non-Junction,None,,,         ,Brian,Etchison,Clear,Angle,no,no,no,no,yes,False
101762995,METROPOLITAN NASHVILLE POLICE DEPT,20170824725,Davidson,Nashville,9/16/2017 9:30:00 PM,2,2,0,36.173590,-86.602150,CENTRAL PKE,,,,0.00,,,OLD HICKORY BLVD,,,,0.00,Y,Four-Way,N,Intersection,None,,,         ,Adam,Nicholson,Clear,HeadOn,no,no,no,no,no,False
101763000,METROPOLITAN NASHVILLE POLICE DEPT,20170824696,Davidson,Nashville,9/16/2017 9:26:00 PM,2,4,0,36.207260,-86.791840,WHITES CREEK PKE,,,,112.00,Feet,North,W TRINITY LN,,,,0.00,N,Not at Intersection,N,Non-Junction,None,,,         ,Brandon,Rardin,Clear,Angle,no,no,no,no,no,False
101763001,METROPOLITAN NASHVILLE POLICE DEPT,20170824653,Davidson,Nashville,9/16/2017 9:09:00 PM,2,0,0,36.165890,-86.766580,SHELBY AV,,,,549.00,Feet,East,S 2ND ST,,,,0.00,N,Not at Intersection, ,Non-Junction,None,,,         ,David,Snowden,Clear,Angle,no,no,no,no,yes,False
101763002,METROPOLITAN NASHVILLE POLICE DEPT,20170824436,Davidson,Nashville,9/16/2017 7:20:00 PM,2,1,0,36.206070,-86.767750,E TRINITY LN,,,,263.00,Feet,East,DICKERSON PKE,,,,0.00,N,Not at Intersection,N,Non-Junction,None,,,         ,Joshua,Lackey,Clear,Front to Rear,no,no,no,yes,yes,False
101763006,METROPOLITAN NASHVILLE POLICE DEPT,20170824382,Davidson,Nashville,9/16/2017 6:58:00 PM,3,0,0,36.146910,-86.744220,RUNDLE AV,,,,107.00,Feet,East,I40 E EXT RAMP,,,,0.00,N,Not at Intersection,N,Entrance/Exit Ramp Related,None,,,         ,Jefferson,Hughes,Clear,"Sideswipe, Same Direction",no,no,no,no,no,False
101763010,METROPOLITAN NASHVILLE POLICE DEPT,20170824711,Davidson,Nashville,9/16/2017 9:30:00 PM,3,1,0,36.167880,-86.783210,5TH AVN,,,,0.00,Feet,East,GAY ST,,,,0.00,N,Not at Intersection,N,Non-Junction,None,,,         ,Gregory,Scott,Clear,Angle,no,no,no,no,yes,False
101763044,METROPOLITAN NASHVILLE POLICE DEPT,20170824828,Davidson,Nashville,9/16/2017 10:43:00 PM,2,0,0,36.042450,-86.712940,NOLENSVILLE PKE,,,,0.00,,,SWISS AV,,,,0.00,Y,Four-Way,N,Intersection,None,,,         ,William,Coy,Clear,Angle,no,no,no,no,no,False
101763052,METROPOLITAN NASHVILLE POLICE DEPT,20170824879,Davidson,Nashville,9/16/2017 10:45:00 PM,2,0,0,36.079600,-86.726320,NOLENSVILLE PKE,,,,0.00,Feet,,HARDING PL,,,,0.00,Y,Four-Way,N,Intersection,None,,,         ,Brenda,Navarro,Cloudy,"Sideswipe, Same Direction",no,no,no,no,yes,False
101763054,METROPOLITAN NASHVILLE POLICE DEPT,20170824750,Davidson,Nashville,9/16/2017 8:30:00 PM,2,0,0,36.237100,-86.757880,I65 N EXT RAMP,,,,0.00,Feet,East,I 65,,,,0.00,N,Not at Intersection,N,Non-Junction,None,,,         ,Thomas,Miller,Clear,Front to Rear,no,no,no,no,yes,False
101763071,METROPOLITAN NASHVILLE POLICE DEPT,20170825037,Davidson,Nashville,9/17/2017 12:12:00 AM,2,0,0,36.073900,-86.676250,WAIKIKI BLVD,,,,55.00,Feet,North,SAILFISH CT,,,,0.00,N,Not at Intersection,N,Non-Junction,None,,,         ,William,Coy,Clear,"Sideswipe, Same Direction",no,no,no,no,yes,False
101763077,METROPOLITAN NASHVILLE POLICE DEPT,20170824956,Davidson,Antioch,9/16/2017 12:00:00 AM,1,1,0,36.028350,-86.590470,MURFREESBORO PKE,,,,0.00,,,LAVERGNE COUCHVILLE PKE,,,,0.00,Y,T-Intersection,N,Intersection,None,,,         ,Sandra,Fly,Clear,Not Collision with Motor Vehicle in Transport,no,no,no,no,no,False
101763078,METROPOLITAN NASHVILLE POLICE DEPT,20170825103,Davidson,Nashville,9/17/2017 12:38:00 AM,2,0,0,36.099210,-86.764100,I 65,,,,0.00,,,,,,,79.00,N,Not at Intersection,N,Non-Junction,None,,,         ,Ryan,Worstall,Clear,"Sideswipe, Same Direction",no,no,no,no,yes,False
101763116,METROPOLITAN NASHVILLE POLICE DEPT,20170824984,Davidson,Nashville,9/17/2017 12:04:00 AM,2,2,0,36.056010,-86.675760,I 24,,,,0.00,,,,,,,58.20,N,Not at Intersection,N,Non-Junction,None,,,         ,Shaquille,Graham,Clear,Front to Rear,no,no,no,no,no,False
101763118,METROPOLITAN NASHVILLE POLICE DEPT,20170825031,Davidson,Nashville,9/17/2017 12:00:00 AM,2,2,0,36.112880,-86.920780,I 40,,,,0.00,,,,,,,199.45,N,Not at Intersection,N,Non-Junction,None,,,         ,Terrance,Stuckey,Clear,"Sideswipe, Same Direction",no,no,no,no,yes,False
101763138,METROPOLITAN NASHVILLE POLICE DEPT,20170825139,Davidson,Nashville,9/17/2017 1:15:00 AM,1,1,0,36.154370,-86.759780,I 40,,,,0.00,,,,,,,211.00,N,Not at Intersection,N,Non-Junction,None,,,         ,Emily,Mulready,Clear,Not Collision with Motor Vehicle in Transport,no,no,no,no,no,False
101763142,GOODLETTSVILLE POLICE DEPT,17-32637,Davidson,Goodlettsville,9/16/2017 11:52:00 PM,2,0,0,36.294490,-86.705280,ALTA LOMA RD,,,,0.00,,,GLEAVES ST,,,,0.00,Y,Four-Way,N,Intersection,None,,,         ,Tanner,Simon,Clear,Angle,no,no,no,no,yes,False
101763147,METROPOLITAN NASHVILLE POLICE DEPT,20170824888,Davidson,Nashville,9/16/2017 11:10:00 PM,1,1,0,36.163440,-86.819680,I 40,,,,0.00,,,,,,,206.40,N,Not at Intersection,N,Non-Junction,None,,,         ,John,Tyree,Clear,Not Collision with Motor Vehicle in Transport,no,no,no,no,no,False
101763148,METROPOLITAN NASHVILLE POLICE DEPT,20170825125,Davidson,Nashville,9/17/2017 1:06:00 AM,1,1,0,36.160520,-86.821080,I 40,,,,0.00,,,,,,,206.15,N,Not at Intersection,N,Non-Junction,None,,,         ,John,Tyree,Clear,Not Collision with Motor Vehicle in Transport,no,no,no,no,no,False
101763149,METROPOLITAN NASHVILLE POLICE DEPT,20170824839,Davidson,Nashville,9/16/2017 10:47:00 PM,2,0,0,36.156110,-86.795340,CHURCH ST,,,,202.00,Feet,East,17TH AVN,,,,0.00,N,Not at Intersection,N,Non-Junction,None,,,         ,Craig,Oakley,Clear,"Sideswipe, Same Direction",no,no,no,no,yes,False
101763158,METROPOLITAN NASHVILLE POLICE DEPT,20170825300,Davidson,Nashville,9/17/2017 2:47:00 AM,1,0,0,36.143950,-86.626490,BELL RD,,,,356.00,Feet,East,LAKERIDGE WAY,,,,0.00,N,Not at Intersection,N,Non-Junction,None,,,         ,Leonard,Spadavecchia,Clear,Unknown,no,no,no,no,yes,False
101763164,METROPOLITAN NASHVILLE POLICE DEPT,20170825340,Davidson,Nashville,9/17/2017 2:45:00 AM,2,0,0,36.168860,-86.783840,5TH AVN,,,,0.00,,,JAMES ROBERTSON PKWY,,,,0.00,Y,Four-Way,N,Intersection,None,,,         ,Damon,Hutcheson,Clear,Angle,no,no,no,no,yes,False
101763165,METROPOLITAN NASHVILLE POLICE DEPT,2017-0825420,Davidson,Nashville,9/17/2017 3:14:00 AM,2,0,0,36.162470,-86.777870,COMMERCE ST,,,,71.00,Feet,East,4TH AVN,,,,0.00,N,Not at Intersection,N,Non-Junction,None,,,         ,Jason,Hogan,Clear,Front to Rear,no,no,no,no,yes,False
101763166,METROPOLITAN NASHVILLE POLICE DEPT,20170825213,Davidson,Nashville,9/17/2017 1:54:00 AM,2,0,0,36.138400,-86.775960,I 65,,,,0.00,,,,,,,81.70,N,Not at Intersection,N,Non-Junction,None,,,         ,Kayla,Castro,Clear,"Sideswipe, Same Direction",no,no,no,no,yes,False
101763167,METROPOLITAN NASHVILLE POLICE DEPT,20170825416,Davidson,Nashville,9/17/2017 3:36:00 AM,2,0,0,36.152100,-86.791930,DIVISION ST,,,,0.00,Feet,East,16TH AVS,,,,0.00,N,Not at Intersection,N,Non-Junction,None,,,         ,Kayla,Castro,Clear,Front to Rear,no,no,no,no,yes,False
101763177,METROPOLITAN NASHVILLE POLICE DEPT,144 2ND AV N,Davidson,Nashville,9/17/2017 12:17:00 AM,2,0,0,36.163170,-86.776020,2ND AVN,,,,0.00,,,COMMERCE ST,,,,0.00,Y,T-Intersection, ,Non-Junction,None,,,         ,Darrien,Spann,Clear,"Sideswipe, Same Direction",no,no,no,no,no,False
101763192,METROPOLITAN NASHVILLE POLICE DEPT,20170825013,Davidson,Nashville,9/17/2017 12:10:00 AM,2,6,0,36.202200,-86.737180,LITTON AV,,,,0.00,Feet,West,DAVIS AV,,,,0.00,N,Not at Intersection,N,Non-Junction,None,,,         ,Brady,Reynolds,Clear,HeadOn,no,no,no,no,no,False
101763193,METROPOLITAN NASHVILLE POLICE DEPT,20170825425,Davidson,Nashville,9/17/2017 3:32:00 AM,2,0,0,36.154270,-86.792890,WEST END AV,,,,0.00,,,BROADWAY,,,,0.00,Y,T-Intersection,N,Intersection,None,,,         ,Craig,Oakley,Clear,Front to Rear,no,no,no,no,yes,False
101763194,METROPOLITAN NASHVILLE POLICE DEPT,20170825225,Davidson,Nashville,9/17/2017 12:26:00 AM,3,0,0,36.072460,-86.671290,XAVIER DR,,,,157.00,Feet,South,XAVIER CT,,,,0.00,N,Not at Intersection,N,Non-Junction,None,,,         ,Gary,Peters,Clear,Front to Rear,no,no,no,no,yes,False
101763196,METROPOLITAN NASHVILLE POLICE DEPT,20170825263,Davidson,Nashville,9/17/2017 2:30:00 AM,1,1,0,36.054730,-86.723820,MCMURRAY DR,,,,19.00,Feet,West,LEATH DR,,,,0.00,N,Not at Intersection,N,Non-Junction,None,,,         ,Nicholas,Smith,Clear,Not Collision with Motor Vehicle in Transport,no,no,no,no,no,False
101763197,METROPOLITAN NASHVILLE POLICE DEPT,20170825337,Davidson,Nashville,9/17/2017 3:10:00 AM,2,1,0,36.076880,-86.725440,NOLENSVILLE PKE,,,,85.00,Feet,South,WALLACE RD,,,,0.00,N,Not at Intersection,N,Non-Junction,None,,,         ,Autumn,Manning,Clear,Front to Rear,no,no,no,no,yes,False
101763198,METROPOLITAN NASHVILLE POLICE DEPT,20170825384,Davidson,Nashville,9/17/2017 12:00:00 AM,1,0,0,36.045030,-86.658780,I 24,,,,0.00,,,,,,,59.45,N,Not at Intersection,N,Non-Junction,None,,,         ,Sandra,Fly,Clear,Not Collision with Motor Vehicle in Transport,no,no,no,no,no,False
101763210,METROPOLITAN NASHVILLE POLICE DEPT,20170824897,Davidson,Nashville,9/16/2017 11:17:00 PM,1,0,0,36.201390,-86.769620,DICKERSON PKE,,,,449.00,Feet,North,GATEWOOD AV,,,,0.00,N,Not at Intersection,N,Non-Junction,None,,,         ,Brandon,Hughes,Clear,Not Collision with Motor Vehicle in Transport,no,no,no,no,yes,False
101763212,METROPOLITAN NASHVILLE POLICE DEPT,20170825088,Davidson,Nashville,9/17/2017 12:46:00 AM,2,0,0,36.195720,-86.776130,I 65,,,,0.00,,,,,,,86.60,N,Not at Intersection,N,Non-Junction,None,,,         ,James,Murphy,Clear,"Sideswipe, Same Direction",no,no,no,no,yes,False
101763220,METROPOLITAN NASHVILLE POLICE DEPT,20170825240,Davidson,Nashville,9/17/2017 2:08:00 AM,2,2,0,36.123060,-86.773170,I 65,,,,0.00,,,,,,,80.60,N,Not at Intersection,N,Non-Junction,None,,,         ,Joseph,Patricio,Clear,Front to Rear,no,no,no,no,no,False
101763228,METROPOLITAN NASHVILLE POLICE DEPT,20170825433,Davidson,Nashville,9/17/2017 12:00:00 AM,4,0,0,36.045030,-86.658780,I 24,,,,0.00,,,,,,,59.45,N,Not at Intersection,N,Non-Junction,None,,,         ,Sandra,Fly,Clear,Not Collision with Motor Vehicle in Transport,no,no,no,no,no,False
101763237,BERRY HILL POLICE DEPT,17-3159,Davidson,Berry Hill,9/16/2017 9:00:00 AM,2,0,0,36.123480,-86.765650,BRANSFORD AV,,,,0.00,,,FESSEY PARK RD,,,,0.00,Y,OTHER, ,OtherLocation,None,,,         ,Larry,Carter,Clear,Angle,no,no,no,yes,no,False
101763258,METROPOLITAN NASHVILLE POLICE DEPT,20170825561,Davidson,Nashville,9/17/2017 4:20:00 AM,3,0,0,36.055180,-86.692390,HILL BENNETT CIR,,,,330.00,Feet,West,LUKER LN,,,,0.00,N,Not at Intersection,N,Non-Junction,None,,,         ,Gary,Peters,Clear,Angle,no,no,no,yes,yes,False
101763273,METROPOLITAN NASHVILLE POLICE DEPT,20170825622,Davidson,Nashville,9/17/2017 12:00:00 AM,1,0,0,36.155250,-86.829350,I 40,,,,0.00,,,,,,,205.55,N,Not at Intersection,N,Non-Junction,None,,,         ,Terrance,Stuckey,Clear,Not Collision with Motor Vehicle in Transport,no,no,no,no,no,False
101763284,METROPOLITAN NASHVILLE POLICE DEPT,20170825760,Davidson,Not in City Limit,9/17/2017 7:15:00 AM,1,0,0,36.102720,-86.933270,I 40,,,,0.00,,,,,,,198.40,N,Not at Intersection, ,Non-Junction,None,,,         ,Gregory,McDaniel,Clear,Not Collision with Motor Vehicle in Transport,no,no,no,no,no,False
101763352,METROPOLITAN NASHVILLE POLICE DEPT,20170825980,Davidson,Not in City Limit,9/17/2017 9:40:00 AM,1,1,0,36.326510,-86.886850,I 24,,,,0.00,,,,,,,33.95,N,Not at Intersection,N,Non-Junction,None,,,         ,James,Wray,Clear,Not Collision with Motor Vehicle in Transport,no,no,no,no,no,False
101763353,METROPOLITAN NASHVILLE POLICE DEPT,20170825974,Davidson,Nashville,9/17/2017 9:30:00 AM,2,0,0,36.071840,-86.636190,BELL RD,,,,13.00,Feet,South,MURFREESBORO PKE,,,,0.00,N,Not at Intersection, ,Non-Junction,None,,,         ,David,Smith,Clear,"Sideswipe, Same Direction",no,no,no,no,no,False
101763354,METROPOLITAN NASHVILLE POLICE DEPT,20170825990,Davidson,Nashville,9/17/2017 9:03:00 AM,2,1,0,36.068830,-86.736490,EDMONDSON PKE,,,,407.00,Feet,West,W DURRETT DR,,,,0.00,N,Not at Intersection,N,Non-Junction,None,,,         ,Kevin,Crawford,Clear,Front to Rear,no,no,no,no,yes,False
101763405,METROPOLITAN NASHVILLE POLICE DEPT,20170826123,Davidson,Not in City Limit,9/17/2017 10:30:00 AM,1,1,0,36.091560,-86.990420,HIGHWAY 70,,,,1013.00,Feet,West,NEWSOM STATION RD,,,,0.00,N,Not at Intersection,N,Non-Junction,None,,,         ,Gregory,McDaniel,Clear,Not Collision with Motor Vehicle in Transport,no,no,no,no,no,False
101763427,METROPOLITAN NASHVILLE POLICE DEPT,20170826137,Davidson,Nashville,9/17/2017 11:18:00 AM,2,0,0,36.136160,-86.788790,WEDGEWOOD AV,,,,40.00,Feet,West,12TH AVS,,,,0.00,N,Not at Intersection, ,Non-Junction,None,,,         ,Nathan,Smith,Clear,Angle,no,no,no,no,no,False
101763458,BELLE MEADE POLICE DEPT,17-0279,Davidson,Belle Meade,9/17/2017 10:39:00 AM,2,0,0,36.112590,-86.863540,HARDING PKE,,,,301.00,Feet,South,JACKSON BLVD,,,,0.00,N,Not at Intersection,N,Non-Junction,None,,,         ,Wes,Bowker,Clear,Front to Rear,no,no,no,no,no,False
101763470,METROPOLITAN NASHVILLE POLICE DEPT,20170826141,Davidson,Nashville,9/17/2017 11:30:00 AM,2,0,0,36.138410,-86.881400,CHARLOTTE PKE,,,,343.00,Feet,West,HILLWOOD BLVD,,,,0.00,N,Not at Intersection, ,Non-Junction,None,,,         ,Michael,Pyle,Clear,"Sideswipe, Same Direction",no,no,no,no,no,False
101763472,METROPOLITAN NASHVILLE POLICE DEPT,20170826029,Davidson,Nashville,9/17/2017 12:00:00 AM,1,0,0,36.091080,-86.721280,CATHY JO DR,,,,117.00,Feet,East,DEWAIN DR,,,,0.00,N,Not at Intersection,N,Non-Junction,None,,,         ,Stephen,Soule,Unknown,Not Collision with Motor Vehicle in Transport,no,no,no,no,yes,False
101763487,METROPOLITAN NASHVILLE POLICE DEPT,20170826113,Davidson,Nashville,9/17/2017 11:12:00 AM,2,0,0,36.171310,-86.752510,SHELBY AV,,,,54.00,Feet,West,S 10TH ST,,,,0.00,N,Not at Intersection, ,Non-Junction,None,,,         ,Gregory,Cenicola,Clear,Front to Rear,no,no,no,no,no,False
101763504,METROPOLITAN NASHVILLE POLICE DEPT,20170826135,Davidson,Nashville,9/17/2017 11:29:00 AM,2,0,0,36.096190,-86.655670,MURFREESBORO PKE,,,,18.00,Feet,West,SMITH SPRINGS RD,,,,0.00,N,Not at Intersection,N,Non-Junction,None,,,         ,Roy,McElwee,Clear,"Sideswipe, Same Direction",no,no,no,no,no,False
101763516,METROPOLITAN NASHVILLE POLICE DEPT,20170826197,Davidson,Not in City Limit,9/17/2017 10:50:00 AM,2,0,0,36.262050,-86.891440,OLD HICKORY BLVD,,,,0.00,,,EATONS CREEK RD,,,,0.00,Y,Four-Way, ,Intersection,None,,,         ,Royce,McLester,Clear,Angle,no,no,no,no,no,False
101763558,METROPOLITAN NASHVILLE POLICE DEPT,20170826279,Davidson,Nashville,9/17/2017 2:06:00 PM,2,1,0,36.187060,-86.798430,ROSA L PARKS BLVD,,,,343.00,Feet,North,I65 S EXT RAMP,,,,0.00,N,Not at Intersection,N,Non-Junction,None,,,         ,William,Caillouette,Clear,"Sideswipe, Same Direction",no,no,no,no,yes,False
101763585,GOODLETTSVILLE POLICE DEPT,17-32694,Davidson,Goodlettsville,9/17/2017 1:27:00 PM,2,0,0,36.306830,-86.694410,VIETNAM VETERANS BLVD NB EXT R,,,,0.00,,,CONFERENCE DR,,,,0.00,Y,T-Intersection,Y,Entrance/Exit Ramp Related,None,,,         ,Brian,Hajdu,Cloudy,"Sideswipe, Same Direction",no,no,no,no,yes,False
101763600,METROPOLITAN NASHVILLE POLICE DEPT,20170826293,Davidson,Nashville,9/17/2017 2:19:00 PM,3,1,0,36.046080,-86.657860,BELL RD,,,,0.00,,,COLLINS PARK DR,,,,0.00,Y,Four-Way,N,Intersection-Related,None,,,         ,Roy,McElwee,Clear,Front to Rear,no,no,no,no,yes,False
101763609,METROPOLITAN NASHVILLE POLICE DEPT,20170826086,Davidson,Nashville,9/17/2017 10:49:00 AM,1,2,0,36.147710,-86.666330,DONELSON PKE,,,,397.00,Feet,South,ELM HILL PKE,,,,0.00,N,Not at Intersection,N,Non-Junction,None,,,         ,Gerry,Hutcheson,Clear,Not Collision with Motor Vehicle in Transport,no,no,no,no,no,False
101763618,METROPOLITAN NASHVILLE POLICE DEPT,20170826312,Davidson,Nashville,9/17/2017 1:50:00 PM,2,0,0,36.230390,-86.759100,DICKERSON PKE,,,,325.00,Feet,South,OAK VALLEY DR,,,,0.00,N,Not at Intersection, ,Non-Junction,None,,,         ,Christopher,Valdez,Clear,Angle,no,no,no,no,yes,False
101763621,Nashville Airport Police,2017-03301,Davidson,Nashville,9/16/2017 7:33:00 PM,2,0,0,36.133360,-86.668590,TERMINAL DR,,,,1039.00,Feet,West,BNA DR,,,,0.00,N,Not at Intersection, ,Non-Junction,None,,,         ,Joseph,Harrell,Clear,Front to Rear,no,no,no,no,no,False
101763624,METROPOLITAN NASHVILLE POLICE DEPT,20170826118,Davidson,Nashville,9/17/2017 11:00:00 AM,2,0,0,36.153120,-86.761350,GREEN ST,,,,144.00,Feet,East,CHARLES E DAVIS BLVD,,,,0.00,N,Not at Intersection,N,Non-Junction,None,,,         ,Jed,Baldoni,Clear,Angle,no,no,no,no,yes,False
101763625,METROPOLITAN NASHVILLE POLICE DEPT,20170826240,Davidson,Nashville,9/17/2017 1:11:00 PM,3,1,0,36.194440,-86.687260,BRILEY PKWYN,,,,728.00,Feet,North,BRILEY PKWY N ENT RAMP,,,,0.00,N,Not at Intersection,N,Non-Junction,None,,,         ,Jed,Baldoni,Clear,"Sideswipe, Same Direction",no,no,no,no,yes,False
101763627,METROPOLITAN NASHVILLE POLICE DEPT,20170826338,Davidson,Nashville,9/17/2017 2:28:00 PM,2,0,0,36.140670,-86.725670,I 40,,,,0.00,,,,,,,213.35,N,Not at Intersection, ,Non-Junction,None,,,         ,Samuel,Sundra,Clear,Front to Rear,no,no,no,no,no,False
101763635,METROPOLITAN NASHVILLE POLICE DEPT,2017-0826233,Davidson,Nashville,9/17/2017 1:06:00 PM,4,2,0,36.040280,-86.768370,OLD HICKORY BLVD,,,,0.00,Feet,East,SEVEN SPRINGS WAY,,,,0.00,N,Not at Intersection,N,Non-Junction,None,,,         ,Sean,Williams,Clear,Front to Rear,no,no,no,no,no,False
101763646,METROPOLITAN NASHVILLE POLICE DEPT,20170826376,Davidson,Nashville,9/17/2017 2:24:00 PM,2,1,0,36.069130,-86.720250,NOLENSVILLE PKE,,,,321.00,Feet,East,TAYLOR RD,,,,0.00,N,Not at Intersection,N,Non-Junction,None,,,         ,Marcus,Darden,Clear,Front to Rear,no,no,no,no,no,False
101763647,METROPOLITAN NASHVILLE POLICE DEPT,20170826328,Davidson,Nashville,9/17/2017 1:40:00 PM,2,0,0,36.037830,-86.646930,I 24,,,,0.00,,,,,,,60.25,N,Not at Intersection, ,Non-Junction,None,,,         ,Candice,Soper,Clear,Front to Rear,no,no,no,no,no,False
101763665,METROPOLITAN NASHVILLE POLICE DEPT,20170826430,Davidson,Not in City Limit,9/17/2017 1:34:00 PM,2,0,0,36.316280,-86.876580,EATONS CREEK RD,,,,0.00,,,OLD CLARKSVILLE PKE,,,,0.00,Y,Four-Way, ,Intersection,None,,,         ,Walter,Cothran,Clear,Rear to Side,no,no,no,no,no,False
101763667,METROPOLITAN NASHVILLE POLICE DEPT,20170826337,Davidson,Nashville,9/17/2017 2:49:00 PM,2,1,0,36.176900,-86.774400,SPRING ST,,,,55.00,Feet,East,N 1ST ST,,,,0.00,N,Not at Intersection,N,Non-Junction,None,,,         ,Michael,Baron,Clear,Angle,no,no,no,no,yes,False
101763670,METROPOLITAN NASHVILLE POLICE DEPT,20170826393,Davidson,Nashville,9/17/2017 12:50:00 PM,2,1,0,36.052210,-86.644910,EAGLE VIEW BLVD,,,,0.00,,,BELL RD,,,,0.00,Y,T-Intersection,N,Intersection,None,,,         ,Mary,Williams,Clear,Front to Rear,no,no,no,no,no,False
101763680,METROPOLITAN NASHVILLE POLICE DEPT,20170826488,Davidson,Nashville,9/17/2017 3:30:00 PM,2,1,0,36.215300,-86.588940,LEBANON PKE,,,,132.00,Feet,West,BIG HORN DR,,,,0.00,N,Not at Intersection,N,Non-Junction,None,,,         ,Jonathon,Sheppard,Clear,Front to Rear,no,no,no,no,no,False
101763681,METROPOLITAN NASHVILLE POLICE DEPT,20170826225,Davidson,Nashville,9/17/2017 2:00:00 AM,1,0,0,36.083960,-86.659620,PICCADILLY ROW,,,,68.00,Feet,East,BLUE MOUNTAIN LN,,,,0.00,N,Not at Intersection,N,Non-Junction,None,,,         ,Marcus,Darden,Unknown,Unknown,no,no,no,no,yes,False
101763682,VANDERBILT UNIVERSITY POLICE,2017-0824113,Davidson,Nashville,9/17/2017 3:35:00 PM,1,0,0,36.144010,-86.811470,28TH AVS,,,,0.00,,,,,,,0.00,,, ,Non-Junction,None,,,         ,Christopher,Dion,Clear,Not Collision with Motor Vehicle in Transport,no,no,no,yes,no,Campus
101763684,METROPOLITAN NASHVILLE POLICE DEPT,20170826447,Davidson,Nashville,9/17/2017 3:02:00 PM,2,0,0,36.044640,-86.659470,I24 E ENT RAMP,,,,0.00,Feet,East,I 24,,,,0.00,N,Not at Intersection,Y,Entrance/Exit Ramp Related,None,,,         ,Nathaniel,Myers,Clear,Front to Rear,no,no,no,no,no,False