master_record_number,agency,agency_tracking_number,county,city,collision_date,vehicles_involved,number_injured,number_dead,latitude,longitude,roadway_name,roadway_suffix,roadway_number,roadway_local_id,distance_from_reference,miles-feet_indicator,direction_from_reference,intersection_road_name,intersection_road_name_suffix,intersection_road_number,intersection_local_id,mile_marker,intersection_indicator,intersect_type,interchange_related_indicator,relation_to_junction,work_zone_type,construction_maintenance_zone,construction_maintenance_zone_location,fatal_case_number,officer_first_name,officer_last_name,weather_condition(s),manner_of_crash,pedestrian,bicycle,scooter,parking,hitrun,mou
101764470,VANDERBILT UNIVERSITY POLICE,17-0828771,Davidson,Nashville,9/18/2017 11:54:00 AM,2,0,0,36.148890,-86.800020,21ST AVS,,,,258.00,Feet,West,BROADWAY,,,,0.00,N,Not at Intersection, ,Non-Junction,None,,,         ,Brent,Clark,Clear,Angle,no,no,no,no,no,Campus
101764473,METROPOLITAN NASHVILLE POLICE DEPT,20170829020,Davidson,Nashville,9/18/2017 1:53:00 PM,2,0,0,36.146720,-86.743760,FESSLERS LN,,,,0.00,,,I40 E EXT RAMP,,,,0.00,Y,T-Intersection, ,Intersection,None,,,         ,James,Curtis,Clear,Angle,no,no,no,no,no,False
101764489,METROPOLITAN NASHVILLE POLICE DEPT,20170828945,Davidson,Nashville,9/18/2017 1:23:00 PM,2,0,0,36.180220,-86.814600,BUCHANAN ST,,,,0.00,,,23RD AVN,,,,0.00,Y,Four-Way, ,Intersection-Related,None,,,         ,Nicholas,MacDougall,Clear,"Sideswipe, Same Direction",no,no,no,no,no,False
101764492,BERRY HILL POLICE DEPT,17-3180,Davidson,Berry Hill,9/18/2017 1:14:00 PM,2,0,0,36.112830,-86.766910,BRANSFORD AV,,,,54.00,Feet,North,HEATHER PL,,,,0.00,N,Not at Intersection, ,Non-Junction,None,,,         ,Ronnie,Hill,Cloudy,"Sideswipe, Same Direction",no,no,no,no,no,False
101764502,METROPOLITAN NASHVILLE POLICE DEPT,20170829095,Davidson,Nashville,9/18/2017 2:22:00 PM,2,0,0,36.232170,-86.751760,MAPLEWOOD TRC,,,,252.00,Feet,West,WALTON LN,,,,0.00,N,Not at Intersection, ,Non-Junction,None,,,         ,Richard,Conger,Clear,Front to Rear,no,no,no,no,yes,False
101764507,METROPOLITAN NASHVILLE POLICE DEPT,2017-0828835,Davidson,Nashville,9/18/2017 12:47:00 PM,2,1,0,36.070030,-86.698800,EAST RIDGE DR,,,,0.00,,,HAYWOOD LN,,,,0.00,Y,Four-Way,N,Intersection,None,,,         ,William,Whitworth,Clear,Angle,no,no,no,no,no,False
101764512,METROPOLITAN NASHVILLE POLICE DEPT,20170829118,Davidson,Nashville,9/18/2017 2:30:00 PM,2,0,0,36.084660,-86.704290,HARDING PL,,,,271.00,Feet,West,TRAVELERS INN DR,,,,0.00,N,Not at Intersection,N,Non-Junction,None,,,         ,Jessie,Meadows,Clear,Front to Rear,no,no,no,yes,yes,False
101764520,METROPOLITAN NASHVILLE POLICE DEPT,20170828743,Davidson,Nashville,9/18/2017 12:00:00 PM,2,0,0,36.091360,-86.828510,HARDING PL,,,,0.00,,,HILLSBORO PKE,,,,0.00,Y,Four-Way, ,Intersection-Related,None,,,         ,Christopher,Royer,Clear,Front to Rear,no,no,no,no,no,False
101764547,METROPOLITAN NASHVILLE POLICE DEPT,20170829014,Davidson,Nashville,9/18/2017 12:00:00 AM,1,1,0,36.197260,-86.866850,BRILEY PKWYN,,,,1727.00,Feet,North,BRILEY PKWYS,,,,0.00,N,Not at Intersection,N,Non-Junction,None,,,         ,Melvin,Taylor,Clear,Not Collision with Motor Vehicle in Transport,no,no,no,no,no,False
101764577,METROPOLITAN NASHVILLE POLICE DEPT,20170829258,Davidson,Nashville,9/18/2017 3:33:00 PM,1,1,0,36.143040,-86.684570,I 40,,,,0.00,,,,,,,215.60,N,Not at Intersection,N,Non-Junction,None,,,         ,Wesley,Young,Clear,Not Collision with Motor Vehicle in Transport,no,no,no,no,no,False
101764583,METROPOLITAN NASHVILLE POLICE DEPT,20170829239,Davidson,Not in City Limit,9/18/2017 3:25:00 PM,2,0,0,36.273280,-86.705630,ANDERSON LN,,,,150.00,Feet,East,BROOKS AV,,,,0.00,N,Not at Intersection,N,Non-Junction,None,,,         ,Christopher,Littles,Clear,Front to Rear,no,no,no,no,no,False
101764593,METROPOLITAN NASHVILLE POLICE DEPT,20170829341,Davidson,Nashville,9/18/2017 12:00:00 AM,2,0,0,36.168490,-86.813490,I40 E EXT RAMP,,,,0.00,Feet,East,I 40,,,,0.00,N,Not at Intersection, ,Non-Junction,None,,,         ,Melvin,Taylor,Clear,Front to Rear,no,no,no,no,yes,False
101764605,METROPOLITAN NASHVILLE POLICE DEPT,20170829134,Davidson,Nashville,9/18/2017 2:01:00 PM,2,0,0,36.138300,-86.800670,21ST AVS,,,,122.00,Feet,South,CHILDRENS WAY,,,,0.00,N,Not at Intersection,N,OtherLocation,None,,,         ,Tien,Nguyen,Clear,"Sideswipe, Same Direction",no,no,no,yes,no,Campus
101764606,METROPOLITAN NASHVILLE POLICE DEPT,20170829373,Davidson,Nashville,9/18/2017 4:13:00 PM,2,0,0,36.116020,-86.793040,I 440,,,,0.00,,,,,,,3.80,N,Not at Intersection, ,Non-Junction,None,,,         ,Tien,Nguyen,Clear,Front to Rear,no,no,no,no,no,False
101764607,METROPOLITAN NASHVILLE POLICE DEPT,20170829365,Davidson,Nashville,9/18/2017 3:25:00 PM,2,0,0,36.100230,-86.871170,HARDING PKE,,,,43.00,Feet,South,PAGE RD,,,,0.00,N,Not at Intersection,N,Non-Junction,None,,,         ,Brandon,Pedigo,Clear,Angle,no,no,no,no,no,False
101764616,METROPOLITAN NASHVILLE POLICE DEPT,20170829251,Davidson,Nashville,9/18/2017 3:32:00 PM,1,0,0,36.228620,-86.698010,BRILEY PKWYS,,,,1329.00,Feet,South,MUSIC VALLEY DR,,,,0.00,N,Not at Intersection,N,Non-Junction,None,,,         ,Adam,Nicholson,Clear,Not Collision with Motor Vehicle in Transport,no,no,no,no,no,False
101764628,METROPOLITAN NASHVILLE POLICE DEPT,20170829473,Davidson,Nashville,9/18/2017 12:00:00 AM,2,0,0,36.177990,-86.812690,22ND AVN,,,,442.00,Feet,North,OSAGE ST,,,,0.00,N,Not at Intersection, ,Non-Junction,None,,,         ,Melvin,Taylor,Unknown,Unknown,no,no,no,no,yes,False
101764629,METROPOLITAN NASHVILLE POLICE DEPT,20170829411,Davidson,Nashville,9/18/2017 10:00:00 AM,2,0,0,36.151730,-86.770270,LAFAYETTE ST,,,,290.00,Feet,East,4TH AVS,,,,0.00,N,Not at Intersection,N,Non-Junction,None,,,         ,Chad,Wilkinson,Clear,Unknown,no,no,no,yes,yes,False
101764637,THP District 3 - Nashville,317055239,Davidson,Nashville,9/18/2017 3:54:00 PM,2,0,0,36.037420,-86.782770,I 65,,,,0.00,,,,,,,74.45,N,Not at Intersection, ,Non-Junction,None,,,         ,Charles,Spires,Clear,Front to Rear,no,no,no,no,no,False
101764638,METROPOLITAN NASHVILLE POLICE DEPT,20170829493,Davidson,Nashville,9/18/2017 3:29:00 PM,2,0,0,36.148850,-86.804560,WEST END AV,,,,0.00,,,23RD AVN,,,,0.00,Y,T-Intersection,N,Intersection-Related,None,,,         ,Tien,Nguyen,Clear,"Sideswipe, Same Direction",no,no,no,no,no,Campus
101764639,METROPOLITAN NASHVILLE POLICE DEPT,20170829360,Davidson,Nashville,9/18/2017 4:04:00 PM,2,0,0,36.099580,-86.764230,I 65,,,,0.00,,,,,,,79.00,N,Not at Intersection, ,Non-Junction,None,,,         ,Eric,Burford,Clear,"Sideswipe, Same Direction",no,no,no,no,no,False
101764640,METROPOLITAN NASHVILLE POLICE DEPT,20170829381,Davidson,Nashville,9/18/2017 4:16:00 PM,1,1,0,36.213280,-86.762510,DELLWAY VILLA RD,,,,603.00,Feet,East,DICKERSON PKE,,,,0.00,N,Not at Intersection,N,Non-Junction,None,,,         ,Joshua,Lackey,Clear,Not Collision with Motor Vehicle in Transport,yes,no,no,yes,no,False
101764644,METROPOLITAN NASHVILLE POLICE DEPT,20170829361,Davidson,Nashville,9/18/2017 4:07:00 PM,2,0,0,36.172420,-86.601870,OLD HICKORY BLVD,,,,87.00,Feet,South,PRINCETON PL,,,,0.00,N,Not at Intersection, ,Non-Junction,None,,,         ,Jefferson,Hughes,Clear,Front to Rear,no,no,no,no,no,False
101764646,METROPOLITAN NASHVILLE POLICE DEPT,20170829529,Davidson,Nashville,9/18/2017 4:47:00 PM,2,0,0,36.098610,-86.659380,MURFREESBORO PKE,,,,0.00,,,HARDING PL,,,,0.00,Y,T-Intersection, ,Non-Junction,None,,,         ,Michael,Apsey,Clear,Front to Rear,no,no,no,no,no,False
101764647,METROPOLITAN NASHVILLE POLICE DEPT,20170829448,Davidson,Nashville,9/18/2017 4:30:00 PM,2,0,0,36.115640,-86.773750,FRANKLIN PKE,,,,14.00,Feet,North,I65 S ENT RAMP,,,,0.00,N,Not at Intersection, ,Entrance/Exit Ramp Related,None,,,         ,William,Taylor,Clear,Front to Rear,no,no,no,no,no,False
101764652,METROPOLITAN NASHVILLE POLICE DEPT,20170829443,Davidson,Not in City Limit,9/18/2017 4:22:00 PM,2,0,0,36.022870,-86.712400,NOLENSVILLE PKE,,,,99.00,Feet,North,PERSIA WAY,,,,0.00,N,Not at Intersection, ,,None,,,         ,Trenton,Searcy,,,no,no,no,no,no,False
101764655,METROPOLITAN NASHVILLE POLICE DEPT,20170829595,Davidson,Nashville,9/18/2017 5:06:00 PM,2,0,0,36.117370,-86.727320,GLENROSE AV,,,,157.00,Feet,West,MASHBURN RD,,,,0.00,N,Not at Intersection,N,Non-Junction,None,,,         ,Benjamin,Froehlich,Clear,Angle,no,no,no,no,yes,False
101764660,METROPOLITAN NASHVILLE POLICE DEPT,20170829628,Davidson,Nashville,9/18/2017 5:02:00 PM,2,0,0,36.160760,-86.793690,CHARLOTTE AV,,,,0.00,,,14TH AVN,,,,0.00,Y,Four-Way, ,Intersection-Related,None,,,         ,Tien,Nguyen,Clear,Front to Rear,no,no,no,no,no,False
101764669,METROPOLITAN NASHVILLE POLICE DEPT,20170829392,Davidson,Nashville,9/18/2017 5:00:00 PM,2,0,0,36.123390,-86.727900,I 24,,,,0.00,,,,,,,52.70,N,Not at Intersection, ,Non-Junction,None,,,         ,Jessie,Meadows,Clear,Front to Rear,no,no,no,no,no,False
101764670,METROPOLITAN NASHVILLE POLICE DEPT,20170829469,Davidson,Nashville,9/18/2017 5:45:00 PM,1,0,0,36.035320,-86.644140,I 24,,,,0.00,,,,,,,60.50,N,Not at Intersection,N,Non-Junction,None,,,         ,Jessie,Meadows,Clear,Not Collision with Motor Vehicle in Transport,no,no,no,no,no,False
101764677,METROPOLITAN NASHVILLE POLICE DEPT,20170829679,Davidson,Nashville,9/18/2017 6:01:00 PM,2,0,0,36.111210,-86.671120,DONELSON PKE,,,,559.00,Feet,North,KNAPP BLVD,,,,0.00,N,Not at Intersection, ,,None,,,         ,Patrick,Taylor,,,no,no,no,no,no,False
101764678,METROPOLITAN NASHVILLE POLICE DEPT,20170829711,Davidson,Nashville,9/18/2017 6:19:00 PM,2,1,0,36.100090,-86.661660,MURFREESBORO PKE,,,,862.00,Feet,West,HARDING PL,,,,0.00,N,Not at Intersection,N,Non-Junction,None,,,         ,Michael,Apsey,Clear,Front to Rear,no,no,no,no,no,False
101764680,METROPOLITAN NASHVILLE POLICE DEPT,20170829678,Davidson,Nashville,9/18/2017 5:58:00 PM,2,0,0,36.081930,-86.712790,HARDING PL,,,,271.00,Feet,East,WHISPERING OAKS PL,,,,0.00,N,Not at Intersection, ,Non-Junction,None,,,         ,Nakia,Reid,Clear,Front to Rear,no,no,no,no,no,False
101764681,METROPOLITAN NASHVILLE POLICE DEPT,20170829720,Davidson,Nashville,9/18/2017 6:22:00 PM,2,0,0,36.175370,-86.752340,RUSSELL ST,,,,198.00,Feet,West,S 10TH ST,,,,0.00,N,Not at Intersection, ,Non-Junction,None,,,         ,Benjamin,Williams,Clear,Angle,no,no,no,no,no,False
101764682,METROPOLITAN NASHVILLE POLICE DEPT,20170829724,Davidson,Nashville,9/18/2017 6:30:00 PM,2,0,0,36.128960,-86.773020,I 65,,,,0.00,,,,,,,81.00,N,Not at Intersection, ,,None,,,         ,William,Taylor,,,no,no,no,no,no,False
101764705,METROPOLITAN NASHVILLE POLICE DEPT,20170829715,Davidson,Nashville,9/18/2017 6:15:00 PM,2,1,0,36.075620,-86.768140,I 65,,,,0.00,,,,,,,77.35,N,Not at Intersection,N,Non-Junction,None,,,         ,David,Robberson,Clear,Front to Rear,no,no,no,no,no,False
101764710,METROPOLITAN NASHVILLE POLICE DEPT,20170829117,Davidson,Goodlettsville,9/18/2017 2:38:00 PM,2,0,0,36.297720,-86.698520,GALLATIN PKEN,,,,348.00,Feet,North,RIVERGATE PKWY,,,,0.00,N,Not at Intersection, ,Non-Junction,None,,,         ,Samuel,Miller,Cloudy,"Sideswipe, Same Direction",no,no,no,no,no,False
101764745,METROPOLITAN NASHVILLE POLICE DEPT,20170829745,Davidson,Nashville,9/18/2017 3:26:00 PM,2,0,0,36.153230,-86.696990,WANDA DR,,,,0.00,,,CRYSTAL DR,,,,0.00,Y,Four-Way,N,Non-Junction,None,,,         ,Adam,Nicholson,Clear,Angle,no,no,no,no,no,False
101764746,METROPOLITAN NASHVILLE POLICE DEPT,20170829296,Davidson,Nashville,9/18/2017 10:07:00 AM,2,0,0,36.251560,-86.720060,MOVING CENTER CT,,,,0.00,,,,,,,0.00,,,N,Non-Junction,None,,,         ,Samuel,Miller,Cloudy,Angle,no,no,no,yes,yes,False
101764747,METROPOLITAN NASHVILLE POLICE DEPT,20170829710,Davidson,Nashville,9/18/2017 4:50:00 PM,2,0,0,36.037470,-86.790980,OLD HICKORY BLVD,,,,0.00,,,S HILLVIEW DR,,,,0.00,Y,Four-Way, ,Intersection-Related,None,,,         ,Tien,Nguyen,Clear,Front to Rear,no,no,no,no,no,False
101764748,METROPOLITAN NASHVILLE POLICE DEPT,20170829829,Davidson,Nashville,9/18/2017 5:29:00 PM,2,0,0,36.091360,-86.828510,HARDING PL,,,,0.00,,,HILLSBORO PKE,,,,0.00,Y,Four-Way, ,Intersection-Related,None,,,         ,Tien,Nguyen,Clear,Front to Rear,no,no,no,no,no,False
101764750,METROPOLITAN NASHVILLE POLICE DEPT,20170829843,Davidson,Not in City Limit,9/18/2017 7:26:00 PM,2,2,0,36.262620,-86.684380,E OLD HICKORY BLVD,,,,0.00,,,LARKIN SPRINGS RD,,,,0.00,Y,Four-Way,N,Intersection,None,,,         ,Christopher,Littles,Clear,Angle,no,no,no,no,no,False
101764752,METROPOLITAN NASHVILLE POLICE DEPT,20170829605,Davidson,Nashville,9/18/2017 5:25:00 PM,2,0,0,36.145860,-86.777560,I 65,,,,0.00,,,,,,,82.20,N,Not at Intersection,N,Non-Junction,None,,,         ,Bradley,Pope,Clear,Angle,no,no,no,no,no,False
101764753,METROPOLITAN NASHVILLE POLICE DEPT,20170829840,Davidson,Nashville,9/18/2017 12:00:00 AM,1,1,0,36.206750,-86.780510,W TRINITY LN,,,,148.00,Feet,East,SCRUGGS LN,,,,0.00,N,Not at Intersection,N,Non-Junction,None,,,         ,Melvin,Taylor,Cloudy,Not Collision with Motor Vehicle in Transport,yes,no,no,no,no,False
101764758,METROPOLITAN NASHVILLE POLICE DEPT,20170829886,Davidson,Nashville,9/18/2017 7:30:00 PM,2,1,0,36.062660,-86.630800,HAMILTON CHURCH RD,,,,0.00,,,HAMILTON CROSSINGS,,,,0.00,Y,Four-Way,N,Non-Junction,None,,,         ,Candice,Soper,Clear,Angle,no,no,no,no,no,False
101764771,Nashville Airport Police,2017-03281,Davidson,Nashville,9/15/2017 3:45:00 PM,1,0,0,36.134330,-86.665160,TERMINAL DR,,,,0.00,,,,,,,0.00,,, ,OtherLocation,None,,,         ,Bradley,Kessler,Clear,Not Collision with Motor Vehicle in Transport,no,no,no,yes,no,False
101764808,METROPOLITAN NASHVILLE POLICE DEPT,2017-0819930,Davidson,Nashville,9/15/2017 3:20:00 AM,2,1,0,36.165050,-86.779830,UNION ST,,,,0.00,,,4TH AVN,,,,0.00,Y,OTHER,N,Intersection,None,,,         ,Travis,Baxter,Clear,Angle,no,no,no,no,no,False
101764813,METROPOLITAN NASHVILLE POLICE DEPT,20170829918,Davidson,Nashville,9/18/2017 7:39:00 PM,2,0,0,36.151100,-86.784630,DIVISION ST,,,,86.00,Feet,West,12TH AVS,,,,0.00,N,Not at Intersection, ,Non-Junction,None,,,         ,Chad,Wilkinson,Clear,Front to Rear,no,no,no,no,no,False
101764815,Nashville Airport Police,2017-03284,Davidson,Nashville,9/15/2017 6:18:00 PM,2,0,0,36.133410,-86.665080,BNA DR,,,,0.00,,,TERMINAL DR,,,,0.00,Y,T-Intersection, ,Intersection,None,,,         ,Bradley,Kessler,Clear,"Sideswipe, Same Direction",no,no,no,no,no,False
101764854,METROPOLITAN NASHVILLE POLICE DEPT,20170830131,Davidson,Nashville,9/18/2017 9:17:00 PM,2,0,0,36.071980,-86.841500,HILLSBORO PKE,,,,0.00,,,CASTLEWOOD CT,,,,0.00,Y,T-Intersection, ,Intersection-Related,None,,,         ,Tien,Nguyen,Clear,Front to Rear,no,no,no,no,no,False
101764869,METROPOLITAN NASHVILLE POLICE DEPT,20170830079,Davidson,Nashville,9/18/2017 9:05:00 PM,2,0,0,36.151800,-86.771250,LAFAYETTE ST,,,,0.00,,,4TH AVS,,,,0.00,Y,Four-Way, ,,None,,,         ,Andrey,Volfson,,,no,no,no,no,no,False
101764870,VANDERBILT UNIVERSITY POLICE,17-0830028,Davidson,Nashville,9/18/2017 12:00:00 AM,2,0,0,36.142100,-86.800400,21ST AVS,,,,0.00,,,,,,,0.00,,, ,,None,,,         ,William,West,,,no,no,no,yes,no,Campus
101764874,METROPOLITAN NASHVILLE POLICE DEPT,20170830055,Davidson,Nashville,9/18/2017 8:50:00 PM,2,0,0,36.082100,-86.761700,HARDING PL,,,,0.00,,,SIDCO DR,,,,0.00,Y,Four-Way, ,,None,,,         ,William,Taylor,,,no,no,no,no,no,False
101764875,METROPOLITAN NASHVILLE POLICE DEPT,20170829998,Davidson,Nashville,9/18/2017 5:51:00 PM,2,0,0,36.052620,-86.714700,NOLENSVILLE PKE,,,,389.00,Feet,South,BREWER DR,,,,0.00,N,Not at Intersection,N,Non-Junction,None,,,         ,Trenton,Searcy,Clear,Angle,no,no,no,no,no,False
101764895,METROPOLITAN NASHVILLE POLICE DEPT,20170830122,Davidson,Nashville,9/18/2017 9:12:00 PM,2,0,0,36.175860,-86.757470,MAIN ST,,,,34.00,Feet,East,NEILL AV,,,,0.00,N,Not at Intersection, ,Non-Junction,None,,,         ,Andrew,Anoskey,Clear,Angle,no,no,no,no,no,False
101764922,METROPOLITAN NASHVILLE POLICE DEPT,20170829798,Davidson,Nashville,9/18/2017 6:00:00 PM,2,0,0,36.148360,-86.768930,4TH AVS,,,,224.00,Feet,South,OAK ST,,,,0.00,N,Not at Intersection, ,Non-Junction,Maintenance Zone,,,         ,John,Joyce,Clear,"Sideswipe, Same Direction",no,no,no,no,no,False
101764927,METROPOLITAN NASHVILLE POLICE DEPT,20170830098,Davidson,Nashville,9/18/2017 8:49:00 PM,2,0,0,36.096580,-86.708350,I 24,,,,0.00,,,,,,,54.85,N,Not at Intersection,N,Non-Junction,None,,,         ,Nathaniel,Myers,Clear,"Sideswipe, Same Direction",no,no,no,no,yes,False
101764944,METROPOLITAN NASHVILLE POLICE DEPT,20170830077,Davidson,Nashville,9/18/2017 9:01:00 PM,2,0,0,36.114168,-87.005045,8716 OLD CHARLOTTE PK,,,,136.00,Feet,West,MANNING HOLLOW RD,,,,0.00,N,Not at Intersection,N,Non-Junction,None,,,         ,Jeremy,Huffine,Clear,Front to Rear,no,no,no,no,no,False
101764945,METROPOLITAN NASHVILLE POLICE DEPT,20170830283,Davidson,Nashville,9/18/2017 10:36:00 PM,2,0,0,36.047550,-86.655930,BELL RD,,,,0.00,,,HICKORY HOLLOW PKWY,,,,0.00,Y,Four-Way,N,Intersection,None,,,         ,Daniel,Garrett,Clear,Angle,no,no,no,no,no,False
101764946,METROPOLITAN NASHVILLE POLICE DEPT,20170830070,Davidson,Nashville,9/18/2017 8:24:00 PM,2,0,0,36.087430,-86.692210,ANTIOCH PKE,,,,0.00,,,HARDING PL,,,,0.00,Y,Four-Way, ,Intersection-Related,None,,,         ,Megan,Arnett,Clear,Front to Rear,no,no,no,no,no,False
101764966,METROPOLITAN NASHVILLE POLICE DEPT,20170830384,Davidson,Nashville,9/18/2017 11:07:00 PM,2,0,0,36.149480,-86.773120,I 40,,,,0.00,,,,,,,210.20,N,Not at Intersection, ,Entrance/Exit Ramp Related,None,,,         ,Steven,Wiser,Clear,"Sideswipe, Same Direction",no,no,no,no,no,False
101764970,METROPOLITAN NASHVILLE POLICE DEPT,20170830604,Davidson,Nashville,9/18/2017 7:08:00 PM,2,0,0,36.040300,-86.625180,MURPHYWOOD CRSG,,,,160.00,Feet,North,MONROE CRSG,,,,0.00,N,Not at Intersection, ,Non-Junction,None,,,         ,Ryan,Storm,Clear,"Sideswipe, Same Direction",no,no,no,no,no,False
101764980,METROPOLITAN NASHVILLE POLICE DEPT,20170830642,Davidson,Nashville,9/19/2017 1:15:00 AM,2,1,0,36.209820,-86.776060,I 65,,,,0.00,,,,,,,87.60,N,Not at Intersection,N,Non-Junction,None,,,         ,Geoffrey,Daugherty,Clear,"Sideswipe, Same Direction",no,no,no,no,no,False
101764982,Nashville Airport Police,17-03303,Davidson,Nashville,9/16/2017 12:00:00 AM,1,0,0,36.179120,-86.883270,TUNE AIRPORT DR,,,,299.00,Feet,West,HERMITAGE PLZ,,,,0.00,N,Not at Intersection, ,Unknown,None,,,         ,Kurt,Thomas,Rain,Not Collision with Motor Vehicle in Transport,no,no,no,yes,yes,False
101764991,Nashville Airport Police,2017-03315,Davidson,Nashville,9/18/2017 12:00:00 AM,2,0,0,36.133180,-86.664330,BNA DR,,,,0.00,,,BNA DR,,,,0.00,Y,OTHER,N,Entrance/Exit Ramp Related,Construction Zone,Other,Before First Warning Area,         ,Jacob,Bennett,Clear,Front to Rear,no,no,no,no,no,False
101765011,METROPOLITAN NASHVILLE POLICE DEPT,20170830734,Davidson,Nashville,9/19/2017 1:15:00 AM,2,1,0,36.210550,-86.775970,I 65,,,,0.00,,,,,,,87.65,N,Not at Intersection,N,Non-Junction,None,,,         ,Geoffrey,Daugherty,Clear,Front to Rear,no,no,no,no,no,False
101765015,METROPOLITAN NASHVILLE POLICE DEPT,20170831231,Davidson,Nashville,9/19/2017 5:46:00 AM,2,2,0,36.120820,-86.790540,KIRKWOOD AV,,,,0.00,,,12TH AVS,,,,0.00,Y,Four-Way,Y,Intersection,None,,,         ,Ryan,Worstall,Clear,Angle,no,no,no,no,no,False
101765058,METROPOLITAN NASHVILLE POLICE DEPT,20170831240,Davidson,Nashville,9/19/2017 5:50:00 AM,2,0,0,36.061300,-86.716680,NOLENSVILLE PKE,,,,0.00,,,MCMURRAY DR,,,,0.00,Y,T-Intersection,N,Intersection,None,,,         ,Ralph,Smith IV,Clear,Angle,no,no,no,no,yes,False
101765066,METROPOLITAN NASHVILLE POLICE DEPT,20170758043,Davidson,Nashville,8/26/2017 4:36:00 PM,2,0,0,36.136110,-86.800940,21ST AVS,,,,132.00,Feet,North,ACKLEN AV,,,,0.00,N,Not at Intersection,N,Non-Junction,None,,,         ,Joseph,Jakes,Clear,Angle,no,no,no,yes,yes,Campus
101765069,METROPOLITAN NASHVILLE POLICE DEPT,20170831327,Davidson,Nashville,9/19/2017 6:06:00 AM,2,0,0,36.102180,-86.756270,ARMORY DR,,,,0.00,Feet,,SIDCO DR,,,,0.00,Y,Four-Way, ,Intersection-Related,None,,,         ,Phillip,Murphy,Clear,Front to Rear,no,no,no,no,no,False
101765072,METROPOLITAN NASHVILLE POLICE DEPT,2017-0831337,Davidson,Nashville,9/19/2017 12:00:00 AM,1,0,0,36.125850,-86.810590,WOODLAWN DR,,,,78.00,Feet,East,27TH AVS,,,,0.00,N,Not at Intersection,N,Non-Junction,None,,,         ,Timothy,Edwards,Unknown,Not Collision with Motor Vehicle in Transport,no,no,no,no,yes,False
101765078,METROPOLITAN NASHVILLE POLICE DEPT,20170831373,Davidson,Nashville,9/19/2017 6:40:00 AM,3,3,0,36.127810,-86.632270,PRIEST WOODS DR,,,,63.00,Feet,West,WATERCRESS DR,,,,0.00,N,Not at Intersection,N,Non-Junction,None,,,         ,James,Curtis,Clear,Angle,no,no,no,no,no,False
101765085,METROPOLITAN NASHVILLE POLICE DEPT,20170831347,Davidson,Nashville,9/18/2017 9:00:00 PM,1,0,0,36.181290,-86.823340,28TH AVN,,,,162.00,Feet,North,BUCHANAN ST,,,,0.00,N,Not at Intersection,N,Non-Junction,None,,,         ,Joshua,Baker,Clear,Not Collision with Motor Vehicle in Transport,no,no,no,no,no,False
101765093,METROPOLITAN NASHVILLE POLICE DEPT,2017-0831379,Davidson,Nashville,9/19/2017 6:50:00 AM,2,0,0,36.039510,-86.663480,CHIMNEYTOP DR,,,,1010.00,Feet,West,MOUNTAINHIGH DR,,,,0.00,N,Not at Intersection,N,OtherLocation,None,,,         ,William,Whitworth,Clear,Angle,no,no,no,yes,yes,False
101765096,METROPOLITAN NASHVILLE POLICE DEPT,20170831470,Davidson,Nashville,9/19/2017 12:00:00 AM,2,0,0,36.191870,-86.736990,DOUGLAS AV,,,,427.00,Feet,South,SCOTT AV,,,,0.00,N,Not at Intersection, ,Non-Junction,None,,,         ,Richard,Conger,Clear,"Sideswipe, Same Direction",no,no,no,no,yes,False
101765097,METROPOLITAN NASHVILLE POLICE DEPT,20170831487,Davidson,Nashville,9/19/2017 7:55:00 AM,2,0,0,36.128620,-86.907470,RIVER RD,,,,163.00,Feet,West,RIVER RD PVTDR,,,,0.00,N,Not at Intersection, ,Non-Junction,None,,,         ,Curtis,Rich,Cloudy,Angle,no,no,no,no,no,False
101765103,METROPOLITAN NASHVILLE POLICE DEPT,20170831494,Davidson,Nashville,9/19/2017 7:53:00 AM,2,0,0,36.115910,-86.795010,I 440,,,,0.00,,,,,,,3.70,N,Not at Intersection, ,Non-Junction,None,,,         ,Darrell,Osment,Cloudy,Front to Rear,no,no,no,no,no,False
101765115,METROPOLITAN NASHVILLE POLICE DEPT,20170831531,Davidson,Nashville,9/19/2017 8:07:00 AM,2,0,0,36.224370,-86.774540,I 65,,,,0.00,,,,,,,88.55,N,Not at Intersection,N,Non-Junction,None,,,         ,Michael,McCord,Clear,Front to Rear,no,no,no,no,no,False
101765120,METROPOLITAN NASHVILLE POLICE DEPT,20170831523,Davidson,Nashville,9/19/2017 8:00:00 AM,3,1,0,36.169460,-86.581170,I 40,,,,0.00,,,,,,,221.90,N,Not at Intersection,N,Non-Junction,None,,,         ,James,Curtis,Cloudy,Front to Rear,no,no,no,no,no,False
101765121,METROPOLITAN NASHVILLE POLICE DEPT,20170831564,Davidson,Nashville,9/19/2017 8:20:00 AM,1,0,0,36.139160,-86.880440,CHARLOTTE PKE,,,,48.00,Feet,East,HILLWOOD BLVD,,,,0.00,N,Not at Intersection,N,Non-Junction,None,,,         ,Douglas,Atwood,Clear,Not Collision with Motor Vehicle in Transport,no,no,no,no,no,False
101765124,METROPOLITAN NASHVILLE POLICE DEPT,20170828063,Davidson,Nashville,9/18/2017 7:18:00 AM,2,0,0,36.044970,-86.650010,CROSSINGS BLVD,,,,235.00,Feet,West,CROSSINGS PL,,,,0.00,N,Not at Intersection,N,Non-Junction,None,,,         ,Brandon,O'Guin,Clear,Front to Rear,no,no,no,no,no,False