master_record_number,agency,agency_tracking_number,county,city,collision_date,vehicles_involved,number_injured,number_dead,latitude,longitude,roadway_name,roadway_suffix,roadway_number,roadway_local_id,distance_from_reference,miles-feet_indicator,direction_from_reference,intersection_road_name,intersection_road_name_suffix,intersection_road_number,intersection_local_id,mile_marker,intersection_indicator,intersect_type,interchange_related_indicator,relation_to_junction,work_zone_type,construction_maintenance_zone,construction_maintenance_zone_location,fatal_case_number,officer_first_name,officer_last_name,weather_condition(s),manner_of_crash,pedestrian,bicycle,scooter,parking,hitrun,mou
101765593,METROPOLITAN NASHVILLE POLICE DEPT,20170833058,Davidson,Nashville,9/19/2017 12:00:00 AM,2,0,0,36.231700,-86.792440,GWYNNWOOD DR,,,,71.00,Feet,North,EWING DR,,,,0.00,N,Not at Intersection, ,Non-Junction,None,,,         ,Melvin,Taylor,Rain,"Sideswipe, Opposite Direction",no,no,no,no,no,False
101765599,METROPOLITAN NASHVILLE POLICE DEPT,2017-0833035,Davidson,Nashville,9/19/2017 5:37:00 PM,2,0,0,36.073740,-86.923250,OLD HARDING PKE,,,,0.00,Feet,East,OLD HARDING PKE RAMP,,,,0.00,N,Not at Intersection,N,Non-Junction,None,,,         ,Michael,Rogers,Clear,Angle,no,no,no,no,no,False
101765601,METROPOLITAN NASHVILLE POLICE DEPT,20170833115,Davidson,Nashville,9/19/2017 6:09:00 PM,1,1,0,36.152380,-86.837060,CHARLOTTE AV,,,,0.00,Feet,,42ND AVN,,,,0.00,Y,Four-Way,Y,Intersection,None,,,         ,Ethan,Usherwood,Clear,Not Collision with Motor Vehicle in Transport,yes,no,no,no,no,False
101765609,METROPOLITAN NASHVILLE POLICE DEPT,20170832815,Davidson,Not in City Limit,9/19/2017 4:05:00 PM,1,0,0,36.076250,-86.967090,I 40,,,,0.00,,,,,,,195.65,N,Not at Intersection, ,Non-Junction,None,,,         ,Andrew,Brazee,Rain,Not Collision with Motor Vehicle in Transport,no,no,no,no,no,False
101765610,METROPOLITAN NASHVILLE POLICE DEPT,20170833121,Davidson,Nashville,9/19/2017 5:47:00 PM,2,0,0,36.069640,-86.763480,BARRYWOOD DR,,,,30.00,Feet,East,STILLWOOD DR,,,,0.00,N,Not at Intersection, ,Non-Junction,None,,,         ,Tien,Nguyen,Cloudy,"Sideswipe, Same Direction",no,no,no,no,no,False
101765614,METROPOLITAN NASHVILLE POLICE DEPT,20170833156,Davidson,Nashville,9/19/2017 6:00:00 PM,2,0,0,36.157670,-86.760420,I 24,,,,0.00,,,,,,,49.60,N,Not at Intersection, ,,None,,,         ,John,Kelley,,,no,no,no,no,no,False
101765619,METROPOLITAN NASHVILLE POLICE DEPT,20170832905,Davidson,Nashville,9/19/2017 4:50:00 PM,2,0,0,36.149690,-86.747990,I 40,,,,0.00,,,,,,,211.75,N,Not at Intersection, ,Non-Junction,None,,,         ,Johnathan,Pannell,Clear,"Sideswipe, Same Direction",no,no,no,no,no,False
101765624,METROPOLITAN NASHVILLE POLICE DEPT,20170832949,Davidson,Nashville,9/19/2017 5:08:00 PM,2,1,0,36.142350,-86.709600,I 40,,,,0.00,,,,,,,214.25,N,Not at Intersection,N,Non-Junction,None,,,         ,Dontaveous,Eubanks,Clear,Front to Rear,no,no,no,no,no,False
101765626,METROPOLITAN NASHVILLE POLICE DEPT,20170833034,Davidson,Nashville,9/19/2017 5:23:00 PM,2,2,0,36.178650,-86.613680,DODSON CHAPEL RD,,,,175.00,Feet,South,NOEL COVE CIR,,,,0.00,N,Not at Intersection,N,Non-Junction,None,,,         ,Sekou,Samassi,Clear,Angle,no,no,no,no,no,False
101765631,METROPOLITAN NASHVILLE POLICE DEPT,20170833267,Davidson,Not in City Limit,9/19/2017 6:25:00 PM,2,0,0,36.059470,-86.944440,OLD HARDING PKE,,,,100.00,Feet,North,HARPETH RIV MORTON MILL GRNWY,,,,0.00,N,Not at Intersection, ,Non-Junction,None,,,         ,Brandon,Pedigo,Cloudy,Front to Rear,no,no,no,no,no,False
101765633,METROPOLITAN NASHVILLE POLICE DEPT,20170833287,Davidson,Nashville,9/19/2017 6:35:00 PM,2,0,0,36.111970,-86.745770,NOLENSVILLE PKE,,,,295.00,Feet,South,MCCLAIN AV,,,,0.00,N,Not at Intersection, ,Non-Junction,None,,,         ,Andrew,Mullen,Cloudy,"Sideswipe, Same Direction",no,no,no,no,no,False
101765635,METROPOLITAN NASHVILLE POLICE DEPT,20170833140,Davidson,Nashville,9/19/2017 6:15:00 PM,3,0,0,36.110170,-86.924420,I 40,,,,0.00,,,,,,,199.20,N,Not at Intersection, ,Non-Junction,None,,,         ,Andrey,Volfson,Clear,"Sideswipe, Same Direction",no,no,no,no,no,False
101765638,METROPOLITAN NASHVILLE POLICE DEPT,20170833227,Davidson,Nashville,9/19/2017 5:59:00 PM,2,0,0,36.114290,-86.724470,I 24,,,,0.00,,,,,,,53.35,N,Not at Intersection,N,Non-Junction,None,,,         ,Benjamin,Froehlich,Clear,"Sideswipe, Same Direction",no,no,no,no,yes,False
101765641,METROPOLITAN NASHVILLE POLICE DEPT,20170833216,Davidson,Nashville,9/19/2017 4:57:00 PM,3,0,0,36.158730,-86.818530,CLIFTON AV,,,,0.00,,,28TH AVN,,,,0.00,Y,Four-Way, ,Intersection-Related,None,,,         ,Thomas,Burns,Clear,Front to Rear,no,no,no,no,no,False
101765646,METROPOLITAN NASHVILLE POLICE DEPT,20170833159,Davidson,Nashville,9/19/2017 5:24:00 PM,2,0,0,36.095300,-86.677690,DONELSON PKE,,,,942.00,Feet,North,HARDING PL,,,,0.00,N,Not at Intersection, ,Non-Junction,None,,,         ,Nakia,Reid,Cloudy,"Sideswipe, Same Direction",no,no,no,no,no,False
101765651,METROPOLITAN NASHVILLE POLICE DEPT,20170833224,Davidson,Nashville,9/19/2017 4:58:00 PM,2,0,0,36.037400,-86.786570,FRANKLIN PKE,,,,0.00,,,OLD HICKORY BLVD,,,,0.00,Y,Four-Way, ,Intersection,None,,,         ,David,Collins,Rain,Front to Rear,no,no,no,no,no,False
101765669,METROPOLITAN NASHVILLE POLICE DEPT,20170833046,Davidson,Nashville,9/19/2017 4:45:00 PM,2,0,0,36.118250,-86.700250,MURFREESBORO PKE,,,,9.00,Feet,West,BRILEY PKWYN,,,,0.00,N,Not at Intersection, ,,None,,,         ,Marcus,Mitchell,,,no,no,no,no,no,False
101765672,METROPOLITAN NASHVILLE POLICE DEPT,20170833205,Davidson,Nashville,9/19/2017 5:52:00 PM,2,0,0,36.168140,-86.690390,LEBANON PKE,,,,65.00,Feet,West,BRILEY PKWY S EXT RAMP,,,,0.00,N,Not at Intersection, ,Non-Junction,None,,,         ,Jefferson,Hughes,Rain,Front to Rear,no,no,no,no,no,False
101765679,METROPOLITAN NASHVILLE POLICE DEPT,20170833070,Davidson,Nashville,9/19/2017 5:56:00 PM,4,1,0,36.137830,-86.802860,BLAKEMORE AV,,,,125.00,Feet,East,23RD AVS,,,,0.00,N,Not at Intersection,N,Non-Junction,None,,,         ,Nicholas,Carroll,Clear,Front to Rear,no,no,no,no,no,Campus
101765680,METROPOLITAN NASHVILLE POLICE DEPT,20170833356,Davidson,Nashville,9/19/2017 2:45:00 PM,2,0,0,36.211640,-86.700200,OPRY MILLS DR,,,,0.00,,,OPRYLAND DR,,,,0.00,Y,OTHER,N,Non-Junction,None,,,         ,John,Kelley,Rain,Rear to Rear,no,no,no,yes,yes,False
101765681,METROPOLITAN NASHVILLE POLICE DEPT,20170832870,Davidson,Antioch,9/19/2017 4:18:00 PM,2,0,0,36.047840,-86.612050,MURFREESBORO PKE,,,,0.00,,,MOUNTAIN SPRINGS RD,,,,0.00,Y,Four-Way, ,Non-Junction,None,,,         ,Darryl,Williams,Clear,Front to Rear,no,no,no,no,no,False
101765685,METROPOLITAN NASHVILLE POLICE DEPT,20170833168,Davidson,Nashville,9/19/2017 6:28:00 PM,3,0,0,36.236100,-86.727700,BRILEY PKWYE,,,,395.00,Feet,West,BRILEY PKWYW,,,,0.00,N,Not at Intersection, ,Non-Junction,None,,,         ,James,Smith,Cloudy,Not Collision with Motor Vehicle in Transport,no,no,no,no,no,False
101765697,METROPOLITAN NASHVILLE POLICE DEPT,20170833310,Davidson,Nashville,9/19/2017 6:02:00 PM,2,0,0,36.169240,-86.689910,BRILEY PKWY S EXT RAMP,,,,0.00,,East,BRILEY PKWY S ENT RAMP,,,,0.00,N,Not at Intersection, ,Entrance/Exit Ramp Related,None,,,         ,Jefferson,Hughes,Rain,Front to Rear,no,no,no,no,no,False
101765718,METROPOLITAN NASHVILLE POLICE DEPT,20170833361,Davidson,Nashville,9/19/2017 7:35:00 PM,2,2,0,36.085090,-86.702920,HARDING PL,,,,26.00,Feet,West,I24 E ENT RAMP,,,,0.00,N,Not at Intersection,N,Non-Junction,None,,,         ,Richard,Olive,Cloudy,Front to Rear,no,no,no,no,no,False
101765729,METROPOLITAN NASHVILLE POLICE DEPT,20170833098,Davidson,Nashville,9/19/2017 6:04:00 PM,2,2,0,36.253050,-86.776990,WESTCHESTER DR,,,,0.00,,,BRICK CHURCH PKE,,,,0.00,Y,T-Intersection,N,Non-Junction,None,,,         ,Christopher,Littles,Cloudy,Front to Rear,no,no,no,no,yes,False
101765730,METROPOLITAN NASHVILLE POLICE DEPT,20170833272,Davidson,Nashville,9/19/2017 7:07:00 PM,2,3,0,36.253050,-86.776990,WESTCHESTER DR,,,,0.00,,,BRICK CHURCH PKE,,,,0.00,Y,T-Intersection,N,Intersection,None,,,         ,Christopher,Littles,Cloudy,Angle,no,no,no,no,no,False
101765736,METROPOLITAN NASHVILLE POLICE DEPT,20170833507,Davidson,Nashville,9/19/2017 5:50:00 PM,2,1,0,36.040750,-86.779640,OLD HICKORY BLVD,,,,95.00,Feet,West,STONE BROOK DR,,,,0.00,N,Not at Intersection,N,Non-Junction,None,,,         ,David,Robberson,Rain,Front to Rear,no,no,no,no,yes,False
101765739,METROPOLITAN NASHVILLE POLICE DEPT,2017-0832957,Davidson,Nashville,9/19/2017 5:04:00 PM,2,1,0,36.157980,-86.771610,HERMITAGE AV,,,,145.00,Feet,South,KOREAN VETERANS BLVD,,,,0.00,N,Not at Intersection,N,Non-Junction,None,,,         ,Cory,West,Clear,Front to Rear,no,no,no,no,yes,False
101765741,METROPOLITAN NASHVILLE POLICE DEPT,20170833504,Davidson,Nashville,9/19/2017 7:56:00 PM,2,0,0,36.084290,-86.705490,HARDING PL,,,,123.00,Feet,East,LINBAR DR,,,,0.00,N,Not at Intersection,N,Non-Junction,None,,,         ,Andrew,Mullen,Cloudy,"Sideswipe, Same Direction",no,no,no,no,no,False
101765744,METROPOLITAN NASHVILLE POLICE DEPT,20170833649,Davidson,Not in City Limit,9/19/2017 12:00:00 AM,1,0,0,36.312460,-86.882970,CLARKSVILLE PKE,,,,323.00,Feet,North,RAWLINGS RD,,,,0.00,N,Not at Intersection, ,Non-Junction,None,,,         ,Melvin,Taylor,Clear,Not Collision with Motor Vehicle in Transport,no,no,no,no,no,False
101765751,METROPOLITAN NASHVILLE POLICE DEPT,20170833444,Davidson,Nashville,9/19/2017 7:35:00 PM,2,1,0,36.068930,-86.680420,RICHARDS RD,,,,175.00,Feet,West,DELIA DR,,,,0.00,N,Not at Intersection,N,Non-Junction,None,,,         ,Eric,Keller,Clear,HeadOn,no,no,no,no,no,False
101765755,METROPOLITAN NASHVILLE POLICE DEPT,20170833158,Davidson,Nashville,9/19/2017 6:15:00 PM,2,3,0,36.110620,-86.741410,THOMPSON LN,,,,148.00,Feet,East,LOGAN ST,,,,0.00,N,Not at Intersection,N,Non-Junction,None,,,         ,Aimee,Ortiz,Cloudy,Front to Rear,no,no,no,no,no,False
101765757,METROPOLITAN NASHVILLE POLICE DEPT,20170832951,Davidson,Nashville,9/19/2017 5:02:00 PM,2,0,0,36.161200,-86.792680,CHARLOTTE AV,,,,0.00,,,GEORGE L DAVIS BLVD,,,,0.00,Y,Four-Way, ,Non-Junction,None,,,         ,Michael,Douglas,Cloudy,"Sideswipe, Same Direction",no,no,no,no,no,False
101765762,METROPOLITAN NASHVILLE POLICE DEPT,20170833187,Davidson,Nashville,9/19/2017 7:50:00 PM,2,0,0,36.103990,-86.715750,I 24,,,,0.00,,,,,,,54.20,N,Not at Intersection, ,,None,,,         ,John,Joyce,,,no,no,no,no,no,False
101765763,METROPOLITAN NASHVILLE POLICE DEPT,20170833697,Davidson,Nashville,9/19/2017 9:00:00 PM,2,0,0,36.149590,-86.700140,ACORN DR,,,,206.00,Feet,South,ELM HILL PKE,,,,0.00,N,Not at Intersection,N,Non-Junction,None,,,         ,Jefferson,Hughes,Clear,Angle,no,no,no,no,yes,False
101765764,METROPOLITAN NASHVILLE POLICE DEPT,20170832666,Davidson,Nashville,9/19/2017 3:18:00 PM,2,0,0,36.121420,-86.756180,I 440,,,,0.00,,,,,,,6.00,N,Not at Intersection, ,Non-Junction,None,,,         ,Jacob,Paul,Rain,"Sideswipe, Same Direction",no,no,no,no,no,False
101765774,METROPOLITAN NASHVILLE POLICE DEPT,20170833701,Davidson,Nashville,9/19/2017 8:00:00 PM,2,0,0,36.107190,-86.719840,I 24,,,,0.00,,,,,,,53.90,N,Not at Intersection, ,Non-Junction,None,,,         ,Benjamin,Froehlich,Clear,"Sideswipe, Same Direction",no,no,no,no,no,False
101765775,METROPOLITAN NASHVILLE POLICE DEPT,20170833628,Davidson,Nashville,9/19/2017 5:18:00 PM,1,0,0,36.154270,-86.792890,16TH AVS,,,,0.00,,,BROADWAY,,,,0.00,Y,Four-Way, ,,None,,,         ,David,Collins,,,no,no,no,no,no,False
101765800,METROPOLITAN NASHVILLE POLICE DEPT,20170832978,Davidson,Nashville,9/19/2017 5:09:00 PM,2,0,0,36.088620,-86.615380,CASTLEGATE DR,,,,244.00,Feet,South,SMITH SPRINGS RD,,,,0.00,N,Not at Intersection, ,Non-Junction,None,,,         ,Patrick,Taylor,Rain,Angle,no,no,no,no,no,False
101765801,METROPOLITAN NASHVILLE POLICE DEPT,20170833097,Davidson,Nashville,9/19/2017 6:05:00 PM,2,0,0,36.112890,-86.689010,MCGAVOCK PKE,,,,0.00,,,MURFREESBORO PKE,,,,0.00,Y,T-Intersection, ,Non-Junction,None,,,         ,Patrick,Taylor,Clear,Angle,no,no,no,no,no,False
101765802,METROPOLITAN NASHVILLE POLICE DEPT,20170833270,Davidson,Nashville,9/19/2017 6:58:00 PM,2,0,0,36.079370,-86.632570,EDGE O LAKE DR,,,,0.00,,,BELL RD,,,,0.00,Y,Four-Way, ,Intersection,None,,,         ,Patrick,Taylor,Clear,Angle,no,no,no,no,no,False
101765829,METROPOLITAN NASHVILLE POLICE DEPT,20170833593,Davidson,Nashville,9/19/2017 8:46:00 PM,1,1,0,36.248880,-86.756970,DICKERSON PKE,,,,286.00,Feet,South,OLD DUE WEST AV,,,,0.00,N,Not at Intersection,N,Non-Junction,None,,,         ,Christopher,Littles,Cloudy,Not Collision with Motor Vehicle in Transport,no,no,no,no,no,False
101765830,METROPOLITAN NASHVILLE POLICE DEPT,20170833234,Davidson,Nashville,9/19/2017 4:50:00 PM,2,0,0,36.231600,-86.781520,EWING DR,,,,0.00,,,BRICK CHURCH PKE,,,,0.00,Y,Four-Way, ,Intersection,None,,,         ,Jerry,Pirtle,Cloudy,"Sideswipe, Same Direction",no,no,no,no,no,False
101765831,METROPOLITAN NASHVILLE POLICE DEPT,20170833141,Davidson,Nashville,9/19/2017 5:15:00 PM,2,0,0,36.116590,-86.769960,I440 E ENT RAMP,,,,0.00,Feet,East,I 65,,,,0.00,N,Not at Intersection, ,,None,,,         ,William,Taylor,,,no,no,no,no,no,False
101765834,METROPOLITAN NASHVILLE POLICE DEPT,20170832935,Davidson,Nashville,9/19/2017 4:57:00 PM,2,1,0,36.128360,-86.842410,HARDING PKE,,,,521.00,Feet,East,WOODLAWN DR,,,,0.00,N,Not at Intersection,N,Non-Junction,None,,,         ,Torian,Cox,,Front to Rear,no,no,no,no,no,False
101765866,METROPOLITAN NASHVILLE POLICE DEPT,20170833620,Davidson,Not in City Limit,9/19/2017 8:59:00 PM,3,3,0,36.263070,-86.711920,STATE RT 45,,,,0.00,Feet,West,GALLATIN PKEN,,,,0.00,N,Not at Intersection,N,Non-Junction,None,,,         ,Janelle,Keslar,Clear,Other,no,no,no,no,no,False
101765896,METROPOLITAN NASHVILLE POLICE DEPT,20170833986,Davidson,Nashville,9/19/2017 11:31:00 PM,2,0,0,36.174730,-86.614260,CENTRAL PKE,,,,0.00,,,DODSON CHAPEL RD,,,,0.00,Y,Four-Way, ,Intersection,None,,,         ,Leonard,Spadavecchia,Clear,Angle,no,no,no,no,no,False
101765900,METROPOLITAN NASHVILLE POLICE DEPT,20170834112,Davidson,Nashville,9/20/2017 12:16:00 AM,1,1,0,36.183670,-86.771330,N 2ND ST,,,,187.00,Feet,South,HANCOCK ST,,,,0.00,N,Not at Intersection,N,Non-Junction,None,,,         ,Edward,Conrads,Clear,Not Collision with Motor Vehicle in Transport,no,no,no,no,no,False
101765929,METROPOLITAN NASHVILLE POLICE DEPT,20170834472,Davidson,Nashville,9/20/2017 12:00:00 AM,1,0,0,36.167370,-86.815670,I40 E EXT RAMP,,,,0.00,Feet,East,I 40,,,,0.00,N,Not at Intersection,N,Non-Junction,None,,,         ,Myriah,Iles,Clear,Not Collision with Motor Vehicle in Transport,no,no,no,no,no,False
101765944,METROPOLITAN NASHVILLE POLICE DEPT,20170833891,Davidson,Not in City Limit,9/19/2017 10:51:00 PM,1,2,0,36.291290,-86.809960,I 24,,,,0.00,,,,,,,39.40,N,Not at Intersection,N,Non-Junction,None,,,         ,Armonty,Houston,Clear,Not Collision with Motor Vehicle in Transport,no,no,no,no,no,False
101765945,METROPOLITAN NASHVILLE POLICE DEPT,20170834629,Davidson,Nashville,9/20/2017 4:15:00 AM,1,1,0,36.192740,-86.777880,I 65,,,,0.00,,,,,,,86.45,N,Not at Intersection,N,Entrance/Exit Ramp Related,None,,,         ,Geoffrey,Daugherty,Clear,Not Collision with Motor Vehicle in Transport,no,no,no,no,no,False
101765952,METROPOLITAN NASHVILLE POLICE DEPT,20170834057,Davidson,Not in City Limit,9/20/2017 12:31:00 AM,2,0,0,35.998900,-86.693440,NOLENSVILLE PKE,,,,0.00,,,,,,,0.00,,, ,Non-Junction,None,,,         ,Ralph,Smith IV,Clear,Front to Rear,no,no,no,yes,no,False
101765978,METROPOLITAN NASHVILLE POLICE DEPT,2017-0833922,Davidson,Nashville,9/19/2017 11:01:00 PM,2,1,0,36.218150,-86.804380,MOORMANS ARM RD,,,,264.00,Feet,West,WHITES CREEK PKE,,,,0.00,N,Not at Intersection,N,Non-Junction,None,,,         ,Joshua,Green,Clear,Front to Rear,no,no,no,no,yes,False
101765994,METROPOLITAN NASHVILLE POLICE DEPT,20170834834,Davidson,Nashville,9/20/2017 6:07:00 AM,2,0,0,36.148090,-86.744950,I 40,,,,0.00,,,,,,,211.95,N,Not at Intersection,N,Non-Junction,None,,,         ,Bradley,Fort,Clear,Front to Rear,no,no,no,no,no,False
101766002,METROPOLITAN NASHVILLE POLICE DEPT,20170834865,Davidson,Nashville,9/20/2017 12:00:00 AM,2,0,0,36.148660,-86.745830,I 40,,,,0.00,,,,,,,211.90,N,Not at Intersection, ,Non-Junction,None,,,         ,Joseph,Zambardi,Clear,Angle,no,no,no,no,no,False
101766004,METROPOLITAN NASHVILLE POLICE DEPT,20170834819,Davidson,Nashville,9/20/2017 5:57:00 AM,2,0,0,36.187110,-86.630960,LEBANON PKE,,,,37.00,Feet,East,CENTRAL PKE,,,,0.00,N,Not at Intersection, ,Non-Junction,None,,,         ,Emily,Mulready,Clear,Front to Rear,no,no,no,no,no,False
101766022,METROPOLITAN NASHVILLE POLICE DEPT,20170834894,Davidson,Nashville,9/20/2017 6:55:00 AM,2,0,0,36.153850,-86.839830,I 40,,,,0.00,,,,,,,205.00,N,Not at Intersection,N,Non-Junction,None,,,         ,Curtis,Rich,Cloudy,Front to Rear,no,no,no,no,no,False
101766035,METROPOLITAN NASHVILLE POLICE DEPT,20170834898,Davidson,Not in City Limit,9/20/2017 6:50:00 AM,2,0,0,36.076870,-87.022300,I 40,,,,0.00,,,,,,,192.40,N,Not at Intersection,N,Non-Junction,None,,,         ,Wesley,Tilley,Clear,Front to Rear,no,no,no,no,no,False
101766039,METROPOLITAN NASHVILLE POLICE DEPT,20170834935,Davidson,Nashville,9/20/2017 7:13:00 AM,2,1,0,36.139460,-86.887990,I 40,,,,0.00,,,,,,,202.00,N,Not at Intersection,N,Non-Junction,None,,,         ,Benjamin,Cantrell,Clear,Front to Rear,no,no,no,no,no,False
101766048,VANDERBILT UNIVERSITY POLICE,17-0832549,Davidson,Nashville,9/19/2017 2:00:00 PM,2,0,0,36.139370,-86.804000,CHILDRENS WAY,,,,0.00,,,,,,,0.00,,, ,Non-Junction,None,,,         ,Karl,Haury,Clear,"Sideswipe, Opposite Direction",no,no,no,yes,no,Campus
101766066,METROPOLITAN NASHVILLE POLICE DEPT,20170834876,Davidson,Nashville,9/20/2017 6:43:00 AM,2,0,0,36.249840,-86.741610,I 65,,,,0.00,,,,,,,91.20,N,Not at Intersection, ,Non-Junction,None,,,         ,Thomas,Odom,Clear,Front to Rear,no,no,no,no,no,False
101766067,METROPOLITAN NASHVILLE POLICE DEPT,20170834995,Davidson,Nashville,9/20/2017 7:40:00 AM,2,0,0,36.247870,-86.743140,I 65,,,,0.00,,,,,,,91.00,N,Not at Intersection, ,Non-Junction,None,,,         ,Thomas,Odom,Clear,Front to Rear,no,no,no,no,no,False
101766068,METROPOLITAN NASHVILLE POLICE DEPT,20170835034,Davidson,Nashville,9/20/2017 7:39:00 AM,2,0,0,36.254050,-86.733710,S GRAYCROFT AV,,,,294.00,Feet,South,CHADWELL DR,,,,0.00,N,Not at Intersection, ,Non-Junction,None,,,         ,Thomas,Odom,Clear,Front to Rear,no,no,no,no,no,False
101766070,METROPOLITAN NASHVILLE POLICE DEPT,20170835041,Davidson,Nashville,9/20/2017 7:50:00 AM,2,0,0,36.029660,-86.637380,I 24,,,,0.00,,,,,,,61.05,N,Not at Intersection,N,Non-Junction,None,,,         ,Geoffery,Odom,Clear,Front to Rear,no,no,no,no,no,False
101766071,METROPOLITAN NASHVILLE POLICE DEPT,20170834998,Davidson,Nashville,9/20/2017 7:40:00 AM,2,0,0,36.039900,-86.741920,OLD HICKORY BLVD,,,,463.00,Feet,East,EDMONDSON PKE,,,,0.00,N,Not at Intersection, ,Non-Junction,None,,,         ,Russell,Freeman,Clear,Angle,no,no,no,no,no,False
101766072,METROPOLITAN NASHVILLE POLICE DEPT,20170834909,Davidson,Nashville,9/20/2017 7:00:00 AM,2,1,0,36.110360,-86.722010,I 24,,,,0.00,,,,,,,53.65,N,Not at Intersection,N,Non-Junction,None,,,         ,Todd,Watson,Clear,Front to Rear,no,no,no,no,no,False
101766078,Nashville Airport Police,2017-03247,Davidson,Nashville,9/13/2017 10:45:00 AM,1,0,0,36.137010,-86.666060,TERMINAL DR,,,,0.00,,,I40 W ENT RAMP,,,,0.00,Y,OTHER,N,OtherLocation,None,,,         ,Thomas,McNew,Rain,Not Collision with Motor Vehicle in Transport,no,no,no,yes,yes,False
101766079,GOODLETTSVILLE POLICE DEPT,17-33027,Davidson,Goodlettsville,9/20/2017 7:53:00 AM,2,0,0,36.315590,-86.713480,S MAIN ST,,,,0.00,,,HARRIS ST,,,,0.00,Y,T-Intersection, ,Intersection,None,,,         ,John,Spencer,Clear,"Sideswipe, Same Direction",no,no,no,no,no,False
101766087,METROPOLITAN NASHVILLE POLICE DEPT,20170834934,Davidson,Nashville,9/20/2017 6:10:00 AM,2,0,0,36.119870,-86.726550,I 24,,,,0.00,,,,,,,52.90,N,Not at Intersection, ,Non-Junction,None,,,         ,James,Thomas,Clear,"Sideswipe, Same Direction",no,no,no,no,no,False
101766090,METROPOLITAN NASHVILLE POLICE DEPT,20170835178,Davidson,Goodlettsville,9/20/2017 8:39:00 AM,2,0,0,36.300030,-86.696210,GALLATIN PKEN,,,,143.00,Feet,East,CUDE LN,,,,0.00,N,Not at Intersection, ,Non-Junction,None,,,         ,Thomas,Odom,Clear,Angle,no,no,no,no,no,False
101766092,METROPOLITAN NASHVILLE POLICE DEPT,20170835059,Davidson,Nashville,9/20/2017 8:00:00 AM,2,0,0,36.199200,-86.776510,I 65,,,,0.00,,,,,,,86.80,N,Not at Intersection,N,Entrance/Exit Ramp Related,None,,,         ,Michael,McCord,Clear,"Sideswipe, Same Direction",no,no,no,no,no,False
101766099,METROPOLITAN NASHVILLE POLICE DEPT,20170835264,Davidson,Nashville,9/20/2017 9:10:00 AM,1,1,0,36.041580,-86.782450,I 65,,,,0.00,,,,,,,74.75,N,Not at Intersection,N,Non-Junction,None,,,         ,Brent,Bauer,Clear,Not Collision with Motor Vehicle in Transport,no,no,no,no,no,False
101766107,METROPOLITAN NASHVILLE POLICE DEPT,20170835253,Davidson,Nashville,9/20/2017 9:08:00 AM,2,0,0,36.113550,-86.806040,WOODMONT BLVD,,,,35.00,Feet,East,HOPKINS ST,,,,0.00,N,Not at Intersection,N,Non-Junction,None,,,         ,Russell,Freeman,Clear,Front to Rear,no,no,no,no,no,False
101766108,METROPOLITAN NASHVILLE POLICE DEPT,20170831374,Davidson,Nashville,9/19/2017 6:43:00 AM,2,0,0,36.232460,-86.784090,I 24,,,,0.00,,,,,,,44.00,N,Not at Intersection,N,Non-Junction,None,,,         ,Ronald,Bright,Cloudy,"Sideswipe, Same Direction",no,no,no,no,yes,False
101766111,METROPOLITAN NASHVILLE POLICE DEPT,20170835168,Davidson,Nashville,9/20/2017 8:38:00 AM,2,0,0,36.132650,-86.727160,I 24,,,,0.00,,,,,,,52.00,N,Not at Intersection, ,,None,,,         ,Roy,McElwee,,,no,no,no,no,no,False
101766113,METROPOLITAN NASHVILLE POLICE DEPT,20170834991,Davidson,Nashville,9/20/2017 7:36:00 AM,3,0,0,36.140590,-86.724420,I 40,,,,0.00,,,,,,,213.45,N,Not at Intersection,Y,Non-Junction,None,,,         ,Kevin,Clausius,Clear,Front to Rear,no,no,no,no,no,False
101766114,METROPOLITAN NASHVILLE POLICE DEPT,20170835244,Davidson,Antioch,9/20/2017 7:42:00 AM,2,0,0,36.039400,-86.602990,MURFREESBORO PKE,,,,0.00,,,OLD HICKORY BLVD,,,,0.00,Y,Four-Way,N,Non-Junction,None,,,         ,Geoffery,Odom,Clear,Front to Rear,no,no,no,no,no,False
101766117,METROPOLITAN NASHVILLE POLICE DEPT,20170835318,Davidson,Nashville,9/20/2017 9:35:00 AM,2,1,0,36.157880,-86.781440,8TH AVS,,,,0.00,,,MCGAVOCK ST,,,,0.00,Y,Four-Way,N,Intersection,Construction Zone,Lane Shift-Crossover,Activity Area,         ,Charles,Coe,Clear,"Sideswipe, Same Direction",no,no,no,no,yes,False
101766124,METROPOLITAN NASHVILLE POLICE DEPT,20170835416,Davidson,Nashville,9/20/2017 9:20:00 AM,1,0,0,36.082520,-86.763710,I 65,,,,0.00,,,,,,,77.85,N,Not at Intersection, ,,None,,,         ,Wesley,Tilley,,,no,no,no,no,no,False
101766135,METROPOLITAN NASHVILLE POLICE DEPT,20170835370,Davidson,Nashville,9/20/2017 9:46:00 AM,2,0,0,36.127310,-86.772500,I 65,,,,0.00,,,,,,,80.85,N,Not at Intersection,N,Non-Junction,None,,,         ,Phillip,Murphy,Clear,Front to Rear,no,no,no,no,no,False