master_record_number,agency,agency_tracking_number,county,city,collision_date,vehicles_involved,number_injured,number_dead,latitude,longitude,roadway_name,roadway_suffix,roadway_number,roadway_local_id,distance_from_reference,miles-feet_indicator,direction_from_reference,intersection_road_name,intersection_road_name_suffix,intersection_road_number,intersection_local_id,mile_marker,intersection_indicator,intersect_type,interchange_related_indicator,relation_to_junction,work_zone_type,construction_maintenance_zone,construction_maintenance_zone_location,fatal_case_number,officer_first_name,officer_last_name,weather_condition(s),manner_of_crash,pedestrian,bicycle,scooter,parking,hitrun,mou
101766144,METROPOLITAN NASHVILLE POLICE DEPT,20170835200,Davidson,Nashville,9/20/2017 8:51:00 AM,2,0,0,36.106560,-86.767940,I 65,,,,0.00,,,,,,,79.50,N,Not at Intersection,N,Non-Junction,None,,,         ,Phillip,Murphy,Clear,Front to Rear,no,no,no,no,no,False
101766150,METROPOLITAN NASHVILLE POLICE DEPT,20170835513,Davidson,Nashville,9/20/2017 11:00:00 AM,2,0,0,36.104800,-86.814600,RICHARD JONES RD,,,,0.00,Feet,East,HILLSBORO PKE,,,,0.00,N,Not at Intersection, ,Non-Junction,None,,,         ,Curtis,Rich,Cloudy,Angle,no,no,no,no,no,False
101766155,METROPOLITAN NASHVILLE POLICE DEPT,20170835397,Davidson,Nashville,9/20/2017 7:03:00 AM,2,0,0,36.093090,-86.716170,BENITA DR,,,,121.00,Feet,West,SCOTWOOD DR,,,,0.00,N,Not at Intersection, ,Non-Junction,None,,,         ,Robert,Erickson,Clear,Angle,no,no,no,no,no,False
101766157,METROPOLITAN NASHVILLE POLICE DEPT,20170835406,Davidson,Nashville,9/20/2017 10:00:00 AM,2,2,0,36.165770,-86.769010,S 2ND ST,,,,160.00,Feet,North,VICTORY AV,,,,0.00,N,Not at Intersection,N,OtherLocation,None,,,         ,Gregory,Julia,Clear,Angle,no,no,no,no,no,False
101766162,METROPOLITAN NASHVILLE POLICE DEPT,20170835493,Davidson,Antioch,9/20/2017 8:30:00 AM,2,0,0,36.014690,-86.616020,GOULD BLVD,,,,589.00,Feet,South,FIRESTONE PKWY,,,,0.00,N,Not at Intersection,N,Non-Junction,None,,,         ,Jessie,Meadows,Clear,"Sideswipe, Opposite Direction",no,no,no,no,yes,False
101766163,METROPOLITAN NASHVILLE POLICE DEPT,20170835098,Davidson,Nashville,9/20/2017 8:00:00 AM,2,0,0,36.081370,-86.630070,BELL RD,,,,47.00,Feet,West,PRIEST LAKE DR,,,,0.00,N,Not at Intersection,N,Non-Junction,None,,,         ,Scott,Toney,Clear,Front to Rear,no,no,no,no,yes,False
101766165,METROPOLITAN NASHVILLE POLICE DEPT,20170835375,Davidson,Nashville,9/20/2017 9:00:00 AM,2,0,0,36.109450,-86.728050,EAST THOMPSON LN,,,,0.00,Feet,,THOMPSON LN,,,,0.00,Y,Four-Way,N,Intersection,None,,,         ,Todd,Watson,Clear,Front to Rear,no,no,no,no,no,False
101766166,METROPOLITAN NASHVILLE POLICE DEPT,20170835282,Davidson,Not in City Limit,9/20/2017 9:15:00 AM,3,2,0,36.264100,-86.724180,OLD HICKORY BLVDW,,,,0.00,Feet,,HERITAGE DR,,,,0.00,Y,Four-Way,N,Intersection,None,,,         ,Michelle,Steidl,Clear,Front to Rear,no,no,no,no,no,False
101766167,METROPOLITAN NASHVILLE POLICE DEPT,20170835291,Davidson,Nashville,9/20/2017 9:18:00 AM,2,2,0,36.173590,-86.602150,CENTRAL PKE,,,,0.00,,,OLD HICKORY BLVD,,,,0.00,Y,Four-Way,N,Intersection,None,,,         ,Wesley,Young,Clear,HeadOn,no,no,no,no,no,False
101766170,METROPOLITAN NASHVILLE POLICE DEPT,20170835446,Davidson,Nashville,9/20/2017 10:16:00 AM,2,0,0,36.155220,-86.805070,MURPHY AV,,,,76.00,Feet,West,21ST AVN,,,,0.00,N,Not at Intersection,N,Non-Junction,None,,,         ,Russell,Freeman,Clear,"Sideswipe, Same Direction",no,no,no,no,yes,False
101766171,METROPOLITAN NASHVILLE POLICE DEPT,20170835601,Davidson,Nashville,9/20/2017 11:30:00 AM,2,0,0,36.157880,-86.781440,8TH AVS,,,,0.00,,,MCGAVOCK ST,,,,0.00,Y,Four-Way, ,Intersection,Construction Zone,,,         ,Charles,Coe,Clear,"Sideswipe, Same Direction",no,no,no,no,no,False
101766172,METROPOLITAN NASHVILLE POLICE DEPT,20170835516,Davidson,Nashville,9/20/2017 12:00:00 AM,1,0,0,36.166950,-86.599680,OLD HICKORY BLVD,,,,188.00,Feet,West,CROSSHILL WAY,,,,0.00,N,Not at Intersection,N,Non-Junction,None,,,         ,Michael,Dance,Unknown,Not Collision with Motor Vehicle in Transport,no,no,no,yes,yes,False
101766173,METROPOLITAN NASHVILLE POLICE DEPT,20170835661,Davidson,Nashville,9/20/2017 11:55:00 AM,2,0,0,36.154000,-86.858170,ROBERTSON AV,,,,48.00,Feet,East,MIDLAND AV,,,,0.00,N,Not at Intersection, ,Non-Junction,None,,,         ,Curtis,Rich,Cloudy,Front to Rear,no,no,no,no,yes,False
101766174,METROPOLITAN NASHVILLE POLICE DEPT,20170835398,Davidson,Nashville,9/20/2017 9:50:00 AM,2,0,0,36.173060,-86.601830,OLD HICKORY BLVD,,,,0.00,,,,,,,0.00,,,N,Non-Junction,None,,,         ,Wesley,Young,Clear,Front to Rear,no,no,no,no,yes,False
101766183,METROPOLITAN NASHVILLE POLICE DEPT,20170835321,Davidson,Nashville,9/20/2017 9:26:00 AM,2,1,0,36.244210,-86.780340,BRICK CHURCH PKE,,,,0.00,,,BRICK CHURCH LN,,,,0.00,Y,T-Intersection,N,Intersection,None,,,         ,Eric,Richardson,Clear,Angle,no,no,no,no,no,False
101766184,METROPOLITAN NASHVILLE POLICE DEPT,20170835652,Davidson,Antioch,9/20/2017 12:00:00 PM,2,0,0,36.013280,-86.620720,OLD HICKORY BLVD,,,,57.00,Feet,South,I24 E EXT RAMP,,,,0.00,N,Not at Intersection,N,Non-Junction,None,,,         ,Jessie,Meadows,Clear,Angle,no,no,no,no,yes,False
101766189,METROPOLITAN NASHVILLE POLICE DEPT,20170835682,Davidson,Nashville,9/20/2017 12:05:00 PM,1,1,0,36.153400,-86.800840,CHURCH ST,,,,0.00,,,20TH AVN,,,,0.00,Y,Four-Way,N,Intersection,None,,,         ,Russell,Freeman,Clear,Not Collision with Motor Vehicle in Transport,yes,no,no,no,no,Campus
101766197,METROPOLITAN NASHVILLE POLICE DEPT,20170835673,Davidson,Nashville,9/20/2017 12:01:00 PM,2,1,0,36.068200,-86.719110,NOLENSVILLE PKE,,,,0.00,,,HAYWOOD LN,,,,0.00,Y,Four-Way,N,Non-Junction,None,,,         ,Geoffery,Odom,Clear,HeadOn,no,no,no,no,no,False
101766198,METROPOLITAN NASHVILLE POLICE DEPT,20170835689,Davidson,Nashville,9/20/2017 12:11:00 PM,2,0,0,36.192710,-86.744370,DOUGLAS AV,,,,0.00,,,GALLATIN AV,,,,0.00,Y,Four-Way, ,Intersection-Related,None,,,         ,Richard,Conger,Clear,Front to Rear,no,no,no,no,no,False
101766200,METROPOLITAN NASHVILLE POLICE DEPT,20170835578,Davidson,Nashville,9/20/2017 11:18:00 AM,2,0,0,36.110960,-86.745900,THOMPSON LN,,,,0.00,,,ELIZABETH ST,,,,0.00,Y,T-Intersection,N,Intersection,None,,,         ,Phillip,Murphy,Clear,Angle,no,no,no,no,no,False
101766205,METROPOLITAN NASHVILLE POLICE DEPT,20170835691,Davidson,Nashville,9/20/2017 11:54:00 AM,2,0,0,36.143450,-86.702780,I 40,,,,0.00,,,,,,,214.60,N,Not at Intersection, ,Non-Junction,None,,,         ,James,Curtis,Clear,Front to Rear,no,no,no,no,no,False
101766207,METROPOLITAN NASHVILLE POLICE DEPT,20170835598,Davidson,Nashville,9/20/2017 11:25:00 AM,2,4,0,36.156990,-86.804150,CHARLOTTE AV,,,,164.00,Feet,West,20TH AVN,,,,0.00,N,Not at Intersection,N,Non-Junction,None,,,         ,Sarah,Ortkiese,Clear,Front to Rear,no,no,no,no,no,False
101766224,METROPOLITAN NASHVILLE POLICE DEPT,20170835686,Davidson,Nashville,9/20/2017 12:19:00 PM,2,0,0,36.159110,-86.799510,FISK ST,,,,258.00,Feet,South,PEARL ST,,,,0.00,N,Not at Intersection, ,Non-Junction,None,,,         ,Royce,McLester,Clear,"Sideswipe, Same Direction",no,no,no,no,no,False
101766228,METROPOLITAN NASHVILLE POLICE DEPT,20170835809,Davidson,Nashville,9/20/2017 12:59:00 PM,2,0,0,36.152220,-86.841610,CHARLOTTE AV,,,,180.00,Feet,East,46TH AVN,,,,0.00,N,Not at Intersection,N,Non-Junction,None,,,         ,Curtis,Rich,Cloudy,Angle,no,no,no,no,no,False
101766229,METROPOLITAN NASHVILLE POLICE DEPT,20170835721,Davidson,Nashville,9/20/2017 12:27:00 PM,2,2,0,36.198990,-86.845220,ASHLAND CITY HWY,,,,0.00,,,HYDES FERRY RD,,,,0.00,Y,Y-Intersection,N,Intersection,None,,,         ,William,Caillouette,Clear,Angle,no,no,no,no,no,False
101766231,METROPOLITAN NASHVILLE POLICE DEPT,20170835008,Davidson,Nashville,9/20/2017 7:43:00 AM,2,0,0,36.153140,-86.688430,ELM HILL PKE,,,,223.00,Feet,West,ATRIUM WAY,,,,0.00,N,Not at Intersection,N,Non-Junction,None,,,         ,James,Curtis,Clear,Angle,no,no,no,no,no,False
101766238,METROPOLITAN NASHVILLE POLICE DEPT,20170835635,Davidson,Nashville,9/20/2017 11:46:00 AM,2,4,0,36.241960,-86.757100,BRILEY PKWY W ENT RAMP,,,,0.00,,,DICKERSON PKE ENT RAMP,,,,0.00,Y,Four-Way,N,Intersection,None,,,         ,Thomas,Odom,Clear,Angle,no,no,no,no,no,False
101766241,METROPOLITAN NASHVILLE POLICE DEPT,20170834932,Davidson,Nashville,9/20/2017 8:35:00 AM,2,0,0,36.039890,-86.741760,OLD HICKORY BLVD,,,,510.00,Feet,East,EDMONDSON PKE,,,,0.00,N,Not at Intersection, ,Non-Junction,None,,,         ,Phillip,Murphy,Clear,Front to Rear,no,no,no,no,no,False
101766247,METROPOLITAN NASHVILLE POLICE DEPT,20170835400,Davidson,Nashville,9/20/2017 10:15:00 AM,1,0,0,36.163310,-86.815830,MORENA ST,,,,0.00,,,26TH AVN,,,,0.00,Y,OTHER,N,Non-Junction,None,,,         ,Freddirico,Pye,Clear,Not Collision with Motor Vehicle in Transport,no,no,no,yes,no,False
101766255,METROPOLITAN NASHVILLE POLICE DEPT,20170835718,Davidson,Nashville,9/20/2017 12:26:00 PM,2,3,0,36.211400,-86.817540,BUENA VISTA PKE,,,,0.00,,,STOKERS LN,,,,0.00,Y,T-Intersection,N,Intersection,None,,,         ,Michael,McCord,Clear,Angle,no,no,no,no,no,False
101766257,METROPOLITAN NASHVILLE POLICE DEPT,20170835805,Davidson,Nashville,9/20/2017 1:00:00 PM,2,1,0,36.154090,-86.757650,I 40,,,,0.00,,,,,,,211.10,N,Not at Intersection,N,Non-Junction,None,,,         ,Michael,Thompson,Clear,Front to Rear,no,no,no,no,yes,False
101766259,METROPOLITAN NASHVILLE POLICE DEPT,20170835843,Davidson,Nashville,9/20/2017 12:41:00 PM,2,0,0,36.248060,-86.721060,DUE WEST AVW,,,,209.00,Feet,West,GALLATIN PKES,,,,0.00,N,Not at Intersection, ,Non-Junction,None,,,         ,DuJuan,Kendrick,Clear,"Sideswipe, Same Direction",no,no,no,no,no,False
101766272,METROPOLITAN NASHVILLE POLICE DEPT,20170835906,Davidson,Nashville,9/20/2017 1:30:00 PM,2,0,0,36.166830,-86.816050,MEHARRY BLVD,,,,130.00,Feet,East,I40 E EXT RAMP,,,,0.00,N,Not at Intersection, ,Non-Junction,None,,,         ,Royce,McLester,Clear,Rear to Rear,no,no,no,no,no,False
101766274,METROPOLITAN NASHVILLE POLICE DEPT,20170835878,Davidson,Nashville,9/20/2017 12:50:00 PM,2,0,0,36.162100,-86.779490,5TH AVN,,,,93.00,Feet,North,OPRY PL,,,,0.00,N,Not at Intersection, ,,None,,,         ,Gregory,Julia,,,no,no,no,no,no,False
101766275,METROPOLITAN NASHVILLE POLICE DEPT,20170835934,Davidson,Nashville,9/20/2017 1:35:00 PM,2,1,0,36.263210,-86.757280,WESTCHESTER DR,,,,0.00,,,DICKERSON PKE,,,,0.00,Y,Four-Way,N,Intersection,None,,,         ,Thomas,Odom,Clear,Angle,no,no,no,no,no,False
101766338,GOODLETTSVILLE POLICE DEPT,17-33061,Davidson,Goodlettsville,9/20/2017 12:57:00 PM,2,0,0,36.309470,-86.695630,VIETNAM VETERANS BLVD SB EXT R,,,,0.00,,,CONFERENCE DR,,,,0.00,Y,Y-Intersection, ,Entrance/Exit Ramp Related,None,,,         ,John,Spencer,Clear,Front to Rear,no,no,no,no,no,False
101766347,METROPOLITAN NASHVILLE POLICE DEPT,20170835907,Davidson,Nashville,9/20/2017 1:43:00 PM,2,1,0,36.160700,-86.769500,KOREAN VETERANS BLVD,,,,644.00,Feet,South,DAVIDSON ST,,,,0.00,N,Not at Intersection,N,Non-Junction,None,,,         ,Darren,Key,Clear,Front to Rear,no,no,no,no,no,False
101766367,METROPOLITAN NASHVILLE POLICE DEPT,20170835819,Davidson,Old Hickory,9/20/2017 1:07:00 PM,1,0,0,36.267130,-86.668700,OLD HICKORY BLVD,,,,0.00,,,ROBINSON RD,,,,0.00,Y,T-Intersection,N,Intersection,None,,,         ,Wesley,Young,Clear,Not Collision with Motor Vehicle in Transport,no,no,no,no,no,False
101766396,METROPOLITAN NASHVILLE POLICE DEPT,20170836143,Davidson,Not in City Limit,9/20/2017 3:27:00 PM,2,0,0,36.263630,-86.711720,GALLATIN PKEN,,,,69.00,Feet,South,OLD TIME VILLAGE PVTDR,,,,0.00,N,Not at Intersection, ,Non-Junction,None,,,         ,Cecilia,Gomez,Clear,Angle,no,no,no,no,no,False
101766398,METROPOLITAN NASHVILLE POLICE DEPT,20170836067,Davidson,Nashville,9/20/2017 2:50:00 PM,2,1,0,36.044860,-86.670430,BELL RD,,,,0.00,,,HICKORY PARK DR,,,,0.00,Y,T-Intersection,N,Intersection,None,,,         ,Eric,Keller,Clear,Front to Rear,no,no,no,no,no,False
101766409,METROPOLITAN NASHVILLE POLICE DEPT,20170836038,Davidson,Nashville,9/20/2017 2:51:00 PM,3,2,0,36.192220,-86.744630,GALLATIN AV,,,,123.00,Feet,North,MCKENNIE AV,,,,0.00,N,Not at Intersection,N,Non-Junction,None,,,         ,Christopher,Valdez,Clear,Front to Rear,no,no,no,no,no,False
101766410,METROPOLITAN NASHVILLE POLICE DEPT,20170836047,Davidson,Nashville,9/20/2017 2:53:00 PM,3,5,0,36.044960,-86.670860,BELL RD,,,,132.00,Feet,West,HICKORY PARK DR,,,,0.00,N,Not at Intersection,N,Non-Junction,None,,,         ,Jessie,Meadows,Clear,Front to Rear,no,no,no,no,no,False
101766427,METROPOLITAN NASHVILLE POLICE DEPT,20170836148,Davidson,Nashville,9/20/2017 3:31:00 PM,2,0,0,36.214260,-86.730670,GALLATIN PKE,,,,92.00,Feet,South,STRATFORD AV,,,,0.00,N,Not at Intersection, ,,None,,,         ,Michael,Mendenhall,,,no,no,no,no,no,False
101766465,METROPOLITAN NASHVILLE POLICE DEPT,20170836280,Davidson,Nashville,9/20/2017 4:16:00 PM,2,0,0,36.172840,-86.765340,JAMES ROBERTSON PKWY,,,,0.00,Feet,East,MAIN ST,,,,0.00,N,Not at Intersection, ,Non-Junction,None,,,         ,Amanda,Fox,Clear,Angle,no,no,no,no,no,False
101766466,METROPOLITAN NASHVILLE POLICE DEPT,20170835993,Davidson,Nashville,9/20/2017 2:23:00 PM,2,0,1,36.153260,-86.843120,ALABAMA AV,,,,100.00,Feet,East,47TH AVN,,,,0.00,N,Not at Intersection,N,Non-Junction,None,,,17-0737  ,Christopher,Augustin,Clear,Not Collision with Motor Vehicle in Transport,no,no,no,no,no,False
101766481,VANDERBILT UNIVERSITY POLICE,2017-0836105,Davidson,Nashville,9/20/2017 3:00:00 PM,2,0,0,36.142470,-86.801420,MEDICAL CENTER DR,,,,0.00,,,,,,,0.00,,, ,Non-Junction,None,,,         ,Gregory,Blocker,Clear,Rear to Side,no,no,no,yes,no,Campus
101766483,METROPOLITAN NASHVILLE POLICE DEPT,20170836382,Davidson,Nashville,9/20/2017 4:28:00 PM,2,0,0,36.128980,-86.715800,MURFREESBORO PKE,,,,373.00,Feet,West,MILLWOOD DR,,,,0.00,N,Not at Intersection, ,OtherLocation,None,,,         ,Patrick,Martin,Clear,Rear to Rear,no,no,no,yes,no,False
101766485,METROPOLITAN NASHVILLE POLICE DEPT,20170836385,Davidson,Nashville,9/20/2017 4:42:00 PM,3,0,0,36.162510,-86.777760,COMMERCE ST,,,,100.00,Feet,East,4TH AVN,,,,0.00,N,Not at Intersection, ,Non-Junction,None,,,         ,Andrey,Volfson,Clear,Front to Rear,no,no,no,no,no,False
101766492,METROPOLITAN NASHVILLE POLICE DEPT,20170836377,Davidson,Nashville,9/20/2017 4:30:00 PM,2,0,0,36.066560,-86.718190,NORTHCREST DR,,,,83.00,Feet,West,NOLENSVILLE PKE,,,,0.00,N,Not at Intersection,N,Non-Junction,None,,,         ,Jessie,Meadows,Clear,Rear to Rear,no,no,no,no,yes,False
101766493,METROPOLITAN NASHVILLE POLICE DEPT,20170836453,Davidson,Nashville,9/20/2017 5:15:00 PM,2,0,0,36.075420,-86.725040,NOLENSVILLE PKE,,,,137.00,Feet,North,FLORA MAXWELL RD,,,,0.00,N,Not at Intersection, ,Non-Junction,None,,,         ,Jessie,Meadows,Clear,Front to Rear,no,no,no,no,no,False
101766503,METROPOLITAN NASHVILLE POLICE DEPT,20170836448,Davidson,Nashville,9/20/2017 4:38:00 PM,2,0,0,36.183740,-86.775070,I 24,,,,0.00,,,,,,,47.35,N,Not at Intersection, ,,None,,,         ,Michael,Moss,,,no,no,no,no,no,False
101766523,METROPOLITAN NASHVILLE POLICE DEPT,20170836633,Davidson,Nashville,9/20/2017 6:11:00 PM,3,0,0,36.124040,-86.848970,ROYAL OAKS CONDOS PVTDR,,,,0.00,,,HARDING PKE,,,,0.00,Y,Four-Way, ,,None,,,         ,Ethan,Usherwood,,,no,no,no,no,no,False
101766529,METROPOLITAN NASHVILLE POLICE DEPT,20170836461,Davidson,Nashville,9/20/2017 5:10:00 PM,2,0,0,36.088280,-86.803250,GRANNY WHITE PKE,,,,194.00,Feet,North,MCARTHUR RIDGE CT,,,,0.00,N,Not at Intersection, ,Non-Junction,None,,,         ,Jacob,Paul,Rain,Front to Rear,no,no,no,no,no,False
101766533,METROPOLITAN NASHVILLE POLICE DEPT,20170836550,Davidson,Nashville,9/20/2017 5:10:00 PM,2,0,0,36.040280,-86.768370,OLD HICKORY BLVD,,,,0.00,,,SEVEN SPRINGS WAY,,,,0.00,Y,Four-Way, ,Non-Junction,None,,,         ,Edin,Plancic,Clear,Unknown,no,no,no,no,no,False
101766535,METROPOLITAN NASHVILLE POLICE DEPT,20170836617,Davidson,Nashville,9/20/2017 5:30:00 PM,2,0,0,36.141590,-86.714130,I 40,,,,0.00,,,,,,,214.00,N,Not at Intersection, ,,None,,,         ,John,Joyce,,,no,no,no,no,no,False
101766541,Nashville Airport Police,2017-03353,Davidson,Nashville,9/20/2017 5:09:00 PM,2,0,0,36.115670,-86.669070,DONELSON PKE,,,,458.00,Feet,South,HANGAR LN,,,,0.00,N,Not at Intersection,N,Non-Junction,None,,,         ,Gary,Polk,Rain,Front to Rear,no,no,no,no,no,False
101766542,METROPOLITAN NASHVILLE POLICE DEPT,20170836327,Davidson,Nashville,9/20/2017 4:29:00 PM,2,1,0,36.041580,-86.749370,OLD HICKORY BLVD,,,,38.00,Feet,West,HILL RD,,,,0.00,N,Not at Intersection,N,Non-Junction,None,,,         ,Melissa,Flores,Clear,Angle,no,no,no,no,no,False
101766543,METROPOLITAN NASHVILLE POLICE DEPT,20170836581,Davidson,Nashville,9/20/2017 5:15:00 PM,2,0,0,36.173140,-86.764540,MAIN ST,,,,261.00,Feet,East,SPRING ST,,,,0.00,N,Not at Intersection,N,Non-Junction,None,,,         ,Charles,Wakefield,Clear,Front to Rear,no,no,no,no,yes,False
101766550,METROPOLITAN NASHVILLE POLICE DEPT,20170836700,Davidson,Nashville,9/20/2017 12:00:00 AM,2,0,0,36.178890,-86.795090,HUME ST,,,,37.00,Feet,East,ROSA L PARKS BLVD,,,,0.00,N,Not at Intersection, ,Non-Junction,None,,,         ,Melvin,Taylor,Clear,"Sideswipe, Same Direction",no,no,no,no,no,False
101766551,METROPOLITAN NASHVILLE POLICE DEPT,20170836694,Davidson,Nashville,9/20/2017 6:01:00 PM,2,0,0,36.070370,-86.690380,I 24,,,,0.00,,,,,,,56.90,N,Not at Intersection, ,Non-Junction,None,,,         ,Nakia,Reid,Clear,Front to Rear,no,no,no,no,yes,False
101766552,METROPOLITAN NASHVILLE POLICE DEPT,20170836556,Davidson,Nashville,9/20/2017 5:41:00 PM,2,1,0,36.142350,-86.709650,I 40,,,,0.00,,,,,,,214.20,N,Not at Intersection,N,Non-Junction,None,,,         ,Dontaveous,Eubanks,Rain,Front to Rear,no,no,no,no,no,False
101766553,METROPOLITAN NASHVILLE POLICE DEPT,20170836117,Davidson,Nashville,9/20/2017 12:00:00 AM,2,1,0,36.165540,-86.696980,LEBANON PKE,,,,0.00,,,DONELSON HILLS DR,,,,0.00,Y,T-Intersection,N,Non-Junction,None,,,         ,Craig,Gentry,Clear,Front to Rear,no,no,no,no,no,False
101766554,METROPOLITAN NASHVILLE POLICE DEPT,20170836451,Davidson,Nashville,9/20/2017 12:00:00 AM,2,1,0,36.170840,-86.679640,MCGAVOCK PKE,,,,274.00,Feet,South,PARK DR,,,,0.00,N,Not at Intersection,N,Non-Junction,None,,,         ,Craig,Gentry,Clear,Angle,no,no,no,no,no,False
101766559,METROPOLITAN NASHVILLE POLICE DEPT,20170836728,Davidson,Nashville,9/20/2017 6:04:00 PM,3,1,0,36.038370,-86.783530,I65 S EXT RAMP,,,,0.00,Feet,East,I 65,,,,0.00,N,Not at Intersection,N,Non-Junction,None,,,         ,Tien,Nguyen,Clear,Front to Rear,no,no,no,no,no,False
101766572,METROPOLITAN NASHVILLE POLICE DEPT,20170836745,Davidson,Nashville,9/20/2017 6:39:00 PM,2,0,0,36.176020,-86.772190,I 24,,,,0.00,,,,,,,48.00,N,Not at Intersection, ,Entrance/Exit Ramp Related,None,,,         ,Darren,White,Clear,"Sideswipe, Same Direction",no,no,no,no,no,False
101766614,METROPOLITAN NASHVILLE POLICE DEPT,2017-0836667,Davidson,Nashville,9/18/2017 8:20:00 PM,2,0,0,36.030470,-86.743980,EDMONDSON PKE,,,,0.00,,,CLOVERLAND DR,,,,0.00,Y,T-Intersection,N,Intersection,None,,,         ,John,Timm,Clear,Front to Rear,no,no,no,no,yes,False
101766629,METROPOLITAN NASHVILLE POLICE DEPT,20170836738,Davidson,Nashville,9/20/2017 3:20:00 PM,2,0,0,36.142710,-86.815470,WEST END AV,,,,0.00,,,,,,,0.00,,,N,Non-Junction,None,,,         ,Ryan,Potts,Clear,Angle,no,no,no,yes,yes,Campus
101766632,METROPOLITAN NASHVILLE POLICE DEPT,20170836234,Davidson,Nashville,9/20/2017 4:00:00 PM,4,5,0,36.192300,-86.772690,DICKERSON PKE,,,,130.00,Feet,North,RICHARDSON AV,,,,0.00,N,Not at Intersection,N,Non-Junction,None,,,         ,Joshua,Lackey,Clear,Front to Rear,no,no,no,no,no,False
101766635,METROPOLITAN NASHVILLE POLICE DEPT,20170836680,Davidson,Nashville,9/20/2017 6:34:00 PM,3,0,0,36.230250,-86.764010,EWING DR,,,,555.00,Feet,East,RICH ACRES DR,,,,0.00,N,Not at Intersection, ,Non-Junction,None,,,         ,Christopher,Valdez,Clear,Front to Rear,no,no,no,no,no,False
101766644,METROPOLITAN NASHVILLE POLICE DEPT,20170836808,Davidson,Not in City Limit,9/20/2017 12:00:00 AM,1,1,0,36.283230,-86.705640,EDGEMEADE BLVD,,,,400.00,Feet,East,OLD DRY CREEK RD,,,,0.00,N,Not at Intersection,N,Non-Junction,None,,,         ,Christopher,Littles,Cloudy,Not Collision with Motor Vehicle in Transport,yes,no,no,no,yes,False
101766651,METROPOLITAN NASHVILLE POLICE DEPT,20170836078,Davidson,Nashville,9/20/2017 2:30:00 PM,2,0,0,36.153300,-86.842410,ALABAMA AV,,,,43.00,Feet,West,I40 E ENT RAMP,,,,0.00,N,Not at Intersection, ,OtherLocation,None,,,         ,Torian,Cox,Clear,Front to Rear,no,no,no,no,no,False
101766655,METROPOLITAN NASHVILLE POLICE DEPT,20170837001,Davidson,Nashville,9/20/2017 12:00:00 AM,2,0,0,36.166580,-86.803440,17TH AVN,,,,34.00,Feet,North,JACKSON ST,,,,0.00,N,Not at Intersection, ,Non-Junction,None,,,         ,Melvin,Taylor,Clear,Front to Rear,no,no,no,no,no,False
101766656,METROPOLITAN NASHVILLE POLICE DEPT,20170836704,Davidson,Antioch,9/20/2017 4:06:00 PM,2,0,0,36.015830,-86.620120,OLD HICKORY BLVD,,,,125.00,Feet,North,I24 W EXT RAMP,,,,0.00,N,Not at Intersection,N,Non-Junction,None,,,         ,Joseph,Progar,Cloudy,Angle,no,no,no,no,yes,False
101766664,METROPOLITAN NASHVILLE POLICE DEPT,20170837054,Davidson,Nashville,9/20/2017 8:49:00 PM,2,1,0,36.164910,-86.820040,I40 W EXT RAMP,,,,0.00,,,I 40,,,,0.00,Y,T-Intersection,N,Non-Junction,None,,,         ,Samuel,Galluzzi,Clear,Front to Rear,no,no,no,no,no,False
101766666,METROPOLITAN NASHVILLE POLICE DEPT,20170836882,Davidson,Nashville,9/20/2017 7:53:00 PM,2,1,0,36.198100,-86.741470,GALLATIN PKE,,,,37.00,Feet,North,FAIRWIN AV,,,,0.00,N,Not at Intersection,N,Non-Junction,None,,,         ,Amanda,Fox,Clear,Angle,no,no,no,no,no,False
101766673,METROPOLITAN NASHVILLE POLICE DEPT,20170837006,Davidson,Nashville,9/20/2017 8:30:00 PM,3,0,0,36.096390,-86.708210,I 24,,,,0.00,,,,,,,54.85,N,Not at Intersection, ,Non-Junction,None,,,         ,Eric,Keller,Clear,"Sideswipe, Same Direction",no,no,no,no,yes,False
101766677,METROPOLITAN NASHVILLE POLICE DEPT,20170836254,Davidson,Nashville,9/20/2017 4:04:00 PM,2,0,0,36.152090,-86.753040,I 40,,,,0.00,,,,,,,211.40,N,Not at Intersection, ,Non-Junction,None,,,         ,John,Daugherty,Clear,Front to Rear,no,no,no,no,no,False
101766725,METROPOLITAN NASHVILLE POLICE DEPT,20170836829,Davidson,Nashville,9/20/2017 6:16:00 PM,2,0,0,36.080590,-86.758420,TROUSDALE DR,,,,188.00,Feet,South,HARDING PL,,,,0.00,N,Not at Intersection, ,Non-Junction,None,,,         ,Melissa,Flores,Clear,Angle,no,no,no,no,no,False
101766728,METROPOLITAN NASHVILLE POLICE DEPT,20170836825,Davidson,Nashville,9/20/2017 6:29:00 PM,2,0,0,36.034710,-86.783090,I 65,,,,0.00,,,,,,,74.30,N,Not at Intersection, ,Non-Junction,None,,,         ,Tien,Nguyen,Clear,Not Collision with Motor Vehicle in Transport,no,no,no,no,no,False
101766757,METROPOLITAN NASHVILLE POLICE DEPT,20170836053,Davidson,Nashville,9/20/2017 2:30:00 PM,2,0,0,36.138870,-86.772070,HAMILTON AV,,,,0.00,,,HAGAN ST,,,,0.00,Y,T-Intersection, ,Intersection,None,,,         ,Brian,Etchison,Clear,Angle,no,no,no,no,no,False