master_record_number,agency,agency_tracking_number,county,city,collision_date,vehicles_involved,number_injured,number_dead,latitude,longitude,roadway_name,roadway_suffix,roadway_number,roadway_local_id,distance_from_reference,miles-feet_indicator,direction_from_reference,intersection_road_name,intersection_road_name_suffix,intersection_road_number,intersection_local_id,mile_marker,intersection_indicator,intersect_type,interchange_related_indicator,relation_to_junction,work_zone_type,construction_maintenance_zone,construction_maintenance_zone_location,fatal_case_number,officer_first_name,officer_last_name,weather_condition(s),manner_of_crash,pedestrian,bicycle,scooter,parking,hitrun,mou
101766758,METROPOLITAN NASHVILLE POLICE DEPT,20170836774,Davidson,Nashville,9/20/2017 6:20:00 PM,2,0,0,36.184440,-86.611910,OLD HICKORY BLVD,,,,468.00,Feet,West,ANDREW JACKSON PKWY,,,,0.00,N,Not at Intersection,N,Non-Junction,None,,,         ,Jefferson,Hughes,Clear,"Sideswipe, Same Direction",no,no,no,no,yes,False
101766762,METROPOLITAN NASHVILLE POLICE DEPT,20170836259,Davidson,Nashville,9/20/2017 3:50:00 PM,2,0,0,36.121930,-86.753930,I 440,,,,0.00,,,,,,,6.10,N,Not at Intersection, ,Non-Junction,None,,,         ,Brian,Etchison,Clear,Front to Rear,no,no,no,no,no,False
101766778,METROPOLITAN NASHVILLE POLICE DEPT,20170837129,Davidson,Nashville,9/20/2017 9:10:00 PM,2,1,0,36.189610,-86.627310,LEBANON PKE,,,,778.00,Feet,East,HICKORY HILL LN,,,,0.00,N,Not at Intersection,N,Non-Junction,None,,,         ,Jefferson,Hughes,Clear,Angle,no,no,no,no,no,False
101766799,METROPOLITAN NASHVILLE POLICE DEPT,20170837406,Davidson,Nashville,9/20/2017 7:43:00 PM,2,0,0,36.143590,-86.814320,WEST END AV,,,,50.00,Feet,South,30TH AVN,,,,0.00,N,Not at Intersection,N,Non-Junction,None,,,         ,Eugene,Martino,Clear,"Sideswipe, Same Direction",no,no,no,no,yes,Campus
101766813,METROPOLITAN NASHVILLE POLICE DEPT,20170837417,Davidson,Nashville,9/20/2017 11:10:00 PM,1,1,0,36.146210,-86.742340,I 40,,,,0.00,,,,,,,212.15,N,Not at Intersection,N,Non-Junction,None,,,         ,Chad,Mahoney,Clear,Not Collision with Motor Vehicle in Transport,no,no,no,no,no,False
101766816,METROPOLITAN NASHVILLE POLICE DEPT,2017-0837418,Davidson,Nashville,9/20/2017 11:00:00 PM,2,0,0,36.040010,-86.743470,OLD HICKORY BLVD,,,,0.00,,,EDMONDSON PKE,,,,0.00,Y,Four-Way,N,Intersection,None,,,         ,Thomas,Miller,Clear,"Sideswipe, Same Direction",no,no,no,no,yes,False
101766843,METROPOLITAN NASHVILLE POLICE DEPT,20170837412,Davidson,Nashville,9/20/2017 11:13:00 PM,1,1,0,36.176600,-86.770630,SPRING ST,,,,90.00,Feet,West,I24 W ENT RAMP,,,,0.00,N,Not at Intersection,N,Non-Junction,None,,,         ,Robert,Crow,Clear,Not Collision with Motor Vehicle in Transport,yes,no,no,no,no,False
101766846,METROPOLITAN NASHVILLE POLICE DEPT,20170837542,Davidson,Nashville,9/20/2017 11:56:00 PM,2,1,0,36.111620,-86.792580,WOODMONT BLVD,,,,0.00,,,GRANNY WHITE PKE,,,,0.00,Y,Four-Way,N,Intersection-Related,None,,,         ,Stephen,Waterman,Clear,Angle,no,no,no,no,no,False
101766853,METROPOLITAN NASHVILLE POLICE DEPT,20170837703,Davidson,Nashville,9/21/2017 1:08:00 AM,1,1,0,36.252560,-86.715410,EMMITT AV,,,,0.00,,,E MEADE AV,,,,0.00,Y,T-Intersection,N,Intersection,None,,,         ,George,Oden,Clear,Not Collision with Motor Vehicle in Transport,no,no,no,no,no,False
101766854,METROPOLITAN NASHVILLE POLICE DEPT,20170837845,Davidson,Nashville,9/21/2017 12:00:00 AM,1,0,0,36.085480,-86.701970,I24 E EXT RAMP,,,,0.00,Feet,East,I 24,,,,0.00,N,Not at Intersection,N,Non-Junction,None,,,         ,Douglas,Sykes,Clear,Unknown,no,no,no,no,yes,False
101766860,METROPOLITAN NASHVILLE POLICE DEPT,20170837337,Davidson,Nashville,9/20/2017 10:46:00 PM,2,1,0,36.141370,-86.732170,I 40,,,,0.00,,,,,,,213.00,N,Not at Intersection,Y,Non-Junction,None,,,         ,Curtis,Fisher,Clear,"Sideswipe, Same Direction",no,no,no,no,no,False
101766885,METROPOLITAN NASHVILLE POLICE DEPT,20170838261,Davidson,Nashville,9/21/2017 5:36:00 AM,1,0,0,36.199580,-86.762200,LISCHEY AV,,,,155.00,Feet,North,GATEWOOD AV,,,,0.00,N,Not at Intersection, ,Non-Junction,None,,,         ,Audrean,Manquero,Clear,Not Collision with Motor Vehicle in Transport,no,no,no,no,no,False
101766890,METROPOLITAN NASHVILLE POLICE DEPT,20170838252,Davidson,Nashville,9/21/2017 12:00:00 AM,1,0,0,36.130990,-86.867800,HILLWOOD BLVD,,,,148.00,Feet,West,VINE RIDGE DR,,,,0.00,N,Not at Intersection,N,Non-Junction,None,,,         ,Albert,Wilson,Clear,Unknown,no,no,no,no,yes,False
101766899,METROPOLITAN NASHVILLE POLICE DEPT,20170838321,Davidson,Nashville,9/21/2017 5:50:00 AM,2,1,0,36.197200,-86.776200,I 65,,,,0.00,,,,,,,86.70,N,Not at Intersection,N,Non-Junction,None,,,         ,Geoffrey,Daugherty,Clear,Front to Rear,no,no,no,no,no,False
101766901,METROPOLITAN NASHVILLE POLICE DEPT,20170838368,Davidson,Nashville,9/21/2017 6:02:00 AM,2,0,0,36.045410,-86.658930,I 24,,,,0.00,,,,,,,59.40,N,Not at Intersection, ,Non-Junction,None,,,         ,Ryan,Storm,Clear,Front to Rear,no,no,no,no,no,False
101766910,METROPOLITAN NASHVILLE POLICE DEPT,20170838352,Davidson,Nashville,9/21/2017 5:43:00 AM,2,0,0,36.150860,-86.683560,MCGAVOCK PKE,,,,0.00,,,,,,,0.00,,,N,Non-Junction,None,,,         ,Joseph,Zambardi,Clear,Angle,no,no,no,yes,yes,False
101766922,METROPOLITAN NASHVILLE POLICE DEPT,20170838373,Davidson,Nashville,9/21/2017 6:30:00 AM,2,0,0,36.142300,-86.679140,I 40,,,,0.00,,,,,,,215.90,N,Not at Intersection, ,Non-Junction,None,,,         ,Curtis,Fisher,Clear,Front to Rear,no,no,no,no,no,False
101766930,GOODLETTSVILLE POLICE DEPT,17-33090,Davidson,Goodlettsville,9/20/2017 4:50:00 PM,2,0,0,36.294440,-86.717650,I 65,,,,0.00,,,,,,,94.65,N,Not at Intersection, ,Non-Junction,None,,,         ,Charles,Hauskin,Clear,Front to Rear,no,no,no,no,no,False
101766948,METROPOLITAN NASHVILLE POLICE DEPT,20170838457,Davidson,Nashville,9/21/2017 7:30:00 AM,2,1,0,36.152860,-86.823530,CHARLOTTE AV,,,,0.00,,,33RD AVN,,,,0.00,Y,Four-Way,N,Intersection,None,,,         ,Curtis,Rich,Clear,Angle,no,no,no,no,no,False
101766955,METROPOLITAN NASHVILLE POLICE DEPT,20170838490,Davidson,Nashville,9/21/2017 7:30:00 AM,2,0,0,36.200500,-86.620910,OLD HICKORY BLVD,,,,21.00,Feet,South,PLANTATION DR,,,,0.00,N,Not at Intersection,N,Non-Junction,None,,,         ,Scott,Toney,Clear,Front to Rear,no,no,no,no,no,False
101766958,METROPOLITAN NASHVILLE POLICE DEPT,20170838569,Davidson,Madison,9/21/2017 8:03:00 AM,2,0,0,36.263330,-86.714600,OLD HICKORY BLVDW,,,,0.00,,,DOUGLAS ST,,,,0.00,Y,T-Intersection,N,Non-Junction,None,,,         ,Thomas,Odom,Clear,Front to Rear,no,no,no,no,no,False
101766959,METROPOLITAN NASHVILLE POLICE DEPT,20170838493,Davidson,Nashville,9/21/2017 7:30:00 AM,2,0,0,36.161060,-86.620920,I 40,,,,0.00,,,,,,,219.60,N,Not at Intersection,N,Non-Junction,None,,,         ,Ralph,Harvey,Clear,Front to Rear,no,no,no,no,no,False
101766975,METROPOLITAN NASHVILLE POLICE DEPT,20170838414,Davidson,Nashville,9/21/2017 7:02:00 AM,1,1,0,36.071990,-86.754960,FIELDCREST DR,,,,0.00,,,TIMBERHILL DR,,,,0.00,Y,Four-Way,N,Intersection,None,,,         ,Phillip,Murphy,Clear,Not Collision with Motor Vehicle in Transport,no,yes,no,no,no,False
101766984,METROPOLITAN NASHVILLE POLICE DEPT,20170838513,Davidson,Nashville,9/21/2017 7:42:00 AM,2,2,0,36.199050,-86.798220,ATHENS WAY,,,,0.00,Feet,East,GREAT CIRCLE RD,,,,0.00,N,Not at Intersection,N,Non-Junction,None,,,         ,James,Wray,Clear,Angle,no,no,no,no,no,False
101766997,METROPOLITAN NASHVILLE POLICE DEPT,20170838396,Davidson,Nashville,9/21/2017 6:40:00 AM,2,0,0,36.044300,-86.713130,NOLENSVILLE PKE,,,,18.00,Feet,North,BRENTWOOD EAST DR,,,,0.00,N,Not at Intersection,N,Non-Junction,None,,,         ,Trevor,Taylor,Clear,Angle,no,no,no,no,no,False
101766998,METROPOLITAN NASHVILLE POLICE DEPT,2017-0838463,Davidson,Nashville,9/21/2017 6:27:00 AM,2,0,0,36.092100,-86.651800,MURFREESBORO PKE,,,,349.00,Feet,North,BRITISH WOODS DR,,,,0.00,N,Not at Intersection,N,Non-Junction,None,,,         ,William,Whitworth,Clear,"Sideswipe, Same Direction",no,no,no,no,no,False
101767006,METROPOLITAN NASHVILLE POLICE DEPT,20170838586,Davidson,Nashville,9/20/2017 7:20:00 PM,2,0,0,36.062010,-86.666180,CHADFIELD CT,,,,75.00,Feet,South,CHADFIELD WAY,,,,0.00,N,Not at Intersection,N,Non-Junction,None,,,         ,Sara,Lober,Clear,"Sideswipe, Same Direction",no,no,no,no,yes,False
101767018,METROPOLITAN NASHVILLE POLICE DEPT,20170838547,Davidson,Nashville,9/21/2017 7:53:00 AM,2,0,0,36.136160,-86.788670,12TH AVS,,,,0.00,,,WEDGEWOOD AV,,,,0.00,Y,Four-Way, ,Intersection-Related,None,,,         ,Phillip,Murphy,Clear,Front to Rear,no,no,no,no,no,False
101767040,METROPOLITAN NASHVILLE POLICE DEPT,20170838743,Davidson,Nashville,9/21/2017 9:22:00 AM,2,0,0,36.144660,-86.744040,FESSLERS LN,,,,0.00,,,ELM HILL PKE,,,,0.00,Y,Four-Way, ,Intersection,None,,,         ,Michael,Dance,Clear,Front to Rear,no,no,no,no,no,False
101767042,METROPOLITAN NASHVILLE POLICE DEPT,20170838619,Davidson,Nashville,9/21/2017 8:00:00 AM,2,0,0,36.174940,-86.784980,JEFFERSON ST,,,,92.00,Feet,West,3RD AVN,,,,0.00,N,Not at Intersection, ,Non-Junction,None,,,         ,Gregory,Julia,Clear,"Sideswipe, Same Direction",no,no,no,no,no,False
101767043,METROPOLITAN NASHVILLE POLICE DEPT,20170838582,Davidson,Nashville,9/21/2017 8:13:00 AM,2,1,0,36.174870,-86.785290,JEFFERSON ST,,,,243.00,Feet,East,4TH AVN,,,,0.00,N,Not at Intersection,N,Non-Junction,None,,,         ,Frank,Campbell,Clear,Front to Rear,no,no,no,no,no,False
101767056,METROPOLITAN NASHVILLE POLICE DEPT,20170838784,Davidson,Nashville,9/21/2017 9:27:00 AM,2,0,0,36.263210,-86.757280,WESTCHESTER DR,,,,0.00,,,DICKERSON PKE,,,,0.00,Y,Four-Way, ,Intersection,None,,,         ,Thomas,Odom,Clear,Angle,no,no,no,no,no,False
101767063,GOODLETTSVILLE POLICE DEPT,17-33189,Davidson,Goodlettsville,9/21/2017 7:51:00 AM,2,0,0,36.304710,-86.706650,VIETNAM VETERANS BLVD,,SR386,BYPASS,1119.00,Feet,South,CONFERENCE DR,,,,0.00,N,Not at Intersection, ,Non-Junction,None,,,         ,John,Spencer,Clear,Front to Rear,no,no,no,no,no,False
101767069,BELLE MEADE POLICE DEPT,17-0283,Davidson,Belle Meade,9/21/2017 7:45:00 AM,2,0,0,36.090580,-86.859960,BELLE MEADE BLVD,,,,0.00,,,TYNE BLVD,,,,0.00,Y,T-Intersection, ,Intersection,None,,,         ,Keith,Samol,Clear,Angle,no,no,no,no,no,False
101767079,METROPOLITAN NASHVILLE POLICE DEPT,20170838810,Davidson,Nashville,9/21/2017 9:51:00 AM,2,0,0,36.185300,-86.636500,JACKSON DOWNS BLVD,,,,0.00,,,LEBANON PKE,,,,0.00,Y,T-Intersection,N,Intersection,None,,,         ,James,Curtis,Clear,Front to Rear,no,no,no,no,no,False
101767081,METROPOLITAN NASHVILLE POLICE DEPT,20170838825,Davidson,Nashville,9/21/2017 9:56:00 AM,2,1,0,36.062610,-86.716860,NOLENSVILLE PKE,,,,107.00,Feet,South,FAIRLANE DR,,,,0.00,N,Not at Intersection,N,Non-Junction,None,,,         ,Roy,McElwee,Clear,Front to Rear,no,no,no,no,no,False
101767082,METROPOLITAN NASHVILLE POLICE DEPT,20170838421,Davidson,Nashville,9/21/2017 6:35:00 AM,2,0,0,36.077220,-86.641570,MURFREESBORO PKE,,,,0.00,,,LAKEVILLA DR,,,,0.00,Y,Four-Way,N,Intersection-Related,None,,,         ,James,Curtis,Clear,Front to Rear,no,no,no,no,no,False
101767083,METROPOLITAN NASHVILLE POLICE DEPT,20170838460,Davidson,Antioch,9/21/2017 7:25:00 AM,2,0,0,36.033270,-86.596040,MURFREESBORO PKE,,,,795.00,Feet,North,PARKS RETREAT DR,,,,0.00,N,Not at Intersection, ,Non-Junction,None,,,         ,Brandon,O'Guin,,Angle,no,no,no,no,no,False
101767109,METROPOLITAN NASHVILLE POLICE DEPT,20170838724,Davidson,Antioch,9/21/2017 9:10:00 AM,2,0,0,36.047840,-86.612050,MURFREESBORO PKE,,,,1284.00,Feet,North,MOUNTAIN SPRINGS RD,,,,0.00,N,Not at Intersection, ,Non-Junction,None,,,         ,Brandon,O'Guin,Clear,Angle,no,no,no,no,no,False
101767113,METROPOLITAN NASHVILLE POLICE DEPT,20170839010,Davidson,Not in City Limit,9/21/2017 11:08:00 AM,2,0,0,36.269220,-86.755520,OLD HICKORY BLVDW,,,,64.00,Feet,East,DICKERSON PKE,,,,0.00,N,Not at Intersection, ,Non-Junction,None,,,         ,Thomas,Odom,Clear,"Sideswipe, Same Direction",no,no,no,no,no,False
101767125,METROPOLITAN NASHVILLE POLICE DEPT,20170838385,Davidson,Nashville,9/21/2017 6:47:00 AM,2,1,0,36.107700,-86.768720,I 65,,,,0.00,,,,,,,79.55,N,Not at Intersection,N,Non-Junction,None,,,         ,Nathan,Kemp,Clear,Front to Rear,no,no,no,no,no,False
101767140,METROPOLITAN NASHVILLE POLICE DEPT,20170838465,Davidson,Nashville,9/21/2017 7:24:00 AM,2,1,0,36.152370,-86.837310,CHARLOTTE AV,,,,75.00,Feet,West,42ND AVN,,,,0.00,N,Not at Intersection,N,Non-Junction,None,,,         ,Christopher,Royer,Clear,Front to Rear,no,no,no,no,no,False
101767142,METROPOLITAN NASHVILLE POLICE DEPT,2017-0838812,Davidson,Nashville,9/21/2017 9:52:00 AM,2,1,0,36.118160,-86.725920,I 24,,,,0.00,,,,,,,53.05,N,Not at Intersection,N,Non-Junction,None,,,         ,William,Whitworth,Clear,Front to Rear,no,no,no,no,no,False
101767156,METROPOLITAN NASHVILLE POLICE DEPT,20170839218,Davidson,Nashville,9/21/2017 12:20:00 PM,2,0,0,36.134290,-86.776350,I65 S EXT RAMP,,,,39.00,Feet,East,WEDGEWOOD AV,,,,0.00,N,Not at Intersection, ,Non-Junction,None,,,         ,Justin,Pinkelton,Cloudy,"Sideswipe, Same Direction",no,no,no,no,no,False
101767160,METROPOLITAN NASHVILLE POLICE DEPT,20170839224,Davidson,Nashville,9/21/2017 12:24:00 PM,2,0,0,36.209850,-86.732180,SHELTON AV,,,,0.00,,,,,,,0.00,,, ,OtherLocation,None,,,         ,Richard,Conger,Clear,"Sideswipe, Same Direction",no,no,no,yes,no,False
101767176,METROPOLITAN NASHVILLE POLICE DEPT,20170839232,Davidson,Nashville,9/21/2017 12:30:00 PM,2,0,0,36.139780,-86.823650,MURPHY RD,,,,0.00,,,I440 E EXT RAMP,,,,0.00,Y,T-Intersection, ,Intersection,None,,,         ,Curtis,Rich,Cloudy,Front to Rear,no,no,no,no,no,False
101767177,METROPOLITAN NASHVILLE POLICE DEPT,20170838451,Davidson,Nashville,9/21/2017 7:15:00 AM,1,0,0,36.288020,-86.783080,SETTER CT,,,,193.00,Feet,North,QUAIL RIDGE DR,,,,0.00,N,Not at Intersection,N,Non-Junction,None,,,         ,Peter,Lynch,Clear,Not Collision with Motor Vehicle in Transport,no,no,no,no,no,False
101767196,METROPOLITAN NASHVILLE POLICE DEPT,20170839214,Davidson,Nashville,9/21/2017 12:18:00 PM,2,2,0,36.153190,-86.842260,46TH AVN,,,,40.00,Feet,South,I40 E ENT RAMP,,,,0.00,N,Not at Intersection,N,Non-Junction,None,,,         ,Ronald,Bright,Cloudy,Angle,no,no,no,no,no,False
101767206,METROPOLITAN NASHVILLE POLICE DEPT,20170839162,Davidson,Nashville,9/21/2017 11:55:00 AM,2,0,0,36.039630,-86.781620,I65 N EXT RAMP,,,,0.00,,,I 65,,,,0.00,Y,Y-Intersection, ,Entrance/Exit Ramp Related,None,,,         ,Russell,Freeman,Clear,Front to Rear,no,no,no,no,no,False
101767211,METROPOLITAN NASHVILLE POLICE DEPT,20170838568,Davidson,Nashville,9/21/2017 7:53:00 AM,2,0,0,36.131850,-86.832900,WEST END AV,,,,207.00,Feet,East,WILSON BLVDN,,,,0.00,N,Not at Intersection, ,Non-Junction,None,,,         ,Christopher,Royer,Clear,Front to Rear,no,no,no,no,no,False
101767213,METROPOLITAN NASHVILLE POLICE DEPT,20170839102,Davidson,Nashville,9/21/2017 11:43:00 AM,2,0,0,36.140190,-86.801600,MEDICAL CENTER DR,,,,167.00,Feet,North,PIERCE AV,,,,0.00,N,Not at Intersection, ,OtherLocation,None,,,         ,Phillip,Murphy,Clear,Front to Rear,no,no,no,yes,yes,Campus
101767216,METROPOLITAN NASHVILLE POLICE DEPT,20170839375,Davidson,Nashville,9/21/2017 1:00:00 PM,2,0,0,36.074270,-86.921670,HIGHWAY 70S,,,,97.00,Feet,East,OLD HARDING PKE,,,,0.00,N,Not at Intersection, ,Non-Junction,None,,,         ,Curtis,Rich,Cloudy,Front to Rear,no,no,no,no,no,False
101767222,METROPOLITAN NASHVILLE POLICE DEPT,20170839285,Davidson,Nashville,9/21/2017 12:45:00 PM,2,1,0,36.207550,-86.777790,BRICK CHURCH PKE,,,,0.00,,,I65 S EXT RAMP,,,,0.00,Y,T-Intersection,N,Non-Junction,None,,,         ,William,Caillouette,Clear,Front to Rear,no,no,no,no,no,False
101767224,METROPOLITAN NASHVILLE POLICE DEPT,20170839262,Davidson,Nashville,9/21/2017 12:16:00 PM,2,0,0,36.143950,-86.813900,WEST END AV,,,,97.00,Feet,South,29TH AVS,,,,0.00,N,Not at Intersection, ,,None,,,         ,Russell,Freeman,,,no,no,no,no,no,Campus
101767234,METROPOLITAN NASHVILLE POLICE DEPT,20170839344,Davidson,Not in City Limit,9/21/2017 1:03:00 PM,3,0,0,36.308290,-86.682560,GALLATIN PKEN,,,,322.00,Feet,West,RIVERCHASE BLVD,,,,0.00,N,Not at Intersection, ,Non-Junction,None,,,         ,Thomas,Odom,Rain,Front to Rear,no,no,no,no,no,False
101767251,METROPOLITAN NASHVILLE POLICE DEPT,20170839438,Davidson,Nashville,9/21/2017 1:34:00 PM,1,0,0,36.182360,-86.735170,EASTLAND AV,,,,0.00,,,,,,,0.00,,, ,"Driveway, Alley Access, etc",None,,,         ,Richard,Conger,Clear,Not Collision with Motor Vehicle in Transport,no,no,no,yes,yes,False
101767264,METROPOLITAN NASHVILLE POLICE DEPT,20170838702,Davidson,Nashville,9/21/2017 7:35:00 AM,2,0,0,36.156730,-86.789630,I40 W EXT RAMP,,,,0.00,,,I 40,,,,0.00,Y,OTHER, ,Non-Junction,None,,,         ,William,Gibbs,Clear,Front to Rear,no,no,no,no,no,False
101767273,METROPOLITAN NASHVILLE POLICE DEPT,20170839425,Davidson,Nashville,9/21/2017 1:26:00 PM,2,0,0,36.140790,-86.738190,MURFREESBORO PKE,,,,0.00,,,TRANSIT AV,,,,0.00,Y,T-Intersection,N,Intersection,None,,,         ,Wesley,Young,Clear,Angle,no,no,no,no,no,False
101767274,METROPOLITAN NASHVILLE POLICE DEPT,20170838372,Davidson,Nashville,9/21/2017 6:34:00 AM,4,1,0,36.252270,-86.739950,I 65,,,,0.00,,,,,,,91.40,N,Not at Intersection,N,Non-Junction,None,,,         ,Brandon,Wood,Clear,Front to Rear,no,no,no,no,no,False
101767277,METROPOLITAN NASHVILLE POLICE DEPT,20170839089,Davidson,Nashville,9/21/2017 11:30:00 AM,2,0,0,36.175420,-86.771770,I 24,,,,0.00,,,,,,,48.00,N,Not at Intersection,N,Non-Junction,None,,,         ,Gregory,Julia,Clear,"Sideswipe, Same Direction",no,no,no,no,no,False
101767292,METROPOLITAN NASHVILLE POLICE DEPT,20170839395,Davidson,Nashville,9/21/2017 12:45:00 PM,2,1,0,36.147300,-86.757920,LAFAYETTE ST,,,,0.00,,,FAIRFIELD AV,,,,0.00,Y,Four-Way,N,Intersection,None,,,         ,FELIKS,ABRAHAMYAN,Clear,Angle,no,no,no,no,no,False
101767304,METROPOLITAN NASHVILLE POLICE DEPT,20170838411,Davidson,Nashville,9/21/2017 6:51:00 AM,2,0,0,36.230170,-86.771240,I 65,,,,0.00,,,,,,,89.00,N,Not at Intersection, ,Non-Junction,None,,,         ,Cyretha,Frazier,Clear,Front to Rear,no,no,no,no,no,False
101767306,METROPOLITAN NASHVILLE POLICE DEPT,20170839529,Davidson,Nashville,9/21/2017 2:01:00 PM,2,0,0,36.174030,-86.606660,CENTRAL PKE,,,,0.00,,,CENTRAL PKE EXIT RAMP,,,,0.00,Y,T-Intersection, ,Entrance/Exit Ramp Related,None,,,         ,Scott,Toney,Clear,Front to Rear,no,no,no,no,no,False
101767342,METROPOLITAN NASHVILLE POLICE DEPT,20170839431,Davidson,Nashville,9/21/2017 1:30:00 PM,3,0,0,36.149160,-86.747070,I 40,,,,0.00,,,,,,,211.80,N,Not at Intersection, ,Non-Junction,None,,,         ,Wesley,Young,Clear,Front to Rear,no,no,no,no,no,False
101767344,METROPOLITAN NASHVILLE POLICE DEPT,20170839391,Davidson,Old Hickory,9/21/2017 1:14:00 PM,1,0,0,36.160010,-86.589240,SWINGING BRIDGE ROAD,RD,,,0.00,,,CINDER ROAD,RD,,,0.00,Y,T-Intersection,N,Intersection-Related,None,,,         ,William,Mckay,Clear,Not Collision with Motor Vehicle in Transport,no,no,no,no,yes,False
101767347,METROPOLITAN NASHVILLE POLICE DEPT,2017-0839496,Davidson,Nashville,9/21/2017 1:56:00 PM,2,1,0,36.075010,-86.662540,UNA ANTIOCH PKE,,,,0.00,,,BILLINGSGATE RD,,,,0.00,Y,T-Intersection,N,Intersection,None,,,         ,William,Whitworth,Clear,Front to Rear,no,no,no,no,yes,False
101767355,METROPOLITAN NASHVILLE POLICE DEPT,20170839455,Davidson,Nashville,9/21/2017 1:43:00 PM,3,1,0,36.169310,-86.680290,LEBANON PKE,,,,119.00,Feet,West,MCGAVOCK PKE,,,,0.00,N,Not at Intersection,N,"Driveway, Alley Access, etc",None,,,         ,Michael,Dance,Clear,Front to Rear,no,no,no,no,no,False
101767364,METROPOLITAN NASHVILLE POLICE DEPT,20170839480,Davidson,Nashville,9/21/2017 1:52:00 PM,3,0,0,36.253490,-86.716600,GALLATIN PKES,,,,113.00,Feet,North,MADISON SQ,,,,0.00,N,Not at Intersection, ,Non-Junction,None,,,         ,DuJuan,Kendrick,Clear,Front to Rear,no,no,no,no,no,False
101767372,METROPOLITAN NASHVILLE POLICE DEPT,20170839048,Davidson,Nashville,9/21/2017 11:15:00 AM,1,0,0,36.180950,-86.606600,OLD HICKORY BLVD,,,,629.00,Feet,South,ANDREW JACKSON WAY,,,,0.00,N,Not at Intersection,N,Non-Junction,None,,,         ,James,Curtis,Clear,Not Collision with Motor Vehicle in Transport,no,no,no,no,no,False
101767380,METROPOLITAN NASHVILLE POLICE DEPT,20170839608,Davidson,Nashville,9/21/2017 2:48:00 PM,2,0,0,36.121410,-86.756340,I 440,,,,0.00,,,,,,,6.00,N,Not at Intersection, ,Non-Junction,None,,,         ,Hillary,Sherman,Clear,Front to Rear,no,no,no,no,no,False
101767381,METROPOLITAN NASHVILLE POLICE DEPT,20170839581,Davidson,Nashville,9/21/2017 2:45:00 PM,1,1,0,36.163260,-86.648970,STEWARTS FERRY PKE,,,,158.00,Feet,West,MTMHI PVTDR,,,,0.00,N,Not at Intersection,N,OtherLocation,None,,,         ,Gerry,Hutcheson,Clear,Not Collision with Motor Vehicle in Transport,no,no,no,yes,no,False
101767382,METROPOLITAN NASHVILLE POLICE DEPT,20170839579,Davidson,Nashville,9/21/2017 2:30:00 PM,1,0,0,36.086860,-86.695950,S PERIMETER PARK DR,,,,0.00,Feet,,HARDING PL,,,,0.00,Y,Four-Way,Y,Intersection-Related,None,,,         ,Sara,Lober,Clear,Not Collision with Motor Vehicle in Transport,no,yes,no,no,no,False
101767420,Nashville Airport Police,17-03351,Davidson,Nashville,9/21/2017 3:30:00 PM,2,0,0,36.136160,-86.667550,TERMINAL DR,,,,0.00,,,I40 E EXT RAMP,,,,0.00,Y,OTHER, ,Non-Junction,None,,,         ,John,Herd,Clear,Rear to Side,no,no,no,yes,no,False
101767422,Nashville Airport Police,17-03348,Davidson,Nashville,9/21/2017 2:20:00 PM,2,0,0,36.135150,-86.667900,TERMINAL DR,,,,386.00,Feet,South,I40 E EXT RAMP,,,,0.00,N,Not at Intersection, ,Non-Junction,None,,,         ,John,Herd,Clear,"Sideswipe, Same Direction",no,no,no,no,no,False
101767439,METROPOLITAN NASHVILLE POLICE DEPT,20170839704,Davidson,Nashville,9/21/2017 2:46:00 PM,2,0,0,36.116800,-86.839560,WOODMONT BLVD,,,,12.00,Feet,East,WOODMONT LN,,,,0.00,N,Not at Intersection, ,,None,,,         ,Regina,Lewis,,,no,no,no,no,no,False
101767460,METROPOLITAN NASHVILLE POLICE DEPT,20170839867,Davidson,Nashville,9/21/2017 4:34:00 PM,2,2,0,36.167540,-86.662890,LEBANON PKE,,,,135.00,Feet,East,DONELSON PKE,,,,0.00,N,Not at Intersection,N,Non-Junction,None,,,         ,Wesley,Young,Clear,Front to Rear,no,no,no,no,no,False
101767473,GOODLETTSVILLE POLICE DEPT,17-33257,Davidson,Goodlettsville,9/21/2017 4:30:00 PM,2,0,0,36.295700,-86.716060,I 65,,,,0.00,,,,,,,94.75,N,Not at Intersection,N,Non-Junction,None,,,         ,Rico,Jones,Clear,Front to Rear,no,no,no,no,no,False
101767486,METROPOLITAN NASHVILLE POLICE DEPT,20170839905,Davidson,Nashville,9/21/2017 4:36:00 PM,2,1,0,36.212930,-86.731670,GALLATIN PKE,,,,390.00,Feet,North,HOWARD AV,,,,0.00,N,Not at Intersection,N,Non-Junction,None,,,         ,James,Smith,Clear,Other,no,no,no,yes,yes,False
101767487,METROPOLITAN NASHVILLE POLICE DEPT,20170839656,Davidson,Nashville,9/21/2017 3:00:00 PM,2,1,0,36.121640,-86.751070,I440 E EXT RAMP,,,,0.00,,,I 440,,,,0.00,Y,OTHER,N,Entrance/Exit Ramp Related,None,,,         ,William,King,Clear,Front to Rear,no,no,no,no,no,False
101767489,METROPOLITAN NASHVILLE POLICE DEPT,20170839756,Davidson,Nashville,9/21/2017 12:00:00 AM,2,0,0,36.193060,-86.830250,CLARKSVILLE PKE,,,,359.00,Feet,East,BUENA VISTA PKE,,,,0.00,N,Not at Intersection, ,Non-Junction,None,,,         ,Melvin,Taylor,Clear,Angle,no,no,no,no,no,False