master_record_number,agency,agency_tracking_number,county,city,collision_date,vehicles_involved,number_injured,number_dead,latitude,longitude,roadway_name,roadway_suffix,roadway_number,roadway_local_id,distance_from_reference,miles-feet_indicator,direction_from_reference,intersection_road_name,intersection_road_name_suffix,intersection_road_number,intersection_local_id,mile_marker,intersection_indicator,intersect_type,interchange_related_indicator,relation_to_junction,work_zone_type,construction_maintenance_zone,construction_maintenance_zone_location,fatal_case_number,officer_first_name,officer_last_name,weather_condition(s),manner_of_crash,pedestrian,bicycle,scooter,parking,hitrun,mou
101768032,METROPOLITAN NASHVILLE POLICE DEPT,20170842154,Davidson,Not in City Limit,9/22/2017 8:16:00 AM,2,0,0,36.306350,-86.686530,GALLATIN PKEN,,,,360.00,Feet,East,NORTHSIDE DR,,,,0.00,N,Not at Intersection, ,Non-Junction,None,,,         ,Thomas,Odom,Clear,Front to Rear,no,no,no,no,no,False
101768037,METROPOLITAN NASHVILLE POLICE DEPT,20170841994,Davidson,Nashville,9/22/2017 7:21:00 AM,2,3,0,36.037470,-86.790980,OLD HICKORY BLVD,,,,0.00,,,EAST PARK DR,,,,0.00,Y,Four-Way,N,Intersection,None,,,         ,Russell,Freeman,Clear,Angle,no,no,no,no,no,False
101768045,METROPOLITAN NASHVILLE POLICE DEPT,20170842019,Davidson,Nashville,9/22/2017 7:28:00 AM,2,0,0,36.140310,-86.829200,MURPHY RD,,,,0.00,Feet,,37TH AVN,,,,0.00,Y,T-Intersection, ,Intersection-Related,None,,,         ,Christopher,Royer,Clear,Front to Rear,no,no,no,no,no,False
101768072,METROPOLITAN NASHVILLE POLICE DEPT,20170842258,Davidson,Nashville,9/22/2017 8:20:00 AM,2,1,0,36.064300,-86.627940,MURFREESBORO PKE,,,,241.00,Feet,South,HAMILTON CHURCH RD,,,,0.00,N,Not at Intersection,N,Non-Junction,None,,,         ,Jason,Dudley,Clear,Front to Rear,no,no,no,no,no,False
101768073,METROPOLITAN NASHVILLE POLICE DEPT,20170842196,Davidson,Nashville,9/22/2017 8:40:00 AM,2,0,0,36.045200,-86.700170,BELL RD,,,,448.00,Feet,East,OLD HICKORY BLVD,,,,0.00,N,Not at Intersection, ,Non-Junction,None,,,         ,Trevor,Taylor,Clear,Front to Rear,no,no,no,no,no,False
101768074,VANDERBILT UNIVERSITY POLICE,2017-0842050,Davidson,Nashville,9/22/2017 7:45:00 AM,2,0,0,36.142170,-86.800650,MEDICAL CENTER DR,,,,0.00,,,,,,,0.00,,Not at Intersection, ,,None,,,         ,Shaneithia,Lewis,,,no,no,no,no,no,Campus
101768075,METROPOLITAN NASHVILLE POLICE DEPT,20170842243,Davidson,Nashville,9/22/2017 9:00:00 AM,2,0,0,36.151990,-86.626580,BLACKWOOD DR,,,,452.00,Feet,West,BELL RD,,,,0.00,N,Not at Intersection,N,Non-Junction,None,,,         ,Steven,Rowlett,Clear,"Sideswipe, Same Direction",no,no,no,no,no,False
101768093,THP District 9 - Administrative,317055235,Davidson,Nashville,9/18/2017 3:49:00 PM,2,0,0,36.040690,-86.782580,I 65,,,,0.00,,,,,,,74.70,N,Not at Intersection, ,Non-Junction,None,,,         ,Rickey,Alexander,Clear,Front to Rear,no,no,no,no,no,False
101768098,METROPOLITAN NASHVILLE POLICE DEPT,20170842312,Davidson,Nashville,9/22/2017 9:25:00 AM,2,1,0,36.079600,-86.726320,NOLENSVILLE PKE,,,,0.00,,,HARDING PL,,,,0.00,Y,Four-Way,N,Intersection,None,,,         ,David,Smith,Clear,Front to Rear,no,no,no,no,no,False
101768099,METROPOLITAN NASHVILLE POLICE DEPT,20170842128,Davidson,Nashville,9/22/2017 8:20:00 AM,2,0,0,36.093610,-86.762800,I 65,,,,0.00,,,,,,,78.60,N,Not at Intersection,N,Non-Junction,None,,,         ,Ian,Hammond,Clear,Angle,no,no,no,no,no,False
101768102,METROPOLITAN NASHVILLE POLICE DEPT,20170842281,Davidson,Nashville,9/22/2017 9:00:00 AM,2,0,0,36.155330,-86.790720,15TH AVN,,,,38.00,Feet,North,BROADWAY,,,,0.00,N,Not at Intersection, ,Non-Junction,None,,,         ,Bryan,Musgrave,Clear,Angle,no,no,no,no,no,False
101768103,METROPOLITAN NASHVILLE POLICE DEPT,20170842184,Davidson,Nashville,9/22/2017 8:13:00 AM,2,0,0,36.051130,-86.775620,I 65,,,,0.00,,,,,,,74.60,N,Not at Intersection, ,Non-Junction,None,,,         ,Russell,Freeman,Clear,Front to Rear,no,no,no,no,no,False
101768123,METROPOLITAN NASHVILLE POLICE DEPT,20170842255,Davidson,Nashville,9/22/2017 9:00:00 AM,2,0,0,36.049154,-86.598473,PIN HOOK,DR,SR1,,100.00,Feet,East,MURFREESBORO,PIKE,SR2,,0.00,N,Not at Intersection, ,,None,,,         ,Steven,Williams,,,no,no,no,no,no,False
101768145,METROPOLITAN NASHVILLE POLICE DEPT,20170842278,Davidson,Nashville,9/22/2017 8:35:00 AM,2,0,0,36.168420,-86.766840,INTERSTATE DR,,,,0.00,,,,,,,0.00,,, ,Non-Junction,None,,,         ,Seth,Quiles,Unknown,Unknown,no,no,no,no,yes,False
101768159,METROPOLITAN NASHVILLE POLICE DEPT,20170842428,Davidson,Nashville,9/22/2017 9:30:00 AM,2,0,0,36.198670,-86.776040,I 65,,,,0.00,,,,,,,86.80,N,Not at Intersection,N,Non-Junction,None,,,         ,Royce,McLester,Clear,"Sideswipe, Same Direction",no,no,no,no,yes,False
101768160,METROPOLITAN NASHVILLE POLICE DEPT,20170842267,Davidson,Nashville,9/22/2017 9:06:00 AM,4,1,0,36.115880,-86.784620,I 440,,,,0.00,,,,,,,4.30,N,Not at Intersection,N,Non-Junction,None,,,         ,Russell,Freeman,Clear,Front to Rear,no,no,no,no,no,False
101768162,METROPOLITAN NASHVILLE POLICE DEPT,20170842379,Davidson,Nashville,9/22/2017 9:40:00 AM,2,0,0,36.238110,-86.736280,I65 N ENT RAMP,,,,254.00,Feet,West,BRILEY PKWY W EXT RAMP,,,,0.00,N,Not at Intersection, ,Non-Junction,None,,,         ,Thomas,Odom,Clear,Front to Rear,no,no,no,no,no,False
101768163,METROPOLITAN NASHVILLE POLICE DEPT,20170842514,Davidson,Nashville,9/22/2017 10:41:00 AM,2,0,0,36.244210,-86.780340,BRICK CHURCH PKE,,,,0.00,,,BRICK CHURCH LN,,,,0.00,Y,T-Intersection,N,Intersection,None,,,         ,Thomas,Odom,Clear,Angle,no,no,no,no,no,False
101768166,METROPOLITAN NASHVILLE POLICE DEPT,20170842562,Davidson,Nashville,9/22/2017 11:15:00 AM,2,0,0,36.069290,-86.690850,I24 E EXT RAMP,,,,0.00,Feet,East,I 24,,,,0.00,N,Not at Intersection, ,Non-Junction,None,,,         ,Jessie,Meadows,Clear,Front to Rear,no,no,no,no,no,False
101768171,METROPOLITAN NASHVILLE POLICE DEPT,2017-0842038,Davidson,Nashville,9/22/2017 7:41:00 AM,3,1,0,36.082820,-86.697930,I 24,,,,0.00,,,,,,,56.00,N,Not at Intersection,N,Non-Junction,None,,,         ,William,Whitworth,Clear,Front to Rear,no,no,no,no,no,False
101768172,METROPOLITAN NASHVILLE POLICE DEPT,2017-0842406,Davidson,Antioch,9/22/2017 9:54:00 AM,2,1,0,36.078130,-86.657010,OAKWOOD FOREST DR,,,,0.00,,,UNA ANTIOCH PKE,,,,0.00,Y,T-Intersection,N,Intersection,None,,,         ,William,Whitworth,Clear,Angle,no,no,no,no,no,False
101768191,METROPOLITAN NASHVILLE POLICE DEPT,20170842520,Davidson,Nashville,9/22/2017 10:35:00 AM,2,0,0,36.154710,-86.791880,BROADWAY,,,,338.00,Feet,East,WEST END AV,,,,0.00,N,Not at Intersection, ,Non-Junction,None,,,         ,Bryan,Musgrave,Clear,Angle,no,no,no,no,no,False
101768196,METROPOLITAN NASHVILLE POLICE DEPT,20170842472,Davidson,Nashville,9/22/2017 10:14:00 AM,2,0,0,36.035870,-86.761700,MANASSAS DR,,,,329.00,Feet,South,FREDERICKSBURG WAYE,,,,0.00,N,Not at Intersection, ,Non-Junction,None,,,         ,Kevin,Crawford,Clear,Rear to Rear,no,no,no,no,no,False
101768198,METROPOLITAN NASHVILLE POLICE DEPT,20170841992,Davidson,Nashville,9/22/2017 7:23:00 AM,3,2,0,36.134240,-86.776370,WEDGEWOOD AV,,,,0.00,,,I65 S ENT RAMP,,,,0.00,Y,Four-Way,N,Intersection-Related,None,,,         ,Phillip,Murphy,Clear,Front to Rear,no,no,no,no,no,False
101768200,METROPOLITAN NASHVILLE POLICE DEPT,20170842516,Davidson,Old Hickory,9/22/2017 10:45:00 AM,3,1,0,36.258070,-86.657080,ROBINSON RD,,,,90.00,Feet,West,MARTINGALE DR,,,,0.00,N,Not at Intersection,N,Non-Junction,None,,,         ,James,Curtis,Clear,Front to Rear,no,no,no,no,no,False
101768201,METROPOLITAN NASHVILLE POLICE DEPT,20170842108,Davidson,Madison,9/22/2017 8:16:00 AM,2,0,0,36.264380,-86.729340,OLD HICKORY BLVDW,,,,262.00,Feet,East,N MARTHONA RD,,,,0.00,N,Not at Intersection,N,Non-Junction,None,,,         ,Spencer,Pittman,Clear,Front to Rear,no,no,no,no,no,False
101768213,METROPOLITAN NASHVILLE POLICE DEPT,20170842432,Davidson,Nashville,9/22/2017 10:08:00 AM,2,0,0,36.215120,-86.597530,LEBANON PKE,,,,0.00,,,ANDREW JACKSON PKWY,,,,0.00,Y,Four-Way, ,,None,,,         ,James,Curtis,,,no,no,no,no,no,False
101768224,METROPOLITAN NASHVILLE POLICE DEPT,20170842714,Davidson,Nashville,9/22/2017 12:15:00 PM,2,0,0,36.134690,-86.726910,I24E,,,,660.00,Feet,South,I24 W ENT RAMP,,,,0.00,N,Not at Intersection, ,Non-Junction,None,,,         ,Jessie,Meadows,Clear,Front to Rear,no,no,no,no,no,False
101768225,METROPOLITAN NASHVILLE POLICE DEPT,20170842688,Davidson,Nashville,9/22/2017 11:54:00 AM,1,1,0,36.245910,-86.784100,I 24,,,,0.00,,,,,,,43.00,N,Not at Intersection,N,Non-Junction,None,,,         ,Thomas,Odom,Clear,Not Collision with Motor Vehicle in Transport,no,no,no,no,no,False
101768236,METROPOLITAN NASHVILLE POLICE DEPT,20170842552,Davidson,Nashville,9/22/2017 10:56:00 AM,2,0,0,36.184520,-86.864140,BRILEY PKWYN,,,,359.00,Feet,South,BRILEY PKWYS,,,,0.00,N,Not at Intersection, ,Non-Junction,None,,,         ,Royce,McLester,Clear,"Sideswipe, Same Direction",no,no,no,no,no,False
101768237,METROPOLITAN NASHVILLE POLICE DEPT,20170842181,Davidson,Nashville,9/22/2017 8:31:00 AM,2,0,0,36.091030,-86.762410,I 65,,,,0.00,,,,,,,78.40,N,Not at Intersection, ,Entrance/Exit Ramp Related,None,,,         ,Phillip,Murphy,Clear,Front to Rear,no,no,no,no,no,False
101768244,METROPOLITAN NASHVILLE POLICE DEPT,20170842818,Davidson,Nashville,9/22/2017 12:55:00 PM,2,0,0,36.135060,-86.887130,CHARLOTTE PKE,,,,305.00,Feet,East,W HILLWOOD DR,,,,0.00,N,Not at Intersection, ,Non-Junction,None,,,         ,Curtis,Rich,Clear,Front to Rear,no,no,no,no,no,False
101768266,METROPOLITAN NASHVILLE POLICE DEPT,20170842809,Davidson,Nashville,9/22/2017 12:45:00 PM,2,0,0,36.187920,-86.798480,DOMINICAN DR,,,,0.00,,,ROSA L PARKS BLVD,,,,0.00,Y,Four-Way, ,,None,,,         ,Chase,Burnett,,,no,no,no,no,no,False
101768267,METROPOLITAN NASHVILLE POLICE DEPT,20170842677,Davidson,Nashville,9/22/2017 10:20:00 AM,2,0,0,36.136840,-86.726780,I 24,,,,0.00,,,,,,,52.30,N,Not at Intersection, ,Non-Junction,None,,,         ,Johnathan,Carlisle,Clear,Front to Rear,no,no,no,no,yes,False
101768275,METROPOLITAN NASHVILLE POLICE DEPT,20170842696,Davidson,Nashville,9/22/2017 11:50:00 AM,2,0,0,36.200320,-86.618600,LEBANON PKE,,,,0.00,,,HERMITAGE RD,,,,0.00,Y,Four-Way, ,Intersection-Related,None,,,         ,William,Mckay,Clear,Front to Rear,no,no,no,no,no,False
101768279,METROPOLITAN NASHVILLE POLICE DEPT,20170842547,Davidson,Nashville,9/22/2017 12:00:00 AM,2,0,0,36.167600,-86.762220,S 5TH ST,,,,0.00,,,SHELBY AV,,,,0.00,Y,Four-Way,N,Intersection-Related,None,,,         ,Russell,Jones,Clear,Front to Rear,no,no,no,no,no,False
101768315,METROPOLITAN NASHVILLE POLICE DEPT,20170842665,Davidson,Nashville,9/22/2017 11:37:00 AM,1,0,0,36.167610,-86.778610,JAMES ROBERTSON PKWY,,,,0.00,,,2ND AVN,,,,0.00,Y,Roundabout, ,,None,,,         ,Samuel,White,,,no,no,no,yes,no,False
101768337,BERRY HILL POLICE DEPT,17-3228,Davidson,Berry Hill,9/22/2017 8:07:00 AM,2,1,0,36.121370,-86.775450,FRANKLIN PKE,,,,0.00,,,KIRKWOOD AV,,,,0.00,Y,T-Intersection,N,Intersection,Construction Zone,Intermittent Moving Work,Activity Area,         ,Larry,Carter,Clear,Front to Rear,no,no,no,no,yes,False
101768352,METROPOLITAN NASHVILLE POLICE DEPT,20170842891,Davidson,Nashville,9/22/2017 1:21:00 PM,2,0,0,36.168080,-86.691020,LEBANON PKE,,,,0.00,,,BRILEY PKWY S EXT RAMP,,,,0.00,Y,T-Intersection, ,Intersection,None,,,         ,James,Curtis,Clear,Angle,no,no,no,no,no,False
101768362,METROPOLITAN NASHVILLE POLICE DEPT,20170842952,Davidson,Nashville,9/22/2017 12:00:00 PM,2,0,0,36.164530,-86.780690,UNION ST,,,,0.00,,,,,,,0.00,,, ,Non-Junction,None,,,         ,Seth,Quiles,Clear,Unknown,no,no,no,no,yes,False
101768364,METROPOLITAN NASHVILLE POLICE DEPT,20170842698,Davidson,Nashville,9/22/2017 11:57:00 AM,2,0,0,36.231250,-86.724930,HAYSBORO AV,,,,0.00,,,GALLATIN PKE,,,,0.00,Y,Four-Way, ,Non-Junction,None,,,         ,Tony,Folad,Clear,Front to Rear,no,no,no,no,no,False
101768366,METROPOLITAN NASHVILLE POLICE DEPT,20170842822,Davidson,Not in City Limit,9/22/2017 12:40:00 PM,2,0,0,36.264120,-86.735830,I65 N EXT RAMP,,,,0.00,Feet,East,OLD HICKORY BLVDW,,,,0.00,N,Not at Intersection, ,,None,,,         ,Peter,Lynch,,,no,no,no,no,no,False
101768374,METROPOLITAN NASHVILLE POLICE DEPT,2017-0842276,Davidson,Nashville,9/22/2017 12:25:00 PM,2,0,0,36.161270,-86.784960,YMCA WAY,,,,52.00,Feet,North,CHURCH ST,,,,0.00,N,Not at Intersection, ,Non-Junction,None,,,         ,Kevin,Johnson,Clear,Front to Rear,no,no,no,no,no,False
101768400,METROPOLITAN NASHVILLE POLICE DEPT,20170842791,Davidson,Nashville,9/22/2017 11:43:00 AM,2,0,0,36.037500,-86.785840,OLD HICKORY BLVD,,,,0.00,,,WILSON PIKE CIR,,,,0.00,Y,T-Intersection, ,Intersection-Related,None,,,         ,Kevin,Crawford,Clear,Front to Rear,no,no,no,no,no,False
101768412,METROPOLITAN NASHVILLE POLICE DEPT,20170842771,Davidson,Nashville,9/22/2017 12:20:00 PM,2,0,0,36.204520,-86.737970,GALLATIN PKE,,,,73.00,Feet,North,ZOPHI ST,,,,0.00,N,Not at Intersection, ,,None,,,         ,Daniel,Wadham,,,no,no,no,no,no,False
101768417,METROPOLITAN NASHVILLE POLICE DEPT,20170842955,Davidson,Nashville,9/22/2017 1:55:00 PM,2,0,0,36.180460,-86.802710,BUCHANAN ST,,,,106.00,Feet,East,10TH AVN,,,,0.00,N,Not at Intersection, ,"Driveway, Alley Access, etc",None,,,         ,YUNUS,ADAK,Clear,"Sideswipe, Same Direction",no,no,no,yes,no,False
101768424,METROPOLITAN NASHVILLE POLICE DEPT,20170842998,Davidson,Nashville,9/22/2017 2:10:00 PM,2,2,0,36.074480,-86.920940,OLD HICKORY BLVD,,,,0.00,,,HIGHWAY 70S,,,,0.00,Y,Four-Way,N,Intersection,None,,,         ,Curtis,Rich,Clear,Angle,no,no,no,no,no,False
101768428,METROPOLITAN NASHVILLE POLICE DEPT,20170842583,Davidson,Nashville,9/22/2017 11:15:00 AM,2,0,0,36.148100,-86.767470,CAMERON ST,,,,0.00,Feet,,3RD AVS,,,,0.00,Y,Four-Way,N,Intersection-Related,None,,,         ,Lee,Davis,Clear,Angle,no,no,no,no,yes,False
101768431,METROPOLITAN NASHVILLE POLICE DEPT,20170842807,Davidson,Nashville,9/22/2017 12:30:00 PM,1,0,0,36.195020,-86.838070,JOHN MALLETTE DR,,,,62.00,Feet,East,ELIZABETH RD,,,,0.00,N,Not at Intersection,N,Non-Junction,None,,,         ,Jeanine,Sarno,Clear,Not Collision with Motor Vehicle in Transport,no,no,no,no,no,False
101768466,METROPOLITAN NASHVILLE POLICE DEPT,20170842976,Davidson,Nashville,9/22/2017 1:53:00 PM,2,0,0,36.042310,-86.726520,WOODLANDS AV,,,,0.00,,,OLD HICKORY BLVD,,,,0.00,Y,Four-Way, ,Intersection-Related,None,,,         ,Kevin,Crawford,Clear,HeadOn,no,no,no,no,no,False
101768494,METROPOLITAN NASHVILLE POLICE DEPT,20170842923,Davidson,Nashville,9/22/2017 1:27:00 PM,2,1,0,36.206730,-86.776450,I 65,,,,0.00,,,,,,,87.35,N,Not at Intersection,N,Non-Junction,None,,,         ,Royce,McLester,Clear,Front to Rear,no,no,no,no,no,False
101768523,METROPOLITAN NASHVILLE POLICE DEPT,20170843082,Davidson,Nashville,9/22/2017 3:01:00 PM,2,0,0,36.154480,-86.779410,8TH AVS,,,,92.00,Feet,West,LAFAYETTE ST,,,,0.00,N,Not at Intersection, ,Non-Junction,None,,,         ,Chad,Wilkinson,Clear,Angle,no,no,no,no,no,False
101768524,METROPOLITAN NASHVILLE POLICE DEPT,20170843064,Davidson,Nashville,9/22/2017 12:00:00 AM,1,0,0,36.195020,-86.776160,I 65,,,,0.00,,,,,,,86.50,N,Not at Intersection, ,Entrance/Exit Ramp Related,None,,,         ,Frederick,Ware,Clear,Not Collision with Motor Vehicle in Transport,no,no,no,no,no,False
101768545,METROPOLITAN NASHVILLE POLICE DEPT,20170843015,Davidson,Nashville,9/22/2017 2:20:00 PM,2,1,0,36.197230,-86.836880,CLARKSVILLE PKE,,,,188.00,Feet,South,ASHLAND CITY HWY,,,,0.00,N,Not at Intersection,N,Non-Junction,None,,,         ,Landon,Bagwell,Clear,Angle,no,no,no,no,no,False
101768573,METROPOLITAN NASHVILLE POLICE DEPT,20170843105,Davidson,Nashville,9/22/2017 3:08:00 PM,2,0,0,36.154440,-86.779410,8TH AVS,,,,103.00,Feet,West,LAFAYETTE ST,,,,0.00,N,Not at Intersection, ,Non-Junction,None,,,         ,Chad,Wilkinson,Clear,Angle,no,no,no,no,no,False
101768598,METROPOLITAN NASHVILLE POLICE DEPT,2017-0843008,Davidson,Nashville,9/22/2017 2:12:00 PM,2,0,0,36.125510,-86.732000,I 440,,,,0.00,,,,,,,7.30,N,Not at Intersection, ,Non-Junction,None,,,         ,William,Whitworth,Clear,Front to Rear,no,no,no,no,no,False
101768599,METROPOLITAN NASHVILLE POLICE DEPT,20170843026,Davidson,Nashville,9/22/2017 2:36:00 PM,2,0,0,36.125580,-86.731720,I 440,,,,0.00,,,,,,,7.30,N,Not at Intersection, ,Non-Junction,None,,,         ,William,Whitworth,Clear,Front to Rear,no,no,no,no,no,False
101768602,METROPOLITAN NASHVILLE POLICE DEPT,20170843139,Davidson,Nashville,9/22/2017 1:31:00 PM,2,0,0,36.192880,-86.623830,JUAREZ DR,,,,0.00,Feet,,LEBANON PKE,,,,0.00,Y,T-Intersection, ,,None,,,         ,Sekou,Samassi,,,no,no,no,no,no,False
101768610,METROPOLITAN NASHVILLE POLICE DEPT,20170842995,Davidson,Nashville,9/22/2017 2:14:00 PM,2,3,0,36.235960,-86.774490,MOOREWOOD DR,,,,220.00,Feet,East,WILMOTH RD,,,,0.00,N,Not at Intersection,N,Non-Junction,None,,,         ,DuJuan,Kendrick,Clear,HeadOn,no,no,no,no,no,False
101768616,METROPOLITAN NASHVILLE POLICE DEPT,20170843162,Davidson,Nashville,9/22/2017 3:11:00 PM,2,0,0,36.162230,-86.774360,1ST AVS,,,,0.00,,,BROADWAY,,,,0.00,Y,T-Intersection, ,Intersection,None,,,         ,David,Snowden,Clear,Other,no,no,no,no,no,False
101768617,METROPOLITAN NASHVILLE POLICE DEPT,20170843134,Davidson,Nashville,9/22/2017 2:45:00 PM,2,0,0,36.168680,-86.666910,LEBANON PKE,,,,0.00,,,J B ESTILLE DR,,,,0.00,Y,T-Intersection,N,Intersection,None,,,         ,Matthew,Turppa,Clear,Front to Rear,no,no,no,no,no,False
101768618,METROPOLITAN NASHVILLE POLICE DEPT,20170842902,Davidson,Nashville,9/22/2017 2:02:00 PM,2,0,0,36.045530,-86.659630,I 24,,,,0.00,,,,,,,59.40,N,Not at Intersection,N,Non-Junction,None,,,         ,Jessie,Meadows,Clear,"Sideswipe, Same Direction",no,no,no,no,no,False
101768644,METROPOLITAN NASHVILLE POLICE DEPT,20170843087,Davidson,Nashville,9/22/2017 1:50:00 PM,2,0,0,36.120530,-86.750020,NOLENSVILLE PKE,,,,0.00,Feet,,I440 E ENT RAMP,,,,0.00,Y,Four-Way, ,Intersection-Related,None,,,         ,Jacob,Paul,Clear,Front to Rear,no,no,no,no,no,False
101768646,METROPOLITAN NASHVILLE POLICE DEPT,20170843238,Davidson,Nashville,9/22/2017 3:45:00 PM,2,0,0,36.108680,-86.812130,GLEN ECHO RD,,,,0.00,,,HILLSBORO PKE,,,,0.00,Y,T-Intersection,N,Intersection,None,,,         ,Allyson,Reis,Clear,Angle,no,no,no,no,yes,False
101768649,METROPOLITAN NASHVILLE POLICE DEPT,20170843110,Davidson,Nashville,9/22/2017 2:58:00 PM,2,0,0,36.141710,-86.653220,I 40,,,,0.00,,,,,,,217.60,N,Not at Intersection, ,Non-Junction,None,,,         ,Kimberly,Annson,Clear,"Sideswipe, Same Direction",no,no,no,no,no,False
101768674,METROPOLITAN NASHVILLE POLICE DEPT,20170814956,Davidson,Joelton,9/13/2017 4:14:00 PM,1,3,0,36.282740,-86.877550,CLARKSVILLE PKE,,,,238.00,Feet,South,CANTARUTTI RD,,,,0.00,N,Not at Intersection,N,Non-Junction,None,,,         ,Christopher,Augustin,Rain,Not Collision with Motor Vehicle in Transport,no,no,no,no,no,False
101768680,METROPOLITAN NASHVILLE POLICE DEPT,20170843100,Davidson,Nashville,9/22/2017 1:31:00 PM,2,0,0,36.132200,-86.726750,I 24,,,,0.00,,,,,,,52.00,N,Not at Intersection, ,Non-Junction,None,,,         ,Patrick,Taylor,Clear,Front to Rear,no,no,no,no,no,False
101768681,METROPOLITAN NASHVILLE POLICE DEPT,20170843099,Davidson,Nashville,9/22/2017 1:31:00 PM,2,0,0,36.137640,-86.726770,I 24,,,,0.00,,,,,,,52.35,N,Not at Intersection,N,Non-Junction,None,,,         ,Patrick,Taylor,Clear,Front to Rear,no,no,no,no,no,False
101768717,METROPOLITAN NASHVILLE POLICE DEPT,20170843141,Davidson,Nashville,9/22/2017 3:15:00 PM,2,4,0,36.249670,-86.739030,DUE WEST AVW,,,,381.00,Feet,West,LENTZ DR,,,,0.00,N,Not at Intersection,N,Non-Junction,None,,,         ,Jerry,Pirtle,Clear,Front to Rear,no,no,no,no,no,False
101768718,METROPOLITAN NASHVILLE POLICE DEPT,20170843318,Davidson,Nashville,9/22/2017 4:35:00 PM,2,0,0,36.160050,-86.773010,1ST AVS,,,,81.00,Feet,South,DEMONBREUN ST,,,,0.00,N,Not at Intersection, ,,Construction Zone,,,         ,Andrey,Volfson,,,no,no,no,no,no,False
101768728,THP District 9 - Administrative,317054369,Davidson,Nashville,9/14/2017 9:56:00 PM,2,0,0,36.043230,-86.781500,I 65,,,,0.00,,,,,,,74.90,N,Not at Intersection, ,Non-Junction,Construction Zone,,,         ,Christopher,Logan,Clear,Not Collision with Motor Vehicle in Transport,no,no,no,no,no,False
101768741,METROPOLITAN NASHVILLE POLICE DEPT,20170843299,Davidson,Nashville,9/22/2017 4:24:00 PM,2,0,0,36.154370,-86.759780,I 40,,,,0.00,,,,,,,211.00,N,Not at Intersection,N,Non-Junction,None,,,         ,Jonathan,Cavezza,Clear,Front to Rear,no,no,no,no,no,False
101768742,METROPOLITAN NASHVILLE POLICE DEPT,20170843387,Davidson,Nashville,9/22/2017 4:50:00 PM,2,0,0,36.122970,-86.772970,I 65,,,,0.00,,,,,,,80.60,N,Not at Intersection, ,,None,,,         ,Allyson,Reis,,,no,no,no,no,no,False
101768768,METROPOLITAN NASHVILLE POLICE DEPT,20170843025,Davidson,Nashville,9/22/2017 2:30:00 PM,2,0,0,36.105420,-86.717870,I 24,,,,0.00,,,,,,,54.10,N,Not at Intersection,N,Non-Junction,None,,,         ,Jessie,Meadows,Clear,"Sideswipe, Same Direction",no,no,no,no,no,False
101768769,METROPOLITAN NASHVILLE POLICE DEPT,20170843157,Davidson,Nashville,9/22/2017 4:45:00 PM,2,0,0,36.088170,-86.690670,HARDING PL,,,,529.00,Feet,East,ANTIOCH PKE,,,,0.00,N,Not at Intersection, ,Non-Junction,None,,,         ,Jessie,Meadows,Clear,Front to Rear,no,no,no,no,no,False
101768770,METROPOLITAN NASHVILLE POLICE DEPT,20170843285,Davidson,Nashville,9/22/2017 5:00:00 PM,2,0,0,36.109840,-86.733700,THOMPSON LN,,,,51.00,Feet,West,HARTFORD DR,,,,0.00,N,Not at Intersection,N,Non-Junction,None,,,         ,Jessie,Meadows,Clear,Front to Rear,no,no,no,no,no,False
101768772,METROPOLITAN NASHVILLE POLICE DEPT,20170843317,Davidson,Nashville,9/22/2017 5:15:00 PM,3,0,0,36.109840,-86.733700,THOMPSON LN,,,,51.00,Feet,West,HARTFORD DR,,,,0.00,N,Not at Intersection,N,Non-Junction,None,,,         ,Jessie,Meadows,Clear,Front to Rear,no,no,no,no,yes,False
101768773,METROPOLITAN NASHVILLE POLICE DEPT,20170843480,Davidson,Nashville,9/22/2017 5:42:00 PM,2,0,0,36.110430,-86.922570,OLD HICKORY BLVD,,,,48.00,Feet,North,I40 E EXT RAMP,,,,0.00,N,Not at Intersection, ,,None,,,         ,Andrew,Brazee,,,no,no,no,no,no,False
101768777,METROPOLITAN NASHVILLE POLICE DEPT,20170843213,Davidson,Nashville,9/22/2017 3:38:00 PM,2,0,0,36.121890,-86.754030,I 440,,,,0.00,,,,,,,6.10,N,Not at Intersection, ,Non-Junction,None,,,         ,Jacob,Paul,Clear,"Sideswipe, Same Direction",no,no,no,no,no,False
101768796,METROPOLITAN NASHVILLE POLICE DEPT,20170843460,Davidson,Nashville,9/22/2017 5:09:00 PM,2,0,0,36.155720,-86.782540,10TH AVS,,,,145.00,Feet,South,DEMONBREUN ST,,,,0.00,N,Not at Intersection, ,Non-Junction,None,,,         ,Darren,White,Clear,Angle,no,no,no,no,no,False
101768806,METROPOLITAN NASHVILLE POLICE DEPT,20170843135,Davidson,Nashville,9/22/2017 2:30:00 PM,2,0,0,36.251730,-86.717120,E WEBSTER ST,,,,181.00,Feet,East,GALLATIN PKES,,,,0.00,N,Not at Intersection,N,Non-Junction,None,,,         ,Janelle,Keslar,Clear,Rear to Side,no,no,no,no,yes,False
101768807,METROPOLITAN NASHVILLE POLICE DEPT,20170843454,Davidson,Nashville,9/22/2017 2:44:00 PM,2,0,0,36.197170,-86.836810,CLARKSVILLE PKE,,,,220.00,Feet,South,ASHLAND CITY HWY,,,,0.00,N,Not at Intersection, ,Non-Junction,None,,,         ,Andrew,Delke,Clear,Front to Rear,no,no,no,yes,yes,False