master_record_number,agency,agency_tracking_number,county,city,collision_date,vehicles_involved,number_injured,number_dead,latitude,longitude,roadway_name,roadway_suffix,roadway_number,roadway_local_id,distance_from_reference,miles-feet_indicator,direction_from_reference,intersection_road_name,intersection_road_name_suffix,intersection_road_number,intersection_local_id,mile_marker,intersection_indicator,intersect_type,interchange_related_indicator,relation_to_junction,work_zone_type,construction_maintenance_zone,construction_maintenance_zone_location,fatal_case_number,officer_first_name,officer_last_name,weather_condition(s),manner_of_crash,pedestrian,bicycle,scooter,parking,hitrun,mou
101769517,METROPOLITAN NASHVILLE POLICE DEPT,20170845324,Davidson,Nashville,9/23/2017 10:28:00 AM,2,1,0,36.168680,-86.666910,LEBANON PKE,,,,0.00,Feet,,J B ESTILLE DR,,,,0.00,Y,T-Intersection,N,Intersection,None,,,         ,Michael,Brooks,Clear,Angle,no,no,no,no,yes,False
101769523,METROPOLITAN NASHVILLE POLICE DEPT,20170845570,Davidson,Nashville,9/23/2017 1:05:00 PM,3,0,0,36.142120,-86.775780,CHESTNUT ST,,,,0.00,,,FORT NEGLEY BLVD,,,,0.00,Y,Four-Way,Y,Intersection,None,,,         ,Brent,Bauer,Cloudy,Front to Rear,no,no,no,no,no,False
101769525,METROPOLITAN NASHVILLE POLICE DEPT,20170845415,Davidson,Nashville,9/23/2017 11:42:00 AM,3,1,0,36.068030,-86.718950,NOLENSVILLE PKE,,,,79.00,Feet,South,HAYWOOD LN,,,,0.00,N,Not at Intersection,N,Non-Junction,None,,,         ,Sara,Lober,Clear,Front to Rear,no,no,no,no,no,False
101769596,METROPOLITAN NASHVILLE POLICE DEPT,2017-0845643,Davidson,Nashville,9/23/2017 2:01:00 PM,1,2,0,36.148280,-86.777950,I 40,,,,0.00,,,,,,,209.95,N,Not at Intersection,N,Non-Junction,None,,,         ,Timothy,Edwards,Clear,Not Collision with Motor Vehicle in Transport,no,no,no,no,no,False
101769626,METROPOLITAN NASHVILLE POLICE DEPT,20170845688,Davidson,Nashville,9/23/2017 2:47:00 PM,2,1,0,36.143470,-86.666670,DONELSON PKE,,,,427.00,Feet,North,I40 W ENT RAMP,,,,0.00,N,Not at Intersection,N,Non-Junction,None,,,         ,Samuel,Sundra,Clear,Angle,no,no,no,no,no,False
101769679,METROPOLITAN NASHVILLE POLICE DEPT,20170845678,Davidson,Nashville,9/23/2017 2:47:00 PM,2,3,0,36.241270,-86.757270,BRILEY PKWYE,,,,0.00,,,DICKERSON PKE,,,,0.00,Y,Four-Way,N,Intersection,None,,,         ,Jonathan,Cavezza,Clear,Angle,no,no,no,no,yes,False
101769710,METROPOLITAN NASHVILLE POLICE DEPT,20170845686,Davidson,Nashville,9/23/2017 2:34:00 PM,2,0,0,36.156530,-86.760320,I40 E ENT RAMP,,,,251.00,Feet,North,I 24,,,,0.00,N,Not at Intersection, ,,None,,,         ,Derek,Betty,,,no,no,no,no,no,False
101769714,METROPOLITAN NASHVILLE POLICE DEPT,20170845724,Davidson,Nashville,9/23/2017 2:09:00 PM,2,0,0,36.164850,-86.772940,TITANS WAY,,,,354.00,Feet,North,VICTORY AV,,,,0.00,N,Not at Intersection, ,Non-Junction,None,,,         ,Chad,Wilkinson,Clear,Other,no,no,no,no,no,False
101769715,METROPOLITAN NASHVILLE POLICE DEPT,20170845762,Davidson,Nashville,9/23/2017 11:21:00 AM,2,0,0,36.091440,-86.651410,MURFREESBORO PKE,,,,81.00,Feet,North,BRITISH WOODS DR,,,,0.00,N,Not at Intersection,N,Non-Junction,None,,,         ,Kimberly,Annson,Clear,"Sideswipe, Same Direction",no,no,no,no,no,False
101769718,METROPOLITAN NASHVILLE POLICE DEPT,20170845676,Davidson,Nashville,9/23/2017 2:47:00 PM,2,4,0,36.108900,-86.744170,NOLENSVILLE PKE,,,,77.00,Feet,North,TANKSLEY AV,,,,0.00,N,Not at Intersection,N,Non-Junction,None,,,         ,Allyson,Reis,Clear,Angle,no,no,no,no,no,False
101769741,METROPOLITAN NASHVILLE POLICE DEPT,20170845771,Davidson,Nashville,9/23/2017 3:41:00 PM,2,3,0,36.207510,-86.767880,DICKERSON PKE,,,,16.00,Feet,South,DUKE ST,,,,0.00,N,Not at Intersection,N,Non-Junction,None,,,         ,Benjamin,Williams,Clear,Front to Rear,no,no,no,no,no,False
101769743,METROPOLITAN NASHVILLE POLICE DEPT,20170845749,Davidson,Nashville,9/23/2017 3:19:00 PM,2,0,0,36.068120,-86.696340,CREEKSIDE DR,,,,0.00,,,KEELEY DR,,,,0.00,Y,Four-Way,N,Non-Junction,None,,,         ,Nakia,Reid,Clear,"Sideswipe, Same Direction",no,no,no,no,no,False
101769781,METROPOLITAN NASHVILLE POLICE DEPT,20170845900,Davidson,Nashville,9/23/2017 5:00:00 PM,2,0,0,36.119110,-86.742620,JAY ST,,,,156.00,Feet,East,FOSTER AV,,,,0.00,N,Not at Intersection, ,Non-Junction,None,,,         ,Andrew,Mullen,Clear,Angle,no,no,no,no,no,False
101769821,METROPOLITAN NASHVILLE POLICE DEPT,20170845889,Davidson,Nashville,9/23/2017 5:00:00 PM,1,2,0,36.231950,-86.783580,EWING DR,,,,29.00,Feet,East,EWING LN,,,,0.00,N,Not at Intersection,N,Non-Junction,None,,,         ,Andrew,Delke,Clear,Not Collision with Motor Vehicle in Transport,no,no,no,no,no,False
101769822,METROPOLITAN NASHVILLE POLICE DEPT,20170845865,Davidson,Nashville,9/23/2017 4:00:00 PM,2,0,0,36.105650,-86.814010,HILLSBORO PKE,,,,83.00,Feet,South,ABBOTT MARTIN RD,,,,0.00,N,Not at Intersection, ,Non-Junction,None,,,         ,Allyson,Reis,Clear,Front to Rear,no,no,no,no,no,False
101769844,METROPOLITAN NASHVILLE POLICE DEPT,20170845830,Davidson,Nashville,9/23/2017 4:27:00 PM,2,0,0,36.068750,-86.717670,HAYWOOD LN,,,,409.00,Feet,West,HOPEDALE DR,,,,0.00,N,Not at Intersection, ,Non-Junction,None,,,         ,Mary,Williams,Clear,Angle,no,no,no,no,no,False
101769847,METROPOLITAN NASHVILLE POLICE DEPT,20170845792,Davidson,Nashville,9/23/2017 3:35:00 PM,2,0,0,36.150250,-86.794300,ROY ACUFF PL,,,,47.00,Feet,East,18TH AVS,,,,0.00,N,Not at Intersection, ,Non-Junction,None,,,         ,Jacob,Paul,Clear,"Sideswipe, Opposite Direction",no,no,no,no,no,False
101769860,METROPOLITAN NASHVILLE POLICE DEPT,20170846001,Davidson,Nashville,9/23/2017 5:35:00 PM,2,1,0,36.166610,-86.820440,28TH AVN,,,,0.00,,,MEHARRY BLVD,,,,0.00,Y,OTHER,N,Non-Junction,None,,,         ,Landon,Bagwell,Clear,Angle,no,no,no,no,no,False
101769867,METROPOLITAN NASHVILLE POLICE DEPT,20170845941,Davidson,Nashville,9/23/2017 5:00:00 PM,2,0,0,36.168360,-86.869450,BRILEY PKWYS,,,,0.00,,,BRILEY PKWY S ENT RAMP,,,,0.00,Y,Y-Intersection,Y,Entrance/Exit Ramp Related,None,,,         ,John,Hoesli,Clear,Not Collision with Motor Vehicle in Transport,no,no,no,no,yes,False
101769871,METROPOLITAN NASHVILLE POLICE DEPT,20170846079,Davidson,Nashville,9/23/2017 7:10:00 PM,1,1,0,36.236980,-86.871130,EATONS CREEK RD,,,,1120.00,Feet,South,MCCOOL RD,,,,0.00,N,Not at Intersection,N,Non-Junction,None,,,         ,Brandon,Rardin,Clear,Not Collision with Motor Vehicle in Transport,no,no,no,no,no,False
101769896,METROPOLITAN NASHVILLE POLICE DEPT,20170846085,Davidson,Nashville,9/23/2017 7:11:00 PM,2,1,0,36.068470,-86.632420,MURFREESBORO PKE,,,,516.00,Feet,North,FOREST VIEW DR,,,,0.00,N,Not at Intersection,N,Non-Junction,None,,,         ,Luis,De Los Santos,Clear,Angle,no,no,no,no,no,False
101769897,METROPOLITAN NASHVILLE POLICE DEPT,20170845874,Davidson,Nashville,9/23/2017 4:58:00 PM,2,3,0,36.116500,-86.836490,WOODMONT BLVD,,,,0.00,,,ESTES RD,,,,0.00,Y,Four-Way,N,Intersection,None,,,         ,Ethan,Usherwood,Clear,Angle,no,no,no,no,no,False
101769898,METROPOLITAN NASHVILLE POLICE DEPT,20170846002,Davidson,Nashville,9/23/2017 5:53:00 PM,2,1,0,36.142590,-86.815500,WEST END AV,,,,0.00,,,31ST AVN,,,,0.00,Y,Four-Way,N,Intersection-Related,None,,,         ,Jacob,Paul,Clear,Front to Rear,no,no,no,no,no,Campus
101769905,METROPOLITAN NASHVILLE POLICE DEPT,20170845813,Davidson,Nashville,9/23/2017 4:20:00 PM,1,0,0,36.183720,-86.748410,GALLATIN AV,,,,143.00,Feet,North,W EASTLAND AV,,,,0.00,N,Not at Intersection,N,Non-Junction,None,,,         ,Micah,Wright,Clear,Not Collision with Motor Vehicle in Transport,no,no,no,no,no,False
101769906,METROPOLITAN NASHVILLE POLICE DEPT,20170846068,Davidson,Nashville,9/23/2017 7:00:00 PM,2,0,0,36.148020,-86.806270,WEST END AV,,,,70.00,Feet,East,24TH AVS,,,,0.00,N,Not at Intersection,N,Non-Junction,None,,,         ,Bradley,Pope,Clear,Angle,no,no,no,no,no,Campus
101769933,METROPOLITAN NASHVILLE POLICE DEPT,20170846135,Davidson,Not in City Limit,9/23/2017 7:40:00 PM,2,1,0,36.263260,-86.709830,STATE RT 45,,,,573.00,Feet,East,GALLATIN PKEN,,,,0.00,N,Not at Intersection,N,Non-Junction,None,,,         ,Harold,Willmore IV,Clear,Front to Rear,no,no,no,no,yes,False
101769935,METROPOLITAN NASHVILLE POLICE DEPT,20170846153,Davidson,Nashville,9/23/2017 7:43:00 PM,2,0,0,36.170040,-86.679780,MCGAVOCK PKE,,,,250.00,Feet,North,LEBANON PKE,,,,0.00,N,Not at Intersection,N,Non-Junction,None,,,         ,Jonathan,Cavezza,Clear,Angle,no,no,no,no,no,False
101769939,VANDERBILT UNIVERSITY POLICE,2017-0846172,Davidson,Nashville,9/23/2017 7:55:00 PM,2,0,0,36.149380,-86.800390,21ST AVS,,,,20.00,Feet,South,TERRACE PL,,,,0.00,N,Not at Intersection, ,Non-Junction,None,,,         ,V,Greene,Clear,"Sideswipe, Same Direction",no,no,no,no,no,Campus
101769950,METROPOLITAN NASHVILLE POLICE DEPT,20170846195,Davidson,Nashville,9/23/2017 7:43:00 PM,2,0,0,36.164750,-86.819550,I40 W EXT RAMP,,,,0.00,Feet,East,I 40,,,,0.00,N,Not at Intersection, ,Entrance/Exit Ramp Related,None,,,         ,Thomas,Burns,Clear,Front to Rear,no,no,no,no,no,False
101769969,METROPOLITAN NASHVILLE POLICE DEPT,20170845983,Davidson,Nashville,9/23/2017 12:00:00 AM,1,1,0,36.058470,-86.773210,I 65,,,,0.00,,,,,,,75.15,N,Not at Intersection,N,Non-Junction,None,,,         ,David,Robberson,Clear,Not Collision with Motor Vehicle in Transport,no,no,no,no,no,False
101769970,METROPOLITAN NASHVILLE POLICE DEPT,20170846197,Davidson,Nashville,9/23/2017 5:00:00 PM,2,0,0,36.164170,-86.769900,EAST BANK GRNWY,,,,116.00,Feet,West,SHELBY AV,,,,0.00,N,Not at Intersection,N,Non-Junction,None,,,         ,Ryan,Caulfield,Clear,"Sideswipe, Opposite Direction",no,no,no,yes,no,False
101769971,METROPOLITAN NASHVILLE POLICE DEPT,20170846119,Davidson,Nashville,9/23/2017 7:35:00 PM,2,2,0,36.047890,-86.663660,I 24,,,,0.00,,,,,,,59.10,N,Not at Intersection,N,Non-Junction,None,,,         ,Mary,Williams,Clear,Front to Rear,no,no,no,no,yes,False
101769973,METROPOLITAN NASHVILLE POLICE DEPT,20170846028,Davidson,Nashville,9/23/2017 2:50:00 PM,2,0,0,36.194080,-86.618020,OLD HICKORY BLVD,,,,93.00,Feet,South,HERMITAGE MARKETPLACE PVTDR,,,,0.00,N,Not at Intersection, ,Non-Junction,None,,,         ,Jefferson,Hughes,Clear,"Sideswipe, Opposite Direction",no,no,no,no,no,False
101769975,METROPOLITAN NASHVILLE POLICE DEPT,20170846105,Davidson,Nashville,9/23/2017 7:44:00 PM,2,0,0,36.129350,-86.728170,I440 W ENT RAMP,,,,0.00,Feet,East,I 440,,,,0.00,N,Not at Intersection,Y,Entrance/Exit Ramp Related,None,,,         ,Patrick,Martin,Clear,Front to Rear,no,no,no,no,yes,False
101769996,METROPOLITAN NASHVILLE POLICE DEPT,20170846286,Davidson,Nashville,9/23/2017 8:10:00 PM,2,0,0,36.087660,-86.920730,OLD HICKORY BLVD,,,,77.00,Feet,South,WOODBURY FALLS DR,,,,0.00,N,Not at Intersection, ,,None,,,         ,Andrew,Brazee,,,no,no,no,no,no,False
101769997,METROPOLITAN NASHVILLE POLICE DEPT,20170845761,Davidson,Nashville,9/23/2017 3:34:00 PM,2,0,0,36.041490,-86.632240,MONROE CRSG,,,,7.00,Feet,East,OLD FRANKLIN RD,,,,0.00,N,Not at Intersection, ,Non-Junction,None,,,         ,Pamela,Caulder,Clear,"Sideswipe, Same Direction",no,no,no,no,no,False
101770003,METROPOLITAN NASHVILLE POLICE DEPT,20170846324,Davidson,Nashville,9/23/2017 9:08:00 PM,2,0,0,36.163250,-86.776070,2ND AVN,,,,0.00,,,COMMERCE ST,,,,0.00,Y,T-Intersection, ,Intersection,None,,,         ,David,Snowden,Clear,"Sideswipe, Same Direction",no,no,no,no,yes,False
101770018,METROPOLITAN NASHVILLE POLICE DEPT,20170846156,Davidson,Nashville,9/23/2017 8:00:00 PM,1,0,0,36.142190,-86.764920,4TH AVS,,,,8.00,Feet,North,HOUSTON ST,,,,0.00,N,Not at Intersection,N,Non-Junction,None,,,         ,Aimee,Ortiz,Clear,Not Collision with Motor Vehicle in Transport,no,no,no,no,no,False
101770029,METROPOLITAN NASHVILLE POLICE DEPT,20170846240,Davidson,Nashville,9/23/2017 5:53:00 PM,2,0,0,36.094420,-86.653390,FRANKLIN LIMESTONE RD,,,,0.00,,,MURFREESBORO PKE,,,,0.00,Y,Four-Way, ,Intersection,None,,,         ,Jedidayah,Merriweather,Clear,Angle,no,no,no,no,no,False
101770048,METROPOLITAN NASHVILLE POLICE DEPT,20170846547,Davidson,Goodlettsville,9/23/2017 11:50:00 PM,2,0,0,36.296910,-86.699160,GALLATIN PKEN,,,,0.00,,,RIVERGATE PKWY,,,,0.00,Y,Four-Way, ,Intersection,None,,,         ,Patrick,McGinnis,Clear,"Sideswipe, Opposite Direction",no,no,no,no,yes,False
101770060,METROPOLITAN NASHVILLE POLICE DEPT,20170846464,Davidson,Nashville,9/23/2017 10:47:00 PM,1,0,0,36.036830,-86.757450,CLOVERMEADE DR,,,,180.00,Feet,North,CLOVERCREST DR,,,,0.00,N,Not at Intersection,N,Non-Junction,None,,,         ,Jacob,West,Clear,Not Collision with Motor Vehicle in Transport,no,no,no,no,no,False
101770061,VANDERBILT UNIVERSITY POLICE,17-0846415,Davidson,Nashville,9/23/2017 10:10:00 PM,1,0,0,36.139780,-86.799000,SOUTH DR,,,,0.00,,,,,,,0.00,,, ,,None,,,         ,Michael,Knupp,,,no,no,no,yes,no,Campus
101770072,METROPOLITAN NASHVILLE POLICE DEPT,20170846208,Davidson,Nashville,9/23/2017 7:59:00 PM,2,0,0,36.049490,-86.651850,HICKORY HOLLOW MALL PVTDR PL,,,,83.00,Feet,North,BELL RD,,,,0.00,N,Not at Intersection, ,Non-Junction,None,,,         ,Darryl,Williams,Clear,Front to Rear,no,no,no,no,no,False
101770091,METROPOLITAN NASHVILLE POLICE DEPT,20170846438,Davidson,Nashville,9/23/2017 9:53:00 PM,2,0,0,36.058750,-86.717100,TUSCULUM RD,,,,133.00,Feet,West,TUSCULUM SQUARE DR,,,,0.00,N,Not at Intersection,N,Non-Junction,None,,,         ,Kayla,Castro,Clear,Front to Rear,no,no,no,yes,no,False
101770122,BRENTWOOD POLICE DEPT,201700034431,Davidson,Nashville,9/23/2017 11:00:00 PM,2,0,0,36.039790,-86.781120,I65 N EXT RAMP,,,,0.00,Feet,East,I 65,,,,0.00,N,Not at Intersection,N,Entrance/Exit Ramp Related,None,,,         ,William,Frasch,Clear,Front to Rear,no,no,no,no,no,False
101770127,METROPOLITAN NASHVILLE POLICE DEPT,20170846865,Davidson,Nashville,9/24/2017 1:50:00 AM,1,0,0,36.122860,-86.706170,MURFREESBORO PKE,,,,537.00,Feet,East,VULTEE BLVD,,,,0.00,N,Not at Intersection, ,Non-Junction,None,,,         ,Kyle,Berkheiser,Clear,Not Collision with Motor Vehicle in Transport,no,no,no,no,no,False
101770144,METROPOLITAN NASHVILLE POLICE DEPT,20170846682,Davidson,Not in City Limit,9/23/2017 10:54:00 PM,2,0,0,36.257270,-86.738280,I 65,,,,0.00,,,,,,,91.75,N,Not at Intersection,N,Non-Junction,None,,,         ,Christopher,Kelly,Clear,"Sideswipe, Same Direction",no,no,no,no,yes,False
101770146,METROPOLITAN NASHVILLE POLICE DEPT,20170846764,Davidson,Nashville,9/24/2017 1:23:00 AM,3,0,0,36.151350,-86.804090,ELLISTON PL,,,,165.00,Feet,South,22ND AVN,,,,0.00,N,Not at Intersection,N,Non-Junction,None,,,         ,Eugene,Martino,Clear,Angle,no,no,no,no,yes,Campus
101770149,METROPOLITAN NASHVILLE POLICE DEPT,20170846908,Davidson,Not in City Limit,9/24/2017 2:38:00 AM,1,0,0,36.074550,-86.971030,I 40,,,,0.00,,,,,,,195.35,N,Not at Intersection,N,Non-Junction,None,,,         ,Kristen,Morgan,Clear,Not Collision with Motor Vehicle in Transport,no,no,no,no,no,False
101770154,METROPOLITAN NASHVILLE POLICE DEPT,20170846826,Davidson,Nashville,9/24/2017 1:55:00 AM,1,1,0,36.089780,-86.609650,LANAWOOD DR,,,,373.00,Feet,South,LANAWOOD CT,,,,0.00,N,Not at Intersection,N,Non-Junction,None,,,         ,Tyler,Manivong,Clear,Not Collision with Motor Vehicle in Transport,no,no,no,no,yes,False
101770157,METROPOLITAN NASHVILLE POLICE DEPT,20170846880,Davidson,Nashville,9/24/2017 2:37:00 AM,2,1,0,36.069590,-86.693910,HAYWOOD LN,,,,0.00,,,EZELL RD,,,,0.00,Y,Four-Way,Y,Intersection,None,,,         ,Kevin,Breeding,Clear,Angle,no,no,no,no,yes,False
101770158,METROPOLITAN NASHVILLE POLICE DEPT,20170846934,Davidson,Nashville,9/24/2017 3:24:00 AM,2,0,0,36.193660,-86.831220,CLARKSVILLE PKE,,,,0.00,Feet,,BUENA VISTA PKE,,,,0.00,Y,Four-Way,N,Intersection,None,,,         ,Bryant,Presley,Clear,Front to Rear,no,no,no,no,no,False
101770159,METROPOLITAN NASHVILLE POLICE DEPT,20170846474,Davidson,Nashville,9/23/2017 12:00:00 AM,2,0,0,36.157740,-86.791970,CHURCH ST,,,,145.00,Feet,West,14TH AVN,,,,0.00,N,Not at Intersection,N,Non-Junction,None,,,         ,Akira,McSwain,Clear,"Sideswipe, Opposite Direction",no,no,no,yes,yes,False
101770160,METROPOLITAN NASHVILLE POLICE DEPT,20170846731,Davidson,Nashville,9/24/2017 12:00:00 AM,2,1,0,36.153400,-86.800840,20TH AVN,,,,0.00,Feet,,CHURCH ST,,,,0.00,Y,T-Intersection,N,Intersection,None,,,         ,Akira,McSwain,Clear,Angle,no,no,no,no,no,Campus
101770163,METROPOLITAN NASHVILLE POLICE DEPT,20170846835,Davidson,Nashville,9/24/2017 2:04:00 AM,1,1,0,36.093420,-86.736270,NOLENSVILLE PKE,,,,0.00,Feet,,NATCHEZ CT,,,,0.00,Y,Four-Way,N,Intersection-Related,None,,,         ,Autumn,Manning,Clear,Not Collision with Motor Vehicle in Transport,no,no,no,no,no,False
101770165,METROPOLITAN NASHVILLE POLICE DEPT,20170846432,Davidson,Nashville,9/23/2017 10:41:00 PM,2,0,0,36.154500,-86.779310,8TH AVS,,,,64.00,Feet,South,LAFAYETTE ST,,,,0.00,N,Not at Intersection, ,Non-Junction,None,,,         ,Katelin,Ehrhardt,Clear,"Sideswipe, Same Direction",no,no,no,no,no,False
101770187,METROPOLITAN NASHVILLE POLICE DEPT,20170846501,Davidson,Nashville,9/23/2017 9:37:00 PM,2,0,0,36.161590,-86.777570,4TH AVN,,,,234.00,Feet,North,BROADWAY,,,,0.00,N,Not at Intersection, ,Non-Junction,None,,,         ,Katelin,Ehrhardt,Clear,"Sideswipe, Same Direction",no,no,no,no,no,False
101770188,METROPOLITAN NASHVILLE POLICE DEPT,20170846909,Davidson,Nashville,9/24/2017 2:58:00 AM,2,1,0,36.069590,-86.689740,I 24,,,,0.00,,,,,,,57.00,N,Not at Intersection,N,Non-Junction,None,,,         ,Shaquille,Graham,Clear,Front to Rear,no,no,no,no,no,False
101770191,METROPOLITAN NASHVILLE POLICE DEPT,20170846485,Davidson,Nashville,9/23/2017 10:25:00 PM,1,0,0,36.167140,-86.787130,JAMES ROBERTSON PKWY,,,,0.00,Feet,,ROSA L PARKS BLVD,,,,0.00,Y,OTHER, ,Intersection,None,,,         ,Jason,Hogan,Clear,Not Collision with Motor Vehicle in Transport,no,no,no,no,no,False
101770213,METROPOLITAN NASHVILLE POLICE DEPT,20170847103,Davidson,Nashville,9/24/2017 3:34:00 AM,2,1,0,36.044630,-86.659550,I24 E ENT RAMP,,,,0.00,,,I 24,,,,0.00,Y,OTHER,Y,Entrance/Exit Ramp Related,None,,,         ,Douglas,Sykes,Clear,"Sideswipe, Same Direction",no,no,no,no,no,False
101770214,METROPOLITAN NASHVILLE POLICE DEPT,20170847078,Davidson,Nashville,9/24/2017 4:42:00 AM,2,3,0,36.045670,-86.778990,I 65,,,,0.00,,,,,,,75.10,N,Not at Intersection,N,Non-Junction,None,,,         ,Jacob,West,Clear,"Sideswipe, Same Direction",no,no,no,no,yes,False
101770216,METROPOLITAN NASHVILLE POLICE DEPT,20170847098,Davidson,Nashville,9/24/2017 4:55:00 AM,1,2,0,36.171010,-86.803570,I 40,,,,0.00,,,,,,,207.70,N,Not at Intersection,N,Non-Junction,None,,,         ,Joshua,Green,Clear,Not Collision with Motor Vehicle in Transport,no,no,no,no,yes,False
101770221,METROPOLITAN NASHVILLE POLICE DEPT,20170847049,Davidson,Nashville,9/24/2017 4:03:00 AM,2,0,0,36.153480,-86.654950,LAKELAND DR,,,,0.00,Feet,East,BRAIDWOOD DR,,,,0.00,N,Not at Intersection,N,Non-Junction,None,,,         ,Joseph,Zambardi,Clear,Front to Rear,no,no,no,no,yes,False
101770225,METROPOLITAN NASHVILLE POLICE DEPT,20170847006,Davidson,Nashville,9/24/2017 12:00:00 AM,1,1,0,36.202380,-86.769400,DICKERSON PKE,,,,814.00,Feet,North,GATEWOOD AV,,,,0.00,N,Not at Intersection,N,Non-Junction,None,,,         ,Amanda,Hane,Clear,Unknown,no,no,no,no,no,False
101770349,METROPOLITAN NASHVILLE POLICE DEPT,20170847325,Davidson,Nashville,9/24/2017 12:00:00 AM,1,0,0,36.131220,-86.695330,BRILEY PKWYS,,,,58.00,Feet,South,BRILEY PKWY S ENT RAMP,,,,0.00,N,Not at Intersection,N,Non-Junction,None,,,         ,Terry,Denton,Unknown,Not Collision with Motor Vehicle in Transport,no,no,no,no,yes,False
101770372,METROPOLITAN NASHVILLE POLICE DEPT,20170847354,Davidson,Nashville,9/24/2017 7:43:00 AM,2,0,0,36.168560,-86.766170,I 24,,,,0.00,,,,,,,48.80,N,Not at Intersection,N,Non-Junction,None,,,         ,Seth,Quiles,Clear,Front to Rear,no,no,no,no,no,False
101770380,METROPOLITAN NASHVILLE POLICE DEPT,2017-0847470,Davidson,Nashville,9/24/2017 9:00:00 AM,2,0,0,36.137860,-86.820640,WEST END AV,,,,0.00,,,I440 W EXT RAMP,,,,0.00,Y,T-Intersection, ,Entrance/Exit Ramp Related,None,,,         ,Jonathan,Seidl,Clear,"Sideswipe, Same Direction",no,no,no,no,no,False
101770392,METROPOLITAN NASHVILLE POLICE DEPT,20170847357,Davidson,Nashville,9/24/2017 8:06:00 AM,2,0,0,36.215930,-86.689210,MCGAVOCK PKE,,,,0.00,,,PENNINGTON BEND RD,,,,0.00,Y,T-Intersection, ,Intersection,None,,,         ,Tyler,Adcock,Clear,Angle,no,no,no,no,no,False
101770414,METROPOLITAN NASHVILLE POLICE DEPT,2017-0847554,Davidson,Nashville,9/24/2017 10:02:00 AM,2,1,0,36.215120,-86.598940,LEBANON PKE,,,,375.00,Feet,West,ANDREW JACKSON PKWY,,,,0.00,N,Not at Intersection,N,Non-Junction,None,,,         ,Calvin,Graham,Clear,Front to Rear,no,no,no,no,no,False
101770435,METROPOLITAN NASHVILLE POLICE DEPT,20170847630,Davidson,Nashville,9/24/2017 10:45:00 AM,2,0,0,36.178100,-86.794680,ROSA L PARKS BLVD,,,,0.00,,,CHEATHAM PL,,,,0.00,Y,T-Intersection, ,Non-Junction,None,,,         ,Isaac,Wood,Clear,"Sideswipe, Same Direction",no,no,no,no,no,False
101770439,METROPOLITAN NASHVILLE POLICE DEPT,20170847573,Davidson,Nashville,9/24/2017 10:20:00 AM,2,4,0,36.148810,-86.666280,ELM HILL PKE,,,,0.00,,,DONELSON PKE,,,,0.00,Y,Four-Way,N,Intersection,None,,,         ,Michael,Brooks,Clear,Angle,no,no,no,no,no,False
101770464,METROPOLITAN NASHVILLE POLICE DEPT,20170847605,Davidson,Nashville,9/24/2017 10:41:00 AM,2,0,0,36.141680,-86.733150,I 40,,,,0.00,,,,,,,212.90,N,Not at Intersection,N,Non-Junction,None,,,         ,William,Mckay,Clear,"Sideswipe, Same Direction",no,no,no,no,no,False
101770491,METROPOLITAN NASHVILLE POLICE DEPT,20170847679,Davidson,Nashville,9/24/2017 11:58:00 AM,2,0,0,36.039780,-86.743450,EDMONDSON PKE,,,,82.00,Feet,South,OLD HICKORY BLVD,,,,0.00,N,Not at Intersection,N,Non-Junction,None,,,         ,Bryan,Musgrave,Clear,HeadOn,no,no,no,no,no,False
101770509,METROPOLITAN NASHVILLE POLICE DEPT,20170847640,Davidson,Nashville,9/24/2017 12:00:00 AM,2,0,0,36.204390,-86.738260,ZOPHI ST,,,,0.00,,,,,,,0.00,,,N,Non-Junction,None,,,         ,Christopher,Dickerson,Clear,"Sideswipe, Same Direction",no,no,no,no,yes,False
101770510,METROPOLITAN NASHVILLE POLICE DEPT,20170847652,Davidson,Nashville,9/24/2017 11:05:00 AM,2,1,0,36.183780,-86.747990,EASTLAND AV,,,,114.00,Feet,East,GALLATIN AV,,,,0.00,N,Not at Intersection,N,Non-Junction,None,,,         ,Gregory,Cenicola,Clear,Angle,no,no,no,no,no,False
101770512,WILLIAMSON CO SHERIFFS OFFICE,1720001,Davidson,Nashville,9/24/2017 11:00:00 AM,2,0,0,36.040760,-86.908050,VAUGHN RD,,,,84.00,Feet,West,HUNT CLUB RD,,,,0.00,N,Not at Intersection,N,Non-Junction,None,,,         ,Jim,Zahn,Clear,Front to Rear,no,no,no,no,no,False
101770519,METROPOLITAN NASHVILLE POLICE DEPT,20170847672,Davidson,Nashville,9/24/2017 12:00:00 AM,1,1,0,36.174530,-86.760940,S 7TH ST,,,,0.00,,,MAIN ST,,,,0.00,Y,Four-Way,N,Intersection-Related,None,,,         ,Russell,Jones,Clear,Not Collision with Motor Vehicle in Transport,no,yes,no,no,no,False
101770526,METROPOLITAN NASHVILLE POLICE DEPT,20170847774,Davidson,Antioch,9/24/2017 12:24:00 PM,2,0,0,36.046440,-86.583490,PIN HOOK RD,,,,265.00,Feet,West,LAVERGNE COUCHVILLE PKE,,,,0.00,N,Not at Intersection, ,Non-Junction,None,,,         ,Blake,Lutz,Clear,Front to Rear,no,no,no,yes,no,False