master_record_number,agency,agency_tracking_number,county,city,collision_date,vehicles_involved,number_injured,number_dead,latitude,longitude,roadway_name,roadway_suffix,roadway_number,roadway_local_id,distance_from_reference,miles-feet_indicator,direction_from_reference,intersection_road_name,intersection_road_name_suffix,intersection_road_number,intersection_local_id,mile_marker,intersection_indicator,intersect_type,interchange_related_indicator,relation_to_junction,work_zone_type,construction_maintenance_zone,construction_maintenance_zone_location,fatal_case_number,officer_first_name,officer_last_name,weather_condition(s),manner_of_crash,pedestrian,bicycle,scooter,parking,hitrun,mou
101771994,METROPOLITAN NASHVILLE POLICE DEPT,20170850878,Davidson,Not in City Limit,9/25/2017 6:06:00 PM,2,0,0,36.264050,-86.690050,STATE RT 45,,,,868.00,Feet,West,ARCHWOOD DR,,,,0.00,N,Not at Intersection,N,Non-Junction,None,,,         ,Samuel,Miller,Clear,Front to Rear,no,no,no,no,yes,False
101772000,METROPOLITAN NASHVILLE POLICE DEPT,20170851215,Davidson,Nashville,9/25/2017 8:52:00 PM,2,0,0,36.152450,-86.834860,CHARLOTTE AV,,,,0.00,,,40TH AVN,,,,0.00,Y,Four-Way, ,Intersection,None,,,         ,Andrew,Brazee,Clear,Angle,no,no,no,no,no,False
101772001,METROPOLITAN NASHVILLE POLICE DEPT,20170850777,Davidson,Nashville,9/25/2017 5:18:00 PM,2,0,0,36.153080,-86.764810,I 40,,,,0.00,,,,,,,210.70,N,Not at Intersection, ,Non-Junction,None,,,         ,John,Daugherty,Clear,Front to Rear,no,no,no,no,no,False
101772002,METROPOLITAN NASHVILLE POLICE DEPT,20170851228,Davidson,Nashville,9/25/2017 9:00:00 PM,2,0,0,36.097530,-86.709410,I 24,,,,0.00,,,,,,,54.75,N,Not at Intersection,N,Non-Junction,None,,,         ,Alyson,Cook,Clear,Angle,no,no,no,no,no,False
101772015,METROPOLITAN NASHVILLE POLICE DEPT,20170851242,Davidson,Nashville,9/25/2017 9:09:00 PM,1,2,0,36.161540,-86.775970,3RD AVS,,,,0.00,Feet,,BROADWAY,,,,0.00,Y,Four-Way,N,Intersection,None,,,         ,Andrey,Volfson,Clear,Not Collision with Motor Vehicle in Transport,yes,no,no,no,no,False
101772037,METROPOLITAN NASHVILLE POLICE DEPT,20170851210,Davidson,Nashville,9/25/2017 8:44:00 PM,2,1,0,36.045740,-86.674350,BELL RD,,,,0.00,,,BLUE HOLE RD,,,,0.00,Y,OTHER,N,Non-Junction,None,,,         ,Jedidayah,Merriweather,Clear,Angle,no,no,no,no,no,False
101772038,METROPOLITAN NASHVILLE POLICE DEPT,20170851129,Davidson,Nashville,9/25/2017 7:28:00 PM,2,0,0,36.125880,-86.710070,MURFREESBORO PKE,,,,110.00,Feet,West,BOWWOOD CT,,,,0.00,N,Not at Intersection, ,Non-Junction,None,,,         ,Dontaveous,Eubanks,Clear,"Sideswipe, Same Direction",no,no,no,no,no,False
101772077,METROPOLITAN NASHVILLE POLICE DEPT,20170851403,Davidson,Not in City Limit,9/25/2017 10:19:00 PM,1,1,0,36.275820,-86.712370,E CAMPBELL RD,,,,658.00,Feet,East,HIGHLAND CIR,,,,0.00,N,Not at Intersection,N,Non-Junction,None,,,         ,Samuel,Miller,Clear,Not Collision with Motor Vehicle in Transport,no,no,no,no,no,False
101772092,Metro Park Police,2017-0851043,Davidson,Nashville,9/25/2017 7:24:00 PM,1,0,0,36.173860,-86.726760,RIVERSIDE DR,,,,14.00,Feet,North,PADEN DR,,,,0.00,N,Not at Intersection, ,Unknown,None,,,         ,Bryan,Crutchfield,Clear,Not Collision with Motor Vehicle in Transport,no,no,no,no,no,False
101772111,METROPOLITAN NASHVILLE POLICE DEPT,20170851520,Davidson,Nashville,9/25/2017 8:53:00 PM,2,0,0,36.121020,-86.703840,MURFREESBORO PKE,,,,102.00,Feet,North,GLENGARRY DR,,,,0.00,N,Not at Intersection,N,Non-Junction,None,,,         ,Gary,Peters,Clear,Rear to Rear,no,no,no,yes,yes,False
101772112,METROPOLITAN NASHVILLE POLICE DEPT,20170851571,Davidson,Nashville,9/25/2017 11:10:00 PM,1,0,0,36.141770,-86.779190,EDGEHILL AV,,,,216.00,Feet,West,CHESTNUT ST,,,,0.00,N,Not at Intersection,N,Non-Junction,None,,,         ,Ryan,Worstall,Clear,Not Collision with Motor Vehicle in Transport,no,no,no,yes,no,False
101772119,METROPOLITAN NASHVILLE POLICE DEPT,20170851608,Davidson,Nashville,9/25/2017 12:00:00 AM,1,0,0,36.194670,-86.865630,BRILEY PKWYN,,,,719.00,Feet,North,BRILEY PKWYS,,,,0.00,N,Not at Intersection,N,Non-Junction,None,,,         ,Charles,Duke,Clear,Not Collision with Motor Vehicle in Transport,no,no,no,no,yes,False
101772126,METROPOLITAN NASHVILLE POLICE DEPT,20170851837,Davidson,Nashville,9/26/2017 12:45:00 AM,2,0,0,36.178460,-86.749330,FORREST AV,,,,151.00,Feet,East,N 11TH ST,,,,0.00,N,Not at Intersection,N,Non-Junction,None,,,         ,Eric,Hall,Clear,Front to Rear,no,no,no,no,yes,False
101772146,METROPOLITAN NASHVILLE POLICE DEPT,2017-0851773,Davidson,Nashville,9/25/2017 8:30:00 PM,2,0,0,36.036630,-86.788580,THOROUGHBRED LN,,,,0.00,,,,,,,0.00,,,N,OtherLocation,None,,,         ,Thomas,Miller,Clear,Rear to Side,no,no,no,yes,yes,False
101772149,METROPOLITAN NASHVILLE POLICE DEPT,20170851998,Davidson,Nashville,9/26/2017 1:50:00 AM,1,0,0,36.116590,-86.799190,I 440,,,,0.00,,,,,,,3.30,N,Not at Intersection,N,Non-Junction,None,,,         ,Justan,Vance,Clear,Not Collision with Motor Vehicle in Transport,no,no,no,no,no,False
101772174,METROPOLITAN NASHVILLE POLICE DEPT,20170851687,Davidson,Nashville,9/25/2017 11:30:00 PM,2,0,0,36.138220,-86.807140,BLAKEMORE AV,,,,0.00,,,25TH AVS,,,,0.00,Y,T-Intersection,N,Intersection,None,,,         ,Nicholas,Smith,Clear,Angle,no,no,no,no,no,Campus
101772175,METROPOLITAN NASHVILLE POLICE DEPT,20170852222,Davidson,Not in City Limit,9/26/2017 3:44:00 AM,1,1,0,36.345990,-86.738490,LICKTON PKE,,,,1659.00,Feet,West,LICKTON PKE PVTDR,,,,0.00,N,Not at Intersection,N,Non-Junction,None,,,         ,Cheri,Cox,Clear,Not Collision with Motor Vehicle in Transport,no,no,no,no,no,False
101772184,METROPOLITAN NASHVILLE POLICE DEPT,20170852393,Davidson,Nashville,9/26/2017 4:59:00 AM,2,0,0,36.146840,-86.808630,WEST END AV,,,,0.00,,,25TH AVN,,,,0.00,Y,Four-Way,N,Intersection,None,,,         ,Jacob,West,Clear,"Sideswipe, Same Direction",no,no,no,no,no,Campus
101772189,METROPOLITAN NASHVILLE POLICE DEPT,20170850149,Davidson,Nashville,9/25/2017 11:05:00 AM,2,0,0,36.160240,-86.773140,1ST AVS,,,,0.00,,,DEMONBREUN ST,,,,0.00,Y,T-Intersection,N,Non-Junction,None,,,         ,Cedric,connolly,Clear,Angle,no,no,no,no,no,False
101772191,METROPOLITAN NASHVILLE POLICE DEPT,20170852454,Davidson,Nashville,9/26/2017 5:42:00 AM,1,1,0,36.134400,-86.788900,12TH AVS,,,,21.00,Feet,South,ACKLEN AV,,,,0.00,N,Not at Intersection,N,Non-Junction,None,,,         ,Cody,Jaworski,Clear,Not Collision with Motor Vehicle in Transport,no,yes,no,no,no,False
101772212,METROPOLITAN NASHVILLE POLICE DEPT,20170852518,Davidson,Nashville,9/26/2017 6:22:00 AM,2,0,0,36.142040,-86.675730,I 40,,,,0.00,,,,,,,215.00,N,Not at Intersection,N,Non-Junction,None,,,         ,Michael,Dance,Clear,Front to Rear,no,no,no,no,no,False
101772221,METROPOLITAN NASHVILLE POLICE DEPT,20170852493,Davidson,Nashville,9/26/2017 6:03:00 AM,2,0,0,36.145500,-86.811450,WEST END AV,,,,0.00,,,27TH AVN,,,,0.00,Y,T-Intersection, ,Intersection,None,,,         ,Jacob,West,Clear,Front to Rear,no,no,no,no,no,Campus
101772222,METROPOLITAN NASHVILLE POLICE DEPT,20170852559,Davidson,Nashville,9/26/2017 6:54:00 AM,2,0,0,36.069620,-86.735500,EDMONDSON PKE,,,,0.00,Feet,East,W DURRETT DR,,,,0.00,N,Not at Intersection,N,Non-Junction,None,,,         ,Gary,Sneed,Clear,Angle,no,no,no,no,yes,False
101772226,METROPOLITAN NASHVILLE POLICE DEPT,20170852546,Davidson,Not in City Limit,9/26/2017 4:45:00 AM,2,0,0,36.081710,-86.957100,I40 W EXT RAMP,,,,0.00,,,I 40,,,,0.00,Y,T-Intersection, ,Intersection,None,,,         ,Curtis,Rich,Clear,Angle,no,no,no,no,no,False
101772227,METROPOLITAN NASHVILLE POLICE DEPT,20170852463,Davidson,Nashville,9/26/2017 5:49:00 AM,2,1,0,36.206370,-86.774780,W TRINITY LN,,,,381.00,Feet,West,I65 N ENT RAMP,,,,0.00,N,Not at Intersection,N,Entrance/Exit Ramp Related,None,,,         ,Wallis,Massey,Clear,Front to Rear,no,no,no,no,no,False
101772233,METROPOLITAN NASHVILLE POLICE DEPT,20170852563,Davidson,Not in City Limit,9/26/2017 6:35:00 AM,2,0,0,36.314630,-86.832490,I 24,,,,0.00,,,,,,,37.25,N,Not at Intersection, ,,None,,,         ,Brandon,Evans,,,no,no,no,no,no,False
101772250,Nashville Airport Police,2017-03418,Davidson,Nashville,9/25/2017 4:50:00 PM,1,0,0,36.135160,-86.667770,TERMINAL DR,,,,0.00,,,,,,,0.00,,, ,Non-Junction,Construction Zone,,,         ,Bradley,Kessler,Clear,Not Collision with Motor Vehicle in Transport,no,no,no,no,no,False
101772254,METROPOLITAN NASHVILLE POLICE DEPT,20170852562,Davidson,Nashville,9/26/2017 6:50:00 AM,2,0,0,36.167520,-86.610590,I40 W ENT RAMP,,,,0.00,,,I 40,,,,0.00,Y,OTHER, ,Entrance/Exit Ramp Related,None,,,         ,Gregory,Lindstrom,Cloudy,Front to Rear,no,no,no,no,no,False
101772259,METROPOLITAN NASHVILLE POLICE DEPT,20170852549,Davidson,Nashville,9/26/2017 6:30:00 AM,2,0,0,36.140790,-86.719860,I 40,,,,0.00,,,,,,,213.65,N,Not at Intersection, ,,None,,,         ,Jed,Baldoni,,,no,no,no,no,no,False
101772261,METROPOLITAN NASHVILLE POLICE DEPT,20170852456,Davidson,Nashville,9/26/2017 5:42:00 AM,2,0,0,36.151300,-86.691640,ELM HILL PKE EB EXT RAMP,,,,0.00,,,ELM HILL PKE,,,,0.00,Y,T-Intersection,N,Entrance/Exit Ramp Related,None,,,         ,Johan,Kinberg,Clear,Angle,no,no,no,no,no,False
101772267,METROPOLITAN NASHVILLE POLICE DEPT,20170852717,Davidson,Nashville,9/26/2017 8:00:00 AM,1,1,0,36.155270,-86.866370,DEAL AV,,,,77.00,Feet,West,STEVENSON ST,,,,0.00,N,Not at Intersection,N,Non-Junction,None,,,         ,Curtis,Rich,Clear,Not Collision with Motor Vehicle in Transport,yes,no,no,no,no,False
101772280,METROPOLITAN NASHVILLE POLICE DEPT,2017-0852640,Davidson,Nashville,9/26/2017 7:30:00 AM,2,0,0,36.027780,-86.635310,I 24,,,,0.00,,,,,,,61.20,N,Not at Intersection, ,Non-Junction,None,,,         ,William,Whitworth,Clear,Front to Rear,no,no,no,no,no,False
101772284,METROPOLITAN NASHVILLE POLICE DEPT,20170852767,Davidson,Nashville,9/26/2017 8:17:00 AM,2,0,0,36.077400,-86.758840,TROUSDALE DR,,,,160.00,Feet,South,BRIARWOOD DR,,,,0.00,N,Not at Intersection, ,Non-Junction,None,,,         ,Gary,Sneed,Clear,Front to Rear,no,no,no,no,no,False
101772291,METROPOLITAN NASHVILLE POLICE DEPT,20170852769,Davidson,Nashville,9/26/2017 8:15:00 AM,2,0,0,36.103610,-86.666480,FAIRCLOTH LN,,,,4.00,Feet,South,OLD MURFREESBORO PKE,,,,0.00,N,Not at Intersection,Y,Non-Junction,None,,,         ,Anthony,Cucci,Clear,Angle,no,no,no,no,no,False
101772300,METROPOLITAN NASHVILLE POLICE DEPT,20170852874,Davidson,Nashville,9/26/2017 8:52:00 AM,2,0,0,36.091080,-86.762410,I 65,,,,0.00,,,,,,,78.45,N,Not at Intersection,N,Non-Junction,None,,,         ,Jason,Hees,Clear,Front to Rear,no,no,no,no,no,False
101772314,METROPOLITAN NASHVILLE POLICE DEPT,20170852660,Davidson,Nashville,9/26/2017 7:00:00 AM,2,0,0,36.141910,-86.638160,ELM HILL PKE,,,,283.00,Feet,West,TRAILS END LN,,,,0.00,N,Not at Intersection,N,Non-Junction,None,,,         ,Scott,Toney,Clear,Front to Rear,no,no,no,no,no,False
101772317,METROPOLITAN NASHVILLE POLICE DEPT,20170852792,Davidson,Nashville,9/26/2017 8:30:00 AM,2,1,0,36.153790,-86.842280,I 40,,,,0.00,,,,,,,204.80,N,Not at Intersection,N,Non-Junction,None,,,         ,Michael,Pyle,Clear,Front to Rear,no,no,no,no,no,False
101772326,METROPOLITAN NASHVILLE POLICE DEPT,20170852681,Davidson,Nashville,9/26/2017 7:40:00 AM,2,0,0,36.059490,-86.668750,MOSS RD,,,,0.00,,,UNA ANTIOCH PKE,,,,0.00,Y,T-Intersection,N,Intersection-Related,None,,,         ,David,Simmonds,Clear,"Sideswipe, Same Direction",no,no,no,no,yes,False
101772330,METROPOLITAN NASHVILLE POLICE DEPT,20170852634,Davidson,Nashville,9/26/2017 7:30:00 AM,2,0,0,36.164860,-86.767910,S 2ND ST,,,,0.00,Feet,,SHELBY AV,,,,0.00,Y,Four-Way,Y,Intersection,None,,,         ,Gregory,Julia,Clear,Front to Rear,no,no,no,no,yes,False
101772331,METROPOLITAN NASHVILLE POLICE DEPT,2017-0852904,Davidson,Nashville,9/26/2017 8:16:00 AM,3,0,0,36.028030,-86.712650,NOLENSVILLE PKE,,,,449.00,Feet,North,LORDS CHAPEL DR,,,,0.00,N,Not at Intersection,N,Non-Junction,None,,,         ,William,Whitworth,Clear,Front to Rear,no,no,no,no,no,False
101772336,METROPOLITAN NASHVILLE POLICE DEPT,20170852985,Davidson,Nashville,9/26/2017 8:33:00 AM,2,0,0,36.135610,-86.724800,MURFREESBORO PKE,,,,98.00,Feet,East,I24 W EXT RAMP,,,,0.00,N,Not at Intersection, ,Non-Junction,None,,,         ,Anthony,Cucci,Clear,Front to Rear,no,no,no,no,no,False
101772339,METROPOLITAN NASHVILLE POLICE DEPT,20170853009,Davidson,Nashville,9/26/2017 9:54:00 AM,2,0,0,36.083830,-86.698940,I24 E ENT RAMP,,,,0.00,Feet,East,I 24,,,,0.00,N,Not at Intersection,N,Non-Junction,None,,,         ,Peter,Vaught,Clear,"Sideswipe, Same Direction",no,no,no,no,yes,False
101772341,METROPOLITAN NASHVILLE POLICE DEPT,20170852968,Davidson,Nashville,9/26/2017 9:43:00 AM,2,0,0,36.147300,-86.757920,LAFAYETTE ST,,,,0.00,,,FAIRFIELD AV,,,,0.00,Y,Four-Way, ,Intersection,None,,,         ,Todd,Watson,Clear,Other,no,no,no,no,no,False
101772344,METROPOLITAN NASHVILLE POLICE DEPT,20170852534,Davidson,Nashville,9/26/2017 6:38:00 AM,2,0,0,36.172170,-86.767130,JAMES ROBERTSON PKWY ENT RAMP,,,,0.00,,,JAMES ROBERTSON PKWY,,,,0.00,Y,Y-Intersection,N,Entrance/Exit Ramp Related,None,,,         ,Richard,Conger,Clear,"Sideswipe, Same Direction",no,no,no,no,no,False
101772349,METROPOLITAN NASHVILLE POLICE DEPT,20170852605,Davidson,Not in City Limit,9/26/2017 7:22:00 AM,1,0,0,36.288840,-86.742930,DICKERSON PKES,,,,361.00,Feet,South,OLD DICKERSON PKE,,,,0.00,N,Not at Intersection,N,Non-Junction,None,,,         ,Zachary,Goodall,Clear,Not Collision with Motor Vehicle in Transport,no,no,no,yes,no,False
101772354,METROPOLITAN NASHVILLE POLICE DEPT,20170852879,Davidson,Nashville,9/26/2017 8:55:00 AM,2,0,0,36.141810,-86.672370,I 40,,,,0.00,,,,,,,215.00,N,Not at Intersection, ,Non-Junction,None,,,         ,James,Curtis,Clear,"Sideswipe, Same Direction",no,no,no,no,yes,False
101772405,METROPOLITAN NASHVILLE POLICE DEPT,20170852929,Davidson,Nashville,9/26/2017 8:20:00 AM,2,0,0,36.171120,-86.798580,I 40,,,,0.00,,,,,,,207.90,N,Not at Intersection,N,Unknown,Unknown,Unknown,Unknown,         ,Frank,Campbell,Clear,Front to Rear,no,no,no,no,yes,False
101772407,METROPOLITAN NASHVILLE POLICE DEPT,20170853026,Davidson,Nashville,9/26/2017 10:10:00 AM,2,1,0,36.142290,-86.666610,DONELSON PKE,,,,0.00,,,I40 W ENT RAMP,,,,0.00,Y,T-Intersection,Y,Intersection,None,,,         ,Larry,Benz,Clear,Angle,no,no,no,no,no,False
101772410,METROPOLITAN NASHVILLE POLICE DEPT,20170852538,Davidson,Nashville,9/26/2017 6:32:00 AM,2,1,0,36.147730,-86.712470,MASSMAN DR,,,,688.00,Feet,North,METCOM CENTER PVTDR,,,,0.00,N,Not at Intersection,N,"Driveway, Alley Access, etc",None,,,         ,James,Curtis,Clear,"Sideswipe, Same Direction",no,no,no,no,no,False
101772417,METROPOLITAN NASHVILLE POLICE DEPT,20170852967,Davidson,Madison,9/26/2017 9:40:00 AM,2,1,0,36.237940,-86.659710,NAWAKWA TRL,,,,400.00,Feet,West,MOHAWK TRL,,,,0.00,N,Not at Intersection,N,Non-Junction,None,,,         ,Michael,Agee,Clear,Angle,no,no,no,no,no,False
101772421,METROPOLITAN NASHVILLE POLICE DEPT,20170852637,Davidson,Nashville,9/26/2017 7:32:00 AM,1,0,0,36.232350,-86.698700,PENNINGTON BEND RD,,,,469.00,Feet,South,LOCK TWO RD,,,,0.00,N,Not at Intersection,N,Non-Junction,None,,,         ,Michael,Dance,Clear,Not Collision with Motor Vehicle in Transport,no,no,no,no,no,False
101772422,METROPOLITAN NASHVILLE POLICE DEPT,20170852911,Davidson,Nashville,9/26/2017 9:16:00 AM,2,1,0,36.167080,-86.668570,OVERHILL CIR,,,,0.00,,,BLUEFIELD AV,,,,0.00,Y,T-Intersection,N,Intersection,None,,,         ,James,Curtis,Clear,Angle,no,no,no,no,yes,False
101772440,METROPOLITAN NASHVILLE POLICE DEPT,20170853325,Davidson,Nashville,9/26/2017 12:05:00 PM,2,0,0,36.157440,-86.802120,CHARLOTTE AV,,,,181.00,Feet,East,JO JOHNSTON AV,,,,0.00,N,Not at Intersection, ,Non-Junction,None,,,         ,Chase,Burnett,Clear,Front to Rear,no,no,no,no,no,False
101772448,METROPOLITAN NASHVILLE POLICE DEPT,20170853190,Davidson,Nashville,9/26/2017 9:29:00 AM,2,0,0,36.148860,-86.746140,I 40,,,,0.00,,,,,,,211.85,N,Not at Intersection,N,Non-Junction,None,,,         ,Kevin,Clausius,Clear,Front to Rear,no,no,no,no,no,False
101772457,METROPOLITAN NASHVILLE POLICE DEPT,20170853369,Davidson,Nashville,9/26/2017 12:20:00 PM,2,0,0,36.144410,-86.741700,LANNIE BOSWELL AV,,,,0.00,,,ELM HILL PKE,,,,0.00,Y,T-Intersection, ,Intersection,None,,,         ,James,Curtis,Clear,Other,no,no,no,no,no,False
101772458,METROPOLITAN NASHVILLE POLICE DEPT,20170853171,Davidson,Nashville,9/26/2017 11:00:00 AM,2,0,0,36.202370,-86.751010,ELLINGTON PKWYS,,,,139.00,Feet,North,ELLINGTON PKWY S ENT RAMP,,,,0.00,N,Not at Intersection,N,Non-Junction,None,,,         ,Richard,Conger,Clear,"Sideswipe, Same Direction",no,no,no,no,yes,False
101772460,METROPOLITAN NASHVILLE POLICE DEPT,20170853034,Davidson,Nashville,9/26/2017 9:30:00 AM,2,0,0,36.154030,-86.787570,I40 W EXT RAMP,,,,0.00,,,I 40,,,,0.00,Y,Four-Way, ,Non-Junction,None,,,         ,Seth,Quiles,Clear,"Sideswipe, Same Direction",no,no,no,no,no,False
101772466,METROPOLITAN NASHVILLE POLICE DEPT,20170853183,Davidson,Nashville,9/26/2017 11:04:00 AM,2,2,0,36.218500,-86.837030,CLARKSVILLE PKE,,,,0.00,,,KINGS LN,,,,0.00,Y,Four-Way,N,Non-Junction,None,,,         ,Jeanine,Sarno,Clear,Front to Rear,no,no,no,no,no,False
101772470,METROPOLITAN NASHVILLE POLICE DEPT,20170853318,Davidson,Nashville,9/26/2017 11:34:00 AM,2,0,0,36.124570,-86.778470,INVERNESS AV,,,,0.00,,,ELLIOTT AV,,,,0.00,Y,T-Intersection, ,,Construction Zone,,,         ,Shedie,Herbert III,,,no,no,no,no,no,False
101772491,METROPOLITAN NASHVILLE POLICE DEPT,20170852745,Davidson,Nashville,9/26/2017 7:40:00 AM,2,0,0,36.238140,-86.782760,BRILEY PKWYE,,,,78.00,Feet,East,I24 W EXT RAMP,,,,0.00,N,Not at Intersection, ,Non-Junction,None,,,         ,Jack,Crouch,Clear,"Sideswipe, Same Direction",no,no,no,no,no,False
101772494,METROPOLITAN NASHVILLE POLICE DEPT,20170853275,Davidson,Nashville,9/26/2017 11:15:00 AM,2,0,0,36.145700,-86.741520,I 40,,,,0.00,,,,,,,212.20,N,Not at Intersection,N,Non-Junction,None,,,         ,Carey,Steel,Clear,"Sideswipe, Same Direction",no,no,no,no,yes,False
101772534,METROPOLITAN NASHVILLE POLICE DEPT,20170853416,Davidson,Nashville,9/26/2017 12:45:00 PM,2,0,0,36.135990,-86.791360,WEDGEWOOD AV,,,,169.00,Feet,East,15TH AVS,,,,0.00,N,Not at Intersection,N,Non-Junction,None,,,         ,Brent,Bauer,Cloudy,Front to Rear,no,no,no,no,no,False
101772541,METROPOLITAN NASHVILLE POLICE DEPT,20170853233,Davidson,Nashville,9/26/2017 11:24:00 AM,4,1,0,36.197390,-86.775760,I 65,,,,0.00,,,,,,,86.70,N,Not at Intersection,N,Non-Junction,None,,,         ,Isaac,Wood,Clear,"Sideswipe, Same Direction",no,no,no,no,no,False
101772555,METROPOLITAN NASHVILLE POLICE DEPT,20170853487,Davidson,Nashville,9/26/2017 1:04:00 PM,2,0,0,36.196290,-86.608530,ANDREW JACKSON PKWY,,,,0.00,,,WEBER RD,,,,0.00,Y,T-Intersection, ,Intersection,None,,,         ,James,Curtis,Clear,"Sideswipe, Same Direction",no,no,no,no,no,False
101772561,METROPOLITAN NASHVILLE POLICE DEPT,20170853535,Davidson,Nashville,9/26/2017 1:15:00 PM,2,0,0,36.082100,-86.761700,HARDING PL,,,,0.00,,,SIDCO DR,,,,0.00,Y,Four-Way, ,Intersection,None,,,         ,Shedie,Herbert III,Clear,Front to Rear,no,no,no,no,no,False
101772564,METROPOLITAN NASHVILLE POLICE DEPT,2017-0853068,Davidson,Nashville,9/26/2017 10:10:00 AM,2,0,0,36.125310,-86.805610,HILLSBORO PKE,,,,0.00,,,21ST AVS,,,,0.00,Y,Four-Way,N,Intersection-Related,None,,,         ,Allen,Bates,Clear,Angle,no,no,no,no,no,False
101772612,METROPOLITAN NASHVILLE POLICE DEPT,20170853559,Davidson,Nashville,9/26/2017 1:28:00 PM,1,0,0,36.189300,-86.727400,CARTER AV,,,,299.00,Feet,West,RIVERSIDE DR,,,,0.00,N,Not at Intersection, ,Non-Junction,None,,,         ,Richard,Conger,Clear,Not Collision with Motor Vehicle in Transport,no,no,no,no,no,False
101772627,METROPOLITAN NASHVILLE POLICE DEPT,20170853670,Davidson,Nashville,9/26/2017 1:41:00 PM,2,1,0,36.091340,-86.828030,HARDING PL,,,,139.00,Feet,East,HILLSBORO PKE,,,,0.00,N,Not at Intersection,N,Non-Junction,None,,,         ,Brent,Bauer,Cloudy,Front to Rear,no,no,no,no,no,False
101772672,METROPOLITAN NASHVILLE POLICE DEPT,20170853730,Davidson,Nashville,9/26/2017 1:21:00 PM,2,0,0,36.104800,-86.814600,RICHARD JONES RD,,,,0.00,,,HILLSBORO PKE,,,,0.00,Y,T-Intersection, ,Intersection-Related,Construction Zone,,,         ,Tien,Nguyen,Clear,Front to Rear,no,no,no,no,no,False
101772701,Metro Park Police,20170852885,Davidson,Nashville,9/26/2017 8:45:00 AM,2,0,0,36.156720,-86.807390,22ND AVN,,,,154.00,Feet,North,CHARLOTTE AV,,,,0.00,N,Not at Intersection, ,Non-Junction,None,,,         ,Kevin,Hooper,Clear,Rear to Side,no,no,no,yes,no,False
101772703,METROPOLITAN NASHVILLE POLICE DEPT,20170853855,Davidson,Nashville,9/26/2017 3:31:00 PM,1,0,0,36.143520,-86.778850,OLYMPIC ST,,,,0.00,,,8TH AVS,,,,0.00,Y,T-Intersection,N,Intersection-Related,None,,,         ,Tien,Nguyen,,Not Collision with Motor Vehicle in Transport,no,no,no,yes,no,False
101772705,METROPOLITAN NASHVILLE POLICE DEPT,20170853738,Davidson,Nashville,9/26/2017 3:15:00 PM,2,0,0,36.159720,-86.703560,LEBANON PKE,,,,241.00,Feet,West,QUINN CIR,,,,0.00,N,Not at Intersection,N,Non-Junction,None,,,         ,Carey,Steel,Clear,"Sideswipe, Opposite Direction",no,no,no,no,yes,False
101772716,METROPOLITAN NASHVILLE POLICE DEPT,20170853798,Davidson,Nashville,9/26/2017 12:00:00 AM,2,2,0,36.169620,-86.806030,JEFFERSON ST,,,,183.00,Feet,East,DR D B TODD JR BLVD,,,,0.00,N,Not at Intersection,N,Non-Junction,None,,,         ,Melvin,Taylor,Clear,Rear to Side,no,no,no,no,no,False
101772733,METROPOLITAN NASHVILLE POLICE DEPT,20170853919,Davidson,Nashville,9/26/2017 3:21:00 PM,2,0,0,36.151490,-86.852450,CHARLOTTE AV,,,,107.00,Feet,West,MORROW RD,,,,0.00,N,Not at Intersection, ,Non-Junction,None,,,         ,John,Hoesli,Clear,Angle,no,no,no,no,no,False
101772747,METROPOLITAN NASHVILLE POLICE DEPT,20170853939,Davidson,Nashville,9/26/2017 3:38:00 PM,2,0,0,36.154020,-86.784370,11TH AVS,,,,25.00,Feet,South,LAUREL ST,,,,0.00,N,Not at Intersection,Y,Non-Junction,None,,,         ,Ryan,Caulfield,Clear,Front to Rear,no,no,no,no,no,False
101772750,METROPOLITAN NASHVILLE POLICE DEPT,20170853938,Davidson,Nashville,9/26/2017 3:58:00 PM,2,1,0,36.153360,-86.686490,ELM HILL PKE,,,,69.00,Feet,East,ERMAC DR,,,,0.00,N,Not at Intersection,N,Non-Junction,None,,,         ,Jonathan,Cavezza,Clear,Front to Rear,no,no,no,no,no,False
101772760,METROPOLITAN NASHVILLE POLICE DEPT,20170854005,Davidson,Nashville,9/26/2017 4:24:00 PM,2,0,0,36.136780,-86.775840,I 65,,,,0.00,,,,,,,81.60,N,Not at Intersection,N,Non-Junction,None,,,         ,Tien,Nguyen,Clear,Front to Rear,no,no,no,no,no,False
101772763,METROPOLITAN NASHVILLE POLICE DEPT,20170854017,Davidson,Nashville,9/26/2017 4:26:00 PM,2,0,0,36.127310,-86.702310,THOMPSON PL,,,,79.00,Feet,West,CONNELLY DR,,,,0.00,N,Not at Intersection, ,Non-Junction,None,,,         ,Michael,Apsey,Clear,Angle,no,no,no,no,no,False
101772766,METROPOLITAN NASHVILLE POLICE DEPT,20170853942,Davidson,Nashville,9/26/2017 4:00:00 PM,2,0,0,36.173440,-86.763740,MAIN ST,,,,62.00,Feet,East,YEAMAN PL,,,,0.00,N,Not at Intersection,N,Non-Junction,None,,,         ,Christopher,Valdez,Clear,Front to Rear,no,no,no,no,no,False
101772778,METROPOLITAN NASHVILLE POLICE DEPT,20170851330,Davidson,Not in City Limit,9/25/2017 9:40:00 PM,1,0,0,36.314970,-86.832440,I 24,,,,0.00,,,,,,,37.20,N,Not at Intersection,N,Non-Junction,None,,,         ,Lindsey,Anderson,Clear,Not Collision with Motor Vehicle in Transport,no,no,no,no,no,False