master_record_number,agency,agency_tracking_number,county,city,collision_date,vehicles_involved,number_injured,number_dead,latitude,longitude,roadway_name,roadway_suffix,roadway_number,roadway_local_id,distance_from_reference,miles-feet_indicator,direction_from_reference,intersection_road_name,intersection_road_name_suffix,intersection_road_number,intersection_local_id,mile_marker,intersection_indicator,intersect_type,interchange_related_indicator,relation_to_junction,work_zone_type,construction_maintenance_zone,construction_maintenance_zone_location,fatal_case_number,officer_first_name,officer_last_name,weather_condition(s),manner_of_crash,pedestrian,bicycle,scooter,parking,hitrun,mou
101772791,METROPOLITAN NASHVILLE POLICE DEPT,20170853990,Davidson,Nashville,9/26/2017 4:17:00 PM,2,0,0,36.168730,-86.788450,ROSA L PARKS BLVD,,,,79.00,Feet,North,HARRISON ST,,,,0.00,N,Not at Intersection, ,Non-Junction,None,,,         ,Chad,Wilkinson,Clear,Front to Rear,no,no,no,no,no,False
101772797,METROPOLITAN NASHVILLE POLICE DEPT,20170854085,Davidson,Nashville,9/26/2017 4:50:00 PM,2,0,0,36.154830,-86.763340,HERMITAGE AV,,,,0.00,Feet,,LINDSLEY AV,,,,0.00,Y,T-Intersection, ,,None,,,         ,Andrey,Volfson,,,no,no,no,no,no,False
101772805,METROPOLITAN NASHVILLE POLICE DEPT,20170853999,Davidson,Nashville,9/26/2017 4:20:00 PM,2,1,0,36.141680,-86.713540,I 40,,,,0.00,,,,,,,214.00,N,Not at Intersection,N,Non-Junction,None,,,         ,Dontaveous,Eubanks,Clear,Front to Rear,no,no,no,no,no,False
101772806,METROPOLITAN NASHVILLE POLICE DEPT,20170854102,Davidson,Nashville,9/26/2017 4:57:00 PM,2,0,0,36.158640,-86.782700,BROADWAY,,,,0.00,,,9TH AVN,,,,0.00,Y,T-Intersection, ,Non-Junction,None,,,         ,Chad,Wilkinson,Clear,Front to Rear,no,no,no,no,no,False
101772819,METROPOLITAN NASHVILLE POLICE DEPT,20170853830,Davidson,Nashville,9/26/2017 3:10:00 PM,2,0,0,36.166440,-86.795200,I 40,,,,0.00,,,,,,,208.30,N,Not at Intersection,N,Non-Junction,None,,,         ,Brian,Woodard,Clear,"Sideswipe, Same Direction",no,no,no,no,no,False
101772827,METROPOLITAN NASHVILLE POLICE DEPT,20170854133,Davidson,Nashville,9/26/2017 4:56:00 PM,2,0,0,36.077060,-86.736640,HARDING PL,,,,0.00,,,SHADESCREST DR,,,,0.00,Y,T-Intersection, ,Intersection-Related,None,,,         ,Tien,Nguyen,Clear,Front to Rear,no,no,no,no,no,False
101772840,METROPOLITAN NASHVILLE POLICE DEPT,20170853547,Davidson,Nashville,9/26/2017 1:40:00 PM,2,0,0,35.991030,-86.683350,NOLENSVILLE RD,,,,75.00,Feet,South,BURKITT RD,,,,0.00,N,Not at Intersection, ,Non-Junction,None,,,         ,Jessie,Meadows,Clear,Front to Rear,no,no,no,no,no,False
101772841,METROPOLITAN NASHVILLE POLICE DEPT,20170854138,Davidson,Nashville,9/26/2017 3:50:00 PM,2,0,0,36.074320,-86.663090,UNA ANTIOCH PKE,,,,85.00,Feet,North,PEPPER RIDGE CIR,,,,0.00,N,Not at Intersection, ,Non-Junction,None,,,         ,Jessie,Meadows,Clear,Front to Rear,no,no,no,no,no,False
101772843,METROPOLITAN NASHVILLE POLICE DEPT,20170854194,Davidson,Nashville,9/26/2017 5:21:00 PM,2,0,0,36.140730,-86.732280,I 40,,,,0.00,,,,,,,213.00,N,Not at Intersection, ,,None,,,         ,Jonathan,Cavezza,,,no,no,no,no,no,False
101772847,METROPOLITAN NASHVILLE POLICE DEPT,20170854020,Davidson,Nashville,9/26/2017 4:29:00 PM,2,0,0,36.181700,-86.749260,CALVIN AV,,,,0.00,,,GALLATIN AV,,,,0.00,Y,T-Intersection,Y,Intersection,None,,,         ,Michael,Mendenhall,Clear,Angle,no,no,no,no,no,False
101772848,METROPOLITAN NASHVILLE POLICE DEPT,20170853977,Davidson,Nashville,9/26/2017 3:50:00 PM,2,1,0,36.168360,-86.656810,LEBANON PKE,,,,15.00,Feet,East,MUNN RD,,,,0.00,N,Not at Intersection,N,Non-Junction,None,,,         ,John,Kelley,Clear,Front to Rear,no,no,no,no,no,False
101772853,METROPOLITAN NASHVILLE POLICE DEPT,20170854162,Davidson,Nashville,9/26/2017 5:20:00 PM,2,0,0,36.153300,-86.732200,LEBANON PKE,,,,0.59,Miles,West,SPENCE LN,,,,0.00,N,Not at Intersection,N,Non-Junction,None,,,         ,Jonathan,Cavezza,Clear,Angle,no,no,no,no,yes,False
101772867,METROPOLITAN NASHVILLE POLICE DEPT,20170854090,Davidson,Nashville,9/26/2017 3:40:00 PM,2,0,0,36.130340,-86.637660,HAMMACK CT,,,,0.00,,,TIMBER VALLEY DR,,,,0.00,Y,Four-Way,N,Intersection-Related,None,,,         ,Marcus,Mitchell,Clear,"Sideswipe, Same Direction",no,no,no,no,no,False
101772868,METROPOLITAN NASHVILLE POLICE DEPT,20170854139,Davidson,Nashville,9/26/2017 4:40:00 PM,2,1,0,36.153910,-86.788620,14TH AVS,,,,135.00,Feet,North,I40 E ENT RAMP,,,,0.00,N,Not at Intersection,N,Non-Junction,None,,,         ,Jacob,Paul,Clear,Front to Rear,no,no,no,no,no,False
101772871,METROPOLITAN NASHVILLE POLICE DEPT,20170854187,Davidson,Nashville,9/26/2017 5:30:00 PM,2,0,0,36.140600,-86.724510,I 40,,,,0.00,,,,,,,213.45,N,Not at Intersection,N,Non-Junction,None,,,         ,Johnathan,Pannell,Clear,Front to Rear,no,no,no,no,no,False
101772872,METROPOLITAN NASHVILLE POLICE DEPT,20170854299,Davidson,Nashville,9/26/2017 5:58:00 PM,2,0,0,36.149040,-86.782850,I 40,,,,0.00,,,,,,,209.65,N,Not at Intersection, ,Entrance/Exit Ramp Related,None,,,         ,Tien,Nguyen,Clear,Front to Rear,no,no,no,no,no,False
101772879,METROPOLITAN NASHVILLE POLICE DEPT,20170854276,Davidson,Nashville,9/26/2017 12:00:00 AM,2,0,0,36.169650,-86.806700,DR D B TODD JR BLVD,,,,69.00,Feet,North,JEFFERSON ST,,,,0.00,N,Not at Intersection, ,Non-Junction,None,,,         ,Melvin,Taylor,Clear,"Sideswipe, Same Direction",no,no,no,no,no,False
101772887,METROPOLITAN NASHVILLE POLICE DEPT,20170854359,Davidson,Nashville,9/26/2017 5:58:00 PM,1,0,0,36.145220,-86.696220,BRILEY PKWYS,,,,102.00,Feet,West,I40 W EXT RAMP,,,,0.00,N,Not at Intersection,N,Non-Junction,None,,,         ,Jonathan,Cavezza,Clear,Not Collision with Motor Vehicle in Transport,no,no,no,no,no,False
101772889,GOODLETTSVILLE POLICE DEPT,17-33925,Davidson,Goodlettsville,9/26/2017 5:55:00 PM,2,0,0,36.300360,-86.711230,I 65,,,,0.00,,,,,,,95.20,N,Not at Intersection, ,Non-Junction,None,,,         ,Zachary,Goodwin,Clear,Front to Rear,no,no,no,no,no,False
101772893,METROPOLITAN NASHVILLE POLICE DEPT,20170854119,Davidson,Nashville,9/26/2017 5:00:00 PM,2,0,0,36.103270,-86.766030,I 65,,,,0.00,,,,,,,79.30,N,Not at Intersection, ,Non-Junction,None,,,         ,Bradley,Pope,Clear,"Sideswipe, Same Direction",no,no,no,no,no,False
101772905,METROPOLITAN NASHVILLE POLICE DEPT,20170854196,Davidson,Goodlettsville,9/26/2017 5:38:00 PM,2,0,0,36.300770,-86.694820,SHEPHERD HILLS DR,,,,0.00,,,GALLATIN PKEN,,,,0.00,Y,Four-Way, ,Intersection-Related,None,,,         ,Samuel,Miller,Clear,Angle,no,no,no,no,no,False
101772906,METROPOLITAN NASHVILLE POLICE DEPT,20170854232,Davidson,Not in City Limit,9/26/2017 5:40:00 PM,2,0,0,36.283220,-86.730460,I 65,,,,0.00,,,,,,,93.60,N,Not at Intersection,N,Non-Junction,None,,,         ,Samuel,Miller,Clear,"Sideswipe, Same Direction",no,no,no,no,no,False
101772911,METROPOLITAN NASHVILLE POLICE DEPT,20170854160,Davidson,Nashville,9/26/2017 3:26:00 PM,2,0,0,36.045050,-86.657690,I24 W EXT RAMP,,,,0.00,,East,I 24,,,,0.00,N,Not at Intersection, ,Entrance/Exit Ramp Related,None,,,         ,Alyson,Cook,Clear,Front to Rear,no,no,no,no,no,False
101772914,METROPOLITAN NASHVILLE POLICE DEPT,20170854371,Davidson,Nashville,9/26/2017 6:23:00 PM,2,0,0,36.131110,-86.897260,I40 E EXT RAMP,,,,0.00,,,I 40,,,,0.00,Y,Y-Intersection,Y,Unknown,None,,,         ,Andrew,Brazee,Clear,Front to Rear,no,no,no,no,no,False
101772920,METROPOLITAN NASHVILLE POLICE DEPT,20170854263,Davidson,Nashville,9/26/2017 3:26:00 PM,2,0,0,36.069130,-86.690130,HAYWOOD LN,,,,162.00,Feet,East,I24 E ENT RAMP,,,,0.00,N,Not at Intersection, ,Non-Junction,None,,,         ,Alyson,Cook,Clear,"Sideswipe, Same Direction",no,no,no,no,no,False
101772921,METROPOLITAN NASHVILLE POLICE DEPT,20170854118,Davidson,Nashville,9/26/2017 5:02:00 PM,2,0,0,36.140740,-86.793640,HORTON AV,,,,0.00,,,16TH AVS,,,,0.00,Y,Four-Way,N,Intersection,None,,,         ,Eric,Burford,Clear,Angle,no,no,no,no,no,False
101772924,METROPOLITAN NASHVILLE POLICE DEPT,20170854293,Davidson,Nashville,9/26/2017 5:50:00 PM,2,2,0,36.211400,-86.817540,BUENA VISTA PKE,,,,0.00,,,STOKERS LN,,,,0.00,Y,Four-Way,Y,Intersection,None,,,         ,Seth,Vaughn,Clear,Unknown,no,no,no,no,no,False
101772926,METROPOLITAN NASHVILLE POLICE DEPT,20170854343,Davidson,Nashville,9/26/2017 6:09:00 PM,2,0,0,36.107450,-86.676050,MURFREESBORO PKE,,,,273.00,Feet,East,DELL PKWY,,,,0.00,N,Not at Intersection,N,Non-Junction,None,,,         ,Alyson,Cook,Clear,Front to Rear,no,no,no,no,no,False
101772939,METROPOLITAN NASHVILLE POLICE DEPT,20170853791,Davidson,Not in City Limit,9/26/2017 3:06:00 PM,2,0,0,36.138660,-86.950950,RIVER ROAD PKE,,,,1363.00,Feet,East,INDIAN CREEK RD,,,,0.00,N,Not at Intersection,N,Non-Junction,None,,,         ,Jeremy,Huffine,Clear,Not Collision with Motor Vehicle in Transport,no,no,no,no,no,False
101772944,METROPOLITAN NASHVILLE POLICE DEPT,20170854340,Davidson,Nashville,9/26/2017 5:40:00 PM,2,0,0,36.153730,-86.801620,20TH AVN,,,,258.00,Feet,West,CHURCH ST,,,,0.00,N,Not at Intersection, ,OtherLocation,None,,,         ,Eric,Burford,Clear,Angle,no,no,no,yes,no,False
101772945,METROPOLITAN NASHVILLE POLICE DEPT,20170854350,Davidson,Nashville,9/26/2017 6:12:00 PM,2,1,0,36.098890,-86.871890,HEADY DR,,,,0.00,,,HIGHWAY 100,,,,0.00,Y,Four-Way,N,Intersection-Related,None,,,         ,Ethan,Usherwood,Clear,Front to Rear,no,no,no,no,no,False
101772947,METROPOLITAN NASHVILLE POLICE DEPT,20170854410,Davidson,Nashville,9/26/2017 12:00:00 AM,2,0,0,36.153900,-86.822550,I 440,,,,0.00,,,,,,,1.70,N,Not at Intersection, ,Non-Junction,None,,,         ,Melvin,Taylor,Clear,"Sideswipe, Same Direction",no,no,no,no,no,False
101772948,METROPOLITAN NASHVILLE POLICE DEPT,20170854444,Davidson,Nashville,9/26/2017 7:31:00 PM,2,0,0,36.045370,-86.713260,NOLENSVILLE PKE,,,,0.00,,,OLD HICKORY BLVD,,,,0.00,Y,Four-Way,N,Intersection-Related,None,,,         ,Tien,Nguyen,Clear,Front to Rear,no,no,no,no,no,False
101772955,METROPOLITAN NASHVILLE POLICE DEPT,20170854415,Davidson,Nashville,9/26/2017 7:09:00 PM,1,2,0,36.233750,-86.788780,EWING LN,,,,513.00,Feet,South,EWINGDALE DR,,,,0.00,N,Not at Intersection,N,Non-Junction,None,,,         ,Walter,Cothran,Clear,Not Collision with Motor Vehicle in Transport,no,no,no,no,no,False
101772963,METROPOLITAN NASHVILLE POLICE DEPT,20170854546,Davidson,Nashville,9/26/2017 8:15:00 PM,3,0,0,36.168480,-86.687480,LEBANON PKE,,,,143.00,Feet,East,BRILEY PKWY N ENT RAMP,,,,0.00,N,Not at Intersection, ,Non-Junction,None,,,         ,John,Kelley,Clear,Front to Rear,no,no,no,no,no,False
101772966,METROPOLITAN NASHVILLE POLICE DEPT,20170853930,Davidson,Not in City Limit,9/26/2017 3:55:00 PM,2,0,0,36.264210,-86.734670,OLD HICKORY BLVDW,,,,154.00,Feet,East,BOYDS HILLTOP DR,,,,0.00,N,Not at Intersection,N,Non-Junction,None,,,         ,Samuel,Miller,Clear,Front to Rear,no,no,no,no,no,False
101772967,METROPOLITAN NASHVILLE POLICE DEPT,20170854044,Davidson,Goodlettsville,9/26/2017 4:36:00 PM,3,2,0,36.296910,-86.699160,GALLATIN PKEN,,,,0.00,,,RIVERGATE PKWY,,,,0.00,Y,Four-Way,Y,Intersection,None,,,         ,Samuel,Miller,Clear,Angle,no,no,no,no,no,False
101772979,METROPOLITAN NASHVILLE POLICE DEPT,20170854440,Davidson,Nashville,9/26/2017 7:30:00 PM,2,2,0,36.116500,-86.836490,ESTES RD,,,,0.00,,,WOODMONT BLVD,,,,0.00,Y,Four-Way,Y,Intersection,None,,,         ,Barrett,Teague,Clear,HeadOn,no,no,no,no,no,False
101772985,METROPOLITAN NASHVILLE POLICE DEPT,20170854474,Davidson,Nashville,9/26/2017 7:44:00 PM,2,0,0,36.139990,-86.818390,WEST END AV,,,,315.00,Feet,North,PARK DR,,,,0.00,N,Not at Intersection,N,Non-Junction,None,,,         ,Jacob,Paul,Clear,Front to Rear,no,no,no,no,no,False
101772989,METROPOLITAN NASHVILLE POLICE DEPT,20170854589,Davidson,Nashville,9/26/2017 8:30:00 PM,2,0,0,36.174280,-86.787420,5TH AVN,,,,0.00,,,JEFFERSON ST,,,,0.00,Y,Four-Way, ,Intersection-Related,None,,,         ,Michael,Baron,Clear,Angle,no,no,no,no,no,False
101773012,METROPOLITAN NASHVILLE POLICE DEPT,20170854069,Davidson,Nashville,9/26/2017 4:26:00 PM,2,0,0,36.113050,-86.800030,WOODMONT BLVD,,,,0.00,Feet,,BELMONT BLVD,,,,0.00,Y,Four-Way,N,Intersection,None,,,         ,Jacob,Paul,Clear,Front to Rear,no,no,no,no,yes,False
101773034,METROPOLITAN NASHVILLE POLICE DEPT,20170854499,Davidson,Nashville,9/26/2017 7:55:00 PM,2,0,0,36.047840,-86.612050,MURFREESBORO PKE,,,,0.00,,,MOUNTAIN SPRINGS RD,,,,0.00,Y,OTHER, ,Non-Junction,None,,,         ,Je-Marc,Sears,Clear,Front to Rear,no,no,no,no,no,False
101773036,METROPOLITAN NASHVILLE POLICE DEPT,20170854602,Davidson,Nashville,9/26/2017 8:39:00 PM,2,1,0,36.126700,-86.711090,MURFREESBORO PKE,,,,0.00,,,THOMPSON PL,,,,0.00,Y,Four-Way,N,Intersection,None,,,         ,Michael,Apsey,Clear,Front to Rear,no,no,no,no,yes,False
101773037,METROPOLITAN NASHVILLE POLICE DEPT,20170854234,Davidson,Nashville,9/26/2017 4:36:00 PM,2,0,0,36.295510,-86.698050,MYATT DR,,,,0.00,,,RIVERGATE BUSINESS CENTER PVTD,,,,0.00,Y,T-Intersection, ,Intersection-Related,None,,,         ,Joel,Callies,Clear,Front to Rear,no,no,no,no,no,False
101773068,METROPOLITAN NASHVILLE POLICE DEPT,20170854493,Davidson,Nashville,9/26/2017 6:10:00 PM,2,0,0,36.139940,-86.723910,I40 E ENT RAMP,,,,0.00,,,I 40,,,,0.00,Y,Y-Intersection, ,Entrance/Exit Ramp Related,None,,,         ,Patrick,Taylor,Clear,"Sideswipe, Same Direction",no,no,no,no,no,False
101773076,METROPOLITAN NASHVILLE POLICE DEPT,20170854214,Davidson,Nashville,9/26/2017 5:25:00 PM,2,0,0,36.146540,-86.767720,4TH AVS,,,,0.00,,,MILDRED SHUTE AV,,,,0.00,Y,T-Intersection, ,Intersection,None,,,         ,John,Joyce,Clear,Angle,no,no,no,no,no,False
101773119,METROPOLITAN NASHVILLE POLICE DEPT,20170854971,Davidson,Nashville,9/26/2017 10:22:00 PM,2,0,0,36.217410,-86.701090,MCGAVOCK PKE,,,,0.00,,,OPRY MILLS DR,,,,0.00,Y,T-Intersection, ,Intersection,None,,,         ,Curtis,Fisher,Clear,"Sideswipe, Same Direction",no,no,no,no,no,False
101773120,METROPOLITAN NASHVILLE POLICE DEPT,20170854396,Davidson,Nashville,9/26/2017 7:05:00 PM,3,2,0,36.207020,-86.791600,W TRINITY LN,,,,0.00,,,WHITES CREEK PKE,,,,0.00,Y,Four-Way,N,Intersection,None,,,         ,Honorio,Canchola,Clear,"Sideswipe, Opposite Direction",no,no,no,no,no,False
101773160,METROPOLITAN NASHVILLE POLICE DEPT,20170854933,Davidson,Nashville,9/26/2017 10:45:00 PM,2,0,0,36.205570,-86.771140,LUCAS LN,,,,187.00,Feet,South,W TRINITY LN,,,,0.00,N,Not at Intersection,N,Non-Junction,None,,,         ,Harris,Smith,Clear,Angle,no,no,no,no,no,False
101773171,METROPOLITAN NASHVILLE POLICE DEPT,20170854920,Davidson,Nashville,9/26/2017 10:47:00 PM,1,1,0,36.165560,-86.835450,DR WALTER S DAVIS BLVD,,,,102.00,Feet,West,JOHN L DRIVER BLVD,,,,0.00,N,Not at Intersection,N,Non-Junction,None,,,         ,Bryant,Presley,Clear,Not Collision with Motor Vehicle in Transport,no,no,no,no,no,False
101773196,METROPOLITAN NASHVILLE POLICE DEPT,20170852529,Davidson,Nashville,9/26/2017 6:25:00 AM,2,0,0,36.151460,-86.857740,WHITE BRIDGE PKE,,,,0.00,,,I40 E ENT RAMP,,,,0.00,Y,Four-Way,N,Entrance/Exit Ramp Related,None,,,         ,John,Chambers,Clear,Angle,no,no,no,no,yes,False
101773208,METROPOLITAN NASHVILLE POLICE DEPT,20170855659,Davidson,Nashville,9/27/2017 3:35:00 AM,1,0,0,36.139970,-86.782550,HILLSIDE AV,,,,98.00,Feet,North,RESERVOIR CT,,,,0.00,N,Not at Intersection,N,Non-Junction,None,,,         ,Stephen,Waterman,Clear,Not Collision with Motor Vehicle in Transport,no,no,no,no,no,False
101773217,METROPOLITAN NASHVILLE POLICE DEPT,20170855685,Davidson,Nashville,9/27/2017 12:50:00 AM,2,0,0,36.248010,-86.720360,GALLATIN PKES,,,,0.00,,,DUE WEST AVW,,,,0.00,Y,Four-Way,N,Intersection,None,,,         ,Michael,Reid,Clear,Front to Rear,no,no,no,no,yes,False
101773231,METROPOLITAN NASHVILLE POLICE DEPT,20170856007,Davidson,Nashville,9/27/2017 6:45:00 AM,2,0,0,36.157760,-86.845000,ILLINOIS AV,,,,0.00,,,48TH AVN,,,,0.00,Y,Four-Way, ,Intersection,None,,,         ,Curtis,Rich,Cloudy,Angle,no,no,no,no,yes,False
101773241,METROPOLITAN NASHVILLE POLICE DEPT,20170855982,Davidson,Nashville,9/27/2017 6:31:00 AM,2,0,0,36.168920,-86.683630,LEBANON PKE,,,,0.00,,,THE CROSSINGS PVTDR,,,,0.00,Y,T-Intersection,N,"Driveway, Alley Access, etc",None,,,         ,Curtis,Fisher,Clear,Angle,no,no,no,no,no,False
101773255,METROPOLITAN NASHVILLE POLICE DEPT,20170856080,Davidson,Nashville,9/27/2017 7:22:00 AM,2,0,0,36.140220,-86.828150,MURPHY RD,,,,183.00,Feet,West,ACKLEN PARK DR,,,,0.00,N,Not at Intersection,N,Non-Junction,None,,,         ,Curtis,Rich,Clear,Front to Rear,no,no,no,no,no,False
101773257,METROPOLITAN NASHVILLE POLICE DEPT,20170855995,Davidson,Nashville,9/27/2017 6:30:00 AM,1,0,0,36.239780,-86.723670,GALLATIN PKES,,,,258.00,Feet,North,GALLATIN PKE,,,,0.00,N,Not at Intersection, ,Non-Junction,Maintenance Zone,,,         ,Michelle,Steidl,Clear,Not Collision with Motor Vehicle in Transport,no,no,no,no,no,False
101773258,METROPOLITAN NASHVILLE POLICE DEPT,20170856098,Davidson,Nashville,9/27/2017 7:16:00 AM,3,0,0,36.106380,-86.767830,I 65,,,,0.00,,,,,,,79.50,N,Not at Intersection, ,Non-Junction,None,,,         ,Jason,Hees,Clear,Front to Rear,no,no,no,no,no,False
101773260,METROPOLITAN NASHVILLE POLICE DEPT,20170856012,Davidson,Nashville,9/27/2017 6:45:00 AM,2,0,0,36.186110,-86.798370,ROSA L PARKS BLVD,,,,0.00,,,I65 S EXT RAMP,,,,0.00,Y,T-Intersection,N,Non-Junction,None,,,         ,Royce,McLester,Clear,Front to Rear,no,no,no,no,no,False
101773261,METROPOLITAN NASHVILLE POLICE DEPT,20170856088,Davidson,Nashville,9/27/2017 7:20:00 AM,2,0,0,36.206620,-86.777900,BRICK CHURCH PKE,,,,0.00,,,W TRINITY LN,,,,0.00,Y,Four-Way, ,Non-Junction,None,,,         ,Michael,Parman,Clear,"Sideswipe, Same Direction",no,no,no,no,no,False
101773262,METROPOLITAN NASHVILLE POLICE DEPT,20170856154,Davidson,Nashville,9/27/2017 7:26:00 AM,2,0,0,36.064790,-86.628480,HAMILTON CHURCH RD,,,,0.00,,,MURFREESBORO PKE,,,,0.00,Y,Four-Way, ,Intersection,None,,,         ,Steven,Williams,Clear,Angle,no,no,no,no,yes,False
101773264,METROPOLITAN NASHVILLE POLICE DEPT,20170856077,Davidson,Nashville,9/27/2017 6:50:00 AM,2,0,0,36.064380,-86.628900,HAMILTON CHURCH RD,,,,194.00,Feet,South,MURFREESBORO PKE,,,,0.00,N,Not at Intersection, ,Non-Junction,None,,,         ,Jason,Dudley,Clear,Front to Rear,no,no,no,no,no,False
101773267,METROPOLITAN NASHVILLE POLICE DEPT,20170856015,Davidson,Nashville,9/27/2017 6:51:00 AM,2,0,0,36.239730,-86.753390,I 65,,,,0.00,,,,,,,90.25,N,Not at Intersection, ,Non-Junction,None,,,         ,DuJuan,Kendrick,Clear,Front to Rear,no,no,no,no,no,False
101773268,METROPOLITAN NASHVILLE POLICE DEPT,2017-0856024,Davidson,Nashville,9/27/2017 6:47:00 AM,2,1,0,36.086360,-86.698370,I24 W EXT RAMP,,,,0.00,Feet,East,I 24,,,,0.00,N,Not at Intersection,Y,Entrance/Exit Ramp Related,None,,,         ,Stanley,Collins,Clear,Front to Rear,no,no,no,no,no,False
101773273,METROPOLITAN NASHVILLE POLICE DEPT,20170856148,Davidson,Nashville,9/27/2017 7:51:00 AM,2,0,0,36.228580,-86.793570,POLK FOREST CIR,,,,72.00,Feet,South,GWYNNWOOD DR,,,,0.00,N,Not at Intersection, ,Non-Junction,None,,,         ,Michael,McCord,Clear,Angle,no,no,no,no,no,False
101773280,METROPOLITAN NASHVILLE POLICE DEPT,20170856126,Davidson,Nashville,9/27/2017 7:41:00 AM,2,0,0,36.152880,-86.769330,2ND AVS,,,,157.00,Feet,South,ASH ST,,,,0.00,N,Not at Intersection, ,,None,,,         ,Christian,Martin,,,no,no,no,no,no,False
101773283,METROPOLITAN NASHVILLE POLICE DEPT,20170856104,Davidson,Not in City Limit,9/27/2017 6:38:00 AM,2,0,0,36.306890,-86.818910,I 24,,,,0.00,,,,,,,38.20,N,Not at Intersection,N,Non-Junction,None,,,         ,Brandon,Evans,Clear,Front to Rear,no,no,no,no,no,False
101773284,METROPOLITAN NASHVILLE POLICE DEPT,20170856250,Davidson,Nashville,9/27/2017 8:18:00 AM,1,0,0,36.252990,-86.739520,I 65,,,,0.00,,,,,,,91.45,N,Not at Intersection, ,Non-Junction,None,,,         ,Michael,McCord,Clear,Not Collision with Motor Vehicle in Transport,no,no,no,no,no,False
101773285,METROPOLITAN NASHVILLE POLICE DEPT,20170856111,Davidson,Nashville,9/27/2017 7:10:00 AM,3,0,0,36.041140,-86.776210,OLD HICKORY BLVD,,,,0.00,,,BRENTWOOD COMMONS WAY,,,,0.00,Y,Four-Way, ,Intersection,None,,,         ,Earl,Davis,Clear,Front to Rear,no,no,no,no,no,False
101773286,METROPOLITAN NASHVILLE POLICE DEPT,20170856138,Davidson,Not in City Limit,9/27/2017 7:48:00 AM,2,1,0,36.076370,-86.983280,I 40,,,,0.00,,,,,,,194.65,N,Not at Intersection,N,Non-Junction,None,,,         ,Douglas,Atwood,Clear,Front to Rear,no,no,no,no,no,False
101773294,METROPOLITAN NASHVILLE POLICE DEPT,20170856305,Davidson,Not in City Limit,9/27/2017 8:00:00 AM,2,0,0,36.077160,-87.008630,I 40,,,,0.00,,,,,,,193.20,N,Not at Intersection, ,,None,,,         ,Curtis,Rich,,,no,no,no,no,no,False
101773296,METROPOLITAN NASHVILLE POLICE DEPT,2017-0856122,Davidson,Not in City Limit,9/27/2017 7:15:00 AM,2,0,0,36.269260,-86.755740,OLD HICKORY BLVDW,,,,0.00,,,DICKERSON PKE,,,,0.00,Y,Four-Way, ,Intersection,None,,,         ,Matthew,Harris,Clear,Front to Rear,no,no,no,no,no,False
101773310,METROPOLITAN NASHVILLE POLICE DEPT,20170856292,Davidson,Nashville,9/27/2017 8:43:00 AM,2,0,0,36.211430,-86.691160,BRILEY PKWYN,,,,432.00,Feet,South,BRILEY PKWY N EXT RAMP,,,,0.00,N,Not at Intersection,N,Non-Junction,None,,,         ,Michael,Dance,Clear,"Sideswipe, Same Direction",no,no,no,no,yes,False
101773313,METROPOLITAN NASHVILLE POLICE DEPT,20170856213,Davidson,Nashville,9/27/2017 8:10:00 AM,3,0,0,36.152180,-86.858050,I 40,,,,0.00,,,,,,,204.00,N,Not at Intersection, ,Non-Junction,None,,,         ,Gregory,McDaniel,Clear,Front to Rear,no,no,no,no,no,False
101773321,METROPOLITAN NASHVILLE POLICE DEPT,20170853249,Davidson,Nashville,9/26/2017 10:55:00 AM,1,0,0,36.146000,-86.713590,MASSMAN DR,,,,0.00,,,,,,,0.00,,, ,Non-Junction,None,,,         ,William,Waters,Clear,Not Collision with Motor Vehicle in Transport,no,no,no,yes,no,False
101773324,METROPOLITAN NASHVILLE POLICE DEPT,20170856237,Davidson,Nashville,9/27/2017 8:23:00 AM,2,1,0,36.229000,-86.592140,SAUNDERSVILLE RD,,,,237.00,Feet,West,WOODSIDE DR,,,,0.00,N,Not at Intersection,N,Non-Junction,None,,,         ,James,Curtis,Clear,Front to Rear,no,no,no,no,no,False
101773331,METROPOLITAN NASHVILLE POLICE DEPT,20170856252,Davidson,Nashville,9/27/2017 8:22:00 AM,3,0,0,36.040640,-86.743630,EDMONDSON PKE,,,,230.00,Feet,North,OLD HICKORY BLVD,,,,0.00,N,Not at Intersection,N,Non-Junction,None,,,         ,Earl,Davis,Clear,Front to Rear,no,no,no,no,yes,False
101773336,METROPOLITAN NASHVILLE POLICE DEPT,20170856361,Davidson,Nashville,9/27/2017 9:12:00 AM,2,0,0,36.038180,-86.783750,I65 S EXT RAMP,,,,0.00,Feet,East,I 65,,,,0.00,N,Not at Intersection, ,,None,,,         ,Gary,Sneed,,,no,no,no,no,no,False
101773340,BERRY HILL POLICE DEPT,17-3284,Davidson,Berry Hill,9/26/2017 12:08:00 PM,2,0,0,36.120340,-86.775370,FRANKLIN PKE,,,,76.00,Feet,West,GALE LN,,,,0.00,N,Not at Intersection, ,"Driveway, Alley Access, etc",None,,,         ,Ronnie,Hill,Clear,Angle,no,no,no,yes,yes,False
101773346,METROPOLITAN NASHVILLE POLICE DEPT,2017-0856484,Davidson,Nashville,9/27/2017 9:55:00 AM,2,0,0,36.177860,-86.616990,CENTRAL PKE,,,,141.00,Feet,North,JAMES KAY LN,,,,0.00,N,Not at Intersection, ,,None,,,         ,Calvin,Graham,,,no,no,no,no,no,False