master_record_number,agency,agency_tracking_number,county,city,collision_date,vehicles_involved,number_injured,number_dead,latitude,longitude,roadway_name,roadway_suffix,roadway_number,roadway_local_id,distance_from_reference,miles-feet_indicator,direction_from_reference,intersection_road_name,intersection_road_name_suffix,intersection_road_number,intersection_local_id,mile_marker,intersection_indicator,intersect_type,interchange_related_indicator,relation_to_junction,work_zone_type,construction_maintenance_zone,construction_maintenance_zone_location,fatal_case_number,officer_first_name,officer_last_name,weather_condition(s),manner_of_crash,pedestrian,bicycle,scooter,parking,hitrun,mou
101773363,METROPOLITAN NASHVILLE POLICE DEPT,20170856559,Davidson,Nashville,9/27/2017 10:27:00 AM,1,0,0,36.186560,-86.602720,JACKSONS VALLEY RD,,,,65.00,Feet,East,JACKSONS RETREAT CT,,,,0.00,N,Not at Intersection, ,Non-Junction,None,,,         ,James,Curtis,Clear,Not Collision with Motor Vehicle in Transport,no,no,no,no,no,False
101773365,METROPOLITAN NASHVILLE POLICE DEPT,20170856554,Davidson,Nashville,9/27/2017 9:45:00 AM,2,0,0,36.132740,-86.857910,WHITE BRIDGE PKE,,,,282.00,Feet,North,BROOKWOOD PL,,,,0.00,N,Not at Intersection, ,Non-Junction,None,,,         ,Curtis,Rich,Clear,Front to Rear,no,no,no,no,yes,False
101773366,METROPOLITAN NASHVILLE POLICE DEPT,2017-0856277,Davidson,Not in City Limit,9/27/2017 8:37:00 AM,2,1,0,36.330040,-86.897940,I 24,,,,0.00,,,,,,,33.20,N,Not at Intersection,N,Non-Junction,None,,,         ,William,Caillouette,Clear,Front to Rear,no,no,no,no,no,False
101773369,METROPOLITAN NASHVILLE POLICE DEPT,20170856480,Davidson,Nashville,9/27/2017 9:52:00 AM,2,1,0,36.146290,-86.742180,I 40,,,,0.00,,,,,,,212.15,N,Not at Intersection,N,Non-Junction,None,,,         ,Michael,Dance,Clear,Front to Rear,no,no,no,no,no,False
101773372,METROPOLITAN NASHVILLE POLICE DEPT,20170856261,Davidson,Nashville,9/27/2017 8:20:00 AM,2,0,0,36.046650,-86.657120,BELL RD,,,,332.00,Feet,East,COLLINS PARK DR,,,,0.00,N,Not at Intersection, ,Non-Junction,None,,,         ,Jason,Dudley,Clear,"Sideswipe, Opposite Direction",no,no,no,no,no,False
101773387,METROPOLITAN NASHVILLE POLICE DEPT,20170856019,Davidson,Nashville,9/27/2017 6:45:00 AM,2,0,0,36.197150,-86.741690,GALLATIN PKE,,,,0.00,,,,,,,0.00,,, ,OtherLocation,None,,,         ,Richard,Conger,Clear,Front to Rear,no,no,no,yes,yes,False
101773388,METROPOLITAN NASHVILLE POLICE DEPT,20170856534,Davidson,Nashville,9/27/2017 10:10:00 AM,2,0,0,36.225740,-86.777290,I65 S ENT RAMP,,,,0.00,Feet,East,I 65,,,,0.00,N,Not at Intersection, ,Entrance/Exit Ramp Related,None,,,         ,Jeanine,Sarno,Clear,"Sideswipe, Same Direction",no,no,no,no,no,False
101773399,METROPOLITAN NASHVILLE POLICE DEPT,20170856563,Davidson,Nashville,9/27/2017 10:14:00 AM,1,0,0,36.177750,-86.694880,BRILEY PKWYN,,,,891.00,Feet,East,BRILEY PKWYS,,,,0.00,N,Not at Intersection,N,Non-Junction,None,,,         ,Tyler,Adcock,Clear,Not Collision with Motor Vehicle in Transport,no,no,no,no,no,False
101773404,METROPOLITAN NASHVILLE POLICE DEPT,20170856514,Davidson,Nashville,9/27/2017 10:09:00 AM,2,0,0,36.117460,-86.725660,I 24,,,,0.00,,,,,,,53.10,N,Not at Intersection, ,Non-Junction,None,,,         ,Todd,Watson,Clear,Front to Rear,no,no,no,no,no,False
101773406,METROPOLITAN NASHVILLE POLICE DEPT,20170856630,Davidson,Nashville,9/27/2017 10:35:00 AM,2,0,0,36.149910,-86.822730,I 440,,,,0.00,,,,,,,1.45,N,Not at Intersection, ,Non-Junction,None,,,         ,Gregory,McDaniel,Clear,"Sideswipe, Same Direction",no,no,no,no,no,False
101773432,METROPOLITAN NASHVILLE POLICE DEPT,2017-0856330,Davidson,Nashville,9/27/2017 8:34:00 AM,2,0,0,36.025590,-86.663260,PRESTON RD,,,,463.00,Feet,East,PETTUS RD,,,,0.00,N,Not at Intersection, ,Non-Junction,Utility Zone,,,         ,William,Whitworth,Clear,Front to Rear,no,no,no,no,no,False
101773437,METROPOLITAN NASHVILLE POLICE DEPT,20170856549,Davidson,Nashville,9/27/2017 9:20:00 AM,2,0,0,36.086360,-86.691390,ANTIOCH PKE,,,,360.00,Feet,North,PERIMETER HILL DR,,,,0.00,N,Not at Intersection, ,Non-Junction,None,,,         ,Roy,McElwee,Clear,Angle,no,no,no,no,no,False
101773446,METROPOLITAN NASHVILLE POLICE DEPT,20170856727,Davidson,Nashville,9/27/2017 11:55:00 AM,2,3,0,36.103920,-86.741620,NOLENSVILLE PKE,,,,46.00,Feet,South,SUNRISE AV,,,,0.00,N,Not at Intersection,N,Non-Junction,None,,,         ,Jessie,Meadows,Clear,Angle,no,no,no,no,no,False
101773448,METROPOLITAN NASHVILLE POLICE DEPT,20170856526,Davidson,Not in City Limit,9/27/2017 10:12:00 AM,2,2,0,36.272330,-86.691930,ANDERSON LN,,,,0.00,,,SCALF DR,,,,0.00,Y,T-Intersection,N,Intersection,None,,,         ,DuJuan,Kendrick,Clear,Front to Rear,no,no,no,no,no,False
101773450,METROPOLITAN NASHVILLE POLICE DEPT,20170856723,Davidson,Nashville,9/27/2017 11:49:00 AM,2,0,0,36.174980,-86.604440,CENTRAL PKE,,,,291.00,Feet,North,SHURGARD WAY,,,,0.00,N,Not at Intersection, ,Non-Junction,None,,,         ,James,Curtis,Clear,Rear to Rear,no,no,no,yes,no,False
101773457,METROPOLITAN NASHVILLE POLICE DEPT,20170856197,Davidson,Nashville,9/27/2017 8:11:00 AM,1,0,0,36.183350,-86.748570,GALLATIN AV,,,,0.00,,,W EASTLAND AV,,,,0.00,Y,Four-Way, ,Intersection,None,,,         ,Richard,Conger,Clear,Not Collision with Motor Vehicle in Transport,no,no,no,no,no,False
101773502,METROPOLITAN NASHVILLE POLICE DEPT,20170856919,Davidson,Nashville,9/27/2017 1:00:00 PM,2,0,0,36.113940,-86.810700,WOODMONT BLVD,,,,52.00,Feet,East,HILLSBORO PKE,,,,0.00,N,Not at Intersection, ,Non-Junction,None,,,         ,Jason,Hees,Clear,Front to Rear,no,no,no,no,no,False
101773504,METROPOLITAN NASHVILLE POLICE DEPT,20170856859,Davidson,Nashville,9/27/2017 12:52:00 PM,2,2,0,36.095910,-86.741800,ALLIED DR,,,,221.00,Feet,East,KEYSTONE AV,,,,0.00,N,Not at Intersection,N,Non-Junction,None,,,         ,Gary,Sneed,Clear,Angle,no,no,no,no,no,False
101773510,METROPOLITAN NASHVILLE POLICE DEPT,2017-0856643,Davidson,Nashville,9/27/2017 11:08:00 AM,1,0,0,36.193460,-86.789700,CUMBERLAND BND,,,,404.00,Feet,East,GREAT CIRCLE RD,,,,0.00,N,Not at Intersection, ,OtherLocation,None,,,         ,Carlos,angulo,Clear,Not Collision with Motor Vehicle in Transport,no,no,no,no,no,False
101773518,GOODLETTSVILLE POLICE DEPT,17-34017,Davidson,Goodlettsville,9/27/2017 1:00:00 PM,1,0,0,36.327460,-86.708730,GOODLETTSVILLE PUBLIC WORKS,,,,200.00,Feet,West,CARTWRIGHT,ST,,,0.00,N,Not at Intersection, ,Non-Junction,None,,,         ,George,Forbes,Clear,Not Collision with Motor Vehicle in Transport,no,no,no,yes,no,False
101773520,METROPOLITAN NASHVILLE POLICE DEPT,20170856918,Davidson,Nashville,9/27/2017 1:14:00 PM,2,0,0,36.152070,-86.771410,4TH AVS,,,,111.00,Feet,South,ASH ST,,,,0.00,N,Not at Intersection, ,"Driveway, Alley Access, etc",None,,,         ,Christian,Martin,Clear,"Sideswipe, Same Direction",no,no,no,no,no,False
101773554,METROPOLITAN NASHVILLE POLICE DEPT,20170856988,Davidson,Not in City Limit,9/27/2017 1:35:00 PM,2,0,0,36.272930,-86.689510,MYATT DR,,,,295.00,Feet,North,ANDERSON LN,,,,0.00,N,Not at Intersection, ,,None,,,         ,Michelle,Steidl,,,no,no,no,no,no,False
101773561,METROPOLITAN NASHVILLE POLICE DEPT,20170857031,Davidson,Nashville,9/27/2017 2:00:00 PM,2,0,0,36.082570,-86.766150,I65 S ENT RAMP,,,,0.00,,,I 65,,,,0.00,Y,OTHER, ,Entrance/Exit Ramp Related,None,,,         ,Jason,Hees,Clear,Front to Rear,no,no,no,no,no,False
101773635,VANDERBILT UNIVERSITY POLICE,17-0857088,Davidson,Nashville,9/27/2017 2:20:00 PM,2,0,0,36.148830,-86.799350,BROADWAY,,,,0.00,,,,,,,0.00,,, ,,None,,,         ,William,Gladu,,,no,no,no,yes,no,Campus
101773637,METROPOLITAN NASHVILLE POLICE DEPT,20170856541,Davidson,Nashville,9/27/2017 10:18:00 AM,2,0,0,36.139350,-86.819100,MURPHY RD,,,,0.00,,,WEST END AV,,,,0.00,Y,T-Intersection, ,Intersection-Related,None,,,         ,Shedie,Herbert III,Clear,Angle,no,no,no,no,no,False
101773639,METROPOLITAN NASHVILLE POLICE DEPT,20170854620,Davidson,Nashville,9/26/2017 8:43:00 PM,1,0,0,36.200080,-86.620780,OLD HICKORY BLVD,,,,0.00,,,,,,,0.00,,Not at Intersection,N,Non-Junction,None,,,         ,Jefferson,Hughes,Clear,Not Collision with Motor Vehicle in Transport,no,yes,no,no,no,False
101773675,Metro Park Police,201708539065,Davidson,Nashville,9/26/2017 3:45:00 PM,2,0,0,36.183330,-86.865550,BRILEY PKWYN,,,,962.00,Feet,South,BRILEY PKWY N EXT RAMP,,,,0.00,N,Not at Intersection, ,Non-Junction,None,,,         ,Kevin,Hooper,Clear,Front to Rear,no,no,no,no,no,False
101773700,METROPOLITAN NASHVILLE POLICE DEPT,2017-0856807,Davidson,Nashville,9/27/2017 12:32:00 PM,2,2,0,36.074000,-86.624870,ANDERSON RD,,,,0.00,,,CREEKVIEW DR,,,,0.00,Y,Four-Way,N,Intersection,Utility Zone,Laneclosure,Termination Area,         ,William,Whitworth,Clear,Angle,no,no,no,no,no,False
101773708,METROPOLITAN NASHVILLE POLICE DEPT,20170857093,Davidson,Nashville,9/27/2017 2:16:00 PM,3,0,0,36.146420,-86.870350,CHARLOTTE PKE,,,,160.00,Feet,East,WESTBORO DR,,,,0.00,N,Not at Intersection,N,Non-Junction,None,,,         ,Ethan,Usherwood,Clear,Front to Rear,no,no,no,no,no,False
101773711,METROPOLITAN NASHVILLE POLICE DEPT,20170857077,Davidson,Nashville,9/27/2017 2:23:00 PM,2,1,0,36.166170,-86.765940,SHELBY AV,,,,49.00,Feet,West,INTERSTATE DR,,,,0.00,N,Not at Intersection,N,Non-Junction,None,,,         ,Derek,Betty,Clear,Front to Rear,no,no,no,no,no,False
101773713,METROPOLITAN NASHVILLE POLICE DEPT,20170857223,Davidson,Nashville,9/27/2017 12:00:00 AM,1,1,0,36.183310,-86.809510,CLAY ST,,,,60.00,Feet,East,15TH AVN,,,,0.00,N,Not at Intersection,N,Non-Junction,None,,,         ,Melvin,Taylor,Clear,Not Collision with Motor Vehicle in Transport,yes,no,no,no,no,False
101773731,METROPOLITAN NASHVILLE POLICE DEPT,20170857185,Davidson,Nashville,9/27/2017 2:10:00 PM,2,0,0,36.132160,-86.779120,8TH AVS,,,,130.00,Feet,South,BENTON AV,,,,0.00,N,Not at Intersection, ,Non-Junction,None,,,         ,Brian,Etchison,Clear,"Sideswipe, Same Direction",no,no,no,no,no,False
101773766,METROPOLITAN NASHVILLE POLICE DEPT,20170857139,Davidson,Goodlettsville,9/27/2017 12:51:00 PM,2,0,0,36.304710,-86.688980,GALLATIN PKEN,,,,0.00,,,LIBERTY LN,,,,0.00,Y,T-Intersection, ,Intersection,None,,,         ,Joel,Callies,Clear,Front to Rear,no,no,no,no,no,False
101773768,METROPOLITAN NASHVILLE POLICE DEPT,20170857375,Davidson,Nashville,9/27/2017 3:40:00 PM,2,0,0,36.117160,-86.702580,BRILEY PKWY S ENT RAMP,,,,0.00,,,BRILEY PKWYS,,,,0.00,Y,Y-Intersection, ,Entrance/Exit Ramp Related,None,,,         ,Andrew,Mullen,Clear,"Sideswipe, Same Direction",no,no,no,no,no,False
101773792,METROPOLITAN NASHVILLE POLICE DEPT,20170857182,Davidson,Nashville,9/27/2017 3:11:00 PM,2,0,0,36.143260,-86.666660,DONELSON PKE,,,,719.00,Feet,South,SHACKLETT DR,,,,0.00,N,Not at Intersection,N,Non-Junction,None,,,         ,Jaby,Djabbarov,Clear,Angle,no,no,no,no,no,False
101773795,METROPOLITAN NASHVILLE POLICE DEPT,20170857397,Davidson,Nashville,9/27/2017 3:35:00 PM,2,0,0,36.165180,-86.781800,DEADERICK ST,,,,81.00,Feet,West,5TH AVN,,,,0.00,N,Not at Intersection, ,,None,,,         ,Darren,White,,,no,no,no,no,no,False
101773796,METROPOLITAN NASHVILLE POLICE DEPT,2017-0857399,Davidson,Nashville,9/27/2017 4:30:00 PM,2,0,0,36.215350,-86.588520,TULIP GROVE RD,,,,0.00,,,LEBANON PKE,,,,0.00,Y,Four-Way,N,Intersection-Related,None,,,         ,Sandra,Talavera,Clear,Front to Rear,no,no,no,no,yes,False
101773805,METROPOLITAN NASHVILLE POLICE DEPT,20170857173,Davidson,Nashville,9/27/2017 3:10:00 PM,2,0,0,36.206930,-86.768200,DICKERSON PKE,,,,43.00,Feet,North,OLD TRINITY LN,,,,0.00,N,Not at Intersection,N,Non-Junction,None,,,         ,Joshua,Lackey,Clear,Front to Rear,no,no,no,no,no,False
101773815,METROPOLITAN NASHVILLE POLICE DEPT,20170857405,Davidson,Nashville,9/27/2017 4:20:00 PM,2,1,0,36.050210,-86.874100,OLD HICKORY BLVD,,,,27.00,Feet,West,MIDDLETON PARK LN,,,,0.00,N,Not at Intersection,N,Non-Junction,None,,,         ,Torian,Cox,Clear,Front to Rear,no,no,no,no,no,False
101773817,METROPOLITAN NASHVILLE POLICE DEPT,20170857461,Davidson,Not in City Limit,9/27/2017 12:00:00 AM,2,0,0,36.352620,-86.880170,WHITES CREEK PKE,,,,131.00,Feet,North,BAXTER RD,,,,0.00,N,Not at Intersection, ,Non-Junction,None,,,         ,Melvin,Taylor,Clear,Front to Rear,no,no,no,no,no,False
101773829,METROPOLITAN NASHVILLE POLICE DEPT,20170857502,Davidson,Nashville,9/27/2017 4:30:00 PM,2,0,0,36.162700,-86.761200,I 24,,,,0.00,,,,,,,49.30,N,Not at Intersection, ,Non-Junction,None,,,         ,Phillip,Box,Clear,"Sideswipe, Same Direction",no,no,no,no,yes,False
101773831,METROPOLITAN NASHVILLE POLICE DEPT,20170857548,Davidson,Nashville,9/27/2017 4:38:00 PM,2,0,0,36.165440,-86.762800,S 4TH ST,,,,36.00,Feet,South,I24 W EXT RAMP,,,,0.00,N,Not at Intersection, ,,None,,,         ,Michael,Moss,,,no,no,no,no,no,False
101773832,METROPOLITAN NASHVILLE POLICE DEPT,20170857288,Davidson,Goodlettsville,9/27/2017 2:38:00 PM,2,0,0,36.300920,-86.694560,GALLATIN PKEN,,,,100.00,Feet,East,SHEPHERD HILLS DR,,,,0.00,N,Not at Intersection,N,Non-Junction,None,,,         ,Christopher,Littles,Cloudy,"Sideswipe, Same Direction",no,no,no,no,yes,False
101773833,METROPOLITAN NASHVILLE POLICE DEPT,20170857403,Davidson,Not in City Limit,9/27/2017 4:34:00 PM,3,1,0,36.263600,-86.717030,OLD HICKORY BLVDW,,,,100.00,Feet,West,PEGGY ST,,,,0.00,N,Not at Intersection,N,Non-Junction,None,,,         ,Christopher,Littles,Cloudy,Front to Rear,no,no,no,no,no,False
101773838,METROPOLITAN NASHVILLE POLICE DEPT,20170857415,Davidson,Nashville,9/27/2017 4:35:00 PM,3,0,0,36.131360,-86.726960,I24E,,,,397.00,Feet,North,I24 W ENT RAMP,,,,0.00,N,Not at Intersection, ,Non-Junction,None,,,         ,Patrick,Martin,Clear,Front to Rear,no,no,no,no,no,False
101773846,METROPOLITAN NASHVILLE POLICE DEPT,20170857558,Davidson,Nashville,9/27/2017 4:48:00 PM,2,0,0,36.222900,-86.746580,ELLINGTON PKWYS,,,,318.00,Feet,North,ELLINGTON PKWYN,,,,0.00,N,Not at Intersection, ,Non-Junction,None,,,         ,Christopher,Valdez,Clear,Front to Rear,no,no,no,no,yes,False
101773852,METROPOLITAN NASHVILLE POLICE DEPT,20170857183,Davidson,Nashville,9/27/2017 3:02:00 PM,2,0,0,36.170770,-86.606480,I40 W ENT RAMP,,,,0.00,Feet,East,I 40,,,,0.00,N,Not at Intersection, ,Non-Junction,None,,,         ,Kyle,Burks,Clear,"Sideswipe, Same Direction",no,no,no,no,no,False
101773853,METROPOLITAN NASHVILLE POLICE DEPT,20170857542,Davidson,Nashville,9/27/2017 4:27:00 PM,2,0,0,36.166510,-86.787370,ROSA L PARKS BLVD,,,,0.00,,,JAMES ROBERTSON PKWY,,,,0.00,Y,T-Intersection,N,Intersection,None,,,         ,Andrey,Volfson,Clear,Front to Rear,no,no,no,no,yes,False
101773864,METROPOLITAN NASHVILLE POLICE DEPT,20170857585,Davidson,Nashville,9/27/2017 4:43:00 PM,2,0,0,36.127750,-86.851560,WHITE BRIDGE PKE,,,,147.00,Feet,East,SAINT MARYS CAMPUS PVTDR,,,,0.00,N,Not at Intersection, ,Non-Junction,None,,,         ,Brandon,Pedigo,Clear,"Sideswipe, Same Direction",no,no,no,no,no,False
101773883,METROPOLITAN NASHVILLE POLICE DEPT,20170857662,Davidson,Nashville,9/27/2017 5:58:00 PM,2,0,0,36.152900,-86.769340,2ND AVS,,,,148.00,Feet,South,ASH ST,,,,0.00,N,Not at Intersection, ,,None,,,         ,Pedro,Rivera Chaparro,,,no,no,no,no,no,False
101773884,METROPOLITAN NASHVILLE POLICE DEPT,20170857135,Davidson,Nashville,9/27/2017 2:26:00 PM,2,2,0,36.101320,-86.802500,SHACKLEFORD RD,,,,0.00,Feet,,BELMONT BLVD,,,,0.00,Y,T-Intersection,N,Intersection,None,,,         ,Jacob,Paul,Clear,Other,no,no,no,no,no,False
101773900,METROPOLITAN NASHVILLE POLICE DEPT,20170857448,Davidson,Goodlettsville,9/27/2017 4:47:00 PM,2,0,0,36.298530,-86.697830,GALLATIN PKEN,,,,585.00,Feet,South,CUDE LN,,,,0.00,N,Not at Intersection,N,Non-Junction,None,,,         ,Rodney,Phipps,Clear,Angle,no,no,no,no,no,False
101773904,METROPOLITAN NASHVILLE POLICE DEPT,20170857483,Davidson,Nashville,9/27/2017 4:16:00 PM,2,0,0,36.154580,-86.788590,I 40,,,,0.00,,,,,,,209.25,N,Not at Intersection, ,Non-Junction,None,,,         ,David,Collins,Clear,Front to Rear,no,no,no,no,no,False
101773905,METROPOLITAN NASHVILLE POLICE DEPT,20170857646,Davidson,Nashville,9/27/2017 4:50:00 PM,2,0,0,36.125570,-86.815270,WOODLAWN DR,,,,94.00,Feet,West,LINMAR AV,,,,0.00,N,Not at Intersection, ,Non-Junction,None,,,         ,Torian,Cox,Clear,"Sideswipe, Same Direction",no,no,no,no,no,False
101773906,METROPOLITAN NASHVILLE POLICE DEPT,20170857312,Davidson,Nashville,9/27/2017 3:57:00 PM,2,0,0,36.155960,-86.789890,I40 E EXT RAMP,,,,0.00,,,I 40,,,,0.00,Y,OTHER, ,Non-Junction,None,,,         ,Jacob,Paul,Clear,"Sideswipe, Same Direction",no,no,no,no,no,False
101773911,METROPOLITAN NASHVILLE POLICE DEPT,20170857678,Davidson,Nashville,9/27/2017 6:06:00 PM,2,1,0,36.244500,-86.678400,NEELYS BEND RD,,,,100.00,Feet,North,NIX PASS,,,,0.00,N,Not at Intersection,N,Non-Junction,None,,,         ,Christopher,Littles,Clear,Front to Rear,no,no,no,no,no,False
101773912,METROPOLITAN NASHVILLE POLICE DEPT,20170857609,Davidson,Nashville,9/27/2017 5:30:00 PM,2,0,0,36.248460,-86.783610,I 24,,,,0.00,,,,,,,42.80,N,Not at Intersection, ,Non-Junction,None,,,         ,Jerry,Pirtle,Cloudy,"Sideswipe, Same Direction",no,no,no,no,no,False
101773916,METROPOLITAN NASHVILLE POLICE DEPT,20170857614,Davidson,Nashville,9/27/2017 5:00:00 PM,2,0,0,36.108310,-86.769140,I 65,,,,0.00,,,,,,,79.60,N,Not at Intersection, ,Non-Junction,None,,,         ,Brian,Etchison,Clear,Front to Rear,no,no,no,no,no,False
101773917,METROPOLITAN NASHVILLE POLICE DEPT,20170857628,Davidson,Nashville,9/27/2017 5:57:00 PM,2,0,0,36.146200,-86.742040,I 40,,,,0.00,,,,,,,212.15,N,Not at Intersection, ,Non-Junction,None,,,         ,Darren,White,Clear,"Sideswipe, Same Direction",no,no,no,no,yes,False
101773942,METROPOLITAN NASHVILLE POLICE DEPT,20170857766,Davidson,Nashville,9/27/2017 6:18:00 PM,1,0,0,36.037310,-86.642830,CROSSINGS BLVD,,,,165.00,Feet,East,CROSSINGS CIR,,,,0.00,N,Not at Intersection, ,Non-Junction,None,,,         ,Alyson,Cook,Clear,Not Collision with Motor Vehicle in Transport,no,no,no,no,no,False
101773946,METROPOLITAN NASHVILLE POLICE DEPT,20170857571,Davidson,Nashville,9/27/2017 5:22:00 PM,3,1,0,36.028220,-86.590330,MURFREESBORO PKE,,,,62.00,Feet,South,LAVERGNE COUCHVILLE PKE,,,,0.00,N,Not at Intersection,N,Non-Junction,None,,,         ,Marcus,Darden,Clear,Front to Rear,no,no,no,no,no,False
101773971,METROPOLITAN NASHVILLE POLICE DEPT,20170857648,Davidson,Not in City Limit,9/27/2017 4:57:00 PM,2,0,0,36.264130,-86.726370,OLD HICKORY BLVDW,,,,60.00,Feet,East,RONNIE RD,,,,0.00,N,Not at Intersection, ,Non-Junction,None,,,         ,Cecilia,Gomez,Clear,Front to Rear,no,no,no,no,no,False
101773973,METROPOLITAN NASHVILLE POLICE DEPT,20170857493,Davidson,Nashville,9/27/2017 3:17:00 PM,2,1,0,36.160760,-86.793690,CHARLOTTE AV,,,,0.00,,,14TH AVN,,,,0.00,Y,Four-Way,N,Intersection,None,,,         ,Eric,Burford,Clear,Angle,no,no,no,no,no,False
101774001,METROPOLITAN NASHVILLE POLICE DEPT,20170857650,Davidson,Nashville,9/27/2017 6:03:00 PM,2,0,0,36.143980,-86.877770,WILCLAY DR,,,,185.00,Feet,South,COUGAR DR,,,,0.00,N,Not at Intersection,N,Non-Junction,None,,,         ,Regina,Lewis,Clear,Angle,no,no,no,yes,yes,False
101774003,METROPOLITAN NASHVILLE POLICE DEPT,20170857714,Davidson,Nashville,9/27/2017 5:40:00 PM,2,0,0,36.154330,-86.742530,LEBANON PKE,,,,150.00,Feet,West,FESSLERS LN,,,,0.00,N,Not at Intersection,N,Non-Junction,None,,,         ,Jonathan,Cavezza,Clear,Angle,no,no,no,no,no,False
101774004,METROPOLITAN NASHVILLE POLICE DEPT,20170857855,Davidson,Nashville,9/27/2017 5:42:00 PM,2,0,0,36.094420,-86.653390,OLD MURFREESBORO PKE,,,,0.00,,,MURFREESBORO PKE,,,,0.00,Y,Four-Way, ,Non-Junction,None,,,         ,Michael,Apsey,Clear,Front to Rear,no,no,no,no,no,False
101774005,METROPOLITAN NASHVILLE POLICE DEPT,20170857540,Davidson,Nashville,9/27/2017 5:21:00 PM,2,0,0,36.146060,-86.822020,I 440,,,,0.00,,,,,,,1.20,N,Not at Intersection, ,Non-Junction,None,,,         ,Jacob,Paul,Clear,"Sideswipe, Same Direction",no,no,no,no,no,False
101774007,METROPOLITAN NASHVILLE POLICE DEPT,20170857926,Davidson,Nashville,9/27/2017 7:09:00 PM,2,0,0,36.188740,-86.729150,GREENWOOD AV,,,,0.00,,,PORTER RD,,,,0.00,Y,Four-Way, ,Intersection,None,,,         ,Ryan,Howard,Clear,Angle,no,no,no,no,no,False
101774017,METROPOLITAN NASHVILLE POLICE DEPT,20170857800,Davidson,Nashville,9/27/2017 7:06:00 PM,1,1,0,36.126590,-86.711310,EAST THOMPSON LN,,,,77.00,Feet,West,THOMPSON PL,,,,0.00,N,Not at Intersection,N,Non-Junction,None,,,         ,Andrew,Mullen,Clear,Not Collision with Motor Vehicle in Transport,yes,no,no,no,no,False
101774023,METROPOLITAN NASHVILLE POLICE DEPT,20170857983,Davidson,Nashville,9/27/2017 12:00:00 AM,2,0,0,36.167470,-86.820660,28TH AVN,,,,118.00,Feet,South,JEFFERSON ST,,,,0.00,N,Not at Intersection, ,Non-Junction,None,,,         ,Melvin,Taylor,Clear,"Sideswipe, Same Direction",no,no,no,no,no,False
101774039,METROPOLITAN NASHVILLE POLICE DEPT,20170857924,Davidson,Nashville,9/27/2017 7:31:00 PM,2,0,0,36.069250,-86.690900,I24 E EXT RAMP,,,,0.00,Feet,East,I 24,,,,0.00,N,Not at Intersection,N,Entrance/Exit Ramp Related,None,,,         ,Alyson,Cook,Clear,Front to Rear,no,no,no,no,no,False
101774040,METROPOLITAN NASHVILLE POLICE DEPT,20170857443,Davidson,Nashville,9/27/2017 4:43:00 PM,1,0,0,36.045660,-86.706430,HICKORY VALLEY CONDOS PVTDR,,,,15.00,Feet,North,OLD HICKORY BLVD,,,,0.00,N,Not at Intersection,N,Non-Junction,None,,,         ,Darryl,Williams,Clear,Not Collision with Motor Vehicle in Transport,no,no,no,no,yes,False
101774049,METROPOLITAN NASHVILLE POLICE DEPT,20170857953,Davidson,Nashville,9/27/2017 6:00:00 PM,2,0,0,36.123400,-86.786410,MONTROSE AV,,,,0.00,,,10TH AVS,,,,0.00,Y,Four-Way,N,Intersection,None,,,         ,Hillary,Sherman,Clear,Angle,no,no,no,no,no,False
101774068,METROPOLITAN NASHVILLE POLICE DEPT,20170857818,Davidson,Nashville,9/27/2017 7:11:00 PM,2,0,0,36.134640,-86.779060,8TH AVS,,,,131.00,Feet,North,WEDGEWOOD AV,,,,0.00,N,Not at Intersection,N,Non-Junction,None,,,         ,Jacob,Paul,Clear,Angle,no,no,no,no,no,False
101774093,METROPOLITAN NASHVILLE POLICE DEPT,20170858239,Davidson,Nashville,9/27/2017 8:03:00 PM,2,0,0,36.089070,-86.649990,MURFREESBORO PKE,,,,0.00,,,RANSOM PL,,,,0.00,Y,Four-Way, ,Intersection,None,,,         ,Michael,Apsey,Clear,Front to Rear,no,no,no,no,no,False
101774094,METROPOLITAN NASHVILLE POLICE DEPT,20170858318,Davidson,Nashville,9/27/2017 12:00:00 AM,1,0,0,36.223400,-86.774540,I 65,,,,0.00,,,,,,,88.50,N,Not at Intersection, ,Non-Junction,None,,,         ,Melvin,Taylor,Clear,Not Collision with Motor Vehicle in Transport,no,no,no,no,no,False
101774105,METROPOLITAN NASHVILLE POLICE DEPT,20170857354,Davidson,Nashville,9/27/2017 4:06:00 PM,2,0,0,36.152310,-86.753990,I 40,,,,0.00,,,,,,,211.35,N,Not at Intersection, ,Non-Junction,None,,,         ,John,Daugherty,Clear,"Sideswipe, Same Direction",no,no,no,no,no,False
101774130,METROPOLITAN NASHVILLE POLICE DEPT,20170858173,Davidson,Nashville,9/27/2017 9:14:00 PM,2,0,0,36.202400,-86.776640,I 65,,,,0.00,,,,,,,87.00,N,Not at Intersection, ,Non-Junction,None,,,         ,Joshua,Lackey,Clear,"Sideswipe, Same Direction",no,no,no,no,no,False
101774131,METROPOLITAN NASHVILLE POLICE DEPT,20170857862,Davidson,Nashville,9/27/2017 5:30:00 PM,2,0,0,36.158760,-86.624600,I 40,,,,0.00,,,,,,,219.30,N,Not at Intersection, ,Non-Junction,None,,,         ,Jefferson,Hughes,Clear,Not Collision with Motor Vehicle in Transport,no,no,no,no,yes,False