master_record_number,agency,agency_tracking_number,county,city,collision_date,vehicles_involved,number_injured,number_dead,latitude,longitude,roadway_name,roadway_suffix,roadway_number,roadway_local_id,distance_from_reference,miles-feet_indicator,direction_from_reference,intersection_road_name,intersection_road_name_suffix,intersection_road_number,intersection_local_id,mile_marker,intersection_indicator,intersect_type,interchange_related_indicator,relation_to_junction,work_zone_type,construction_maintenance_zone,construction_maintenance_zone_location,fatal_case_number,officer_first_name,officer_last_name,weather_condition(s),manner_of_crash,pedestrian,bicycle,scooter,parking,hitrun,mou
101776279,METROPOLITAN NASHVILLE POLICE DEPT,20170864366,Davidson,Nashville,9/29/2017 6:23:00 PM,2,0,0,36.084980,-86.647740,MURFREESBORO PKE,,,,509.00,Feet,North,BROOKSBORO PL,,,,0.00,N,Not at Intersection,N,Non-Junction,None,,,         ,Michael,Apsey,Clear,"Sideswipe, Same Direction",no,no,no,no,no,False
101776280,METROPOLITAN NASHVILLE POLICE DEPT,20170864410,Davidson,Nashville,9/29/2017 6:23:00 PM,2,0,0,36.127560,-86.783090,9TH AVS,,,,0.00,,,BRADFORD AV,,,,0.00,Y,Four-Way,N,Intersection-Related,None,,,         ,Tien,Nguyen,Clear,Angle,no,no,no,no,no,False
101776281,METROPOLITAN NASHVILLE POLICE DEPT,20170864144,Davidson,Nashville,9/29/2017 4:55:00 PM,2,2,0,36.137090,-86.778800,8TH AVS,,,,141.00,Feet,South,ALLOWAY ST,,,,0.00,N,Not at Intersection,N,Non-Junction,None,,,         ,Allyson,Reis,Clear,Angle,no,no,no,no,no,False
101776282,METROPOLITAN NASHVILLE POLICE DEPT,20170864075,Davidson,Nashville,9/29/2017 4:32:00 PM,3,1,0,36.170830,-86.746800,SHELBY AV,,,,0.00,,,S 14TH ST,,,,0.00,Y,Four-Way,N,Intersection-Related,None,,,         ,Alexander,Georgeson,Clear,Front to Rear,no,no,no,no,no,False
101776294,METROPOLITAN NASHVILLE POLICE DEPT,20170864289,Davidson,Nashville,9/29/2017 4:15:00 PM,2,0,0,36.183701,-86.813761,CLARKSVILLE,PIKE,,,0.00,,,MCDANIEL,ST,SR,,0.00,Y,T-Intersection, ,Intersection-Related,None,,,         ,Benjamin,Cole,Clear,Angle,no,no,no,no,no,False
101776297,METROPOLITAN NASHVILLE POLICE DEPT,20170864203,Davidson,Nashville,9/29/2017 4:04:00 PM,2,0,0,36.149480,-86.773120,I 40,,,,0.00,,,,,,,210.20,N,Not at Intersection,N,Non-Junction,None,,,         ,Tien,Nguyen,Clear,Front to Rear,no,no,no,no,yes,False
101776314,BERRY HILL POLICE DEPT,17-3337,Davidson,Berry Hill,9/29/2017 12:00:00 AM,2,2,0,36.126190,-86.777070,FRANKLIN PKE,,,,0.00,,,CRAIGHEAD ST,,,,0.00,Y,Four-Way,Y,Intersection,None,,,         ,John,Gleixner,Clear,Angle,no,no,no,no,no,False
101776319,METROPOLITAN NASHVILLE POLICE DEPT,20170864342,Davidson,Nashville,9/29/2017 12:00:00 AM,2,0,0,36.232090,-86.724830,GALLATIN PKE,,,,94.00,Feet,South,INGLEWOOD DR,,,,0.00,N,Not at Intersection, ,,None,,,         ,Gordon,Stovall,,,no,no,no,no,no,False
101776320,METROPOLITAN NASHVILLE POLICE DEPT,20170864459,Davidson,Nashville,9/29/2017 7:05:00 PM,2,0,0,36.137510,-86.728280,MURFREESBORO PKE,,,,0.00,,,,,,,0.00,,, ,,None,,,         ,Brian,Smith,,,no,no,no,no,no,False
101776324,METROPOLITAN NASHVILLE POLICE DEPT,20170864202,Davidson,Nashville,9/29/2017 5:14:00 PM,2,0,0,36.171190,-86.767750,I 24,,,,0.00,,,,,,,48.60,N,Not at Intersection, ,Non-Junction,None,,,         ,Phillip,Box,Clear,Front to Rear,no,no,no,no,no,False
101776327,METROPOLITAN NASHVILLE POLICE DEPT,20170864522,Davidson,Nashville,9/29/2017 6:31:00 PM,2,0,0,36.106210,-86.673060,MURFREESBORO PKE,,,,0.00,,,DONELSON PKE,,,,0.00,Y,Four-Way, ,Intersection,None,,,         ,Michael,Apsey,Clear,Front to Rear,no,no,no,no,no,False
101776329,METROPOLITAN NASHVILLE POLICE DEPT,20170864130,Davidson,Antioch,9/29/2017 5:45:00 PM,2,0,0,36.047300,-86.590320,PIN HOOK RD,,,,86.00,Feet,West,PIN OAK DR,,,,0.00,N,Not at Intersection,N,Non-Junction,None,,,         ,Jessie,Meadows,Clear,Angle,no,no,no,no,no,False
101776358,METROPOLITAN NASHVILLE POLICE DEPT,20170864611,Davidson,Antioch,9/29/2017 8:00:00 PM,1,1,0,36.058340,-86.597220,HAMILTON CHURCH RD,,,,175.00,Feet,East,HOBSON PKE,,,,0.00,N,Not at Intersection,N,Non-Junction,None,,,         ,Alyson,Cook,Clear,Not Collision with Motor Vehicle in Transport,yes,no,no,no,no,False
101776362,METROPOLITAN NASHVILLE POLICE DEPT,20170863960,Davidson,Nashville,9/29/2017 3:53:00 PM,1,2,0,36.080000,-86.696200,I 24,,,,0.00,,,,,,,56.20,N,Not at Intersection,N,Non-Junction,None,,,         ,Patrick,Martin,Clear,Not Collision with Motor Vehicle in Transport,no,no,no,no,no,False
101776376,METROPOLITAN NASHVILLE POLICE DEPT,20170863972,Davidson,Nashville,9/29/2017 4:20:00 PM,2,0,0,36.079930,-86.696150,I 24,,,,0.00,,,,,,,56.20,N,Not at Intersection, ,Non-Junction,None,,,         ,Aimee,Ortiz,Clear,Other,no,no,no,no,no,False
101776387,METROPOLITAN NASHVILLE POLICE DEPT,20170863931,Davidson,Nashville,9/29/2017 3:15:00 PM,2,0,0,36.046430,-86.654700,HICKORY HOLLOW PKWY,,,,0.00,,,HICKORY HOLLOW LN,,,,0.00,Y,Four-Way,N,Intersection,None,,,         ,Nathaniel,Myers,Clear,Angle,no,no,no,no,no,False
101776394,METROPOLITAN NASHVILLE POLICE DEPT,20170864712,Davidson,Nashville,9/29/2017 8:15:00 PM,2,0,0,36.197240,-86.687860,OPRY MILLS DR,,,,1.00,Feet,West,BRILEY PKWYN,,,,0.00,N,Not at Intersection,N,Non-Junction,None,,,         ,Jonathan,Cavezza,Clear,Front to Rear,no,no,no,no,yes,False
101776397,METROPOLITAN NASHVILLE POLICE DEPT,20170864578,Davidson,Nashville,9/29/2017 4:20:00 PM,2,0,0,36.191350,-86.827400,CLARKSVILLE PKE,,,,0.00,,,TSU CONNECTOR,,,,0.00,Y,OTHER, ,Non-Junction,None,,,         ,Roy,Sain Jr.,Clear,Front to Rear,no,no,no,no,yes,False
101776434,METROPOLITAN NASHVILLE POLICE DEPT,20170864707,Davidson,Nashville,9/29/2017 8:07:00 PM,2,0,0,36.052880,-86.674850,TUSCULUM RD,,,,59.00,Feet,West,BLUE LAKE CIR,,,,0.00,N,Not at Intersection, ,Non-Junction,None,,,         ,Alyson,Cook,Clear,Front to Rear,no,no,no,no,no,False
101776435,METROPOLITAN NASHVILLE POLICE DEPT,20170864666,Davidson,Nashville,9/29/2017 8:16:00 PM,2,2,0,36.157380,-86.792700,15TH AVN,,,,0.00,,,CHURCH ST,,,,0.00,Y,Four-Way,N,Intersection,None,,,         ,David,Collins,Clear,HeadOn,no,no,no,no,no,False
101776445,METROPOLITAN NASHVILLE POLICE DEPT,20170864412,Davidson,Nashville,9/29/2017 3:00:00 PM,2,0,0,36.173780,-86.770680,INTERSTATE DR,,,,60.00,Feet,West,OLDHAM ST,,,,0.00,N,Not at Intersection,N,Non-Junction,None,,,         ,Gregory,Scott,Clear,"Sideswipe, Same Direction",no,no,no,no,no,False
101776461,METROPOLITAN NASHVILLE POLICE DEPT,20170864764,Davidson,Not in City Limit,9/29/2017 8:50:00 PM,1,0,0,36.077770,-86.999930,I 40,,,,0.00,,,,,,,193.65,N,Not at Intersection,N,Non-Junction,None,,,         ,Andrew,Brazee,Clear,Not Collision with Motor Vehicle in Transport,no,no,no,no,no,False
101776462,METROPOLITAN NASHVILLE POLICE DEPT,20170864829,Davidson,Nashville,9/29/2017 7:09:00 PM,2,0,0,36.091710,-86.704680,I 24,,,,0.00,,,,,,,55.25,N,Not at Intersection,N,Non-Junction,None,,,         ,Alyson,Cook,Clear,Front to Rear,no,no,no,no,no,False
101776495,METROPOLITAN NASHVILLE POLICE DEPT,20170864852,Davidson,Nashville,9/29/2017 9:14:00 PM,2,0,0,36.195490,-86.744400,TREVECCA AV,,,,9.00,Feet,South,MCCLURKAN AV,,,,0.00,N,Not at Intersection, ,Non-Junction,None,,,         ,Amanda,Fox,Clear,"Sideswipe, Same Direction",no,no,no,no,no,False
101776498,METROPOLITAN NASHVILLE POLICE DEPT,20170864665,Davidson,Nashville,9/29/2017 8:15:00 PM,1,0,0,36.160970,-86.769410,KOREAN VETERANS BLVD,,,,551.00,Feet,West,EAST BANK GRNWY,,,,0.00,N,Not at Intersection,N,Non-Junction,None,,,         ,Gregory,Scott,Clear,Not Collision with Motor Vehicle in Transport,no,yes,no,no,no,False
101776499,METROPOLITAN NASHVILLE POLICE DEPT,20170864708,Davidson,Nashville,9/29/2017 8:16:00 PM,2,0,0,36.182140,-86.608120,OLD HICKORY BLVD,,,,0.00,,,FRIST BLVD,,,,0.00,Y,Four-Way, ,Intersection,None,,,         ,Jonathon,Sheppard,Clear,Front to Rear,no,no,no,no,no,False
101776500,METROPOLITAN NASHVILLE POLICE DEPT,20170864784,Davidson,Nashville,9/29/2017 8:33:00 PM,2,0,0,36.179500,-86.606030,OLD HICKORY BLVD,,,,0.00,,,FRIST BLVD,,,,0.00,Y,Four-Way, ,Intersection,None,,,         ,Jonathon,Sheppard,Clear,Angle,no,no,no,no,no,False
101776501,METROPOLITAN NASHVILLE POLICE DEPT,20170864358,Davidson,Nashville,9/29/2017 6:25:00 PM,3,0,0,36.160990,-86.793140,CHARLOTTE AV,,,,59.00,Feet,East,I40 E EXT RAMP,,,,0.00,N,Not at Intersection,N,Non-Junction,None,,,         ,Nathan,Dungan,Clear,Front to Rear,no,no,no,no,no,False
101776526,METROPOLITAN NASHVILLE POLICE DEPT,20170864980,Davidson,Nashville,9/29/2017 9:01:00 PM,2,0,0,36.068120,-86.696340,CREEKSIDE DR,,,,0.00,,,KEELEY DR,,,,0.00,Y,Four-Way,N,Intersection,None,,,         ,Alyson,Cook,Clear,Angle,no,no,no,no,yes,False
101776529,METROPOLITAN NASHVILLE POLICE DEPT,2017-0863884,Davidson,Nashville,9/29/2017 3:24:00 PM,2,1,0,36.158060,-86.877010,ROBERTSON AV,,,,0.00,,,JAMES AV,,,,0.00,Y,Four-Way,N,Intersection,None,,,         ,Ryan,Allen,Clear,Angle,no,no,no,no,no,False
101776539,METROPOLITAN NASHVILLE POLICE DEPT,20170864787,Davidson,Nashville,9/29/2017 8:31:00 PM,3,0,0,36.042080,-86.835180,OLD HICKORY BLVD,,,,423.00,Feet,West,DERBY GLEN LN,,,,0.00,N,Not at Intersection,N,Non-Junction,None,,,         ,William,King,Clear,Front to Rear,no,no,no,no,no,False
101776558,METROPOLITAN NASHVILLE POLICE DEPT,20170864608,Davidson,Nashville,9/29/2017 7:55:00 PM,2,0,0,36.091510,-86.735140,NOLENSVILLE PKE,,,,39.00,Feet,North,YELTON CT,,,,0.00,N,Not at Intersection,N,Non-Junction,None,,,         ,John,Stanfield,Clear,"Sideswipe, Opposite Direction",no,no,no,no,yes,False
101776563,METROPOLITAN NASHVILLE POLICE DEPT,20170864835,Davidson,Nashville,9/29/2017 8:20:00 PM,2,1,0,36.074000,-86.624870,ANDERSON RD,,,,0.00,,,CREEKVIEW DR,,,,0.00,Y,Four-Way,N,Non-Junction,None,,,         ,Joseph,Progar,Clear,Angle,no,no,no,no,no,False
101776669,METROPOLITAN NASHVILLE POLICE DEPT,20170860561,Davidson,Nashville,9/28/2017 3:32:00 PM,2,0,0,36.044860,-86.670430,BELL RD,,,,0.00,,,HICKORY PARK DR,,,,0.00,Y,T-Intersection, ,Intersection,None,,,         ,Pamela,Caulder,Clear,Front to Rear,no,no,no,no,no,False
101776670,METROPOLITAN NASHVILLE POLICE DEPT,20170865163,Davidson,Not in City Limit,9/29/2017 10:47:00 PM,2,1,0,36.261270,-86.712520,GALLATIN PKES,,,,10.00,Feet,North,MAPLE ST,,,,0.00,N,Not at Intersection,N,Non-Junction,None,,,         ,Colin,Bleem,Clear,Angle,no,no,no,no,no,False
101776699,METROPOLITAN NASHVILLE POLICE DEPT,20170865131,Davidson,Nashville,9/29/2017 11:01:00 PM,2,0,0,36.150080,-86.805510,23RD AVN,,,,0.00,,,ELLISTON PL,,,,0.00,Y,Four-Way, ,Intersection,None,,,         ,Deandera,Payne,Clear,Front to Rear,no,no,no,no,no,Campus
101776701,METROPOLITAN NASHVILLE POLICE DEPT,20170865359,Davidson,Nashville,9/29/2017 11:54:00 PM,2,0,0,36.025130,-86.689240,BARNES RD,,,,381.00,Feet,East,BLACKPOOL DR,,,,0.00,N,Not at Intersection,N,Non-Junction,None,,,         ,Ryan,Storm,Clear,HeadOn,no,no,no,no,no,False
101776721,METROPOLITAN NASHVILLE POLICE DEPT,20170865091,Davidson,Nashville,9/30/2017 12:00:00 AM,2,0,0,36.074520,-86.919830,HIGHWAY 70S,,,,0.00,,,,,,,0.00,,, ,Non-Junction,None,,,         ,Albert,Wilson,Clear,Angle,no,no,no,yes,yes,False
101776722,METROPOLITAN NASHVILLE POLICE DEPT,20170865046,Davidson,Nashville,9/29/2017 10:27:00 PM,2,0,0,36.178650,-86.800690,I 65,,,,0.00,,,,,,,84.90,N,Not at Intersection, ,,None,,,         ,Myriah,Iles,,,no,no,no,no,no,False
101776724,METROPOLITAN NASHVILLE POLICE DEPT,20170865283,Davidson,Not in City Limit,9/29/2017 10:00:00 PM,2,0,0,35.987740,-86.670410,MACAULEY LN,,,,260.00,Feet,East,WHITMAN CT,,,,0.00,N,Not at Intersection,N,Non-Junction,None,,,         ,Brenda,Navarro,Cloudy,Front to Rear,no,no,no,no,no,False
101776742,METROPOLITAN NASHVILLE POLICE DEPT,20170865140,Davidson,Not in City Limit,9/29/2017 10:10:00 PM,2,1,0,36.026850,-87.017100,HIGHWAY 100,,,,1162.00,Feet,West,OLD HARDING LN,,,,0.00,N,Not at Intersection,N,Non-Junction,None,,,         ,Edward,Holden,Clear,Front to Rear,no,no,no,no,yes,False
101776747,METROPOLITAN NASHVILLE POLICE DEPT,20170865273,Davidson,Nashville,9/29/2017 11:30:00 PM,2,0,0,36.167980,-86.777330,GAY ST,,,,66.00,Feet,South,JAMES ROBERTSON PKWY,,,,0.00,N,Not at Intersection,N,Non-Junction,None,,,         ,Jason,Hogan,Clear,Unknown,no,no,no,no,yes,False
101776752,METROPOLITAN NASHVILLE POLICE DEPT,20170865529,Davidson,Nashville,9/30/2017 1:58:00 AM,1,1,0,36.200340,-86.740270,GALLATIN PKE,,,,102.00,Feet,North,SPAIN AV,,,,0.00,N,Not at Intersection,N,Non-Junction,None,,,         ,Samuel,Kersten,Clear,Not Collision with Motor Vehicle in Transport,no,no,no,no,no,False
101776767,METROPOLITAN NASHVILLE POLICE DEPT,20170865514,Davidson,Nashville,9/30/2017 1:00:00 AM,2,0,0,36.045130,-86.661530,CANE RIDGE RD,,,,129.00,Feet,North,BELL RD,,,,0.00,N,Not at Intersection,N,Non-Junction,None,,,         ,Gary,Peters,Clear,Rear to Rear,no,no,no,yes,yes,False
101776784,METROPOLITAN NASHVILLE POLICE DEPT,20170865367,Davidson,Nashville,9/30/2017 12:36:00 AM,2,0,0,36.168020,-86.777350,GAY ST,,,,50.00,Feet,South,JAMES ROBERTSON PKWY,,,,0.00,N,Not at Intersection,N,Non-Junction,None,,,         ,Jason,Hogan,Clear,Unknown,no,no,no,no,yes,False
101776790,METROPOLITAN NASHVILLE POLICE DEPT,20170865735,Davidson,Nashville,9/30/2017 3:56:00 AM,1,0,0,36.130270,-86.754300,POLK AV,,,,217.00,Feet,East,NOLENSVILLE PKE,,,,0.00,N,Not at Intersection,N,Non-Junction,None,,,         ,Kayla,Castro,Clear,Not Collision with Motor Vehicle in Transport,no,no,no,no,no,False
101776802,METROPOLITAN NASHVILLE POLICE DEPT,20170865840,Davidson,Nashville,9/30/2017 5:39:00 AM,2,0,0,36.151150,-86.785890,I 40,,,,0.00,,,,,,,209.50,N,Not at Intersection,N,Non-Junction,None,,,         ,Hunter,Fikes,Clear,Angle,no,no,no,no,yes,False
101776815,METROPOLITAN NASHVILLE POLICE DEPT,20170865814,Davidson,Nashville,9/30/2017 5:15:00 AM,2,0,0,36.200430,-86.738420,BRONTE AV,,,,0.00,,,,,,,0.00,,, ,,None,,,         ,Brady,Reynolds,,,no,no,no,yes,no,False
101776816,METROPOLITAN NASHVILLE POLICE DEPT,20170865785,Davidson,Nashville,9/30/2017 4:47:00 AM,2,1,0,36.123580,-86.808620,I 440,,,,0.00,,,,,,,2.60,N,Not at Intersection,N,Non-Junction,None,,,         ,Deandera,Payne,Clear,"Sideswipe, Same Direction",no,no,no,no,yes,False
101776817,METROPOLITAN NASHVILLE POLICE DEPT,20170865777,Davidson,Nashville,9/30/2017 4:38:00 AM,2,0,0,36.111750,-86.710090,BRILEY PKWYN,,,,161.00,Feet,West,CURREY RD,,,,0.00,N,Not at Intersection,N,Non-Junction,None,,,         ,Erik,Dabbs,Clear,Front to Rear,no,no,no,no,yes,False
101776818,METROPOLITAN NASHVILLE POLICE DEPT,20170865745,Davidson,Nashville,9/30/2017 4:00:00 AM,1,1,0,36.248060,-86.682640,NEELYS BEND RD,,,,0.00,,,JASPERSON DR,,,,0.00,Y,T-Intersection,N,Non-Junction,None,,,         ,Caesar,Harris,Clear,Not Collision with Motor Vehicle in Transport,no,no,no,no,no,False
101776840,METROPOLITAN NASHVILLE POLICE DEPT,20170865868,Davidson,Nashville,9/30/2017 6:14:00 AM,1,2,0,36.206410,-86.690000,BRILEY PKWYN,,,,0.00,,,,,,,0.00,,,N,Non-Junction,None,,,         ,Patrick,McGinnis,Clear,Not Collision with Motor Vehicle in Transport,no,no,no,no,no,False
101776854,METROPOLITAN NASHVILLE POLICE DEPT,20170865451,Davidson,Nashville,9/29/2017 11:00:00 PM,2,0,0,36.164860,-86.767910,S 2ND ST,,,,0.00,,,KOREAN VETERANS BLVD,,,,0.00,Y,Four-Way,N,Non-Junction,None,,,         ,Paxton,Montgomery,Clear,Front to Rear,no,no,no,no,yes,False
101776856,METROPOLITAN NASHVILLE POLICE DEPT,20170865707,Davidson,Nashville,9/30/2017 3:25:00 AM,2,1,0,36.087250,-86.700640,I24 W ENT RAMP,,,,0.00,Feet,East,I 24,,,,0.00,N,Not at Intersection,N,Non-Junction,None,,,         ,Brenda,Navarro,Cloudy,Front to Rear,no,no,no,no,no,False
101776861,METROPOLITAN NASHVILLE POLICE DEPT,20170865788,Davidson,Nashville,9/30/2017 4:46:00 AM,2,0,0,36.079700,-86.696290,I 24,,,,0.00,,,,,,,56.20,N,Not at Intersection, ,Non-Junction,None,,,         ,Gary,Peters,Clear,Not Collision with Motor Vehicle in Transport,no,no,no,no,no,False
101776863,METROPOLITAN NASHVILLE POLICE DEPT,20170865574,Davidson,Nashville,9/30/2017 12:00:00 AM,1,0,0,36.230520,-86.765870,EWING DR,,,,0.00,,,RICH ACRES DR,,,,0.00,Y,T-Intersection,Y,Intersection,None,,,         ,Amanda,Hane,Clear,Not Collision with Motor Vehicle in Transport,no,no,no,no,yes,False
101776869,METROPOLITAN NASHVILLE POLICE DEPT,20170865897,Davidson,Not in City Limit,9/30/2017 6:40:00 AM,1,0,0,36.045830,-86.981720,MCCRORY LN,,,,635.00,Feet,North,NATCHEZ POINTE DR,,,,0.00,N,Not at Intersection,N,Non-Junction,None,,,         ,Wesley,Tilley,Clear,Not Collision with Motor Vehicle in Transport,no,no,no,no,no,False
101776933,METROPOLITAN NASHVILLE POLICE DEPT,20170866082,Davidson,Nashville,9/30/2017 9:03:00 AM,2,0,0,36.128000,-86.851960,WHITE BRIDGE PKE,,,,0.00,,,POST PL,,,,0.00,Y,Four-Way,N,Intersection,None,,,         ,Adam,Reese,Clear,Angle,no,no,no,no,no,False
101776944,METROPOLITAN NASHVILLE POLICE DEPT,20170863465,Davidson,Nashville,9/29/2017 10:28:00 AM,2,0,0,36.155370,-86.781160,CLARK PL,,,,0.00,,,9TH AVS,,,,0.00,Y,OTHER, ,Non-Junction,None,,,         ,Byron,Carter,Clear,Other,no,no,no,no,no,False
101776954,METROPOLITAN NASHVILLE POLICE DEPT,20170866065,Davidson,Nashville,9/30/2017 8:50:00 AM,2,1,0,36.068720,-86.678140,RICHARDS RD,,,,0.00,,,LORI DR,,,,0.00,Y,OTHER,N,Non-Junction,None,,,         ,Sharissa,Perez,Clear,Angle,no,no,no,no,no,False
101776960,BERRY HILL POLICE DEPT,17-3333,Davidson,Berry Hill,9/29/2017 11:09:00 AM,2,0,0,36.122560,-86.775860,FRANKLIN PKE,,,,0.00,,,BILOXI AV,,,,0.00,Y,T-Intersection,N,Intersection,None,,,         ,Timothy,Coleman,Clear,Angle,no,no,no,no,no,False
101776967,METROPOLITAN NASHVILLE POLICE DEPT,20170865888,Davidson,Nashville,9/30/2017 6:41:00 AM,3,0,0,36.159210,-86.770180,KOREAN VETERANS BLVD,,,,531.00,Feet,North,DOWNTOWN GRNWY,,,,0.00,N,Not at Intersection,N,Non-Junction,None,,,         ,Kevin,Johnson,Clear,HeadOn,no,no,no,no,no,False
101777004,GOODLETTSVILLE POLICE DEPT,17-34394,Davidson,Goodlettsville,9/30/2017 9:55:00 AM,2,0,0,36.310200,-86.702600,I 65,,,,0.00,,,,,,,96.00,N,Not at Intersection, ,Non-Junction,None,,,         ,John,Spencer,Clear,"Sideswipe, Same Direction",no,no,no,no,no,False
101777008,METROPOLITAN NASHVILLE POLICE DEPT,20170866160,Davidson,Nashville,9/30/2017 9:51:00 AM,1,0,0,36.173950,-86.784050,JUNIOR GILLIAM WAY,,,,0.00,Feet,East,3RD AVN,,,,0.00,N,Not at Intersection, ,,None,,,         ,Christian,Martin,,,no,no,no,no,no,False
101777019,METROPOLITAN NASHVILLE POLICE DEPT,20170866428,Davidson,Nashville,9/30/2017 10:00:00 AM,2,0,0,36.084540,-86.700000,I24 E ENT RAMP,,,,0.00,,,,,,,0.00,,,N,Non-Junction,None,,,         ,Sara,Lober,Clear,Angle,no,no,no,yes,yes,False
101777020,METROPOLITAN NASHVILLE POLICE DEPT,20170866390,Davidson,Antioch,9/30/2017 11:47:00 AM,2,0,0,36.056994,-86.617807,MT VIEW,RD,,,1056.00,Feet,East,MURFREESBORO,PIKE,,,0.00,N,Not at Intersection, ,Non-Junction,None,,,         ,Robert,Erickson,Clear,Front to Rear,no,no,no,no,no,False
101777021,METROPOLITAN NASHVILLE POLICE DEPT,20170866271,Davidson,Nashville,9/30/2017 11:15:00 AM,2,0,0,36.149040,-86.746440,I 40,,,,0.00,,,,,,,211.85,N,Not at Intersection, ,Non-Junction,None,,,         ,Gerry,Hutcheson,Clear,Front to Rear,no,no,no,no,no,False
101777022,GOODLETTSVILLE POLICE DEPT,17-34398,Davidson,Goodlettsville,9/30/2017 11:00:00 AM,2,0,0,36.325110,-86.701760,LONG HOLLOW PKE,,,,0.00,,,CONFERENCE DR,,,,0.00,Y,Four-Way, ,Intersection,None,,,         ,John,Spencer,Clear,"Sideswipe, Same Direction",no,no,no,no,no,False
101777071,METROPOLITAN NASHVILLE POLICE DEPT,20170866499,Davidson,Nashville,9/30/2017 12:30:00 PM,2,0,0,36.105730,-86.911110,RODNEY DR,,,,81.00,Feet,North,RODNEY CT,,,,0.00,N,Not at Intersection, ,Non-Junction,None,,,         ,Douglas,Atwood,Clear,Rear to Side,no,no,no,no,no,False
101777072,METROPOLITAN NASHVILLE POLICE DEPT,20170866292,Davidson,Nashville,9/30/2017 12:37:00 AM,1,0,0,36.192650,-86.829580,CLARKSVILLE PKE,,,,194.00,Feet,West,CLIFF DR,,,,0.00,N,Not at Intersection,N,Non-Junction,None,,,         ,Nicholas,MacDougall,Unknown,Not Collision with Motor Vehicle in Transport,no,no,no,yes,yes,False
101777106,METROPOLITAN NASHVILLE POLICE DEPT,20170866533,Davidson,Nashville,9/30/2017 12:55:00 PM,2,0,0,36.143670,-86.873640,CHARLOTTE PKE,,,,223.00,Feet,West,WATTS LN,,,,0.00,N,Not at Intersection, ,Non-Junction,None,,,         ,Wesley,Tilley,Clear,Front to Rear,no,no,no,no,no,False
101777147,METROPOLITAN NASHVILLE POLICE DEPT,20170866467,Davidson,Nashville,9/30/2017 12:00:00 PM,2,0,0,36.106390,-86.673500,MURFREESBORO PKE,,,,145.00,Feet,West,DONELSON PKE,,,,0.00,N,Not at Intersection, ,Non-Junction,None,,,         ,Scott,Toney,Cloudy,Front to Rear,no,no,no,no,no,False
101777163,METROPOLITAN NASHVILLE POLICE DEPT,20170866521,Davidson,Nashville,9/30/2017 12:49:00 PM,3,1,0,36.153620,-86.753520,HERMITAGE AV,,,,0.00,,,DECATUR AV,,,,0.00,Y,T-Intersection,N,Intersection-Related,None,,,         ,FELIKS,ABRAHAMYAN,Clear,Front to Rear,no,no,no,no,no,False
101777164,METROPOLITAN NASHVILLE POLICE DEPT,20170866530,Davidson,Nashville,9/30/2017 12:55:00 PM,2,0,0,36.169240,-86.680900,LEBANON PKE,,,,299.00,Feet,West,MCGAVOCK PKE,,,,0.00,N,Not at Intersection, ,Non-Junction,None,,,         ,Gerry,Hutcheson,Clear,Angle,no,no,no,no,no,False
101777167,METROPOLITAN NASHVILLE POLICE DEPT,20170866484,Davidson,Nashville,9/30/2017 12:17:00 PM,2,2,0,36.249580,-86.686580,NEELYS BEND RD,,,,0.00,Feet,,LARKIN SPRINGS RD,,,,0.00,Y,T-Intersection,Y,Intersection-Related,None,,,         ,Cyretha,Frazier,Cloudy,Front to Rear,no,no,no,no,no,False
101777170,METROPOLITAN NASHVILLE POLICE DEPT,20170866480,Davidson,Nashville,9/30/2017 12:16:00 PM,2,0,0,36.156680,-86.843720,INDIANA AV,,,,0.00,,,47TH AVN,,,,0.00,Y,Four-Way, ,,None,,,         ,Michael,Pyle,,,no,no,no,no,no,False
101777172,BELLE MEADE POLICE DEPT,17-0288,Davidson,Belle Meade,9/30/2017 12:00:00 AM,1,1,0,36.122310,-86.851320,LYNNWOOD BLVD,,,,0.00,,,HARDING PKE,,,,0.00,Y,Four-Way,N,Non-Junction,None,,,         ,Keith,Samol,Clear,Not Collision with Motor Vehicle in Transport,no,no,no,no,no,False
101777174,METROPOLITAN NASHVILLE POLICE DEPT,20170866542,Davidson,Nashville,9/30/2017 12:50:00 PM,2,0,0,36.191440,-86.786770,I 65,,,,0.00,,,,,,,85.95,N,Not at Intersection,N,Non-Junction,None,,,         ,Christian,Martin,Cloudy,Front to Rear,no,no,no,no,no,False
101777175,METROPOLITAN NASHVILLE POLICE DEPT,20170866528,Davidson,Nashville,9/30/2017 12:55:00 PM,2,0,0,36.173640,-86.763220,MAIN ST,,,,132.00,Feet,West,N 6TH ST,,,,0.00,N,Not at Intersection,N,Non-Junction,None,,,         ,Michael,Thompson,Clear,Front to Rear,no,no,no,no,no,False
101777193,METROPOLITAN NASHVILLE POLICE DEPT,20170866553,Davidson,Nashville,9/30/2017 1:19:00 PM,4,0,0,36.156160,-86.692520,BRILEY PKWYS,,,,84.00,Feet,West,BRILEY PKWYN,,,,0.00,N,Not at Intersection,N,Non-Junction,None,,,         ,Steven,Rowlett,Clear,Front to Rear,no,no,no,no,yes,False
101777197,METROPOLITAN NASHVILLE POLICE DEPT,20170866615,Davidson,Antioch,9/30/2017 1:59:00 PM,2,0,0,36.029450,-86.591720,MURFREESBORO PKE,,,,243.00,Feet,South,HURRICANE CREEK BLVD,,,,0.00,N,Not at Intersection, ,Non-Junction,None,,,         ,Robert,Erickson,Clear,Front to Rear,no,no,no,no,no,False